<?xml version="1.0" encoding="UTF-8" standalone="yes"?>
<?xml-stylesheet type="text/xsl" href="frame.xsl"?>
<frame cBy="MJE" cDate="02/09/2007 05:59:17 PST Fri" name="Access_scenario" ID="1871" xsi:schemaLocation="../schema/frame.xsd" xmlns="http://framenet.icsi.berkeley.edu" xmlns:xsi="http://www.w3.org/2001/XMLSchema-instance">
    <definition>&lt;def-root&gt;A Theme is or is not capable of entering or accessing a Useful_location because of/despite a Barrier.&lt;/def-root&gt;</definition>
    <semType name="Non-Lexical Frame" ID="16"/>
    <semType name="Non-perspectivalized_frame" ID="52"/>
    <FE bgColor="FF0000" fgColor="FFFFFF" coreType="Core" cBy="MJE" cDate="02/09/2007 05:59:17 PST Fri" abbrev="Ent" name="Theme" ID="11023">
        <definition>&lt;def-root&gt;The &lt;fen&gt;Theme&lt;/fen&gt; whose motion is blocked or free.

&lt;/def-root&gt;</definition>
    </FE>
    <FE bgColor="008000" fgColor="FFFFFF" coreType="Core" cBy="MJE" cDate="02/09/2007 05:59:17 PST Fri" abbrev="loc" name="Useful_location" ID="11027">
        <definition>&lt;def-root&gt;The place or thing that the &lt;fen&gt;Theme&lt;/fen&gt; is headed towards, despite a potential or actual &lt;fen&gt;Barrier&lt;/fen&gt;.&lt;/def-root&gt;</definition>
    </FE>
    <FE bgColor="1E90FF" fgColor="FFFFFF" coreType="Core" cBy="MJE" cDate="02/09/2007 05:59:17 PST Fri" abbrev="" name="Barrier" ID="11028">
        <definition>&lt;def-root&gt;An entity that (at least potentially) prevents the &lt;fen&gt;Theme&lt;/fen&gt; from getting to the &lt;fen&gt;Useful_location&lt;/fen&gt;.
&lt;/def-root&gt;</definition>
    </FE>
    <frameRelation type="Inherits from"/>
    <frameRelation type="Is Inherited by"/>
    <frameRelation type="Perspective on"/>
    <frameRelation type="Is Perspectivized in">
        <relatedFrame ID="1870">Having_or_lacking_access</relatedFrame>
        <relatedFrame ID="1872">Openness</relatedFrame>
    </frameRelation>
    <frameRelation type="Uses"/>
    <frameRelation type="Is Used by"/>
    <frameRelation type="Subframe of"/>
    <frameRelation type="Has Subframe(s)"/>
    <frameRelation type="Precedes"/>
    <frameRelation type="Is Preceded by"/>
    <frameRelation type="Is Inchoative of"/>
    <frameRelation type="Is Causative of"/>
    <frameRelation type="See also"/>
</frame>