<?xml version="1.0" encoding="UTF-8" standalone="yes"?>
<?xml-stylesheet type="text/xsl" href="frame.xsl"?>
<frame cBy="MJE" cDate="07/16/2001 04:23:54 PDT Mon" name="Activity_paused_state" ID="181" xsi:schemaLocation="../schema/frame.xsd" xmlns="http://framenet.icsi.berkeley.edu" xmlns:xsi="http://www.w3.org/2001/XMLSchema-instance">
    <definition>&lt;def-root&gt;An &lt;fen&gt;Agent&lt;/fen&gt; remains in a particular stage of an &lt;fen&gt;Activity&lt;/fen&gt;, without progressing in the activity.&lt;/def-root&gt;</definition>
    <semType name="Non-Lexical Frame" ID="16"/>
    <FE bgColor="FF0000" fgColor="FFFFFF" coreType="Core" cBy="MRLP" cDate="04/05/2002 01:04:20 PST Fri" abbrev="Agent" name="Agent" ID="2571">
        <definition>&lt;def-root&gt;This FE identifies the &lt;fen&gt;Agent&lt;/fen&gt; in the paused &lt;fen&gt;State&lt;/fen&gt; of an activity.&lt;/def-root&gt;</definition>
        <semType name="Sentient" ID="5"/>
    </FE>
    <FE bgColor="FFA500" fgColor="FFFFFF" coreType="Peripheral" cBy="MJE" cDate="07/19/2006 04:23:37 PDT Wed" abbrev="tim" name="Time" ID="10387">
        <definition>&lt;def-root&gt;The point at which the &lt;fen&gt;Agent&lt;/fen&gt;&lt;/def-root&gt;</definition>
    </FE>
    <FE bgColor="00BFFF" fgColor="FFFFFF" coreType="Core" cBy="MJE" cDate="07/19/2006 04:31:02 PDT Wed" abbrev="act" name="Activity" ID="10388">
        <definition>&lt;def-root&gt;The overall event that the &lt;fen&gt;Agent&lt;/fen&gt; is involved in.&lt;/def-root&gt;</definition>
    </FE>
    <FE bgColor="800080" fgColor="FFFFFF" coreType="Peripheral" cBy="MJE" cDate="07/19/2006 04:56:44 PDT Wed" abbrev="dur" name="Duration" ID="10389">
        <definition>&lt;def-root&gt;The length of time that the &lt;fen&gt;Activity&lt;/fen&gt; does not resume.&lt;/def-root&gt;</definition>
    </FE>
    <frameRelation type="Inherits from">
        <relatedFrame ID="153">Process_stopped_state</relatedFrame>
    </frameRelation>
    <frameRelation type="Is Inherited by"/>
    <frameRelation type="Perspective on"/>
    <frameRelation type="Is Perspectivized in"/>
    <frameRelation type="Uses"/>
    <frameRelation type="Is Used by"/>
    <frameRelation type="Subframe of">
        <relatedFrame ID="124">Activity</relatedFrame>
    </frameRelation>
    <frameRelation type="Has Subframe(s)"/>
    <frameRelation type="Precedes">
        <relatedFrame ID="1156">Activity_resume</relatedFrame>
    </frameRelation>
    <frameRelation type="Is Preceded by">
        <relatedFrame ID="167">Activity_pause</relatedFrame>
        <relatedFrame ID="166">Activity_stop</relatedFrame>
    </frameRelation>
    <frameRelation type="Is Inchoative of"/>
    <frameRelation type="Is Causative of"/>
    <frameRelation type="See also"/>
</frame>