<?xml version="1.0" encoding="UTF-8" standalone="yes"?>
<?xml-stylesheet type="text/xsl" href="frame.xsl"?>
<frame cBy="JKR" cDate="08/23/2001 05:08:16 PDT Thu" name="Addiction" ID="213" xsi:schemaLocation="../schema/frame.xsd" xmlns="http://framenet.icsi.berkeley.edu" xmlns:xsi="http://www.w3.org/2001/XMLSchema-instance">
    <definition>&lt;def-root&gt;This frame concerns an &lt;fen&gt;Addict&lt;/fen&gt;'s physiological or psychological compulsive dependence on an &lt;fen&gt;Addictant&lt;/fen&gt;, the substance or behavior to which the &lt;fen&gt;Addict&lt;/fen&gt; is addicted.
&lt;ex&gt;&lt;/ex&gt;
&lt;ex&gt;Although she was never a big fan of drugs, &lt;fex name="Addict"&gt;she&lt;/fex&gt; &lt;m&gt;became&lt;/m&gt; &lt;t&gt;hooked&lt;/t&gt; &lt;fex name="Addictant"&gt;on that designer drug&lt;/fex&gt; instantly.&lt;/ex&gt;

&lt;ex&gt;&lt;fex name="Addict"&gt;He&lt;/fex&gt; &lt;m&gt;is&lt;/m&gt; a &lt;fex name="Addictant"&gt;cocaine&lt;/fex&gt; &lt;t&gt;addict&lt;/t&gt;.&lt;/ex&gt;

&lt;ex&gt;There are some &lt;fex name="Addictant"&gt;cocaine&lt;/fex&gt; &lt;t&gt;&lt;fex name="Addict"&gt;addicts&lt;/fex&gt;&lt;/t&gt; living in the house across the street.&lt;/ex&gt;&lt;/def-root&gt;</definition>
    <FE bgColor="FF0000" fgColor="FFFFFF" coreType="Core" cBy="JKR" cDate="08/23/2001 05:13:24 PDT Thu" abbrev="Addict" name="Addict" ID="1748">
        <definition>&lt;def-root&gt;The &lt;fen&gt;Addict&lt;/fen&gt; is physiologically or psychologically dependent on a substance or a behavior.&lt;/def-root&gt;</definition>
    </FE>
    <FE bgColor="0000FF" fgColor="FFFFFF" coreType="Core" cBy="JKR" cDate="08/23/2001 05:15:30 PDT Thu" abbrev="Addtnt" name="Addictant" ID="1749">
        <definition>&lt;def-root&gt;&lt;fen&gt;Addictant&lt;/fen&gt; is the substance or behavior to which the &lt;fen&gt;Addict&lt;/fen&gt; is dependent.&lt;ex&gt;Pat defeated &lt;fex name="Addict"&gt;her&lt;/fex&gt; &lt;fex name="Addictant"&gt;heroin&lt;/fex&gt; &lt;t&gt;addiction&lt;/t&gt;.&lt;/ex&gt;&lt;/def-root&gt;</definition>
    </FE>
    <FE bgColor="FF69B4" fgColor="FFFFFF" coreType="Peripheral" cBy="JKR" cDate="08/30/2001 01:04:31 PDT Thu" abbrev="Degr" name="Degree" ID="1784">
        <definition>&lt;def-root&gt;This FE identifies the &lt;fen&gt;Degree&lt;/fen&gt; to which an &lt;fen&gt;Addict&lt;/fen&gt; is addicted to the &lt;fen&gt;Addictant&lt;/fen&gt;.&lt;/def-root&gt;</definition>
        <semType name="Degree" ID="172"/>
    </FE>
    <FE bgColor="008000" fgColor="FFFFFF" coreType="Peripheral" cBy="JKR" cDate="08/30/2001 01:20:50 PDT Thu" abbrev="Compl" name="Compeller" ID="1786">
        <definition>&lt;def-root&gt;&lt;fen&gt;Compeller&lt;/fen&gt; is the part of a human's body or psyche that compels the &lt;fen&gt;Addict&lt;/fen&gt; to seek out the &lt;fen&gt;Addictant&lt;/fen&gt;.
&lt;ex&gt;&lt;fex name="Addict"&gt;Pat&lt;/fex&gt; &lt;m name="Supp"&gt;is&lt;/m&gt; &lt;fex name="Compeller"&gt;emotionally&lt;/fex&gt; &lt;t&gt;addicted&lt;/t&gt; &lt;fex name="Addictant"&gt;to Kim&lt;/fex&gt;.&lt;/ex&gt;
&lt;ex&gt;&lt;fex name="Addict"&gt;Cyril&lt;/fex&gt; &lt;m name="Supp"&gt;is&lt;/m&gt; &lt;fex name="Compeller"&gt;physically&lt;/fex&gt; &lt;t&gt;addicted&lt;/t&gt; &lt;fex name="Addictant"&gt;to nicotine&lt;/fex&gt;.&lt;/ex&gt;
&lt;/def-root&gt;</definition>
    </FE>
    <frameRelation type="Inherits from">
        <relatedFrame ID="1015">Gradable_attributes</relatedFrame>
    </frameRelation>
    <frameRelation type="Is Inherited by"/>
    <frameRelation type="Perspective on"/>
    <frameRelation type="Is Perspectivized in"/>
    <frameRelation type="Uses"/>
    <frameRelation type="Is Used by"/>
    <frameRelation type="Subframe of"/>
    <frameRelation type="Has Subframe(s)"/>
    <frameRelation type="Precedes"/>
    <frameRelation type="Is Preceded by"/>
    <frameRelation type="Is Inchoative of"/>
    <frameRelation type="Is Causative of"/>
    <frameRelation type="See also"/>
    <lexUnit status="Finished_Initial" POS="N" name="addict.n" ID="3810" lemmaID="453" cBy="JKR" cDate="08/23/2001 05:17:44 PDT Thu">
        <definition>COD: a person who is addicted to something</definition>
        <sentenceCount annotated="19" total="95"/>
        <lexeme order="1" headword="false" breakBefore="false" POS="N" name="addict"/>
    </lexUnit>
    <lexUnit status="Finished_Initial" POS="A" name="addicted.a" ID="3811" lemmaID="45117" cBy="JKR" cDate="08/23/2001 05:30:04 PDT Thu">
        <definition>COD: physically dependent on a particular substance</definition>
        <sentenceCount annotated="6" total="39"/>
        <lexeme order="1" headword="false" breakBefore="false" POS="A" name="addicted"/>
    </lexUnit>
    <lexUnit status="Finished_Initial" POS="N" name="addiction.n" ID="3812" lemmaID="455" cBy="JKR" cDate="08/23/2001 05:32:13 PDT Thu">
        <definition>COD: the fact or condition of being addicted</definition>
        <sentenceCount annotated="29" total="158"/>
        <lexeme order="1" headword="false" breakBefore="false" POS="N" name="addiction"/>
    </lexUnit>
    <lexUnit status="Finished_Initial" POS="A" name="compulsive.a" ID="3813" lemmaID="7556" cBy="JKR" cDate="08/23/2001 05:43:00 PDT Thu">
        <definition>COD: resulting from or acting on an irresistible urge or compulsion</definition>
        <sentenceCount annotated="18" total="195"/>
        <lexeme order="1" headword="false" breakBefore="false" POS="A" name="compulsive"/>
    </lexUnit>
    <lexUnit status="Finished_Initial" POS="N" name="fiend.n" ID="3814" lemmaID="14292" cBy="JKR" cDate="08/23/2001 05:44:33 PDT Thu">
        <definition>FN: an addict</definition>
        <sentenceCount annotated="5" total="90"/>
        <lexeme order="1" headword="false" breakBefore="false" POS="N" name="fiend"/>
    </lexUnit>
    <lexUnit status="Finished_Initial" POS="N" name="habit.n" ID="3816" lemmaID="17163" cBy="JKR" cDate="08/23/2001 05:48:38 PDT Thu">
        <definition>FN: addiction</definition>
        <sentenceCount annotated="16" total="157"/>
        <lexeme order="1" headword="false" breakBefore="false" POS="N" name="habit"/>
    </lexUnit>
    <lexUnit status="Finished_Initial" POS="N" name="junkie.n" ID="3817" lemmaID="21162" cBy="JKR" cDate="08/23/2001 05:51:44 PDT Thu">
        <definition>COD: a drug addict</definition>
        <sentenceCount annotated="5" total="147"/>
        <lexeme order="1" headword="false" breakBefore="false" POS="N" name="junkie"/>
    </lexUnit>
    <lexUnit status="Finished_Initial" incorporatedFE="Addictant" POS="N" name="alcoholic.n" ID="3818" lemmaID="962" cBy="JKR" cDate="08/23/2001 05:56:42 PDT Thu">
        <definition>COD: a person suffering from alcoholism. [Med] </definition>
        <sentenceCount annotated="14" total="118"/>
        <lexeme order="1" headword="false" breakBefore="false" POS="N" name="alcoholic"/>
    </lexUnit>
    <lexUnit status="Finished_Initial" POS="N" name="alcoholism.n" ID="3819" lemmaID="965" cBy="JKR" cDate="08/23/2001 05:57:44 PDT Thu">
        <definition>COD: addiction to alcoholic liquor</definition>
        <sentenceCount annotated="10" total="93"/>
        <lexeme order="1" headword="false" breakBefore="false" POS="N" name="alcoholism"/>
    </lexUnit>
    <lexUnit status="Finished_Initial" POS="A" name="hooked.a" ID="13509" lemmaID="18356" cBy="RLG" cDate="08/21/2006 11:37:52 PDT Mon">
        <definition>FN: be addicted.</definition>
        <sentenceCount annotated="20" total="105"/>
        <lexeme order="1" headword="false" breakBefore="false" POS="A" name="hooked"/>
    </lexUnit>
</frame>