<?xml version="1.0" encoding="UTF-8" standalone="yes"?>
<?xml-stylesheet type="text/xsl" href="frame.xsl"?>
<frame cBy="JKR" cDate="03/28/2003 05:29:39 PST Fri" name="Adding_up" ID="621" xsi:schemaLocation="../schema/frame.xsd" xmlns="http://framenet.icsi.berkeley.edu" xmlns:xsi="http://www.w3.org/2001/XMLSchema-instance">
    <definition>&lt;def-root&gt;A &lt;fen&gt;Cognizer&lt;/fen&gt; computes a &lt;fen&gt;Result&lt;/fen&gt; on the basis of input &lt;fen&gt;Numbers&lt;/fen&gt; by addition.


&lt;ex&gt; &lt;t&gt;Add&lt;/t&gt; &lt;t&gt;up&lt;/t&gt; &lt;fex name="Numbers"&gt;your savings&lt;/fex&gt;.&lt;/ex&gt;
&lt;ex&gt; This is a cumulative figure obtained by &lt;t&gt;adding&lt;/t&gt; &lt;t&gt;up&lt;/t&gt; &lt;fex name="Numbers"&gt;the cost of treating a given volume of specific diseases&lt;/fex&gt;. &lt;/ex&gt;
&lt;ex&gt;When &lt;fex name="Cognizer"&gt;he&lt;/fex&gt; later took the trouble to &lt;t&gt;add&lt;/t&gt; &lt;t&gt;up&lt;/t&gt; &lt;fex name="Numbers"&gt;the bill&lt;/fex&gt; he discovered that the actual cost was Fr 1,481 , around 140 pounds : an overcharge of 40 pounds&lt;/ex&gt;
&lt;ex&gt;&lt;fex name="Cognizer"&gt;Chaperones&lt;/fex&gt;  &lt;t&gt;tallied&lt;/t&gt; &lt;fex name="Numbers"&gt;the number of tickets sold at the school dance&lt;/fex&gt; &lt;fex name="Result"&gt;at more than 1000&lt;/fex&gt;.&lt;/ex&gt;&lt;/def-root&gt;</definition>
    <FE bgColor="FF0000" fgColor="FFFFFF" coreType="Core" cBy="JKR" cDate="03/28/2003 05:53:28 PST Fri" abbrev="" name="Cognizer" ID="4332">
        <definition>&lt;def-root&gt;The person doing the calculation.&lt;/def-root&gt;</definition>
        <semType name="Sentient" ID="5"/>
    </FE>
    <FE bgColor="FFA500" fgColor="FFFFFF" coreType="Core" cBy="JKR" cDate="03/28/2003 05:54:01 PST Fri" abbrev="" name="Numbers" ID="4333">
        <definition>&lt;def-root&gt;The &lt;fen&gt;Numbers&lt;/fen&gt; that are used in the calculation.&lt;/def-root&gt;</definition>
    </FE>
    <FE bgColor="006400" fgColor="FFFFFF" coreType="Core" cBy="JKR" cDate="03/28/2003 05:57:55 PST Fri" abbrev="" name="Result" ID="4334">
        <definition>&lt;def-root&gt;The outcome of the &lt;fen&gt;Cognizer&lt;/fen&gt;'s calculcations.
&lt;/def-root&gt;</definition>
    </FE>
    <FE bgColor="9F79EE" fgColor="FFFFFF" coreType="Peripheral" cBy="MJE" cDate="08/15/2006 12:11:27 PDT Tue" abbrev="tim" name="Time" ID="10481">
        <definition>&lt;def-root&gt;The time at which the &lt;fen&gt;Cognizer&lt;/fen&gt; operates on the &lt;fen&gt;Numbers&lt;/fen&gt;.&lt;/def-root&gt;</definition>
    </FE>
    <FE bgColor="1E90FF" fgColor="FFFFFF" coreType="Peripheral" cBy="MJE" cDate="08/15/2006 12:12:09 PDT Tue" abbrev="" name="Place" ID="10482">
        <definition>&lt;def-root&gt;The location where the &lt;fen&gt;Cognizer&lt;/fen&gt; performs their calculation&lt;/def-root&gt;</definition>
    </FE>
    <FE bgColor="800080" fgColor="FFFFFF" coreType="Peripheral" cBy="MJE" cDate="08/15/2006 12:12:52 PDT Tue" abbrev="pur" name="Purpose" ID="10483">
        <definition>&lt;def-root&gt;The state-of-affairs that the &lt;fen&gt;Cognizer&lt;/fen&gt; hopes to bring about by calculating.&lt;/def-root&gt;</definition>
    </FE>
    <FE bgColor="FF69B4" fgColor="FFFFFF" coreType="Peripheral" cBy="MJE" cDate="08/15/2006 12:13:52 PDT Tue" abbrev="mea" name="Means" ID="10484">
        <definition>&lt;def-root&gt;The action performed by the &lt;fen&gt;Cognizer&lt;/fen&gt; that brings about their calculation of the &lt;fen&gt;Result&lt;/fen&gt;.

&lt;/def-root&gt;</definition>
    </FE>
    <FE bgColor="FF00FF" fgColor="FFFFFF" coreType="Peripheral" cBy="MJE" cDate="08/15/2006 12:15:25 PDT Tue" abbrev="man" name="Manner" ID="10485">
        <definition>&lt;def-root&gt;A holistic description of the event (e.g. "the same way"), including depictions of the &lt;fen&gt;Cognizer&lt;/fen&gt; in terms of how the &lt;fen&gt;Cognizer&lt;/fen&gt;'s state affects the entire action.

&lt;ex&gt;This week the top brass again &lt;fex name="man"&gt;grimly&lt;/fex&gt; &lt;t&gt;tallied&lt;/t&gt; the number of dead .&lt;/ex&gt;&lt;/def-root&gt;</definition>
    </FE>
    <FEcoreSet>
        <memberFE name="Result" ID="4334"/>
        <memberFE name="Numbers" ID="4333"/>
    </FEcoreSet>
    <frameRelation type="Inherits from"/>
    <frameRelation type="Is Inherited by"/>
    <frameRelation type="Perspective on"/>
    <frameRelation type="Is Perspectivized in"/>
    <frameRelation type="Uses">
        <relatedFrame ID="602">Amounting_to</relatedFrame>
    </frameRelation>
    <frameRelation type="Is Used by"/>
    <frameRelation type="Subframe of"/>
    <frameRelation type="Has Subframe(s)"/>
    <frameRelation type="Precedes"/>
    <frameRelation type="Is Preceded by"/>
    <frameRelation type="Is Inchoative of"/>
    <frameRelation type="Is Causative of"/>
    <frameRelation type="See also"/>
    <lexUnit status="Finished_Initial" POS="V" name="total.v" ID="8490" lemmaID="40804" cBy="JKR" cDate="03/28/2003 06:01:05 PST Fri">
        <definition>COD: find the total of</definition>
        <sentenceCount annotated="10" total="124"/>
        <lexeme order="1" headword="false" breakBefore="false" POS="V" name="total"/>
    </lexUnit>
    <lexUnit status="Rules_Defined" POS="V" name="add up.v" ID="8508" lemmaID="47562" cBy="JKR" cDate="04/03/2003 05:54:40 PST Thu">
        <definition>FN: calculate the total of</definition>
        <sentenceCount annotated="0" total="0"/>
        <lexeme order="1" headword="true" breakBefore="false" POS="V" name="add"/>
        <lexeme order="2" headword="false" breakBefore="true" POS="ADV" name="up"/>
    </lexUnit>
    <lexUnit status="Finished_Initial" POS="V" name="tally.v" ID="8510" lemmaID="39446" cBy="JKR" cDate="04/04/2003 01:44:40 PST Fri">
        <definition>COD: calculate the total number of</definition>
        <sentenceCount annotated="5" total="29"/>
        <lexeme order="1" headword="false" breakBefore="false" POS="V" name="tally"/>
    </lexUnit>
</frame>