<?xml version="1.0" encoding="UTF-8" standalone="yes"?>
<?xml-stylesheet type="text/xsl" href="frame.xsl"?>
<frame cBy="JKR" cDate="08/04/2005 05:59:12 PDT Thu" name="Adducing" ID="1601" xsi:schemaLocation="../schema/frame.xsd" xmlns="http://framenet.icsi.berkeley.edu" xmlns:xsi="http://www.w3.org/2001/XMLSchema-instance">
    <definition>&lt;def-root&gt;A &lt;fen&gt;Speaker&lt;/fen&gt; mentions a &lt;fen&gt;Specified_entity&lt;/fen&gt; filling a &lt;fen&gt;Role&lt;/fen&gt;, thereby providing information which supports a point of the &lt;fen&gt;Speaker&lt;/fen&gt;.

&lt;ex&gt;He cites &lt;fex name="Specified_entity"&gt;the chief original observations&lt;/fex&gt; &lt;t&gt;adduced&lt;/t&gt; &lt;fex name="Speaker"&gt;by Darwin&lt;/fex&gt; &lt;fex name="Role"&gt;as evidence for his theory&lt;/fex&gt;.&lt;/ex&gt;

&lt;ex&gt;&lt;fex name="Speaker"&gt;Mexico&lt;/fex&gt; &lt;t&gt;cited&lt;/t&gt; &lt;fex name="Specified_entity"&gt;the drought&lt;/fex&gt;, now in its eighth year, &lt;fex name="Purpose"&gt;to avoid releasing Texas' full share of 110 billion gallons per year from the reservoirs&lt;/fex&gt;. &lt;fex name="Role"&gt;DNI&lt;/fex&gt;&lt;/ex&gt;

&lt;ex&gt;&lt;fex name="Speaker"&gt;An objector&lt;/fex&gt; will &lt;fex name="Time"&gt;immediately&lt;/fex&gt; &lt;t&gt;point&lt;/t&gt; &lt;fex name="Specified_entity"&gt;to the lack of stability of this  simple, some will say simple-minded, hierarchy&lt;/fex&gt;. &lt;fex name="Role"&gt;DNI&lt;/fex&gt;&lt;/ex&gt;

&lt;ex&gt;She expected a restaurant as their meeting place, but instead &lt;fex name="Speaker"&gt;the lady&lt;/fex&gt; &lt;t&gt;named&lt;/t&gt; &lt;fex name="Specified_entity"&gt;the hotel where she was staying&lt;/fex&gt;.&lt;fex name="Role"&gt;DNI&lt;/fex&gt;&lt;/ex&gt;

&lt;ex&gt;Where is the second-order neural pattern located? &lt;fex name="Speaker"&gt;Damasio&lt;/fex&gt; already &lt;t&gt;pointed&lt;/t&gt; &lt;fex name="Specified_entity"&gt;to the cingulate cortex&lt;/fex&gt; &lt;fex name="Medium"&gt;in his 1994 book&lt;/fex&gt;.&lt;/ex&gt;&lt;/def-root&gt;</definition>
    <FE bgColor="FF0000" fgColor="FFFFFF" coreType="Core" cBy="JKR" cDate="08/04/2005 05:59:12 PDT Thu" abbrev="Spkr" name="Speaker" ID="8793">
        <definition>&lt;def-root&gt;The &lt;fen&gt;Speaker&lt;/fen&gt; is the person who specifies the &lt;fen&gt;Role&lt;/fen&gt; to be filled by the &lt;fen&gt;Specified_entity&lt;/fen&gt;.

&lt;ex&gt;But&lt;fex name="Speaker"&gt;Arturo Boncato Jr., marketing manager of the Marco Polo Hotel,&lt;/fex&gt; &lt;t&gt;cited&lt;/t&gt; the high occupancy rates in the hotels as proof of increasing visitors' confidence.&lt;/ex&gt;&lt;/def-root&gt;</definition>
        <semType name="Sentient" ID="5"/>
    </FE>
    <FE bgColor="006400" fgColor="FFFFFF" coreType="Peripheral" cBy="JKR" cDate="08/04/2005 05:59:12 PDT Thu" abbrev="Add" name="Addressee" ID="8794">
        <definition>&lt;def-root&gt;The &lt;fen&gt;Addressee&lt;/fen&gt; is the person to whom the &lt;fen&gt;Speaker&lt;/fen&gt; identifies the filler of a &lt;fen&gt;Role&lt;/fen&gt;.&lt;/def-root&gt;</definition>
        <semType name="Sentient" ID="5"/>
    </FE>
    <FE bgColor="FF00FF" fgColor="FFFFFF" coreType="Peripheral" cBy="JKR" cDate="08/04/2005 05:59:12 PDT Thu" abbrev="Manr" name="Manner" ID="8797">
        <definition>&lt;def-root&gt;Any description of the event (or state) which is not covered by more specific FEs,  including secondary effects (&lt;ment&gt;quietly&lt;/ment&gt;, &lt;ment&gt;loudly&lt;/ment&gt;), and general descriptions comparing events (&lt;ment&gt;the same way&lt;/ment&gt;). In agentive frames, it may indicate salient characteristics of an Agent that also affect the action (&lt;ment&gt;presumptuously&lt;/ment&gt;, &lt;ment&gt;coldly&lt;/ment&gt;, &lt;ment&gt;deliberately&lt;/ment&gt;, &lt;ment&gt;eagerly&lt;/ment&gt;, &lt;ment&gt;carefully&lt;/ment&gt;).

&lt;ex&gt;Greedy Englishmen &lt;fex name="Manr"&gt;eagerly&lt;/fex&gt; &lt;t&gt;cited&lt;/t&gt; Spanish brutality as an excuse to seek control
of their opponent?s holdings.&lt;/ex&gt;&lt;/def-root&gt;</definition>
        <semType name="Manner" ID="173"/>
    </FE>
    <FE bgColor="A52A2A" fgColor="FFFFFF" coreType="Peripheral" cBy="JKR" cDate="08/04/2005 05:59:12 PDT Thu" abbrev="Mns" name="Means" ID="8799">
        <definition>&lt;def-root&gt;An act whereby the &lt;fen&gt;Speaker&lt;/fen&gt; makes a statement.
&lt;/def-root&gt;</definition>
        <semType name="State_of_affairs" ID="177"/>
    </FE>
    <FE bgColor="808080" fgColor="FFFFFF" coreType="Core" cBy="JKR" cDate="08/04/2005 05:59:12 PDT Thu" abbrev="Medium" name="Medium" ID="8801">
        <definition>&lt;def-root&gt;&lt;fen&gt;Medium&lt;/fen&gt; is the physical entity or channel used by the &lt;fen&gt;Speaker&lt;/fen&gt; to transmit the statement.

&lt;ex&gt;&lt;fex name="Medium"&gt;In a subsequent paper&lt;/fex&gt; he &lt;t&gt;adduced&lt;/t&gt; further evidence.&lt;/ex&gt;&lt;/def-root&gt;</definition>
    </FE>
    <FE bgColor="9400D3" fgColor="FFFFFF" coreType="Extra-Thematic" cBy="JKR" cDate="08/04/2005 05:59:12 PDT Thu" abbrev="Dep" name="Depictive" ID="8802">
        <definition>&lt;def-root&gt;The state of the &lt;fen&gt;Speaker&lt;/fen&gt; during the statement.
&lt;/def-root&gt;</definition>
    </FE>
    <FE bgColor="FFA500" fgColor="FFFFFF" coreType="Peripheral" cBy="JKR" cDate="08/04/2005 05:59:12 PDT Thu" abbrev="Time" name="Time" ID="8803">
        <definition>&lt;def-root&gt;The time when the statement is made.

&lt;ex&gt;Persistent, heavy rainfall and poorly maintained drainage systems were &lt;t&gt;cited&lt;/t&gt;
&lt;fex name="Time"&gt;yesterday&lt;/fex&gt; as the prime causes for the rising floodwaters&lt;/ex&gt;&lt;/def-root&gt;</definition>
        <semType name="Time" ID="141"/>
    </FE>
    <FE bgColor="008000" fgColor="FFFFFF" coreType="Peripheral" cBy="JKR" cDate="08/04/2005 05:59:12 PDT Thu" abbrev="pla" name="Place" ID="8804">
        <definition>&lt;def-root&gt;The FE specifies the place where the statement takes place.

&lt;ex&gt;&lt;fex name="pla"&gt;In Kuala Lumpur&lt;/fex&gt;, he also &lt;t&gt;pointed&lt;/t&gt; to the accountability/assessment arena as a place for new businesses to investigate.&lt;/ex&gt;&lt;/def-root&gt;</definition>
        <semType name="Locative_relation" ID="182"/>
    </FE>
    <FE bgColor="00008B" fgColor="FFFFFF" coreType="Core" cBy="JKR" cDate="08/04/2005 06:02:35 PDT Thu" abbrev="spe" name="Specified_entity" ID="8807">
        <definition>&lt;def-root&gt;The entity that the &lt;fen&gt;Speaker&lt;/fen&gt; identifies as filling a particular &lt;fen&gt;Role&lt;/fen&gt;.

&lt;ex&gt;Reilly &lt;t&gt;pointed&lt;/t&gt; &lt;fex name="Specified_entity"&gt;to the high labor costs&lt;/fex&gt; as the
main reason for the decision to close down the New Orleans facility.&lt;/ex&gt;&lt;/def-root&gt;</definition>
    </FE>
    <FE bgColor="00BFFF" fgColor="FFFFFF" coreType="Core" cBy="JKR" cDate="08/04/2005 06:03:48 PDT Thu" abbrev="rol" name="Role" ID="8808">
        <definition>&lt;def-root&gt;A slot in a particular or generic event or relation whose filler the &lt;fen&gt;Speaker&lt;/fen&gt; identifies.

&lt;ex&gt;TCI &lt;t&gt;named&lt;/t&gt; the overly expensive bid price &lt;fex name="Role"&gt;as the main reason for their strict opposition against a merger&lt;/fex&gt;.&lt;/ex&gt;&lt;/def-root&gt;</definition>
    </FE>
    <FE bgColor="1E90FF" fgColor="FFFFFF" coreType="Peripheral" cBy="JKR" cDate="08/04/2005 07:07:34 PDT Thu" abbrev="pur" name="Purpose" ID="8809">
        <definition>&lt;def-root&gt;An action that the &lt;fen&gt;Speaker&lt;/fen&gt; intends to accomplish by performing the action indicated by adducing the &lt;fen&gt;Specified_entity&lt;/fen&gt;.&lt;/def-root&gt;</definition>
        <semType name="State_of_affairs" ID="177"/>
    </FE>
    <FE bgColor="90876C" fgColor="FFFFFF" coreType="Extra-Thematic" cBy="KmG" cDate="06/05/2006 01:52:16 PDT Mon" abbrev="Exp" name="Explanation" ID="10238">
        <definition>&lt;def-root&gt;The reason for which the Speaker (or Medium) comes to said conclusions about the &lt;fen&gt;Specified_entity&lt;/fen&gt;. &lt;/def-root&gt;</definition>
    </FE>
    <FE bgColor="9F79EE" fgColor="FFFFFF" coreType="Extra-Thematic" cBy="KmG" cDate="06/06/2006 04:22:06 PDT Tue" abbrev="Con" name="Containing_event" ID="10248">
        <definition>&lt;def-root&gt;The event of which the adducing is a part. &lt;/def-root&gt;</definition>
    </FE>
    <FE bgColor="EEE8AA" fgColor="000000" coreType="Extra-Thematic" cBy="KmG" cDate="06/06/2006 04:37:19 PDT Tue" abbrev="Eve" name="Event_description" ID="10249">
        <definition>&lt;def-root&gt;In general, this FE is used for phrases that describe the clause of the target as a whole. &lt;/def-root&gt;</definition>
    </FE>
    <FE bgColor="0000FF" fgColor="FFFFFF" coreType="Extra-Thematic" cBy="KmG" cDate="06/13/2006 09:53:23 PDT Tue" abbrev="Fre" name="Frequency" ID="10277">
        <definition>&lt;def-root&gt;The number of times an event is occuring (within a period of time).&lt;/def-root&gt;</definition>
    </FE>
    <FE bgColor="7CCD7C" fgColor="000000" coreType="Extra-Thematic" cBy="RLG" cDate="01/25/2007 01:54:26 PST Thu" abbrev="Cir" name="Circumstances" ID="10990">
        <definition>&lt;def-root&gt;The circumstances under which the adducing takes place.

&lt;ex&gt;&lt;fex name="Cir"&gt;With that audience&lt;/fex&gt;, you might have to &lt;t&gt;adduce&lt;/t&gt; some rather different facts in order to support your argument.&lt;/ex&gt;&lt;/def-root&gt;</definition>
    </FE>
    <FEcoreSet>
        <memberFE name="Medium" ID="8801"/>
        <memberFE name="Speaker" ID="8793"/>
    </FEcoreSet>
    <frameRelation type="Inherits from"/>
    <frameRelation type="Is Inherited by"/>
    <frameRelation type="Perspective on"/>
    <frameRelation type="Is Perspectivized in"/>
    <frameRelation type="Uses">
        <relatedFrame ID="43">Statement</relatedFrame>
    </frameRelation>
    <frameRelation type="Is Used by">
        <relatedFrame ID="1924">Reference_text</relatedFrame>
    </frameRelation>
    <frameRelation type="Subframe of"/>
    <frameRelation type="Has Subframe(s)"/>
    <frameRelation type="Precedes"/>
    <frameRelation type="Is Preceded by"/>
    <frameRelation type="Is Inchoative of"/>
    <frameRelation type="Is Causative of"/>
    <frameRelation type="See also"/>
    <lexUnit status="Finished_Initial" POS="V" name="adduce.v" ID="12599" lemmaID="472" cBy="JKR" cDate="08/04/2005 06:15:04 PDT Thu">
        <definition>COD: cite as evidence.</definition>
        <sentenceCount annotated="24" total="96"/>
        <lexeme order="1" headword="false" breakBefore="false" POS="V" name="adduce"/>
    </lexUnit>
    <lexUnit status="Finished_Initial" POS="V" name="cite.v" ID="12600" lemmaID="6584" cBy="JKR" cDate="08/04/2005 06:15:47 PDT Thu">
        <definition>FN: mention (in support of a point) </definition>
        <sentenceCount annotated="29" total="220"/>
        <lexeme order="1" headword="false" breakBefore="false" POS="V" name="cite"/>
    </lexUnit>
    <lexUnit status="Finished_Initial" POS="V" name="point.v" ID="12601" lemmaID="29534" cBy="JKR" cDate="08/04/2005 06:18:46 PDT Thu">
        <definition>FN: make someone aware of some fact (in support of a point), usually with out or to. </definition>
        <sentenceCount annotated="6" total="236"/>
        <lexeme order="1" headword="false" breakBefore="false" POS="V" name="point"/>
    </lexUnit>
    <lexUnit status="Created" POS="V" name="name.v" ID="15795" lemmaID="25402" cBy="AnW" cDate="05/04/2010 04:32:02 PDT Tue">
        <definition>COD: specify (a sum, time, or place)</definition>
        <sentenceCount annotated="0" total="0"/>
        <lexeme order="1" headword="false" breakBefore="false" POS="V" name="name"/>
    </lexUnit>
</frame>