<?xml version="1.0" encoding="UTF-8" standalone="yes"?>
<?xml-stylesheet type="text/xsl" href="frame.xsl"?>
<frame cBy="RLG" cDate="07/22/2005 04:47:15 PDT Fri" name="Adopt_selection" ID="1590" xsi:schemaLocation="../schema/frame.xsd" xmlns="http://framenet.icsi.berkeley.edu" xmlns:xsi="http://www.w3.org/2001/XMLSchema-instance">
    <definition>&lt;def-root&gt;An &lt;fen&gt;Agent&lt;/fen&gt; has an &lt;fen&gt;Attribute&lt;/fen&gt; which can take different &lt;fen&gt;Value&lt;/fen&gt;s, and the &lt;fen&gt;Agent&lt;/fen&gt; selects and then begins to use some &lt;fen&gt;Value&lt;/fen&gt; for that &lt;fen&gt;Attribute&lt;/fen&gt;.  The &lt;fen&gt;Attribute&lt;/fen&gt; includes both physical (shape, color) and abstract (belief, practice) types.  For some LUs in this frame, it is common for only the &lt;fen&gt;Value&lt;/fen&gt; to be expressed, with the &lt;fen&gt;Attribute&lt;/fen&gt; implicit. (Often this implicit attribute can be given second-layer expression on the &lt;fen&gt;Value&lt;/fen&gt;. Note that such second-layer annotation should be assumed in the first two examples below.)

&lt;ex&gt;&lt;fex name="age"&gt;They&lt;/fex&gt; scoff at their opponents and &lt;t&gt;assume&lt;/t&gt; &lt;fex name="val"&gt;an air of superior knowledge&lt;/fex&gt;&lt;/ex&gt;
&lt;ex&gt;There are times when &lt;fex name="age"&gt;teachers&lt;/fex&gt; should &lt;t&gt;adopt&lt;/t&gt; &lt;fex name="val"&gt;a neutral stance&lt;/fex&gt; in discussion of morally controversial issues.&lt;/ex&gt;
&lt;ex&gt;A person does not have to make the statement "&lt;fex name="age"&gt;I&lt;/fex&gt; &lt;t&gt;adopt&lt;/t&gt; &lt;fex name="val"&gt;this&lt;/fex&gt; &lt;fex name="att"&gt;as my position&lt;/fex&gt;" to do so.&lt;/ex&gt;
&lt;/def-root&gt;</definition>
    <FE bgColor="FF0000" fgColor="FFFFFF" coreType="Core" cBy="RLG" cDate="07/22/2005 04:51:24 PDT Fri" abbrev="age" name="Agent" ID="8684">
        <definition>&lt;def-root&gt;The &lt;fen&gt;Agent&lt;/fen&gt; selects a &lt;fen&gt;Value&lt;/fen&gt; for his/her &lt;fen&gt;Attribute&lt;/fen&gt; and begins to use it.

&lt;ex&gt;&lt;fex name="age"&gt;Some organizations, like the Sierra Club&lt;/fex&gt;, have &lt;t&gt;adopted&lt;/t&gt; a position of neutrality on US immigration policies.&lt;/ex&gt;&lt;/def-root&gt;</definition>
        <semType name="Human" ID="80"/>
    </FE>
    <FE bgColor="A52A2A" fgColor="FFFFFF" coreType="Core" cBy="RLG" cDate="07/22/2005 04:52:43 PDT Fri" abbrev="att" name="Attribute" ID="8685">
        <definition>&lt;def-root&gt;The &lt;fen&gt;Attribute&lt;/fen&gt; of the &lt;fen&gt;Agent&lt;/fen&gt; can take on several &lt;fen&gt;Value&lt;/fen&gt;s, selected by the &lt;fen&gt;Agent&lt;/fen&gt; .  &lt;ex&gt;The Council of Constance (1414-18) &lt;t&gt;adopted&lt;/t&gt; conciliarism &lt;fex name="att"&gt;as a stance&lt;/fex&gt;, hoping that it would permit the election of a pope acceptable to both Catholic factions.&lt;/ex&gt;&lt;/def-root&gt;</definition>
    </FE>
    <FE bgColor="0000FF" fgColor="FFFFFF" coreType="Core" cBy="RLG" cDate="07/22/2005 04:53:39 PDT Fri" abbrev="val" name="Value" ID="8686">
        <definition>&lt;def-root&gt;The &lt;fen&gt;Value&lt;/fen&gt;, chosen and made effective by the &lt;fen&gt;Agent&lt;/fen&gt;, specifies the &lt;fen&gt;Attribute&lt;/fen&gt;.

&lt;ex&gt;He crammed his cap back again into his pocket and re-entered the office, &lt;t&gt;assuming&lt;/t&gt; &lt;fex name="val"&gt;an air of absentmindedness&lt;/fex&gt;.&lt;/ex&gt;&lt;/def-root&gt;</definition>
    </FE>
    <FE bgColor="FFA500" fgColor="FFFFFF" coreType="Peripheral" cBy="RLG" cDate="07/25/2005 10:59:23 PDT Mon" abbrev="tim" name="Time" ID="8687">
        <definition>&lt;def-root&gt;The time period when the &lt;fen&gt;Agent&lt;/fen&gt; selects and begins to put into effect the &lt;fen&gt;Value&lt;/fen&gt;.

&lt;ex&gt;&lt;fex name="tim"&gt;On January 1, 2001&lt;/fex&gt;, our nation will &lt;t&gt;adopt&lt;/t&gt; the US dollar as our official currency.&lt;/ex&gt;&lt;/def-root&gt;</definition>
        <semType name="Time" ID="141"/>
    </FE>
    <FE bgColor="FF00FF" fgColor="FFFFFF" coreType="Peripheral" cBy="RLG" cDate="07/25/2005 11:06:24 PDT Mon" abbrev="man" name="Manner" ID="8688">
        <definition>&lt;def-root&gt;A description of the adoption of a position which is not classified under more specific descriptions, including comparisons to other events (&lt;ment&gt;similarly&lt;/ment&gt;), rates of adoption (&lt;ment&gt;slowly&lt;/ment&gt;), and descriptions of the &lt;fen&gt;Agent&lt;/fen&gt; which also influence the action (&lt;ment&gt;eagerly&lt;/ment&gt;).

&lt;ex&gt;Israel has &lt;fex name="man"&gt;reluctantly&lt;/fex&gt; &lt;t&gt;adopted&lt;/t&gt; a non-violent defensive measure to protect its citizens from death.&lt;/ex&gt;&lt;/def-root&gt;</definition>
        <semType name="Manner" ID="173"/>
    </FE>
    <FE bgColor="A9A9A9" fgColor="000000" coreType="Extra-Thematic" cBy="KmG" cDate="05/30/2006 01:12:03 PDT Tue" abbrev="Eve" name="Event_description" ID="10136">
        <definition>&lt;def-root&gt;In general, this FE is used for phrases that describe the clause of the target as a whole. &lt;/def-root&gt;</definition>
    </FE>
    <FE bgColor="EEE8AA" fgColor="000000" coreType="Extra-Thematic" cBy="KmG" cDate="05/30/2006 02:06:40 PDT Tue" abbrev="Dep" name="Depictive" ID="10137">
        <definition>&lt;def-root&gt;This FE describes a participant of the state of affairs introduced by the target as being in some state during the action. &lt;/def-root&gt;</definition>
    </FE>
    <FE bgColor="800080" fgColor="FFFFFF" coreType="Peripheral" cBy="KmG" cDate="05/30/2006 02:21:36 PDT Tue" abbrev="Pur" name="Purpose" ID="10138">
        <definition>&lt;def-root&gt;This FE identifies the &lt;fen&gt;Purpose&lt;/fen&gt; for which an &lt;fen&gt;Agent&lt;/fen&gt; adopts the &lt;fen&gt;Value&lt;/fen&gt; of the &lt;fen&gt;Attribute&lt;/fen&gt;. &lt;/def-root&gt;</definition>
        <semType name="State_of_affairs" ID="177"/>
    </FE>
    <FE bgColor="9F79EE" fgColor="FFFFFF" coreType="Extra-Thematic" cBy="KmG" cDate="05/30/2006 03:30:06 PDT Tue" abbrev="Rol" name="Role" ID="10140">
        <definition>&lt;def-root&gt;This FE identifies the role filled by a particular participant of the clause headed by the target. In so doing, it relates the state of affairs evoked by the target to another background state of affairs by indicating that one of the role fillers of the current frame also fills a second kind of role in the background, either generically or in some specific instance. &lt;/def-root&gt;</definition>
    </FE>
    <FE bgColor="008000" fgColor="FFFFFF" coreType="Peripheral" cBy="KmG" cDate="05/30/2006 03:32:44 PDT Tue" abbrev="Pla" name="Place" ID="10141">
        <definition>&lt;def-root&gt;This FE identifies the &lt;fen&gt;Place&lt;/fen&gt; where the &lt;fen&gt;Agent&lt;/fen&gt; has the &lt;fen&gt;Attribute&lt;/fen&gt; which can take different &lt;fen&gt;Value&lt;/fen&gt;. &lt;/def-root&gt;</definition>
        <semType name="Locative_relation" ID="182"/>
    </FE>
    <FE bgColor="1E90FF" fgColor="FFFFFF" coreType="Extra-Thematic" cBy="KmG" cDate="05/30/2006 04:08:26 PDT Tue" abbrev="Fre" name="Frequency" ID="10142">
        <definition>&lt;def-root&gt;This frame element is defined as the number of times an event occurs per some unit of time. A &lt;fen&gt;Frequency&lt;/fen&gt; expression answers the question how often. &lt;/def-root&gt;</definition>
    </FE>
    <FE bgColor="2E8B57" fgColor="FFFFFF" coreType="Extra-Thematic" cBy="KmG" cDate="05/30/2006 04:21:18 PDT Tue" abbrev="Con" name="Containing_event" ID="10143">
        <definition>&lt;def-root&gt;This FE denotes an event that occurs or state of affairs that holds at a time that includes the time during which the event or state of affairs reported by the target occurs and of which it is taken to be a part.

&lt;/def-root&gt;</definition>
    </FE>
    <FE bgColor="FFFF00" fgColor="000000" coreType="Extra-Thematic" cBy="KmG" cDate="05/30/2006 04:35:33 PDT Tue" abbrev="Cir" name="Circumstances" ID="10144">
        <definition>&lt;def-root&gt;&lt;fen&gt;Circumstances&lt;/fen&gt; describe the state of the world (at a particular time and place) which is specifically independent of the event itself and any of its participants. &lt;/def-root&gt;</definition>
    </FE>
    <FE bgColor="FF69B4" fgColor="FFFFFF" coreType="Extra-Thematic" cBy="KmG" cDate="05/31/2006 09:25:42 PDT Wed" abbrev="re-e" name="Re-encoding" ID="10149">
        <definition>&lt;def-root&gt;This FE presents the current frame as an integral part of a larger conceptualization expressed by another frame. &lt;/def-root&gt;</definition>
    </FE>
    <FE bgColor="FFD700" fgColor="000000" coreType="Extra-Thematic" cBy="KmG" cDate="05/31/2006 09:28:30 PDT Wed" abbrev="part" name="Particular_iteration" ID="10150">
        <definition>&lt;def-root&gt;Expressions marked with this extra-thematic FE modify a non-iterative use of the target, and indicate that it is conceived as embedded within an iterated series of similar events or states. &lt;/def-root&gt;</definition>
    </FE>
    <FE bgColor="00008B" fgColor="FFFFFF" coreType="Peripheral" cBy="KmG" cDate="05/31/2006 10:01:42 PDT Wed" abbrev="Mea" name="Means" ID="10152">
        <definition>&lt;def-root&gt;The &lt;fen&gt;Means&lt;/fen&gt; by which an &lt;fen&gt;Agent&lt;/fen&gt; adopts a &lt;fen&gt;Value&lt;/fen&gt; for an &lt;fen&gt;Attribute&lt;/fen&gt;. &lt;/def-root&gt;</definition>
        <semType name="State_of_affairs" ID="177"/>
    </FE>
    <FE bgColor="9400D3" fgColor="FFFFFF" coreType="Peripheral" cBy="KmG" cDate="05/31/2006 10:03:46 PDT Wed" abbrev="Ins" name="Instrument" ID="10153">
        <definition>&lt;def-root&gt;The instument through which an &lt;fen&gt;Agent&lt;/fen&gt; adopts a &lt;fen&gt;Value&lt;/fen&gt; for an &lt;fen&gt;Attribute&lt;/fen&gt;. &lt;/def-root&gt;</definition>
    </FE>
    <FE bgColor="7FFF00" fgColor="000000" coreType="Extra-Thematic" cBy="KmG" cDate="05/31/2006 10:07:49 PDT Wed" abbrev="Dur" name="Duration" ID="10154">
        <definition>&lt;def-root&gt;&lt;fen&gt;Duration&lt;/fen&gt; denotes the length of time from the beginning of a continuous situation (the one denoted by the target) to its end. In many cases, the continuous situation is a dynamic action which is ongoing, while in others it is simply an undifferentiated state.&lt;/def-root&gt;</definition>
        <semType name="Duration" ID="142"/>
    </FE>
    <FE bgColor="90876C" fgColor="FFFFFF" coreType="Extra-Thematic" cBy="KmG" cDate="05/31/2006 10:26:14 PDT Wed" abbrev="Exp" name="Explanation" ID="10155">
        <definition>&lt;def-root&gt;The &lt;fen&gt;Explanation&lt;/fen&gt; denotes a proposition from which the main clause (headed by the target) logically follows. This often means that the &lt;fen&gt;Explanation&lt;/fen&gt; causes the target's proposition, but not in all cases. &lt;/def-root&gt;</definition>
        <semType name="State_of_affairs" ID="177"/>
    </FE>
    <FE bgColor="7CCD73" fgColor="FFFFFF" coreType="Extra-Thematic" cBy="KmG" cDate="06/13/2006 10:31:16 PDT Tue" abbrev="Cf" name="Communicative_force" ID="10278">
        <definition>&lt;def-root&gt;This FE indicates the &lt;fex name="Cf"&gt;Communicative_force&lt;/fex&gt; or authority with which the target operates (often denoted by words such as "officially," "formally," "technically," etc.). This may or may not reflect the actual reality of the state of affairs. &lt;/def-root&gt;</definition>
    </FE>
    <frameRelation type="Inherits from"/>
    <frameRelation type="Is Inherited by"/>
    <frameRelation type="Perspective on"/>
    <frameRelation type="Is Perspectivized in"/>
    <frameRelation type="Uses">
        <relatedFrame ID="352">Choosing</relatedFrame>
    </frameRelation>
    <frameRelation type="Is Used by"/>
    <frameRelation type="Subframe of"/>
    <frameRelation type="Has Subframe(s)"/>
    <frameRelation type="Precedes"/>
    <frameRelation type="Is Preceded by"/>
    <frameRelation type="Is Inchoative of"/>
    <frameRelation type="Is Causative of"/>
    <frameRelation type="See also"/>
    <lexUnit status="Finished_Initial" POS="V" name="adopt.v" ID="12532" lemmaID="550" cBy="RLG" cDate="07/22/2005 04:49:09 PDT Fri">
        <definition>COD: choose to take up or follow (an option or course of action).</definition>
        <sentenceCount annotated="34" total="315"/>
        <lexeme order="1" headword="false" breakBefore="false" POS="V" name="adopt"/>
    </lexUnit>
    <lexUnit status="Finished_Initial" POS="V" name="assume.v" ID="12533" lemmaID="2180" cBy="RLG" cDate="07/22/2005 04:49:44 PDT Fri">
        <definition>FN: begin to use or take on some characteristic.</definition>
        <sentenceCount annotated="9" total="230"/>
        <lexeme order="1" headword="false" breakBefore="false" POS="V" name="assume"/>
    </lexUnit>
    <lexUnit status="Finished_Initial" POS="V" name="embrace.v" ID="12534" lemmaID="12564" cBy="RLG" cDate="07/22/2005 04:51:15 PDT Fri">
        <definition>COD: accept or support (a belief or change) willingly.</definition>
        <sentenceCount annotated="9" total="198"/>
        <lexeme order="1" headword="false" breakBefore="false" POS="V" name="embrace"/>
    </lexUnit>
</frame>