<?xml version="1.0" encoding="UTF-8" standalone="yes"?>
<?xml-stylesheet type="text/xsl" href="frame.xsl"?>
<frame cBy="HPh" cDate="08/31/2015 01:27:26 PDT Mon" name="Affirm_or_deny" ID="2974" xsi:schemaLocation="../schema/frame.xsd" xmlns="http://framenet.icsi.berkeley.edu" xmlns:xsi="http://www.w3.org/2001/XMLSchema-instance">
    <definition>&lt;def-root&gt;A &lt;fen&gt;Speaker&lt;/fen&gt; uses language to affirm or deny the truth of a &lt;fen&gt;Message&lt;/fen&gt; to some &lt;fen&gt;Addressee&lt;/fen&gt;. Instead of (or in addition to) a &lt;fen&gt;Speaker&lt;/fen&gt;, a &lt;fen&gt;Medium&lt;/fen&gt; may also be mentioned. Likewise, a &lt;fen&gt;Topic&lt;/fen&gt; may be stated instead of a &lt;fen&gt;Message&lt;/fen&gt;. 

&lt;ex&gt;&lt;fex name="Speaker"&gt;She&lt;/fex&gt; &lt;t&gt;affirmed&lt;/t&gt; &lt;fex name="Message"&gt;her loyalty to the cause&lt;/fex&gt;.&lt;/ex&gt;

&lt;ex&gt;&lt;fex name="Speaker"&gt;He&lt;/fex&gt; &lt;t&gt;denied&lt;/t&gt; &lt;fex name="Message"&gt;that he had ever believed in the existence of God&lt;/fex&gt;.&lt;/ex&gt;

&lt;ex&gt;&lt;fex name="Med"&gt;BBC News&lt;/fex&gt; &lt;t&gt;confirmed&lt;/t&gt; &lt;fex name="Top"&gt;the story about the refugees&lt;/fex&gt;.&lt;/ex&gt; 
&lt;/def-root&gt;</definition>
    <FE bgColor="FF0000" fgColor="FFFFFF" coreType="Core" cBy="HPh" cDate="08/31/2015 01:59:55 PDT Mon" abbrev="Spkr" name="Speaker" ID="16640">
        <definition>&lt;def-root&gt;The &lt;fen&gt;Speaker&lt;/fen&gt; is the sentient entity affirming or denying the truth of the &lt;fen&gt;Message&lt;/fen&gt; (this can be spoken or written). It is normally expressed as the External Argument of the predicative uses of the target word, or as the Genitive modifier of the noun. 

&lt;ex&gt;No one believed &lt;fex name="Spkr"&gt;Evelyn&lt;/fex&gt;'s &lt;t&gt;affirmation&lt;/t&gt; that she could speak to ghosts.&lt;/ex&gt;

&lt;ex&gt;&lt;fex name="Spkr"&gt;Evelyn&lt;/fex&gt; &lt;t&gt;conceded&lt;/t&gt; that the ghosts were actually just imaginary friends.&lt;/ex&gt; &lt;/def-root&gt;</definition>
        <semType name="Sentient" ID="5"/>
    </FE>
    <FE bgColor="00BFFF" fgColor="FFFFFF" coreType="Core" cBy="HPh" cDate="08/31/2015 02:02:41 PDT Mon" abbrev="Msg" name="Message" ID="16641">
        <definition>&lt;def-root&gt;The &lt;fen&gt;Message&lt;/fen&gt; identifies the content whose truth the &lt;fen&gt;Speaker&lt;/fen&gt; is affirming or denying. It can be expressed as a clause or as a noun phrase. 

&lt;ex&gt;They &lt;t&gt;refute&lt;/t&gt; the criticisms &lt;fex name="Msg"&gt;that they are only interested in power and money&lt;/fex&gt;.&lt;/ex&gt;

&lt;ex&gt;On Monday my boss &lt;t&gt;confirmed&lt;/t&gt; &lt;fex name="Msg"&gt;that I was indeed promoted&lt;/fex&gt;.&lt;/ex&gt;&lt;/def-root&gt;</definition>
        <semType name="Message" ID="56"/>
    </FE>
    <FE bgColor="006400" fgColor="FFFFFF" coreType="Extra-Thematic" cBy="HPh" cDate="08/31/2015 02:05:41 PDT Mon" abbrev="Add" name="Addressee" ID="16642">
        <definition>&lt;def-root&gt;The &lt;fen&gt;Addressee&lt;/fen&gt; is the person to whom the truth of the &lt;fen&gt;Message&lt;/fen&gt; is affirmed or denied. &lt;/def-root&gt;</definition>
        <semType name="Sentient" ID="5"/>
    </FE>
    <FE bgColor="9F79EE" fgColor="FFFFFF" coreType="Peripheral" cBy="HPh" cDate="08/31/2015 03:28:04 PDT Mon" abbrev="Pla" name="Place" ID="16643">
        <definition>&lt;def-root&gt;&lt;fen&gt;Place&lt;/fen&gt; specifies the location where the &lt;fen&gt;Message&lt;/fen&gt; is affirmed or denied. &lt;/def-root&gt;</definition>
        <semType name="Locative_relation" ID="182"/>
    </FE>
    <FE bgColor="FFA500" fgColor="FFFFFF" coreType="Peripheral" cBy="HPh" cDate="08/31/2015 03:31:26 PDT Mon" abbrev="Time" name="Time" ID="16644">
        <definition>&lt;def-root&gt;The &lt;fen&gt;Time&lt;/fen&gt; at which the &lt;fen&gt;Message&lt;/fen&gt; is affirmed or denied. &lt;/def-root&gt;</definition>
        <semType name="Time" ID="141"/>
    </FE>
    <FE bgColor="FF00FF" fgColor="FFFFFF" coreType="Peripheral" cBy="HPh" cDate="08/31/2015 03:33:03 PDT Mon" abbrev="Manr" name="Manner" ID="16645">
        <definition>&lt;def-root&gt;&lt;fen&gt;Manner&lt;/fen&gt; describes the way in which the &lt;fen&gt;Speaker&lt;/fen&gt; affirms or denies a &lt;fen&gt;Message&lt;/fen&gt;. &lt;/def-root&gt;</definition>
    </FE>
    <FE bgColor="2E8B57" fgColor="FFFFFF" coreType="Extra-Thematic" cBy="HPh" cDate="08/31/2015 03:38:21 PDT Mon" abbrev="Ite" name="Iterations" ID="16646">
        <definition>&lt;def-root&gt;&lt;fen&gt;Iterations&lt;/fen&gt; is used for expressions that indicate the number of times an event or state (of the kind denoted by the target in its clause) has taken place or held. &lt;/def-root&gt;</definition>
    </FE>
    <FE bgColor="A52A2A" fgColor="FFFFFF" coreType="Peripheral" cBy="HPh" cDate="08/31/2015 03:41:39 PDT Mon" abbrev="Mns" name="Means" ID="16647">
        <definition>&lt;def-root&gt;&lt;fen&gt;Means&lt;/fen&gt; expresses the act whereby the &lt;fen&gt;Speaker&lt;/fen&gt; affirms or denies a &lt;fen&gt;Message&lt;/fen&gt;. &lt;/def-root&gt;</definition>
    </FE>
    <FE bgColor="9400D3" fgColor="FFFFFF" coreType="Extra-Thematic" cBy="HPh" cDate="08/31/2015 03:43:49 PDT Mon" abbrev="Dep" name="Depictive" ID="16648">
        <definition>&lt;def-root&gt;The state of the &lt;fen&gt;Speaker&lt;/fen&gt; while he/she affirms or denies the &lt;fen&gt;Message&lt;/fen&gt;. &lt;/def-root&gt;</definition>
    </FE>
    <FE bgColor="EEE8AA" fgColor="000000" coreType="Extra-Thematic" cBy="HPh" cDate="08/31/2015 03:47:21 PDT Mon" abbrev="Deg" name="Degree" ID="16649">
        <definition>&lt;def-root&gt;&lt;fen&gt;Degree&lt;/fen&gt; selects some gradable attribute and modifies the expected value for it. &lt;/def-root&gt;</definition>
    </FE>
    <FE bgColor="A9A9A9" fgColor="000000" coreType="Extra-Thematic" cBy="HPh" cDate="08/31/2015 03:59:47 PDT Mon" abbrev="" name="Containing_event" ID="16650">
        <definition>&lt;def-root&gt;This FE identifies an event during which the &lt;fen&gt;Speaker&lt;/fen&gt; affirms or denies the truth of the &lt;fen&gt;Message&lt;/fen&gt;.&lt;/def-root&gt;</definition>
    </FE>
    <FE bgColor="FFD700" fgColor="000000" coreType="Extra-Thematic" cBy="HPh" cDate="08/31/2015 04:05:20 PDT Mon" abbrev="Eve" name="Event_description" ID="16651">
        <definition>&lt;def-root&gt;In general, &lt;fen&gt;Event_description&lt;/fen&gt; is used for phrases that describe the clause of the target as a whole - here, the &lt;fen&gt;Message&lt;/fen&gt; event. &lt;/def-root&gt;</definition>
    </FE>
    <FE bgColor="00BFFF" fgColor="FFFFFF" coreType="Extra-Thematic" cBy="HPh" cDate="08/31/2015 04:08:22 PDT Mon" abbrev="" name="Frequency" ID="16652">
        <definition>&lt;def-root&gt;&lt;fen&gt;Frequency&lt;/fen&gt; is defined as the number of times an event occurs per some unit of time. &lt;/def-root&gt;</definition>
    </FE>
    <FE bgColor="7CCD73" fgColor="FFFFFF" coreType="Peripheral" cBy="HPh" cDate="08/31/2015 04:09:54 PDT Mon" abbrev="ICause" name="Internal_cause" ID="16653">
        <definition>&lt;def-root&gt;The emotional or physical state of the &lt;fen&gt;Speaker&lt;/fen&gt; that leads to their affirmation or denial of the &lt;fen&gt;Message&lt;/fen&gt;. &lt;/def-root&gt;</definition>
    </FE>
    <FE bgColor="808080" fgColor="FFFFFF" coreType="Core" cBy="HPh" cDate="08/31/2015 05:02:04 PDT Mon" abbrev="Med" name="Medium" ID="16654">
        <definition>&lt;def-root&gt;The &lt;fen&gt;Medium&lt;/fen&gt; is the physical entity or channel used by the &lt;fen&gt;Speaker&lt;/fen&gt; to transmit the &lt;fen&gt;Message&lt;/fen&gt;. &lt;/def-root&gt;</definition>
    </FE>
    <FE bgColor="0000FF" fgColor="FFFFFF" coreType="Core" cBy="HPh" cDate="09/03/2015 06:37:22 PDT Thu" abbrev="Top" name="Topic" ID="16687">
        <definition>&lt;def-root&gt;The &lt;fen&gt;Topic&lt;/fen&gt; is the subject matter to which the &lt;fen&gt;Message&lt;/fen&gt; pertains. It is rarely mentioned in constructions with verbal targets, and is much more common with nominal targets, where it is usually expressed as a PP Complement headed by "of" or about".&lt;/def-root&gt;</definition>
    </FE>
    <FEcoreSet>
        <memberFE name="Speaker" ID="16640"/>
        <memberFE name="Medium" ID="16654"/>
    </FEcoreSet>
    <FEcoreSet>
        <memberFE name="Message" ID="16641"/>
        <memberFE name="Topic" ID="16687"/>
    </FEcoreSet>
    <frameRelation type="Inherits from">
        <relatedFrame ID="43">Statement</relatedFrame>
    </frameRelation>
    <frameRelation type="Is Inherited by"/>
    <frameRelation type="Perspective on"/>
    <frameRelation type="Is Perspectivized in"/>
    <frameRelation type="Uses"/>
    <frameRelation type="Is Used by"/>
    <frameRelation type="Subframe of"/>
    <frameRelation type="Has Subframe(s)"/>
    <frameRelation type="Precedes"/>
    <frameRelation type="Is Preceded by"/>
    <frameRelation type="Is Inchoative of"/>
    <frameRelation type="Is Causative of"/>
    <frameRelation type="See also"/>
    <lexUnit status="In_Use" POS="V" name="concede.v" ID="18237" lemmaID="7582" cBy="HPh" cDate="08/31/2015 02:14:21 PDT Mon">
        <definition>FN: to finally admit or agree that something is true</definition>
        <sentenceCount annotated="9" total="41"/>
        <lexeme order="1" headword="false" breakBefore="false" POS="V" name="concede"/>
    </lexUnit>
    <lexUnit status="In_Use" POS="V" name="deny.v" ID="18238" lemmaID="10197" cBy="HPh" cDate="08/31/2015 02:15:18 PDT Mon">
        <definition>FN: to claim that something is false</definition>
        <sentenceCount annotated="87" total="400"/>
        <lexeme order="1" headword="false" breakBefore="false" POS="V" name="deny"/>
    </lexUnit>
    <lexUnit status="In_Use" POS="V" name="affirm.v" ID="18239" lemmaID="685" cBy="HPh" cDate="08/31/2015 02:18:04 PDT Mon">
        <definition>FN: to state or assert positively; to maintain as true</definition>
        <sentenceCount annotated="43" total="123"/>
        <lexeme order="1" headword="false" breakBefore="false" POS="V" name="affirm"/>
    </lexUnit>
    <lexUnit status="In_Use" POS="N" name="affirmation.n" ID="18240" lemmaID="686" cBy="HPh" cDate="08/31/2015 02:19:55 PDT Mon">
        <definition>FN: the act or instance of affirming (declaring to be true)</definition>
        <sentenceCount annotated="5" total="121"/>
        <lexeme order="1" headword="false" breakBefore="false" POS="N" name="affirmation"/>
    </lexUnit>
    <lexUnit status="Created" POS="V" name="confirm.v" ID="18241" lemmaID="7733" cBy="HPh" cDate="08/31/2015 02:21:39 PDT Mon">
        <definition>FN: to establish the truth, accuracy, or validity of something</definition>
        <sentenceCount annotated="0" total="0"/>
        <lexeme order="1" headword="false" breakBefore="false" POS="V" name="confirm"/>
    </lexUnit>
    <lexUnit status="Created" POS="N" name="confirmation.n" ID="18242" lemmaID="7734" cBy="HPh" cDate="08/31/2015 02:23:26 PDT Mon">
        <definition>FN: the act or instance of confirming </definition>
        <sentenceCount annotated="0" total="0"/>
        <lexeme order="1" headword="false" breakBefore="false" POS="N" name="confirmation"/>
    </lexUnit>
    <lexUnit status="Created" POS="N" name="denial.n" ID="18243" lemmaID="10164" cBy="HPh" cDate="08/31/2015 02:25:27 PDT Mon">
        <definition>FN: the act or instance of denying</definition>
        <sentenceCount annotated="0" total="0"/>
        <lexeme order="1" headword="false" breakBefore="false" POS="N" name="denial"/>
    </lexUnit>
    <lexUnit status="Created" POS="V" name="reaffirm.v" ID="18244" lemmaID="31992" cBy="HPh" cDate="08/31/2015 02:26:22 PDT Mon">
        <definition>FN: to affirm again; to state again as true/a fact</definition>
        <sentenceCount annotated="0" total="0"/>
        <lexeme order="1" headword="false" breakBefore="false" POS="V" name="reaffirm"/>
    </lexUnit>
    <lexUnit status="Created" POS="V" name="refute.v" ID="18245" lemmaID="32372" cBy="HPh" cDate="08/31/2015 02:27:59 PDT Mon">
        <definition>FN: to prove (a statement, accusation, opinion) to be false or erroneous</definition>
        <sentenceCount annotated="0" total="0"/>
        <lexeme order="1" headword="false" breakBefore="false" POS="V" name="refute"/>
    </lexUnit>
    <lexUnit status="Created" POS="V" name="attest.v" ID="18246" lemmaID="2303" cBy="HPh" cDate="08/31/2015 02:30:32 PDT Mon">
        <definition>FN: to declare to be correct, true, or genuine</definition>
        <sentenceCount annotated="0" total="0"/>
        <lexeme order="1" headword="false" breakBefore="false" POS="V" name="attest"/>
    </lexUnit>
</frame>