<?xml version="1.0" encoding="UTF-8" standalone="yes"?>
<?xml-stylesheet type="text/xsl" href="frame.xsl"?>
<frame cBy="JKR" cDate="09/01/2005 04:44:44 PDT Thu" name="Agree_or_refuse_to_act" ID="1625" xsi:schemaLocation="../schema/frame.xsd" xmlns="http://framenet.icsi.berkeley.edu" xmlns:xsi="http://www.w3.org/2001/XMLSchema-instance">
    <definition>&lt;def-root&gt;A &lt;fen&gt;Speaker&lt;/fen&gt; either agrees to or refuses to engage in a &lt;fen&gt;Proposed_action&lt;/fen&gt;, proposed by an &lt;fen&gt;Interlocutor&lt;/fen&gt;.
&lt;ex&gt;&lt;/ex&gt;
&lt;ex&gt;&lt;fex name="Speaker"&gt;They&lt;/fex&gt; &lt;t&gt;agreed&lt;/t&gt; &lt;fex name="pro"&gt;to express their outrage with editorials in today's paper&lt;/fex&gt;.&lt;/ex&gt;

&lt;ex&gt;&lt;fex name="Speaker"&gt;The man's&lt;/fex&gt; &lt;t&gt;refusal&lt;/t&gt; &lt;fex name="pro"&gt;to accept blood&lt;/fex&gt; severely hampered his treatment after the car accident.&lt;/ex&gt;
&lt;/def-root&gt;</definition>
    <FE bgColor="FF0000" fgColor="FFFFFF" coreType="Core" cBy="JKR" cDate="09/01/2005 04:44:44 PDT Thu" abbrev="spr" name="Speaker" ID="9043">
        <definition>&lt;def-root&gt;The &lt;fen&gt;Speaker&lt;/fen&gt; is the person to whom a particular action has been proposed and who responds to the request or offer made.
&lt;/def-root&gt;</definition>
        <semType name="Sentient" ID="5"/>
    </FE>
    <FE bgColor="008000" fgColor="FFFFFF" coreType="Core" cBy="JKR" cDate="09/01/2005 04:44:46 PDT Thu" abbrev="int" name="Interlocutor" ID="9044">
        <definition>&lt;def-root&gt;This is the person who proposed the &lt;fen&gt;Proposed_action&lt;/fen&gt;  to the &lt;fen&gt;Speaker&lt;/fen&gt; and to whom the &lt;fen&gt;Speaker&lt;/fen&gt; communicates  their response. &lt;/def-root&gt;</definition>
        <semType name="Sentient" ID="5"/>
    </FE>
    <FE bgColor="7CCD73" fgColor="FFFFFF" coreType="Peripheral" cBy="JKR" cDate="09/01/2005 04:44:46 PDT Thu" abbrev="Medium" name="Medium" ID="9045">
        <definition>&lt;def-root&gt;As with &lt;fen&gt;Medium&lt;/fen&gt; in other communication frames, the physical entity or channel used to communicate can be expressed.&lt;/def-root&gt;</definition>
    </FE>
    <FE bgColor="00BFFF" fgColor="FFFFFF" coreType="Core" cBy="JKR" cDate="09/01/2005 04:44:46 PDT Thu" abbrev="pro" name="Proposed_action" ID="9046">
        <definition>&lt;def-root&gt;The &lt;fen&gt;Proposed_action&lt;/fen&gt; is an action that the &lt;fen&gt;Speaker&lt;/fen&gt; would perform if they were to accept or refuse the request or offer.&lt;/def-root&gt;</definition>
    </FE>
    <FE bgColor="FF00FF" fgColor="FFFFFF" coreType="Peripheral" cBy="JKR" cDate="09/01/2005 04:44:46 PDT Thu" abbrev="Manr" name="Manner" ID="9047">
        <definition>&lt;def-root&gt;Any description of the event (or state) which is not covered by more specific FEs, including  secondary effects (&lt;ment&gt;quietly&lt;/ment&gt;, &lt;ment&gt;loudly&lt;/ment&gt;), and general descriptions comparing events (&lt;ment&gt;the same way&lt;/ment&gt;). It may indicate salient characteristics of the &lt;fen&gt;Speaker&lt;/fen&gt; that affect the action (&lt;ment&gt;presumptuously&lt;/ment&gt;, &lt;ment&gt;coldly&lt;/ment&gt;, &lt;ment&gt;deliberately&lt;/ment&gt;, &lt;ment&gt;eagerly&lt;/ment&gt;).
&lt;/def-root&gt;</definition>
        <semType name="Manner" ID="173"/>
    </FE>
    <FE bgColor="9400D3" fgColor="FFFFFF" coreType="Extra-Thematic" cBy="JKR" cDate="09/01/2005 04:44:46 PDT Thu" abbrev="Depict" name="Depictive" ID="9048">
        <definition>&lt;def-root&gt;Depictive phrase describing the &lt;fen&gt;Speaker&lt;/fen&gt;.


&lt;/def-root&gt;</definition>
    </FE>
    <FE bgColor="A52A2A" fgColor="FFFFFF" coreType="Peripheral" cBy="JKR" cDate="09/01/2005 04:44:46 PDT Thu" abbrev="Mns" name="Means" ID="9049">
        <definition>&lt;def-root&gt;This FE identifies the &lt;fen&gt;Means&lt;/fen&gt; by which the &lt;fen&gt;Speaker&lt;/fen&gt; responds to the request or offer made. &lt;/def-root&gt;</definition>
        <semType name="State_of_affairs" ID="177"/>
    </FE>
    <FE bgColor="FFA500" fgColor="FFFFFF" coreType="Extra-Thematic" cBy="JKR" cDate="09/01/2005 04:44:46 PDT Thu" abbrev="Int" name="Internal_cause" ID="9050">
        <definition>&lt;def-root&gt;The response may be prompted by either some outside phenomenon or occurrence, or by an &lt;fen&gt;Internal_cause&lt;/fen&gt;, the &lt;fen&gt;Speaker&lt;/fen&gt; mental or emotional state.  

&lt;/def-root&gt;</definition>
    </FE>
    <FE bgColor="FF69B4" fgColor="FFFFFF" coreType="Peripheral" cBy="JKR" cDate="09/01/2005 04:44:46 PDT Thu" abbrev="pla" name="Place" ID="9051">
        <definition>&lt;def-root&gt;The location in which the &lt;fen&gt;Speaker&lt;/fen&gt;  gives their verbal response to the proposed action.


&lt;/def-root&gt;</definition>
        <semType name="Locative_relation" ID="182"/>
    </FE>
    <FE bgColor="2E8B57" fgColor="FFFFFF" coreType="Peripheral" cBy="JKR" cDate="09/01/2005 04:44:46 PDT Thu" abbrev="tim" name="Time" ID="9052">
        <definition>&lt;def-root&gt;The time interval during which the &lt;fen&gt;Speaker&lt;/fen&gt; makes their verbal response concerning the proposed action.

&lt;/def-root&gt;</definition>
        <semType name="Time" ID="141"/>
    </FE>
    <FE bgColor="1E90FF" fgColor="FFFFFF" coreType="Peripheral" cBy="JKR" cDate="09/01/2005 04:44:46 PDT Thu" abbrev="pur" name="Purpose" ID="9053">
        <definition>&lt;def-root&gt;An action that the &lt;fen&gt;Speaker&lt;/fen&gt; intends to accomplish by agreeing or refusing to perform the &lt;fen&gt;Proposed_action&lt;/fen&gt; that is requested of, or suggested to  them.

&lt;/def-root&gt;</definition>
        <semType name="State_of_affairs" ID="177"/>
    </FE>
    <FE bgColor="00008B" fgColor="FFFFFF" coreType="Extra-Thematic" cBy="JKR" cDate="09/01/2005 04:44:46 PDT Thu" abbrev="par" name="Particular_iteration" ID="9054">
        <definition>&lt;def-root&gt;Expressions marked with this extra-thematic FE modify a non-iterative use of the target, and indicate that it is conceived as embedded within an iterated series of response events. &lt;/def-root&gt;</definition>
    </FE>
    <FE bgColor="808080" fgColor="FFFFFF" coreType="Peripheral" cBy="JKR" cDate="09/01/2005 04:44:46 PDT Thu" abbrev="rol" name="Role" ID="9055">
        <definition>&lt;def-root&gt;&lt;fen&gt;Role&lt;/fen&gt; denotes the status that the &lt;fen&gt;Interlocutor&lt;/fen&gt; requested to be granted.


&lt;ex&gt;A serious injustice was committed by Citizenship and Immigration Canada (CIC)
when it &lt;t&gt;refused&lt;/t&gt; her &lt;fex name="Role"&gt;as a political refugee&lt;/fex&gt;.&lt;/ex&gt;&lt;/def-root&gt;</definition>
    </FE>
    <FE bgColor="EEE8AA" fgColor="000000" coreType="Extra-Thematic" cBy="KmG" cDate="06/07/2006 04:04:12 PDT Wed" abbrev="Co-t" name="Co-timed_event" ID="10257">
        <definition>&lt;def-root&gt;This FE identifies the subevent of the agreeing/refusing to act. &lt;/def-root&gt;</definition>
    </FE>
    <FE bgColor="7FFF00" fgColor="000000" coreType="Extra-Thematic" cBy="KmG" cDate="06/07/2006 04:09:58 PDT Wed" abbrev="Fre" name="Frequency" ID="10258">
        <definition>&lt;def-root&gt;The number of times (within a given period) that the agreeing/refusing to act occurs. &lt;/def-root&gt;</definition>
    </FE>
    <FE bgColor="90876C" fgColor="FFFFFF" coreType="Extra-Thematic" cBy="KmG" cDate="06/07/2006 04:15:08 PDT Wed" abbrev="Exp" name="Explanation" ID="10259">
        <definition>&lt;def-root&gt;The &lt;fen&gt;Explanation&lt;/fen&gt; denotes a proposition from which the main clause (headed by the target) logically follows. This often means that the &lt;fen&gt;Explanation&lt;/fen&gt; causes the target's proposition, but not in all cases. &lt;/def-root&gt;</definition>
    </FE>
    <FE bgColor="0000FF" fgColor="FFFFFF" coreType="Extra-Thematic" cBy="KmG" cDate="10/03/2007 11:12:48 PDT Wed" abbrev="Eve" name="Event_description" ID="11982">
        <definition>&lt;def-root&gt;This FE applies to appraisals of the event, typically a judgment of its expectedness, and consists of any descriptions of the state of affairs denoted by the target as role fillers in other frames. The state of affairs reported by the target is understood to play a role in the state of affairs of the modifier.&lt;/def-root&gt;</definition>
    </FE>
    <frameRelation type="Inherits from">
        <relatedFrame ID="1623">Respond_to_proposal</relatedFrame>
    </frameRelation>
    <frameRelation type="Is Inherited by"/>
    <frameRelation type="Perspective on"/>
    <frameRelation type="Is Perspectivized in"/>
    <frameRelation type="Uses"/>
    <frameRelation type="Is Used by"/>
    <frameRelation type="Subframe of"/>
    <frameRelation type="Has Subframe(s)"/>
    <frameRelation type="Precedes"/>
    <frameRelation type="Is Preceded by"/>
    <frameRelation type="Is Inchoative of"/>
    <frameRelation type="Is Causative of"/>
    <frameRelation type="See also"/>
    <lexUnit status="Finished_Initial" POS="V" name="refuse.v" ID="12758" lemmaID="32368" cBy="JKR" cDate="09/01/2005 05:01:04 PDT Thu">
        <definition>COD: indicate unwillingness to accept or grant (something offered or requested)</definition>
        <sentenceCount annotated="19" total="170"/>
        <lexeme order="1" headword="false" breakBefore="false" POS="V" name="refuse"/>
    </lexUnit>
    <lexUnit status="Finished_Initial" POS="V" name="decline.v" ID="12759" lemmaID="9818" cBy="JKR" cDate="09/01/2005 05:19:18 PDT Thu">
        <definition>COD: politely refuse</definition>
        <sentenceCount annotated="11" total="152"/>
        <lexeme order="1" headword="false" breakBefore="false" POS="V" name="decline"/>
    </lexUnit>
    <lexUnit status="Finished_Initial" POS="N" name="refusal.n" ID="12760" lemmaID="32366" cBy="JKR" cDate="09/01/2005 05:19:35 PDT Thu">
        <definition>FN: the action of indicating unwillingness to accept or grant (something offered or requested).</definition>
        <sentenceCount annotated="24" total="182"/>
        <lexeme order="1" headword="false" breakBefore="false" POS="N" name="refusal"/>
    </lexUnit>
    <lexUnit status="Finished_Initial" POS="V" name="agree.v" ID="12761" lemmaID="835" cBy="JKR" cDate="09/01/2005 05:20:17 PDT Thu">
        <definition>COD:  consent to do something.</definition>
        <sentenceCount annotated="15" total="162"/>
        <lexeme order="1" headword="false" breakBefore="false" POS="V" name="agree"/>
    </lexUnit>
</frame>