<?xml version="1.0" encoding="UTF-8" standalone="yes"?>
<?xml-stylesheet type="text/xsl" href="frame.xsl"?>
<frame cBy="KmG" cDate="02/12/2008 04:26:56 PST Tue" name="Agriculture" ID="2012" xsi:schemaLocation="../schema/frame.xsd" xmlns="http://framenet.icsi.berkeley.edu" xmlns:xsi="http://www.w3.org/2001/XMLSchema-instance">
    <definition>&lt;def-root&gt;In this frame an &lt;fen&gt;Agriculturist&lt;/fen&gt; cultivates &lt;fen&gt;Food&lt;/fen&gt;.  The location or &lt;fen&gt;Ground&lt;/fen&gt; where the &lt;fen&gt;Food&lt;/fen&gt; is cultivated by the &lt;fen&gt;Agriculturist&lt;/fen&gt; is often expressed.

&lt;ex&gt;&lt;/ex&gt;
&lt;ex&gt;&lt;fex name="Agriculturist"&gt;Peasants&lt;/fex&gt; were encouraged to &lt;t&gt;cultivate&lt;/t&gt; &lt;fex name="Food"&gt;basic food crops such as beans and corn&lt;/fex&gt;&lt;/ex&gt;.

&lt;ex&gt;&lt;fex name="Food"&gt;Shrimp&lt;/fex&gt; &lt;t&gt;farming&lt;/t&gt; seems to be a recipe for disaster&lt;/ex&gt;

&lt;ex&gt;&lt;fex name="Ground"&gt;Some fields&lt;/fex&gt; were probably &lt;t&gt;cultivated&lt;/t&gt; &lt;fex name="Time"&gt;only in the dry season&lt;/fex&gt; &lt;fex name="Agriculturist"&gt;CNI&lt;/fex&gt;&lt;/ex&gt;&lt;/def-root&gt;</definition>
    <FE bgColor="FF0000" fgColor="FFFFFF" coreType="Core" cBy="KmG" cDate="02/12/2008 04:26:56 PST Tue" abbrev="See" name="Agriculturist" ID="12178">
        <definition>&lt;def-root&gt;The &lt;fen&gt;Agriculturist&lt;/fen&gt; is the agent cultivating &lt;fen&gt;Food&lt;/fen&gt;.&lt;/def-root&gt;</definition>
        <semType name="Sentient" ID="5"/>
    </FE>
    <FE bgColor="0000FF" fgColor="FFFFFF" coreType="Core" cBy="KmG" cDate="02/12/2008 04:26:56 PST Tue" abbrev="Foo" name="Food" ID="12179">
        <definition>&lt;def-root&gt;&lt;fex name="Food"&gt;Food&lt;/fex&gt; is the item cultivated by the &lt;fen&gt;Agriculturist&lt;/fen&gt;.

&lt;ex&gt;They &lt;t&gt;cultivate&lt;/t&gt; &lt;fex name="Food"&gt;fungi&lt;/fex&gt;.&lt;/ex&gt;&lt;/def-root&gt;</definition>
        <semType name="Physical_entity" ID="70"/>
    </FE>
    <FE bgColor="808080" fgColor="FFFFFF" coreType="Peripheral" cBy="KmG" cDate="02/12/2008 04:26:56 PST Tue" abbrev="Ins" name="Instrument" ID="12180">
        <definition>&lt;def-root&gt;The &lt;fen&gt;Instrument&lt;/fen&gt; is used by the &lt;fen&gt;Agriculturist&lt;/fen&gt; as a tool to help obtain &lt;fen&gt;Food&lt;/fen&gt;. (This tool is not limited to typical artifacts and can be hands, arms, and other atypical hunting and fishing instruments.)
&lt;/def-root&gt;</definition>
    </FE>
    <FE bgColor="00BFFF" fgColor="FFFFFF" coreType="Peripheral" cBy="KmG" cDate="02/12/2008 04:26:56 PST Tue" abbrev="Dur" name="Duration" ID="12181">
        <definition>&lt;def-root&gt;For what length of time the &lt;fen&gt;Agriculturist&lt;/fen&gt; attempted to obtain &lt;fen&gt;Food&lt;/fen&gt;. 

&lt;/def-root&gt;</definition>
    </FE>
    <FE bgColor="FF00FF" fgColor="FFFFFF" coreType="Peripheral" cBy="KmG" cDate="02/12/2008 04:26:56 PST Tue" abbrev="Man" name="Manner" ID="12182">
        <definition>&lt;def-root&gt;The &lt;fen&gt;Manner&lt;/fen&gt; in which the &lt;fen&gt;Agriculturist&lt;/fen&gt; cultivates &lt;fen&gt;Food&lt;/fen&gt;.&lt;/def-root&gt;</definition>
    </FE>
    <FE bgColor="A52A2A" fgColor="FFFFFF" coreType="Peripheral" cBy="KmG" cDate="02/12/2008 04:26:56 PST Tue" abbrev="Mea" name="Means" ID="12183">
        <definition>&lt;def-root&gt;This FE identifies the &lt;fen&gt;Means&lt;/fen&gt; by which the &lt;fen&gt;Agriculturist&lt;/fen&gt; cultivates &lt;fen&gt;Food&lt;/fen&gt;.

&lt;/def-root&gt;</definition>
    </FE>
    <FE bgColor="9F79EE" fgColor="FFFFFF" coreType="Peripheral" cBy="KmG" cDate="02/12/2008 04:26:56 PST Tue" abbrev="Otc" name="Outcome" ID="12184">
        <definition>&lt;def-root&gt;The failure or success of an attempt.
&lt;/def-root&gt;</definition>
    </FE>
    <FE bgColor="008000" fgColor="FFFFFF" coreType="Peripheral" cBy="KmG" cDate="02/12/2008 04:26:56 PST Tue" abbrev="Pla" name="Place" ID="12185">
        <definition>&lt;def-root&gt;The greater geographic location where the &lt;fen&gt;Agriculturist&lt;/fen&gt; cultivates &lt;fen&gt;Food&lt;/fen&gt;.

&lt;/def-root&gt;</definition>
    </FE>
    <FE bgColor="FFA500" fgColor="FFFFFF" coreType="Peripheral" cBy="KmG" cDate="02/12/2008 04:26:56 PST Tue" abbrev="Tim" name="Time" ID="12186">
        <definition>&lt;def-root&gt;When the agricultural event occurs.&lt;/def-root&gt;</definition>
    </FE>
    <FE bgColor="800080" fgColor="FFFFFF" coreType="Peripheral" cBy="KmG" cDate="02/12/2008 04:26:56 PST Tue" abbrev="Pur" name="Purpose" ID="12187">
        <definition>&lt;def-root&gt;An action that the &lt;fen&gt;Agriculturist&lt;/fen&gt; intends to accomplish by cultivating &lt;fen&gt;Food&lt;/fen&gt;.&lt;/def-root&gt;</definition>
    </FE>
    <FE bgColor="7CCD73" fgColor="FFFFFF" coreType="Peripheral" cBy="KmG" cDate="02/12/2008 04:26:56 PST Tue" abbrev="Fre" name="Frequency" ID="12188">
        <definition>&lt;def-root&gt;How often the &lt;fen&gt;Agriculturist&lt;/fen&gt; cultivates &lt;fen&gt;Food&lt;/fen&gt;.
&lt;/def-root&gt;</definition>
    </FE>
    <FE bgColor="FF69B4" fgColor="FFFFFF" coreType="Peripheral" cBy="KmG" cDate="02/12/2008 04:26:56 PST Tue" abbrev="Deg" name="Degree" ID="12189">
        <definition>&lt;def-root&gt;This frame element selects some gradable attribute and modifies the expected value for it.

&lt;ex&gt;Most of lowland Britain is &lt;fex name="Degree"&gt;intensively&lt;/fex&gt; &lt;t&gt;cultivated&lt;/t&gt;.&lt;/ex&gt;&lt;/def-root&gt;</definition>
    </FE>
    <FE bgColor="d0d0d0" fgColor="000000" coreType="Core" cBy="KmG" cDate="02/12/2008 04:26:56 PST Tue" abbrev="Gro" name="Ground" ID="12190">
        <definition>&lt;def-root&gt;This is the the background or context for the &lt;fen&gt;Food&lt;/fen&gt; to which the &lt;fen&gt;Agriculturist&lt;/fen&gt; pays attention in his agricultural efforts.

&lt;ex&gt;Romans were &lt;t&gt;cultivating&lt;/t&gt; &lt;fex name="Ground"&gt;the land&lt;/fex&gt; in Northern Gaul.&lt;/ex&gt;&lt;/def-root&gt;</definition>
    </FE>
    <FE bgColor="FFFF00" fgColor="0000FF" coreType="Extra-Thematic" cBy="KmG" cDate="02/12/2008 04:26:56 PST Tue" abbrev="Par" name="Particular_iteration" ID="12191">
        <definition>&lt;def-root&gt;Expressions marked with this extra-thematic FE modify a non-iterative use of the target, and indicate that it is conceived as embedded within an iterated series of similar events or states.&lt;/def-root&gt;</definition>
    </FE>
    <FE bgColor="00008B" fgColor="FFFFFF" coreType="Peripheral" cBy="KmG" cDate="02/15/2008 05:11:27 PST Fri" abbrev="Typ" name="Type" ID="12234">
        <definition>&lt;def-root&gt;This FE indicates the subtype of agriculture that the &lt;fen&gt;Agriculturist&lt;/fen&gt; is engaging in.&lt;/def-root&gt;</definition>
    </FE>
    <FE bgColor="9400D3" fgColor="FFFFFF" coreType="Extra-Thematic" cBy="KmG" cDate="02/15/2008 05:12:54 PST Fri" abbrev="Eve" name="Event_description" ID="12235">
        <definition>&lt;def-root&gt;This FE appraises the event.&lt;/def-root&gt;</definition>
    </FE>
    <FE bgColor="7FFF00" fgColor="000000" coreType="Extra-Thematic" cBy="KmG" cDate="02/15/2008 05:17:18 PST Fri" abbrev="" name="Circumstances" ID="12236">
        <definition>&lt;def-root&gt;Circumstances describe the state of the world (at a particular time and place) which is specifically independent of the agricultural event itself and any of its participants.&lt;/def-root&gt;</definition>
    </FE>
    <FEcoreSet>
        <memberFE name="Food" ID="12179"/>
        <memberFE name="Ground" ID="12190"/>
    </FEcoreSet>
    <frameRelation type="Inherits from">
        <relatedFrame ID="2007">Attempt_obtain_food_scenario</relatedFrame>
    </frameRelation>
    <frameRelation type="Is Inherited by"/>
    <frameRelation type="Perspective on"/>
    <frameRelation type="Is Perspectivized in">
        <relatedFrame ID="2014">Growing_food</relatedFrame>
    </frameRelation>
    <frameRelation type="Uses"/>
    <frameRelation type="Is Used by"/>
    <frameRelation type="Subframe of"/>
    <frameRelation type="Has Subframe(s)">
        <relatedFrame ID="2015">Planting</relatedFrame>
        <relatedFrame ID="2008">Food_gathering</relatedFrame>
    </frameRelation>
    <frameRelation type="Precedes"/>
    <frameRelation type="Is Preceded by"/>
    <frameRelation type="Is Inchoative of"/>
    <frameRelation type="Is Causative of"/>
    <frameRelation type="See also"/>
    <lexUnit status="Finished_Initial" POS="V" name="cultivate.v" ID="14783" lemmaID="9218" cBy="KmG" cDate="02/12/2008 04:32:59 PST Tue">
        <definition>FN: foster crop growth from the land</definition>
        <sentenceCount annotated="20" total="379"/>
        <lexeme order="1" headword="false" breakBefore="false" POS="V" name="cultivate"/>
    </lexUnit>
    <lexUnit status="Finished_Initial" POS="N" name="farming.n" ID="14786" lemmaID="13958" cBy="KmG" cDate="02/12/2008 05:03:44 PST Tue">
        <definition>FN: the process of cultivating the land and raising animals</definition>
        <sentenceCount annotated="21" total="285"/>
        <lexeme order="1" headword="false" breakBefore="false" POS="N" name="farming"/>
    </lexUnit>
    <lexUnit status="Finished_Initial" POS="V" name="farm.v" ID="14791" lemmaID="13954" cBy="KmG" cDate="02/15/2008 04:10:08 PST Fri">
        <definition>FN: to use land for growing crops and raising animals</definition>
        <sentenceCount annotated="31" total="203"/>
        <lexeme order="1" headword="false" breakBefore="false" POS="V" name="farm"/>
    </lexUnit>
</frame>