<?xml version="1.0" encoding="UTF-8" standalone="yes"?>
<?xml-stylesheet type="text/xsl" href="frame.xsl"?>
<frame cBy="ACW" cDate="01/15/2003 02:18:08 PST Wed" name="Appeal" ID="504" xsi:schemaLocation="../schema/frame.xsd" xmlns="http://framenet.icsi.berkeley.edu" xmlns:xsi="http://www.w3.org/2001/XMLSchema-instance">
    <definition>&lt;def-root&gt;In the Appeal stage of the criminal process the &lt;fen&gt;Convict&lt;/fen&gt; or his or her &lt;fen&gt;Representative&lt;/fen&gt; applies to a higher &lt;fen&gt;Court&lt;/fen&gt; to reverse the &lt;fen&gt;Decision&lt;/fen&gt; of the lower court on certain &lt;fen&gt;Grounds&lt;/fen&gt;. &lt;ex&gt; &lt;fex name="Representative"&gt;The defense&lt;/fex&gt; plans to &lt;t&gt;appeal&lt;/t&gt; &lt;fex name="Decision"&gt;the court's decision&lt;/fex&gt; &lt;fex name="Grounds"&gt;on the grounds that the judge violated Code 81.b&lt;/fex&gt; . &lt;/ex&gt; &lt;ex&gt; &lt;fex name="Convict"&gt;John Michaels&lt;/fex&gt; will &lt;t&gt;appeal&lt;/t&gt; &lt;fex name="Decision"&gt;his conviction&lt;/fex&gt; .&lt;/ex&gt;&lt;/def-root&gt;</definition>
    <FE bgColor="FF0000" fgColor="FFFFFF" coreType="Core" cBy="ACW" cDate="01/15/2003 02:36:05 PST Wed" abbrev="Con" name="Convict" ID="4052">
        <definition>&lt;def-root&gt;The &lt;fen&gt;Convict&lt;/fen&gt; is the individual convicted of the crime who may make an appeal on her or his behalf.&lt;/def-root&gt;</definition>
    </FE>
    <FE bgColor="00008B" fgColor="FFFFFF" coreType="Core" cBy="ACW" cDate="01/15/2003 02:37:36 PST Wed" abbrev="Rep" name="Representative" ID="4053">
        <definition>&lt;def-root&gt;The &lt;fen&gt;Representative&lt;/fen&gt; applies to a higher court on behalf of the &lt;fen&gt;Convict&lt;/fen&gt;.&lt;/def-root&gt;</definition>
    </FE>
    <FE bgColor="9400D3" fgColor="FFFFFF" coreType="Core" cBy="ACW" cDate="01/15/2003 02:42:06 PST Wed" abbrev="Dec" name="Decision" ID="4054">
        <definition>&lt;def-root&gt;The &lt;fen&gt;Decision&lt;/fen&gt; is the ruling handed down by the first court.&lt;/def-root&gt;</definition>
    </FE>
    <FE bgColor="006400" fgColor="FFFFFF" coreType="Extra-Thematic" cBy="ACW" cDate="01/15/2003 02:43:18 PST Wed" abbrev="Gro" name="Grounds" ID="4055">
        <definition>&lt;def-root&gt;The &lt;fen&gt;Grounds&lt;/fen&gt; is the legal basis on which the appeal rests.&lt;/def-root&gt;</definition>
    </FE>
    <FE bgColor="00BFFF" fgColor="FFFFFF" coreType="Extra-Thematic" cBy="ACW" cDate="01/16/2003 02:17:37 PST Thu" abbrev="Court" name="Court" ID="4070">
        <definition>&lt;def-root&gt;The &lt;fen&gt;Court&lt;/fen&gt; is the judicial establishment to which the &lt;fen&gt;Convict&lt;/fen&gt; appeals.&lt;/def-root&gt;</definition>
    </FE>
    <FE bgColor="FFA500" fgColor="FFFFFF" coreType="Peripheral" cBy="KmG" cDate="05/30/2006 05:05:36 PDT Tue" abbrev="" name="Time" ID="10146">
        <definition>&lt;def-root&gt;The &lt;fen&gt;Time&lt;/fen&gt; at which a &lt;fen&gt;Convict&lt;/fen&gt; or &lt;fen&gt;Representative&lt;/fen&gt; appeals. &lt;/def-root&gt;</definition>
        <semType name="Time" ID="141"/>
    </FE>
    <FE bgColor="A9A9A9" fgColor="000000" coreType="Extra-Thematic" cBy="KmG" cDate="05/30/2006 05:07:50 PDT Tue" abbrev="re-e" name="Re-encoding" ID="10147">
        <definition>&lt;def-root&gt;This FE presents the current frame as an integral part of a larger conceptualization expressed by another frame. &lt;/def-root&gt;</definition>
    </FE>
    <FE bgColor="90876C" fgColor="FFFFFF" coreType="Extra-Thematic" cBy="KmG" cDate="05/30/2006 05:14:18 PDT Tue" abbrev="" name="Explanation" ID="10148">
        <definition>&lt;def-root&gt;The &lt;fen&gt;Explanation&lt;/fen&gt; denotes a proposition from which the main clause (headed by the target) logically follows. This often means that the &lt;fen&gt;Explanation&lt;/fen&gt; causes the target's proposition, but not in all cases. &lt;/def-root&gt;</definition>
        <semType name="State_of_affairs" ID="177"/>
    </FE>
    <FEcoreSet>
        <memberFE name="Convict" ID="4052"/>
        <memberFE name="Representative" ID="4053"/>
    </FEcoreSet>
    <frameRelation type="Inherits from"/>
    <frameRelation type="Is Inherited by"/>
    <frameRelation type="Perspective on"/>
    <frameRelation type="Is Perspectivized in"/>
    <frameRelation type="Uses">
        <relatedFrame ID="200">Criminal_process</relatedFrame>
    </frameRelation>
    <frameRelation type="Is Used by"/>
    <frameRelation type="Subframe of"/>
    <frameRelation type="Has Subframe(s)"/>
    <frameRelation type="Precedes"/>
    <frameRelation type="Is Preceded by"/>
    <frameRelation type="Is Inchoative of"/>
    <frameRelation type="Is Causative of"/>
    <frameRelation type="See also"/>
    <lexUnit status="Finished_Initial" POS="N" name="appeal.n" ID="7979" lemmaID="1705" cBy="ACW" cDate="01/15/2003 02:48:50 PST Wed">
        <definition>COD: an application to a higher court for a decision to be reversed. </definition>
        <sentenceCount annotated="10" total="155"/>
        <lexeme order="1" headword="false" breakBefore="false" POS="N" name="appeal"/>
    </lexUnit>
    <lexUnit status="Finished_Initial" POS="V" name="appeal.v" ID="7980" lemmaID="1706" cBy="ACW" cDate="01/15/2003 02:49:29 PST Wed">
        <definition>COD: apply to a higher court for a reversal of the decision of a lower court. </definition>
        <sentenceCount annotated="6" total="130"/>
        <lexeme order="1" headword="false" breakBefore="false" POS="V" name="appeal"/>
    </lexUnit>
    <lexUnit status="Created" POS="A" name="appellate.a" ID="7981" lemmaID="1716" cBy="ACW" cDate="01/15/2003 02:50:18 PST Wed">
        <definition>COD: (of a court) dealing with appeals. </definition>
        <sentenceCount annotated="0" total="54"/>
        <lexeme order="1" headword="false" breakBefore="false" POS="A" name="appellate"/>
    </lexUnit>
    <lexUnit status="Created" POS="N" name="appellant.n" ID="7983" lemmaID="1714" cBy="ACW" cDate="01/15/2003 02:53:58 PST Wed">
        <definition>COD: a person who appeals against a court ruling. </definition>
        <sentenceCount annotated="0" total="0"/>
        <lexeme order="1" headword="false" breakBefore="false" POS="N" name="appellant"/>
        <semType name="Agentive_noun" ID="102"/>
    </lexUnit>
</frame>