<?xml version="1.0" encoding="UTF-8" standalone="yes"?>
<?xml-stylesheet type="text/xsl" href="frame.xsl"?>
<frame cBy="AlK" cDate="08/12/2010 12:09:17 PDT Thu" name="Appellations" ID="2390" xsi:schemaLocation="../schema/frame.xsd" xmlns="http://framenet.icsi.berkeley.edu" xmlns:xsi="http://www.w3.org/2001/XMLSchema-instance">
    <definition>&lt;def-root&gt;This frame is only for words that are used as the &lt;fen&gt;Title&lt;/fen&gt;s of individuals. The &lt;fen&gt;Title&lt;/fen&gt; is applied to a &lt;fen&gt;Name&lt;/fen&gt; (surname or full name) and often designates their rank within a man-made institution (e.g. chief, king, bishop, brother) or general social status (mr., miss), or may indicate a kinship relationship (cousin, aunt). Pairings of Title and Name can be used as vocatives (see Attention_getting), while the Titles may not always be vocative on their own.

&lt;ex&gt;He saluted &lt;fex name="Title"&gt;&lt;t&gt;General&lt;/t&gt;&lt;/fex&gt; &lt;fex name="Name"&gt;Fightmeister&lt;/fex&gt; walking into the room.&lt;/ex&gt;
&lt;ex&gt;Everyone stood as &lt;fex name="Title"&gt;&lt;t&gt;Captain&lt;/t&gt;&lt;/fex&gt; &lt;fex name="Name"&gt;Jack Aubrey&lt;/fex&gt; delivered a toast.&lt;/ex&gt;
&lt;ex&gt;&lt;fex name="Context"&gt;Supreme Court&lt;/fex&gt; &lt;fex name="Type"&gt;Chief&lt;/fex&gt; &lt;t&gt;&lt;fex name="Title"&gt;Justice&lt;/fex&gt;&lt;/t&gt; &lt;fex name="Name"&gt;John Roberts&lt;/fex&gt; is sticking to his guns .&lt;/ex&gt;
&lt;ex&gt;&lt;t&gt;&lt;fex name="Title"&gt;Captain&lt;/fex&gt;&lt;/t&gt; &lt;fex name="Name"&gt;Mike Eruzione&lt;/fex&gt; &lt;fex name="Con"&gt;of the USA Miracle on Ice hockey team in 1980&lt;/fex&gt; turns 58 today.&lt;/ex&gt;

Most LUs of this frame are related to LUs of the Leadership or Kinship frames, but some (e.g. Lady, Mr., Brother) occur only here.  These LUs differ from normal examples of LUs in Leadership or Kinship in that the LUs are used simply as vocatives or as modifiers of names, to indicate how the individual fits into the general or specific social context.&lt;/def-root&gt;</definition>
    <FE bgColor="FF0000" fgColor="FFFFFF" coreType="Core" cBy="AlK" cDate="08/12/2010 12:39:28 PDT Thu" abbrev="" name="Name" ID="14152">
        <definition>&lt;def-root&gt;The name of the person referred to by a &lt;fen&gt;Title&lt;/fen&gt;.

&lt;ex&gt;&lt;t&gt;Reverend&lt;/t&gt; &lt;fex name="Name"&gt;Roberts&lt;/fex&gt; wears wrinkled robes.&lt;/ex&gt;&lt;/def-root&gt;</definition>
    </FE>
    <FE bgColor="0000FF" fgColor="FFFFFF" coreType="Core" cBy="AlK" cDate="08/12/2010 12:42:22 PDT Thu" abbrev="" name="Title" ID="14153">
        <definition>&lt;def-root&gt;How a person is referred to within an Institution, often denoting their rank or status. Title is always marked on the target.

&lt;ex&gt;&lt;fex name="Title"&gt;&lt;t&gt;Judge&lt;/t&gt;&lt;/fex&gt; Judy has made her decision.&lt;/ex&gt;&lt;/def-root&gt;</definition>
    </FE>
    <FE bgColor="FFFF00" fgColor="000000" coreType="Peripheral" cBy="CVa" cDate="08/13/2013 11:51:19 PDT Tue" abbrev="Con" name="Context" ID="15930">
        <definition>&lt;def-root&gt;The language, region, or domain in which the &lt;fen&gt;Title&lt;/fen&gt; applies.

&lt;ex&gt;&lt;t&gt;Judge&lt;/t&gt; Noonan &lt;fex name="Con"&gt;of the United States Court of Appeals for the Ninth Circuit&lt;/fex&gt; will cast his vote today.&lt;/ex&gt;
&lt;/def-root&gt;</definition>
    </FE>
    <FE bgColor="800080" fgColor="FFFFFF" coreType="Peripheral" cBy="CVa" cDate="08/13/2013 11:59:28 PDT Tue" abbrev="" name="Type" ID="15931">
        <definition>&lt;def-root&gt;The sub-type of the &lt;fen&gt;Title&lt;/fen&gt;.

&lt;ex&gt;&lt;fex name="Type"&gt;High&lt;/fex&gt; &lt;t&gt;King&lt;/t&gt; Brian shook his head sadly .&lt;/ex&gt;&lt;/def-root&gt;</definition>
    </FE>
    <frameRelation type="Inherits from">
        <relatedFrame ID="228">Being_named</relatedFrame>
    </frameRelation>
    <frameRelation type="Is Inherited by"/>
    <frameRelation type="Perspective on"/>
    <frameRelation type="Is Perspectivized in"/>
    <frameRelation type="Uses">
        <relatedFrame ID="1377">Rank</relatedFrame>
    </frameRelation>
    <frameRelation type="Is Used by"/>
    <frameRelation type="Subframe of"/>
    <frameRelation type="Has Subframe(s)"/>
    <frameRelation type="Precedes"/>
    <frameRelation type="Is Preceded by"/>
    <frameRelation type="Is Inchoative of"/>
    <frameRelation type="Is Causative of"/>
    <frameRelation type="See also">
        <relatedFrame ID="104">Kinship</relatedFrame>
        <relatedFrame ID="73">Leadership</relatedFrame>
    </frameRelation>
    <lexUnit status="Finished_Initial" incorporatedFE="Title" POS="N" name="officer.n" ID="16015" lemmaID="26573" cBy="AlK" cDate="08/12/2010 01:29:33 PDT Thu">
        <definition>FN: person who holds a position of authority or responsibility in the army, navy, air force, government, or a corporation, or who is a member of a police department</definition>
        <sentenceCount annotated="27" total="205"/>
        <lexeme order="1" headword="false" breakBefore="false" POS="N" name="officer"/>
    </lexUnit>
    <lexUnit status="Finished_Initial" incorporatedFE="Title" POS="N" name="general.n" ID="16016" lemmaID="16059" cBy="AlK" cDate="08/12/2010 01:30:25 PDT Thu">
        <definition>FN: a commissioned officer of the military at the top of the rank structure</definition>
        <sentenceCount annotated="7" total="156"/>
        <lexeme order="1" headword="false" breakBefore="false" POS="N" name="general"/>
    </lexUnit>
    <lexUnit status="Finished_Initial" incorporatedFE="Title" POS="N" name="captain.n" ID="16017" lemmaID="5472" cBy="AlK" cDate="08/12/2010 01:36:27 PDT Thu">
        <definition>FN: a licensed mariner who has the highest rank of command on a vessel</definition>
        <sentenceCount annotated="15" total="219"/>
        <lexeme order="1" headword="false" breakBefore="false" POS="N" name="captain"/>
    </lexUnit>
    <lexUnit status="Finished_Initial" incorporatedFE="Title" POS="N" name="president.n" ID="18053" lemmaID="30309" cBy="WMcQ" cDate="06/18/2015 11:30:51 PDT Thu">
        <definition>FN: an elected official with governing power over a republican state, university, or company</definition>
        <sentenceCount annotated="9" total="200"/>
        <lexeme order="1" headword="false" breakBefore="false" POS="N" name="president"/>
    </lexUnit>
    <lexUnit status="Created" incorporatedFE="Title" POS="N" name="bishop.n" ID="18061" lemmaID="3673" cBy="HPh" cDate="06/23/2015 02:54:56 PDT Tue">
        <definition>FN: a senior member of the Christian clergy, usually in charge of a diocese and empowered to confer holy orders</definition>
        <sentenceCount annotated="0" total="0"/>
        <lexeme order="1" headword="false" breakBefore="false" POS="N" name="bishop"/>
    </lexUnit>
    <lexUnit status="Created" incorporatedFE="Title" POS="N" name="chairman.n" ID="18063" lemmaID="5992" cBy="HPh" cDate="06/23/2015 02:57:12 PDT Tue">
        <definition>FN: a person in charge of a meeting, committee, company, or other organization</definition>
        <sentenceCount annotated="0" total="0"/>
        <lexeme order="1" headword="false" breakBefore="false" POS="N" name="chairman"/>
    </lexUnit>
    <lexUnit status="Created" incorporatedFE="Title" POS="N" name="chairperson.n" ID="18064" lemmaID="5994" cBy="HPh" cDate="06/23/2015 02:57:35 PDT Tue">
        <definition>FN: a chairman or chairwoman (used as a neutral alternative)</definition>
        <sentenceCount annotated="0" total="0"/>
        <lexeme order="1" headword="false" breakBefore="false" POS="N" name="chairperson"/>
    </lexUnit>
    <lexUnit status="Created" incorporatedFE="Title" POS="N" name="chief.n" ID="18065" lemmaID="6280" cBy="HPh" cDate="06/23/2015 03:03:04 PDT Tue">
        <definition>FN: the head of an organization</definition>
        <sentenceCount annotated="0" total="0"/>
        <lexeme order="1" headword="false" breakBefore="false" POS="N" name="chief"/>
    </lexUnit>
    <lexUnit status="Created" incorporatedFE="Title" POS="N" name="commander.n" ID="18066" lemmaID="7323" cBy="HPh" cDate="06/23/2015 03:03:59 PDT Tue">
        <definition>FN: a person in authority, especially in a military context</definition>
        <sentenceCount annotated="0" total="0"/>
        <lexeme order="1" headword="false" breakBefore="false" POS="N" name="commander"/>
    </lexUnit>
    <lexUnit status="Created" incorporatedFE="Title" POS="N" name="commissioner.n" ID="18067" lemmaID="7362" cBy="HPh" cDate="06/23/2015 03:04:41 PDT Tue">
        <definition>FN: the head of a public organization</definition>
        <sentenceCount annotated="0" total="0"/>
        <lexeme order="1" headword="false" breakBefore="false" POS="N" name="commissioner"/>
    </lexUnit>
    <lexUnit status="Created" incorporatedFE="Title" POS="N" name="congressman.n" ID="18068" lemmaID="7807" cBy="HPh" cDate="06/23/2015 03:05:03 PDT Tue">
        <definition>FN: a male official who is a member of congress, and especially of the US House of Representatives</definition>
        <sentenceCount annotated="0" total="0"/>
        <lexeme order="1" headword="false" breakBefore="false" POS="N" name="congressman"/>
    </lexUnit>
    <lexUnit status="Created" incorporatedFE="Title" POS="N" name="congresswoman.n" ID="18069" lemmaID="7808" cBy="HPh" cDate="06/23/2015 03:06:00 PDT Tue">
        <definition>FN: a female official who is a member of congress, and especially of the US House of Representatives</definition>
        <sentenceCount annotated="0" total="0"/>
        <lexeme order="1" headword="false" breakBefore="false" POS="N" name="congresswoman"/>
    </lexUnit>
    <lexUnit status="Finished_Initial" incorporatedFE="Title" POS="N" name="director.n" ID="18070" lemmaID="10759" cBy="HPh" cDate="06/23/2015 03:13:14 PDT Tue">
        <definition>FN: person who is in charge of an activity, department, or organization</definition>
        <sentenceCount annotated="9" total="140"/>
        <lexeme order="1" headword="false" breakBefore="false" POS="N" name="director"/>
    </lexUnit>
    <lexUnit status="Created" incorporatedFE="Title" POS="N" name="duchess.n" ID="18071" lemmaID="11892" cBy="HPh" cDate="06/23/2015 03:13:57 PDT Tue">
        <definition>FN: the wife/widow of a duke, or a woman holding a rank equivalent to duke</definition>
        <sentenceCount annotated="0" total="0"/>
        <lexeme order="1" headword="false" breakBefore="false" POS="N" name="duchess"/>
    </lexUnit>
    <lexUnit status="Created" incorporatedFE="Title" POS="N" name="emperor.n" ID="18072" lemmaID="12616" cBy="HPh" cDate="06/23/2015 03:14:47 PDT Tue">
        <definition>FN: the ruler of an empire</definition>
        <sentenceCount annotated="0" total="0"/>
        <lexeme order="1" headword="false" breakBefore="false" POS="N" name="emperor"/>
    </lexUnit>
    <lexUnit status="Created" incorporatedFE="Title" POS="N" name="empress.n" ID="18073" lemmaID="12639" cBy="HPh" cDate="06/23/2015 03:15:24 PDT Tue">
        <definition>FN: the female ruler of an empire, or the wife/widow of an emperor</definition>
        <sentenceCount annotated="0" total="0"/>
        <lexeme order="1" headword="false" breakBefore="false" POS="N" name="empress"/>
    </lexUnit>
    <lexUnit status="Created" incorporatedFE="Title" POS="N" name="executive.n" ID="18075" lemmaID="13424" cBy="HPh" cDate="06/23/2015 03:17:55 PDT Tue">
        <definition>FN: the head of a business, law, or government agency</definition>
        <sentenceCount annotated="0" total="0"/>
        <lexeme order="1" headword="false" breakBefore="false" POS="N" name="executive"/>
    </lexUnit>
    <lexUnit status="Created" incorporatedFE="Title" POS="N" name="governor.n" ID="18076" lemmaID="16614" cBy="HPh" cDate="06/23/2015 03:18:51 PDT Tue">
        <definition>FN: head of a public institution or a state, district, etc.</definition>
        <sentenceCount annotated="0" total="0"/>
        <lexeme order="1" headword="false" breakBefore="false" POS="N" name="governor"/>
    </lexUnit>
    <lexUnit status="Created" incorporatedFE="Title" POS="N" name="headmaster.n" ID="18077" lemmaID="17647" cBy="HPh" cDate="06/23/2015 03:19:31 PDT Tue">
        <definition>FN: chiefly Brit. a male head teacher</definition>
        <sentenceCount annotated="0" total="0"/>
        <lexeme order="1" headword="false" breakBefore="false" POS="N" name="headmaster"/>
    </lexUnit>
    <lexUnit status="Created" incorporatedFE="Title" POS="N" name="imam.n" ID="18078" lemmaID="19017" cBy="HPh" cDate="06/23/2015 03:21:03 PDT Tue">
        <definition>FN: the person who leads prayers in a mosque</definition>
        <sentenceCount annotated="0" total="0"/>
        <lexeme order="1" headword="false" breakBefore="false" POS="N" name="imam"/>
    </lexUnit>
    <lexUnit status="Created" incorporatedFE="Title" POS="N" name="kaiser.n" ID="18079" lemmaID="21200" cBy="HPh" cDate="06/23/2015 03:21:37 PDT Tue">
        <definition>FN: the German Emperor, the Emperor of Austria, or the head of the Holy Roman Empire</definition>
        <sentenceCount annotated="0" total="0"/>
        <lexeme order="1" headword="false" breakBefore="false" POS="N" name="kaiser"/>
    </lexUnit>
    <lexUnit status="Created" incorporatedFE="Title" POS="N" name="king.n" ID="18080" lemmaID="21340" cBy="HPh" cDate="06/23/2015 03:23:22 PDT Tue">
        <definition>FN: the male ruler of an independent state, especially one who inherits the position by right of birth</definition>
        <sentenceCount annotated="0" total="0"/>
        <lexeme order="1" headword="false" breakBefore="false" POS="N" name="king"/>
    </lexUnit>
    <lexUnit status="Created" incorporatedFE="Title" POS="N" name="leader.n" ID="18082" lemmaID="21910" cBy="HPh" cDate="06/23/2015 03:25:05 PDT Tue">
        <definition>FN: the person who leads, commands, or precedes a group, organization, or country</definition>
        <sentenceCount annotated="0" total="0"/>
        <lexeme order="1" headword="false" breakBefore="false" POS="N" name="leader"/>
    </lexUnit>
    <lexUnit status="Created" incorporatedFE="Title" POS="N" name="legislator.n" ID="18083" lemmaID="22048" cBy="HPh" cDate="06/23/2015 03:25:40 PDT Tue">
        <definition>FN: an elected official working in the legislature; one who makes the laws</definition>
        <sentenceCount annotated="0" total="0"/>
        <lexeme order="1" headword="false" breakBefore="false" POS="N" name="legislator"/>
    </lexUnit>
    <lexUnit status="Created" incorporatedFE="Title" POS="N" name="maharaja.n" ID="18084" lemmaID="23161" cBy="HPh" cDate="06/23/2015 03:26:21 PDT Tue">
        <definition>FN: historical. an Indian prince</definition>
        <sentenceCount annotated="0" total="0"/>
        <lexeme order="1" headword="false" breakBefore="false" POS="N" name="maharaja"/>
    </lexUnit>
    <lexUnit status="Created" incorporatedFE="Title" POS="N" name="mayor.n" ID="18085" lemmaID="23769" cBy="HPh" cDate="06/23/2015 03:27:01 PDT Tue">
        <definition>FN: the elected head of the municipal corporation of a city or borough</definition>
        <sentenceCount annotated="0" total="0"/>
        <lexeme order="1" headword="false" breakBefore="false" POS="N" name="mayor"/>
    </lexUnit>
    <lexUnit status="Created" incorporatedFE="Title" POS="N" name="minister.n" ID="18086" lemmaID="24400" cBy="HPh" cDate="06/23/2015 03:27:33 PDT Tue">
        <definition>FN: a head of an administrative government department</definition>
        <sentenceCount annotated="0" total="0"/>
        <lexeme order="1" headword="false" breakBefore="false" POS="N" name="minister"/>
    </lexUnit>
    <lexUnit status="Created" incorporatedFE="Title" POS="N" name="mogul.n" ID="18087" lemmaID="24704" cBy="HPh" cDate="06/23/2015 03:30:11 PDT Tue">
        <definition>FN: a powerful head of a major company, especially with respect to a particular industry</definition>
        <sentenceCount annotated="0" total="0"/>
        <lexeme order="1" headword="false" breakBefore="false" POS="N" name="mogul"/>
    </lexUnit>
    <lexUnit status="Created" incorporatedFE="Title" POS="N" name="monarch.n" ID="18088" lemmaID="24752" cBy="HPh" cDate="06/23/2015 03:31:17 PDT Tue">
        <definition>FN: a sovereign head of state, especially a king, queen, or emperor</definition>
        <sentenceCount annotated="0" total="0"/>
        <lexeme order="1" headword="false" breakBefore="false" POS="N" name="monarch"/>
    </lexUnit>
    <lexUnit status="Created" incorporatedFE="Title" POS="N" name="official.n" ID="18089" lemmaID="26575" cBy="HPh" cDate="06/23/2015 03:31:54 PDT Tue">
        <definition>FN: a person holding public office or having official duties</definition>
        <sentenceCount annotated="0" total="0"/>
        <lexeme order="1" headword="false" breakBefore="false" POS="N" name="official"/>
    </lexUnit>
    <lexUnit status="Created" incorporatedFE="Title" POS="N" name="premier.n" ID="18090" lemmaID="30212" cBy="HPh" cDate="06/23/2015 03:32:24 PDT Tue">
        <definition>FN: a Prime Minister or other head of government</definition>
        <sentenceCount annotated="0" total="0"/>
        <lexeme order="1" headword="false" breakBefore="false" POS="N" name="premier"/>
    </lexUnit>
    <lexUnit status="Created" incorporatedFE="Title" POS="N" name="prince.n" ID="18091" lemmaID="30457" cBy="HPh" cDate="06/23/2015 04:12:47 PDT Tue">
        <definition>FN: in terms of a monarchical government, the royal heir to kingship</definition>
        <sentenceCount annotated="0" total="0"/>
        <lexeme order="1" headword="false" breakBefore="false" POS="N" name="prince"/>
    </lexUnit>
    <lexUnit status="Created" incorporatedFE="Title" POS="N" name="principal.n" ID="18092" lemmaID="30461" cBy="HPh" cDate="06/23/2015 04:13:29 PDT Tue">
        <definition>FN: the head or senior person in an organization or group, especially a school or college</definition>
        <sentenceCount annotated="0" total="0"/>
        <lexeme order="1" headword="false" breakBefore="false" POS="N" name="principal"/>
    </lexUnit>
    <lexUnit status="Created" incorporatedFE="Title" POS="N" name="queen.n" ID="18093" lemmaID="31466" cBy="HPh" cDate="06/23/2015 04:17:19 PDT Tue">
        <definition>FN: the female ruler of an independent state, especially one who inherits the position by right of birth</definition>
        <sentenceCount annotated="0" total="0"/>
        <lexeme order="1" headword="false" breakBefore="false" POS="N" name="queen"/>
    </lexUnit>
    <lexUnit status="Created" incorporatedFE="Title" POS="N" name="representative.n" ID="18094" lemmaID="32729" cBy="HPh" cDate="06/23/2015 04:18:06 PDT Tue">
        <definition>FN: a politician that represents a constituent in a democratic government</definition>
        <sentenceCount annotated="0" total="0"/>
        <lexeme order="1" headword="false" breakBefore="false" POS="N" name="representative"/>
    </lexUnit>
    <lexUnit status="Created" incorporatedFE="Title" POS="N" name="secretary.n" ID="18095" lemmaID="34782" cBy="HPh" cDate="06/23/2015 04:18:37 PDT Tue">
        <definition>FN: the person in charge of a subsection of the government, i.e. the Secretary of Defense</definition>
        <sentenceCount annotated="0" total="0"/>
        <lexeme order="1" headword="false" breakBefore="false" POS="N" name="secretary"/>
    </lexUnit>
    <lexUnit status="Created" incorporatedFE="Title" POS="N" name="shah.n" ID="18096" lemmaID="35333" cBy="HPh" cDate="06/23/2015 04:21:46 PDT Tue">
        <definition>FN: formerly, a title of the monarch of Iran</definition>
        <sentenceCount annotated="0" total="0"/>
        <lexeme order="1" headword="false" breakBefore="false" POS="N" name="shah"/>
    </lexUnit>
    <lexUnit status="Created" incorporatedFE="Title" POS="N" name="sheik.n" ID="18097" lemmaID="35463" cBy="HPh" cDate="06/23/2015 04:22:54 PDT Tue">
        <definition>FN: an Arab leader, especially the chief or head of a tribe, family, or village</definition>
        <sentenceCount annotated="0" total="0"/>
        <lexeme order="1" headword="false" breakBefore="false" POS="N" name="sheik"/>
    </lexUnit>
    <lexUnit status="Created" incorporatedFE="Title" POS="N" name="sultan.n" ID="18098" lemmaID="38751" cBy="HPh" cDate="06/23/2015 04:24:23 PDT Tue">
        <definition>FN: a Muslim sovereign</definition>
        <sentenceCount annotated="0" total="0"/>
        <lexeme order="1" headword="false" breakBefore="false" POS="N" name="sultan"/>
    </lexUnit>
    <lexUnit status="Created" incorporatedFE="Title" POS="N" name="superintendent.n" ID="18099" lemmaID="38869" cBy="HPh" cDate="06/23/2015 04:25:30 PDT Tue">
        <definition>FN: a person who oversees or directs some work, enterprise, district or institution</definition>
        <sentenceCount annotated="0" total="0"/>
        <lexeme order="1" headword="false" breakBefore="false" POS="N" name="superintendent"/>
    </lexUnit>
    <lexUnit status="Created" incorporatedFE="Title" POS="N" name="supervisor.n" ID="18100" lemmaID="38901" cBy="HPh" cDate="06/23/2015 04:28:02 PDT Tue">
        <definition>FN: person in charge of a limited jurisdiction, often a county or city</definition>
        <sentenceCount annotated="0" total="0"/>
        <lexeme order="1" headword="false" breakBefore="false" POS="N" name="supervisor"/>
    </lexUnit>
    <lexUnit status="Created" incorporatedFE="Title" POS="N" name="tsar.n" ID="18101" lemmaID="41416" cBy="HPh" cDate="06/23/2015 04:28:50 PDT Tue">
        <definition>FN: an emperor of Russia before 1917</definition>
        <sentenceCount annotated="0" total="0"/>
        <lexeme order="1" headword="false" breakBefore="false" POS="N" name="tsar"/>
    </lexUnit>
    <lexUnit status="Needs_SCs" incorporatedFE="Title" POS="N" name="mother.n" ID="18102" lemmaID="25004" cBy="HPh" cDate="06/23/2015 04:31:02 PDT Tue">
        <definition>FN: the superior of a religious community of women</definition>
        <sentenceCount annotated="1" total="131"/>
        <lexeme order="1" headword="false" breakBefore="false" POS="N" name="mother"/>
    </lexUnit>
    <lexUnit status="Needs_SCs" incorporatedFE="Title" POS="N" name="father.n" ID="18104" lemmaID="14015" cBy="HPh" cDate="06/23/2015 05:17:54 PDT Tue">
        <definition>FN: a priest (used especially as a title)</definition>
        <sentenceCount annotated="1" total="158"/>
        <lexeme order="1" headword="false" breakBefore="false" POS="N" name="father"/>
    </lexUnit>
    <lexUnit status="Finished_Initial" incorporatedFE="Title" POS="N" name="doctor.n" ID="18108" lemmaID="11360" cBy="HPh" cDate="06/23/2015 05:33:43 PDT Tue">
        <definition>FN: a person who is qualified to practice medicine</definition>
        <sentenceCount annotated="6" total="68"/>
        <lexeme order="1" headword="false" breakBefore="false" POS="N" name="doctor"/>
    </lexUnit>
    <lexUnit status="Finished_Initial" incorporatedFE="Title" POS="N" name="dr.n" ID="18109" lemmaID="11665" cBy="HPh" cDate="06/23/2015 05:34:26 PDT Tue">
        <definition>FN: abbreviation for doctor</definition>
        <sentenceCount annotated="8" total="140"/>
        <lexeme order="1" headword="false" breakBefore="false" POS="N" name="dr"/>
    </lexUnit>
    <lexUnit status="Finished_Initial" incorporatedFE="Title" POS="N" name="mr.n" ID="18110" lemmaID="25115" cBy="HPh" cDate="06/23/2015 05:35:37 PDT Tue">
        <definition>FN: abbreviation for mister; a respectful title that precedes a man's name or position</definition>
        <sentenceCount annotated="15" total="145"/>
        <lexeme order="1" headword="false" breakBefore="false" POS="N" name="mr"/>
    </lexUnit>
    <lexUnit status="Finished_Initial" incorporatedFE="Title" POS="N" name="mrs.n" ID="18111" lemmaID="25117" cBy="HPh" cDate="06/23/2015 05:37:30 PDT Tue">
        <definition>FN: originally an abbreviation for mistress; a respectful title that precedes the name of a married woman</definition>
        <sentenceCount annotated="9" total="140"/>
        <lexeme order="1" headword="false" breakBefore="false" POS="N" name="mrs"/>
    </lexUnit>
    <lexUnit status="Created" incorporatedFE="Title" POS="N" name="ms.n" ID="18112" lemmaID="25118" cBy="HPh" cDate="06/23/2015 05:39:50 PDT Tue">
        <definition>FN: a respectful title that precedes a woman's name or position (and which does not indicate marital status)</definition>
        <sentenceCount annotated="0" total="0"/>
        <lexeme order="1" headword="false" breakBefore="false" POS="N" name="ms"/>
    </lexUnit>
    <lexUnit status="Created" incorporatedFE="Title" POS="N" name="miss.n" ID="18113" lemmaID="24556" cBy="HPh" cDate="06/23/2015 05:41:45 PDT Tue">
        <definition>FN: a respectful title that precedes the name of a unmarried woman</definition>
        <sentenceCount annotated="0" total="0"/>
        <lexeme order="1" headword="false" breakBefore="false" POS="N" name="miss"/>
    </lexUnit>
    <lexUnit status="Created" incorporatedFE="Title" POS="N" name="child.n" ID="18115" lemmaID="6295" cBy="HPh" cDate="06/23/2015 05:44:09 PDT Tue">
        <definition>FN: a son or daughter of any age</definition>
        <sentenceCount annotated="0" total="0"/>
        <lexeme order="1" headword="false" breakBefore="false" POS="N" name="child"/>
    </lexUnit>
    <lexUnit status="Finished_Initial" incorporatedFE="Title" POS="N" name="aunt.n" ID="18120" lemmaID="2368" cBy="HPh" cDate="06/23/2015 05:47:39 PDT Tue">
        <definition>FN: the sister of one's father or mother or the wife of one's uncle</definition>
        <sentenceCount annotated="12" total="180"/>
        <lexeme order="1" headword="false" breakBefore="false" POS="N" name="aunt"/>
    </lexUnit>
    <lexUnit status="Finished_Initial" incorporatedFE="Title" POS="N" name="uncle.n" ID="18121" lemmaID="41862" cBy="HPh" cDate="06/23/2015 05:48:08 PDT Tue">
        <definition>FN: the brother of one's father or mother or the husband of one's aunt</definition>
        <sentenceCount annotated="7" total="137"/>
        <lexeme order="1" headword="false" breakBefore="false" POS="N" name="uncle"/>
    </lexUnit>
    <lexUnit status="Created" incorporatedFE="Title" POS="N" name="sister.n" ID="18126" lemmaID="36049" cBy="HPh" cDate="06/23/2015 05:51:07 PDT Tue">
        <definition>FN: a female member of a religious community that observes vows of poverty, chastity, and obedience</definition>
        <sentenceCount annotated="0" total="0"/>
        <lexeme order="1" headword="false" breakBefore="false" POS="N" name="sister"/>
    </lexUnit>
    <lexUnit status="Needs_SCs" incorporatedFE="Title" POS="N" name="brother.n" ID="18127" lemmaID="4720" cBy="HPh" cDate="06/23/2015 05:51:36 PDT Tue">
        <definition>FN: a male member of a religious organization that has a priesthood</definition>
        <sentenceCount annotated="4" total="180"/>
        <lexeme order="1" headword="false" breakBefore="false" POS="N" name="brother"/>
    </lexUnit>
    <lexUnit status="Needs_SCs" incorporatedFE="Title" POS="N" name="cousin.n" ID="18130" lemmaID="8668" cBy="HPh" cDate="06/23/2015 05:55:05 PDT Tue">
        <definition>FN: a child of one's uncle or aunt</definition>
        <sentenceCount annotated="4" total="100"/>
        <lexeme order="1" headword="false" breakBefore="false" POS="N" name="cousin"/>
    </lexUnit>
</frame>