<?xml version="1.0" encoding="UTF-8" standalone="yes"?>
<?xml-stylesheet type="text/xsl" href="frame.xsl"?>
<frame cBy="RLG" cDate="04/02/2007 02:11:08 PDT Mon" name="Appointing" ID="1925" xsi:schemaLocation="../schema/frame.xsd" xmlns="http://framenet.icsi.berkeley.edu" xmlns:xsi="http://www.w3.org/2001/XMLSchema-instance">
    <definition>&lt;def-root&gt;A &lt;fen&gt;Selector&lt;/fen&gt;, often an individual in a leadership role, appoints a &lt;fen&gt;Official&lt;/fen&gt; to assume an official &lt;fen&gt;Role&lt;/fen&gt; in an organization (which can be expressed as the &lt;fen&gt;Body&lt;/fen&gt;).

&lt;ex&gt;&lt;fex name="Selector"&gt;Press secretaries&lt;/fex&gt; &lt;t&gt;accredit&lt;/t&gt; &lt;fex name="Official"&gt;journalists&lt;/fex&gt; &lt;fex name="Body"&gt;to the sessions&lt;/fex&gt;.&lt;/ex&gt;&lt;/def-root&gt;</definition>
    <FE bgColor="FF0000" fgColor="FFFFFF" coreType="Core" cBy="RLG" cDate="04/02/2007 02:11:08 PDT Mon" abbrev="Slctr" name="Selector" ID="11581">
        <definition>&lt;def-root&gt;The &lt;fen&gt;Selector&lt;/fen&gt; is responsible for the appointment of the new official.  Typically, it occurs as the External Argument of verbs.&lt;/def-root&gt;</definition>
    </FE>
    <FE bgColor="800080" fgColor="FFFFFF" coreType="Core" cBy="RLG" cDate="04/02/2007 02:11:09 PDT Mon" abbrev="off" name="Official" ID="11583">
        <definition>&lt;def-root&gt;The &lt;fen&gt;Official&lt;/fen&gt; is a person appointed to a recognized position.&lt;/def-root&gt;</definition>
    </FE>
    <FE bgColor="1E90FF" fgColor="FFFFFF" coreType="Core" cBy="RLG" cDate="04/02/2007 02:11:09 PDT Mon" abbrev="Role" name="Role" ID="11584">
        <definition>&lt;def-root&gt;Frequently, the &lt;fen&gt;Official&lt;/fen&gt; is referred to only by his/her role. However, the &lt;fen&gt;Role&lt;/fen&gt; can be expressed separately from the leader, usually as either a secondary predicate or in a PP Complement (headed by &lt;m&gt;as&lt;/m&gt;).&lt;/def-root&gt;</definition>
    </FE>
    <FE bgColor="FF69B4" fgColor="FFFFFF" coreType="Peripheral" cBy="RLG" cDate="04/02/2007 02:11:09 PDT Mon" abbrev="Degr" name="Degree" ID="11586">
        <definition>&lt;def-root&gt;This FE indicates the &lt;fen&gt;Degree&lt;/fen&gt; to which an event occurs.&lt;/def-root&gt;</definition>
        <semType name="Degree" ID="172"/>
    </FE>
    <FE bgColor="9400D3" fgColor="FFFFFF" coreType="Extra-Thematic" cBy="RLG" cDate="04/02/2007 02:11:09 PDT Mon" abbrev="Dep" name="Depictive" ID="11587">
        <definition>&lt;def-root&gt;&lt;fen&gt;Depictive&lt;/fen&gt; indicates the state of one of the participants during the action.&lt;/def-root&gt;</definition>
    </FE>
    <FE bgColor="FF00FF" fgColor="FFFFFF" coreType="Peripheral" cBy="RLG" cDate="04/02/2007 02:11:09 PDT Mon" abbrev="Manr" name="Manner" ID="11588">
        <definition>&lt;def-root&gt;This FE is used for the &lt;fen&gt;Manner&lt;/fen&gt; of performing an action.&lt;/def-root&gt;</definition>
        <semType name="Manner" ID="173"/>
    </FE>
    <FE bgColor="A52A2A" fgColor="FFFFFF" coreType="Peripheral" cBy="RLG" cDate="04/02/2007 02:11:09 PDT Mon" abbrev="Mns" name="Means" ID="11589">
        <definition>&lt;def-root&gt;This FE identifies the &lt;fen&gt;Means&lt;/fen&gt; by which  the &lt;fen&gt;Selector&lt;/fen&gt; accomplishes the designation of the &lt;fen&gt;Official&lt;/fen&gt;.&lt;/def-root&gt;</definition>
        <semType name="State_of_affairs" ID="177"/>
    </FE>
    <FE bgColor="808080" fgColor="FFFFFF" coreType="Extra-Thematic" cBy="RLG" cDate="04/02/2007 02:11:09 PDT Mon" abbrev="Result" name="Result" ID="11590">
        <definition>&lt;def-root&gt;This FE  is used for indicating the &lt;fen&gt;Result&lt;/fen&gt; of an event.&lt;/def-root&gt;</definition>
    </FE>
    <FE bgColor="00008B" fgColor="FFFFFF" coreType="Extra-Thematic" cBy="RLG" cDate="04/02/2007 02:11:09 PDT Mon" abbrev="cir" name="Circumstances" ID="11591">
        <definition>&lt;def-root&gt;This frame element describes the situation that brought about the new appointment.
&lt;/def-root&gt;</definition>
    </FE>
    <FE bgColor="9F79EE" fgColor="FFFFFF" coreType="Core" cBy="RLG" cDate="04/02/2007 02:11:09 PDT Mon" abbrev="fun" name="Function" ID="11592">
        <definition>&lt;def-root&gt;The &lt;fen&gt;Function&lt;/fen&gt; is the purpose the &lt;fen&gt;Official&lt;/fen&gt; will fufill.

&lt;ex&gt;Under the new program, SCC will &lt;t&gt;accredit&lt;/t&gt; organizations &lt;fex name="Function"&gt;to assess wood flow from certified forests to workshops or factories&lt;/fex&gt;.&lt;/ex&gt;&lt;/def-root&gt;</definition>
    </FE>
    <FE bgColor="FFA500" fgColor="FFFFFF" coreType="Peripheral" cBy="RLG" cDate="04/02/2007 02:11:09 PDT Mon" abbrev="Time" name="Time" ID="11593">
        <definition>&lt;def-root&gt;When the designation of the official takes place.&lt;/def-root&gt;</definition>
        <semType name="Time" ID="141"/>
    </FE>
    <FE bgColor="008000" fgColor="FFFFFF" coreType="Peripheral" cBy="RLG" cDate="04/02/2007 02:11:09 PDT Mon" abbrev="Place" name="Place" ID="11594">
        <definition>&lt;def-root&gt;Where the appointment takes place.&lt;/def-root&gt;</definition>
        <semType name="Locative_relation" ID="182"/>
    </FE>
    <FE bgColor="7CCD7C" fgColor="FFFFFF" coreType="Core" cBy="RLG" cDate="04/02/2007 02:11:09 PDT Mon" abbrev="bod" name="Body" ID="11595">
        <definition>&lt;def-root&gt;A group of individuals who are elected or appointed to perform some function, and to which the &lt;fen&gt;Official&lt;/fen&gt; is assigned.&lt;/def-root&gt;</definition>
    </FE>
    <FEcoreSet>
        <memberFE name="Body" ID="11595"/>
        <memberFE name="Role" ID="11584"/>
    </FEcoreSet>
    <frameRelation type="Inherits from">
        <relatedFrame ID="230">Intentionally_affect</relatedFrame>
    </frameRelation>
    <frameRelation type="Is Inherited by">
        <relatedFrame ID="72">Change_of_leadership</relatedFrame>
    </frameRelation>
    <frameRelation type="Perspective on"/>
    <frameRelation type="Is Perspectivized in"/>
    <frameRelation type="Uses"/>
    <frameRelation type="Is Used by"/>
    <frameRelation type="Subframe of"/>
    <frameRelation type="Has Subframe(s)"/>
    <frameRelation type="Precedes"/>
    <frameRelation type="Is Preceded by"/>
    <frameRelation type="Is Inchoative of"/>
    <frameRelation type="Is Causative of"/>
    <frameRelation type="See also"/>
    <lexUnit status="Created" POS="V" name="accredit.v" ID="14306" lemmaID="308" cBy="RLG" cDate="04/02/2007 02:33:01 PDT Mon">
        <definition>FN: give authority to act in an official role.</definition>
        <sentenceCount annotated="0" total="0"/>
        <lexeme order="1" headword="false" breakBefore="false" POS="V" name="accredit"/>
    </lexUnit>
    <lexUnit status="Finished_Initial" POS="V" name="appoint.v" ID="14307" lemmaID="1739" cBy="RLG" cDate="04/02/2007 02:33:28 PDT Mon">
        <definition>COD: assign a job or role to.</definition>
        <sentenceCount annotated="60" total="533"/>
        <lexeme order="1" headword="false" breakBefore="false" POS="V" name="appoint"/>
    </lexUnit>
    <lexUnit status="Created" POS="A" name="accredited.a" ID="14308" lemmaID="309" cBy="RLG" cDate="04/02/2007 02:33:59 PDT Mon">
        <definition>FN: officially designated.</definition>
        <sentenceCount annotated="1" total="1"/>
        <lexeme order="1" headword="false" breakBefore="false" POS="A" name="accredited"/>
    </lexUnit>
    <lexUnit status="Created" POS="V" name="designate.v" ID="14309" lemmaID="10345" cBy="RLG" cDate="04/02/2007 02:34:22 PDT Mon">
        <definition>COD: give a specified position or status to</definition>
        <sentenceCount annotated="2" total="2"/>
        <lexeme order="1" headword="false" breakBefore="false" POS="V" name="designate"/>
    </lexUnit>
    <lexUnit status="Created" POS="V" name="finger.v" ID="14331" lemmaID="14403" cBy="RLG" cDate="04/02/2007 05:27:48 PDT Mon">
        <definition>COD: identify or choose (someone) for a particular purpose.</definition>
        <sentenceCount annotated="0" total="0"/>
        <lexeme order="1" headword="false" breakBefore="false" POS="V" name="finger"/>
    </lexUnit>
    <lexUnit status="Created" POS="V" name="tap.v" ID="14332" lemmaID="39517" cBy="RLG" cDate="04/02/2007 05:28:09 PDT Mon">
        <definition>COD: designate or select for a task or honour.</definition>
        <sentenceCount annotated="0" total="0"/>
        <lexeme order="1" headword="false" breakBefore="false" POS="V" name="tap"/>
    </lexUnit>
    <lexUnit status="Finished_Initial" POS="V" name="name.v" ID="14333" lemmaID="25402" cBy="RLG" cDate="04/02/2007 05:29:45 PDT Mon">
        <definition>FN: designate someone to perform a duty.</definition>
        <sentenceCount annotated="14" total="126"/>
        <lexeme order="1" headword="false" breakBefore="false" POS="V" name="name"/>
    </lexUnit>
</frame>