<?xml version="1.0" encoding="UTF-8" standalone="yes"?>
<?xml-stylesheet type="text/xsl" href="frame.xsl"?>
<frame cBy="AlK" cDate="12/09/2010 11:12:41 PST Thu" name="Artifact_subpart" ID="2470" xsi:schemaLocation="../schema/frame.xsd" xmlns="http://framenet.icsi.berkeley.edu" xmlns:xsi="http://www.w3.org/2001/XMLSchema-instance">
    <definition>&lt;def-root&gt;A &lt;fen&gt;Component&lt;/fen&gt; has a distinct &lt;fen&gt;Function&lt;/fen&gt; in the operation of a complex &lt;fen&gt;Artifact&lt;/fen&gt;, which is not regarded as complete unless it is assembled from a number of different &lt;fen&gt;Component&lt;/fen&gt;s. Each &lt;fen&gt;Component&lt;/fen&gt; may also be described by their &lt;fen&gt;Creator&lt;/fen&gt;, &lt;fen&gt;Time_of_creation&lt;/fen&gt;, or &lt;fen&gt;Material&lt;/fen&gt;.

&lt;ex&gt;Most of the cost comes from the price of &lt;fex name="Artifact"&gt;engine&lt;/fex&gt; &lt;fex name="Component"&gt;&lt;t&gt;parts&lt;/t&gt;&lt;/fex&gt;.&lt;/ex&gt;
&lt;ex&gt;We'll need to find a &lt;fex name="Material"&gt;metal&lt;/fex&gt; &lt;fex name="Component"&gt;&lt;t&gt;part&lt;/t&gt;&lt;/fex&gt;&lt;fex name="Time_of_creation"&gt;from 1982&lt;/fex&gt;.&lt;/ex&gt;&lt;/def-root&gt;</definition>
    <FE bgColor="0000FF" fgColor="FFFFFF" coreType="Core" cBy="AlK" cDate="12/09/2010 04:16:03 PST Thu" abbrev="" name="Component" ID="14301">
        <definition>&lt;def-root&gt;An entity that is a part of an &lt;fen&gt;Artifact&lt;/fen&gt; and serves a distinct &lt;fen&gt;Function&lt;/fen&gt;.&lt;/def-root&gt;</definition>
    </FE>
    <FE bgColor="FF0000" fgColor="FFFFFF" coreType="Core" cBy="AlK" cDate="12/10/2010 03:52:14 PST Fri" abbrev="" name="Artifact" ID="14302">
        <definition>&lt;def-root&gt;A deliberately made entity which fulfilling a purpose, whose complete form is composed of more than one &lt;fen&gt;Component&lt;/fen&gt;.&lt;/def-root&gt;</definition>
    </FE>
    <FE bgColor="800080" fgColor="FFFFFF" coreType="Peripheral" cBy="AlK" cDate="12/10/2010 03:53:32 PST Fri" abbrev="" name="Function" ID="14303">
        <definition>&lt;def-root&gt;The role or purpose of the &lt;fen&gt;Component&lt;/fen&gt; as it pertains to the &lt;fen&gt;Artifact&lt;/fen&gt;.&lt;/def-root&gt;</definition>
    </FE>
    <FE bgColor="008000" fgColor="FFFFFF" coreType="Peripheral" cBy="AlK" cDate="12/10/2010 03:56:36 PST Fri" abbrev="" name="Material" ID="14304">
        <definition>&lt;def-root&gt;The type of matter that the &lt;fen&gt;Component&lt;/fen&gt; comprises.&lt;/def-root&gt;</definition>
    </FE>
    <FE bgColor="A52A2A" fgColor="FFFFFF" coreType="Peripheral" cBy="AlK" cDate="12/10/2010 03:57:33 PST Fri" abbrev="" name="Creator" ID="14305">
        <definition>&lt;def-root&gt;The entity who creates the &lt;fen&gt;Component&lt;/fen&gt;.&lt;/def-root&gt;</definition>
    </FE>
    <FE bgColor="FFA500" fgColor="FFFFFF" coreType="Peripheral" cBy="AlK" cDate="12/10/2010 03:58:06 PST Fri" abbrev="" name="Time_of_creation" ID="14306">
        <definition>&lt;def-root&gt;When the &lt;fen&gt;Component&lt;/fen&gt; was created.&lt;/def-root&gt;</definition>
    </FE>
    <frameRelation type="Inherits from"/>
    <frameRelation type="Is Inherited by"/>
    <frameRelation type="Perspective on"/>
    <frameRelation type="Is Perspectivized in"/>
    <frameRelation type="Uses"/>
    <frameRelation type="Is Used by"/>
    <frameRelation type="Subframe of">
        <relatedFrame ID="421">Artifact</relatedFrame>
    </frameRelation>
    <frameRelation type="Has Subframe(s)"/>
    <frameRelation type="Precedes"/>
    <frameRelation type="Is Preceded by"/>
    <frameRelation type="Is Inchoative of"/>
    <frameRelation type="Is Causative of"/>
    <frameRelation type="See also"/>
    <lexUnit status="Created" POS="N" name="part.n" ID="16180" lemmaID="27891" cBy="AlK" cDate="12/10/2010 03:51:11 PST Fri">
        <definition>FN: an object that serves a distinct function in a complex artifact, especially of machines.</definition>
        <sentenceCount annotated="0" total="0"/>
        <lexeme order="1" headword="false" breakBefore="false" POS="N" name="part"/>
    </lexUnit>
</frame>