<?xml version="1.0" encoding="UTF-8" standalone="yes"?>
<?xml-stylesheet type="text/xsl" href="frame.xsl"?>
<frame cBy="CFB" cDate="02/23/2001 03:20:11 PST Fri" name="Attempt_suasion" ID="87" xsi:schemaLocation="../schema/frame.xsd" xmlns="http://framenet.icsi.berkeley.edu" xmlns:xsi="http://www.w3.org/2001/XMLSchema-instance">
    <definition>&lt;def-root&gt;The  &lt;fen&gt;Speaker&lt;/fen&gt; expresses through language his wish to get the &lt;fen&gt;Addressee&lt;/fen&gt; to act in some way that will help to bring about events or states described in the &lt;fen&gt;Content&lt;/fen&gt;. There is no implication that the &lt;fen&gt;Addressee&lt;/fen&gt; forms an intention to act, let alone acts.  


&lt;ex&gt;&lt;fex name="Speaker"&gt;Mr Smithers&lt;/fex&gt; always &lt;t&gt;encourages&lt;/t&gt; &lt;fex name="Add"&gt;the employees&lt;/fex&gt; &lt;fex name="Content"&gt;to stay late and work harder&lt;/fex&gt;.&lt;/ex&gt;

&lt;ex&gt;&lt;fex name="Speaker"&gt;Dennis Rodman&lt;/fex&gt; &lt;t&gt;advises&lt;/t&gt; &lt;fex name="Content"&gt;moderation in all things&lt;/fex&gt;. &lt;fex name="Add"&gt;INI&lt;/fex&gt;&lt;/ex&gt;

The &lt;fen&gt;Content&lt;/fen&gt; most prototypically refers to an action that the &lt;fen&gt;Addressee&lt;/fen&gt; will carry out themselves, but may (in the case of valences with a non-finite &lt;fen&gt;Content&lt;/fen&gt; clause) merely refer to a situation that they have indirect influence over, as in the following

&lt;ex&gt;When I talked to her, &lt;fex name="Speaker"&gt;I&lt;/fex&gt; &lt;t&gt;suggested&lt;/t&gt; &lt;fex name="Content"&gt;that he be removed from office&lt;/fex&gt; . &lt;fex name="Addressee"&gt;DNI&lt;/fex&gt; &lt;/ex&gt;&lt;/def-root&gt;</definition>
    <FE bgColor="0000FF" fgColor="FFFFFF" coreType="Core" cBy="CFB" cDate="02/26/2001 02:40:22 PST Mon" abbrev="Cont" name="Content" ID="408">
        <definition>&lt;def-root&gt;The wish for action on the Addressee's part that the Speaker expresses.&lt;/def-root&gt;</definition>
        <semType name="Content" ID="55"/>
    </FE>
    <FE bgColor="006400" fgColor="FFFFFF" coreType="Core" cBy="CFB" cDate="02/26/2001 02:45:59 PST Mon" abbrev="Add" name="Addressee" ID="409">
        <definition>&lt;def-root&gt;The person that the &lt;fen&gt;Speaker&lt;/fen&gt; seeks to influence to act.&lt;/def-root&gt;</definition>
        <semType name="Sentient" ID="5"/>
    </FE>
    <FE bgColor="FF0000" fgColor="FFFFFF" coreType="Core" cBy="CFB" cDate="02/26/2001 02:48:14 PST Mon" abbrev="Spkr" name="Speaker" ID="410">
        <definition>&lt;def-root&gt;The person who intends through the use of language to get another person to act.&lt;/def-root&gt;</definition>
        <semType name="Sentient" ID="5"/>
    </FE>
    <FE bgColor="800080" fgColor="FFFFFF" coreType="Core" cBy="JKR" cDate="03/02/2001 03:23:06 PST Fri" abbrev="Top" name="Topic" ID="414">
        <definition>&lt;def-root&gt;What the communication is about.&lt;/def-root&gt;</definition>
    </FE>
    <FE bgColor="808080" fgColor="FFFFFF" coreType="Core" cBy="MJE" cDate="03/08/2001 02:42:22 PST Thu" abbrev="Text" name="Medium" ID="427">
        <definition>&lt;def-root&gt;The written or spoken material that contains a message that potentially influences the &lt;fen&gt;Addressee&lt;/fen&gt; towards the &lt;fen&gt;Content&lt;/fen&gt;.
&lt;ex&gt;&lt;fex name="Medium"&gt;Chapter 6&lt;/fex&gt; &lt;t&gt;admonishes&lt;/t&gt; &lt;fex name="Addressee"&gt;readers&lt;/fex&gt; &lt;fex name="Content"&gt;to quit smoking&lt;/fex&gt;.&lt;/ex&gt;&lt;/def-root&gt;</definition>
    </FE>
    <FE bgColor="FF00FF" fgColor="FFFFFF" coreType="Peripheral" cBy="BoC" cDate="07/02/2001 09:36:00 PDT Mon" abbrev="Manr" name="Manner" ID="1222">
        <definition>&lt;def-root&gt;This FE identifies the &lt;fen&gt;Manner&lt;/fen&gt; in which an action is performed.&lt;/def-root&gt;</definition>
        <semType name="Manner" ID="173"/>
    </FE>
    <FE bgColor="9400D3" fgColor="FFFFFF" coreType="Extra-Thematic" cBy="BoC" cDate="07/02/2001 09:36:06 PDT Mon" abbrev="Depict" name="Depictive" ID="1223">
        <definition>&lt;def-root&gt;&lt;fen&gt;Depictive&lt;/fen&gt; identifies a phrase that describes the actor of an action.&lt;/def-root&gt;</definition>
    </FE>
    <FE bgColor="A52A2A" fgColor="FFFFFF" coreType="Peripheral" cBy="BoC" cDate="07/02/2001 09:36:10 PDT Mon" abbrev="Mns" name="Means" ID="1224">
        <definition>&lt;def-root&gt;This FE identifies the &lt;fen&gt;Means&lt;/fen&gt; by which an action is performed.&lt;/def-root&gt;</definition>
        <semType name="State_of_affairs" ID="177"/>
    </FE>
    <FE bgColor="FF69B4" fgColor="FFFFFF" coreType="Peripheral" cBy="BoC" cDate="07/02/2001 09:36:23 PDT Mon" abbrev="Degr" name="Degree" ID="1225">
        <definition>&lt;def-root&gt;This FE identifies the &lt;fen&gt;Degree&lt;/fen&gt; to which an event occurs.&lt;/def-root&gt;</definition>
        <semType name="Degree" ID="172"/>
    </FE>
    <FE bgColor="FFA500" fgColor="FFFFFF" coreType="Peripheral" cBy="KmG" cDate="06/05/2006 12:17:41 PDT Mon" abbrev="Tim" name="Time" ID="10234">
        <definition>&lt;def-root&gt;The time at which the lobbying occurs. &lt;/def-root&gt;</definition>
    </FE>
    <FE bgColor="00008B" fgColor="FFFFFF" coreType="Extra-Thematic" cBy="KmG" cDate="06/05/2006 12:19:09 PDT Mon" abbrev="Exp" name="Explanation" ID="10235">
        <definition>&lt;def-root&gt;The Explanation denotes a proposition from which the main clause (headed by the target) logically follows. This often means that the Explanation causes the target's proposition, but not in all cases. &lt;/def-root&gt;</definition>
    </FE>
    <FE bgColor="7CCD73" fgColor="000000" coreType="Extra-Thematic" cBy="KmG" cDate="06/05/2006 12:43:09 PDT Mon" abbrev="Per" name="Period_of_iterations" ID="10236">
        <definition>&lt;def-root&gt;The length of time from when the event denoted by the target began to be repeated to when it stopped.&lt;/def-root&gt;</definition>
    </FE>
    <FE bgColor="FFFF00" fgColor="000000" coreType="Extra-Thematic" cBy="KmG" cDate="06/05/2006 01:15:25 PDT Mon" abbrev="Cir" name="Circumstances" ID="10237">
        <definition>&lt;def-root&gt;The state of the world (independent of the event). &lt;/def-root&gt;</definition>
    </FE>
    <FE bgColor="1E90FF" fgColor="FFFFFF" coreType="Extra-Thematic" cBy="KmG" cDate="08/17/2006 11:09:18 PDT Thu" abbrev="Gro" name="Group" ID="10508">
        <definition>&lt;def-root&gt;The &lt;fen&gt;Group&lt;/fen&gt; is the set of &lt;fen&gt;Speaker&lt;/fen&gt;s and &lt;fen&gt;Medium&lt;/fen&gt;s within which the Attempt_suasion is occuring.  &lt;/def-root&gt;</definition>
    </FE>
    <FE bgColor="00BFFF" fgColor="FFFFFF" coreType="Extra-Thematic" cBy="KmG" cDate="08/17/2006 11:16:10 PDT Thu" abbrev="Fre" name="Frequency" ID="10511">
        <definition>&lt;def-root&gt;This frame element is defined as the number of times an event occurs per some unit of time. A Frequency expression answers the question how often.&lt;/def-root&gt;</definition>
    </FE>
    <FE bgColor="EEE8AA" fgColor="000000" coreType="Extra-Thematic" cBy="KmG" cDate="08/17/2006 01:40:31 PDT Thu" abbrev="re-e" name="Re-encoding" ID="10513">
        <definition>&lt;def-root&gt;This FE presents the current frame as an integral part of a larger conceptualization expressed by another frame. &lt;/def-root&gt;</definition>
    </FE>
    <FE bgColor="7FFF00" fgColor="000000" coreType="Peripheral" cBy="KmG" cDate="05/07/2008 04:12:09 PDT Wed" abbrev="Pla" name="Place" ID="12626">
        <definition>&lt;def-root&gt;The location where the &lt;fen&gt;Speaker&lt;/fen&gt; attemtps susaion on an &lt;fen&gt;Addressee&lt;/fen&gt;.&lt;/def-root&gt;</definition>
    </FE>
    <FE bgColor="90876C" fgColor="FFFFFF" coreType="Peripheral" cBy="RLG" cDate="08/06/2009 03:17:44 PDT Thu" abbrev="pur" name="Purpose" ID="13346">
        <definition>&lt;def-root&gt;The reason for which the &lt;fen&gt;Speaker&lt;/fen&gt; attempts to persuade the &lt;fen&gt;Addressee&lt;/fen&gt;.&lt;/def-root&gt;</definition>
    </FE>
    <FE bgColor="2E8B57" fgColor="FFFFFF" coreType="Core" cBy="AlK" cDate="05/20/2011 04:50:38 PDT Fri" abbrev="" name="Salient_entity" ID="14440">
        <definition>&lt;def-root&gt;An entity which the &lt;fen&gt;Speaker&lt;/fen&gt; believes should participate in the action.&lt;/def-root&gt;</definition>
    </FE>
    <FE bgColor="d0d0d0" fgColor="000000" coreType="Extra-Thematic" cBy="CVa" cDate="03/07/2012 02:01:10 PST Wed" abbrev="Role" name="Role" ID="15518">
        <definition>&lt;def-root&gt;The role in which the &lt;fen&gt;Salient_entity&lt;/fen&gt; is used to try to persuade the &lt;fen&gt;Addressee&lt;/fen&gt;.

&lt;ex&gt;Linda &lt;t&gt;recommended&lt;/t&gt; Juan &lt;fex name="Role"&gt;as the new head of the department&lt;/fex&gt;. &lt;/ex&gt;&lt;/def-root&gt;</definition>
    </FE>
    <FEcoreSet>
        <memberFE name="Content" ID="408"/>
        <memberFE name="Topic" ID="414"/>
    </FEcoreSet>
    <FEcoreSet>
        <memberFE name="Speaker" ID="410"/>
        <memberFE name="Medium" ID="427"/>
    </FEcoreSet>
    <frameRelation type="Inherits from">
        <relatedFrame ID="116">Attempt</relatedFrame>
    </frameRelation>
    <frameRelation type="Is Inherited by"/>
    <frameRelation type="Perspective on"/>
    <frameRelation type="Is Perspectivized in"/>
    <frameRelation type="Uses">
        <relatedFrame ID="6">Communication</relatedFrame>
        <relatedFrame ID="1083">Subjective_influence</relatedFrame>
    </frameRelation>
    <frameRelation type="Is Used by">
        <relatedFrame ID="89">Suasion</relatedFrame>
    </frameRelation>
    <frameRelation type="Subframe of"/>
    <frameRelation type="Has Subframe(s)"/>
    <frameRelation type="Precedes"/>
    <frameRelation type="Is Preceded by"/>
    <frameRelation type="Is Inchoative of"/>
    <frameRelation type="Is Causative of"/>
    <frameRelation type="See also"/>
    <lexUnit status="Finished_Initial" POS="V" name="urge.v" ID="1805" lemmaID="42538" cBy="CFB" cDate="02/15/2001 03:22:47 PST Thu">
        <definition>FN: strongly suggest that someone do something</definition>
        <sentenceCount annotated="76" total="345"/>
        <lexeme order="1" headword="false" breakBefore="false" POS="V" name="urge"/>
    </lexUnit>
    <lexUnit status="Finished_Initial" POS="V" name="admonish.v" ID="1809" lemmaID="540" cBy="CFB" cDate="02/22/2001 05:42:55 PST Thu">
        <definition>COD: earnestly urge or warn. </definition>
        <sentenceCount annotated="21" total="80"/>
        <lexeme order="1" headword="false" breakBefore="false" POS="V" name="admonish"/>
    </lexUnit>
    <lexUnit status="Finished_Initial" POS="V" name="advise.v" ID="1810" lemmaID="625" cBy="CFB" cDate="02/22/2001 05:43:40 PST Thu">
        <definition>COD: recommend (a course of action). </definition>
        <sentenceCount annotated="11" total="222"/>
        <lexeme order="1" headword="false" breakBefore="false" POS="V" name="advise"/>
    </lexUnit>
    <lexUnit status="Problem" POS="V" name="badger.v" ID="1811" lemmaID="2667" cBy="CFB" cDate="02/23/2001 01:00:26 PST Fri">
        <definition>COD: repeatedly and annoyingly ask (someone) to do something. </definition>
        <sentenceCount annotated="5" total="85"/>
        <lexeme order="1" headword="false" breakBefore="false" POS="V" name="badger"/>
    </lexUnit>
    <lexUnit status="Finished_Initial" POS="V" name="beg.v" ID="1812" lemmaID="3224" cBy="CFB" cDate="02/23/2001 01:03:30 PST Fri">
        <definition>COD: ask (someone) earnestly or humbly for something. </definition>
        <sentenceCount annotated="40" total="219"/>
        <lexeme order="1" headword="false" breakBefore="false" POS="V" name="beg"/>
    </lexUnit>
    <lexUnit status="Finished_Initial" POS="V" name="cajole.v" ID="1813" lemmaID="5191" cBy="CFB" cDate="02/23/2001 01:13:39 PST Fri">
        <definition>COD: persuade (someone) to do something by sustained coaxing or flattery. </definition>
        <sentenceCount annotated="9" total="57"/>
        <lexeme order="1" headword="false" breakBefore="false" POS="V" name="cajole"/>
    </lexUnit>
    <lexUnit status="Finished_Initial" POS="V" name="exhort.v" ID="1818" lemmaID="13462" cBy="CFB" cDate="02/23/2001 01:17:06 PST Fri">
        <definition>COD: strongly encourage or urge (someone) to do something. </definition>
        <sentenceCount annotated="19" total="92"/>
        <lexeme order="1" headword="false" breakBefore="false" POS="V" name="exhort"/>
    </lexUnit>
    <lexUnit status="Finished_Initial" POS="V" name="pressure.v" ID="1820" lemmaID="30327" cBy="CFB" cDate="02/23/2001 01:18:54 PST Fri">
        <definition>COD: attempt to persuade or coerce into doing something. </definition>
        <sentenceCount annotated="7" total="100"/>
        <lexeme order="1" headword="false" breakBefore="false" POS="V" name="pressure"/>
    </lexUnit>
    <lexUnit status="Finished_Initial" POS="V" name="prevail.v" ID="1821" lemmaID="30375" cBy="CFB" cDate="02/23/2001 01:19:20 PST Fri">
        <definition>COD: persuade to do something. </definition>
        <sentenceCount annotated="8" total="101"/>
        <lexeme order="1" headword="false" breakBefore="false" POS="V" name="prevail"/>
    </lexUnit>
    <lexUnit status="Problem" POS="V" name="wheedle.v" ID="1825" lemmaID="43883" cBy="CFB" cDate="02/23/2001 01:21:32 PST Fri">
        <definition>COD: employ endearments or flattery to persuade someone to do something. </definition>
        <sentenceCount annotated="5" total="50"/>
        <lexeme order="1" headword="false" breakBefore="false" POS="V" name="wheedle"/>
    </lexUnit>
    <lexUnit status="Finished_Initial" POS="V" name="press.v" ID="10117" lemmaID="30313" cBy="TRn" cDate="02/26/2004 12:18:18 PST Thu">
        <definition>COD: make strong efforts to persuade or force to do something.</definition>
        <sentenceCount annotated="20" total="279"/>
        <lexeme order="1" headword="false" breakBefore="false" POS="V" name="press"/>
    </lexUnit>
    <lexUnit status="Finished_Initial" POS="N" name="pressure.n" ID="11455" lemmaID="49827" cBy="MJE" cDate="12/14/2004 12:54:56 PST Tue">
        <definition>COD: the use of persuasion, intimidation, etc. to make someone do something.</definition>
        <sentenceCount annotated="49" total="426"/>
        <lexeme order="1" headword="true" breakBefore="false" POS="N" name="pressure"/>
    </lexUnit>
    <lexUnit status="Finished_Initial" POS="V" name="lobby.v" ID="13116" lemmaID="22602" cBy="RLG" cDate="03/14/2006 05:33:47 PST Tue">
        <definition>COD: seek to influence (a legislator).</definition>
        <sentenceCount annotated="23" total="211"/>
        <lexeme order="1" headword="false" breakBefore="false" POS="V" name="lobby"/>
    </lexUnit>
    <lexUnit status="Finished_Initial" POS="V" name="advocate.v" ID="13475" lemmaID="631" cBy="MiL" cDate="08/15/2006 04:52:19 PDT Tue">
        <definition>COD: publicly recommend or support.</definition>
        <sentenceCount annotated="52" total="534"/>
        <lexeme order="1" headword="false" breakBefore="false" POS="V" name="advocate"/>
    </lexUnit>
    <lexUnit status="Finished_Initial" POS="V" name="suggest.v" ID="16340" lemmaID="38712" cBy="AlK" cDate="05/20/2011 02:40:13 PDT Fri">
        <definition>FN: propose an action</definition>
        <sentenceCount annotated="30" total="154"/>
        <lexeme order="1" headword="false" breakBefore="false" POS="V" name="suggest"/>
    </lexUnit>
    <lexUnit status="Created" POS="V" name="recommend.v" ID="16934" lemmaID="32151" cBy="CVa" cDate="03/06/2012 12:42:33 PST Tue">
        <definition>FN: to suggest a course of action </definition>
        <sentenceCount annotated="90" total="90"/>
        <lexeme order="1" headword="false" breakBefore="false" POS="V" name="recommend"/>
    </lexUnit>
    <lexUnit status="In_Use" POS="N" name="suggestion.n" ID="18450" lemmaID="38714" cBy="HPh" cDate="11/12/2015 02:22:13 PST Thu">
        <definition>COD: an idea or plan put forward for consideration</definition>
        <sentenceCount annotated="10" total="44"/>
        <lexeme order="1" headword="false" breakBefore="false" POS="N" name="suggestion"/>
    </lexUnit>
    <lexUnit status="Created" POS="V" name="enjoin.v" ID="18519" lemmaID="12786" cBy="HPh" cDate="12/15/2015 07:31:59 PST Tue">
        <definition>FN: to urge strongly; order (someone) to do (something)</definition>
        <sentenceCount annotated="0" total="0"/>
        <lexeme order="1" headword="false" breakBefore="false" POS="V" name="enjoin"/>
    </lexUnit>
</frame>