<?xml version="1.0" encoding="UTF-8" standalone="yes"?>
<?xml-stylesheet type="text/xsl" href="frame.xsl"?>
<frame cBy="KmG" cDate="02/04/2008 05:43:25 PST Mon" name="Attempt_obtain_food_scenario" ID="2007" xsi:schemaLocation="../schema/frame.xsd" xmlns="http://framenet.icsi.berkeley.edu" xmlns:xsi="http://www.w3.org/2001/XMLSchema-instance">
    <definition>&lt;def-root&gt;A &lt;fen&gt;Seeker&lt;/fen&gt; is trying to obtain &lt;fen&gt;Food&lt;/fen&gt; and is seeking it within the context of a &lt;fen&gt;Ground&lt;/fen&gt;. &lt;/def-root&gt;</definition>
    <FE bgColor="FF0000" fgColor="FFFFFF" coreType="Core" cBy="KmG" cDate="02/04/2008 05:43:25 PST Mon" abbrev="See" name="Seeker" ID="12113">
        <definition>&lt;def-root&gt;The &lt;fen&gt;Seeker&lt;/fen&gt; is the agent hoping to obtain &lt;fen&gt;Food&lt;/fen&gt;.&lt;/def-root&gt;</definition>
        <semType name="Sentient" ID="5"/>
    </FE>
    <FE bgColor="0000FF" fgColor="FFFFFF" coreType="Core" cBy="KmG" cDate="02/04/2008 05:43:25 PST Mon" abbrev="Foo" name="Food" ID="12114">
        <definition>&lt;def-root&gt;&lt;fen&gt;Food&lt;/fen&gt; is the sought-out item by the &lt;fen&gt;Seeker&lt;/fen&gt;.&lt;/def-root&gt;</definition>
        <semType name="Physical_entity" ID="70"/>
    </FE>
    <FE bgColor="808080" fgColor="FFFFFF" coreType="Peripheral" cBy="KmG" cDate="02/04/2008 05:43:25 PST Mon" abbrev="Ins" name="Instrument" ID="12115">
        <definition>&lt;def-root&gt;The &lt;fen&gt;Instrument&lt;/fen&gt; is used by the &lt;fen&gt;Seeker&lt;/fen&gt; as a tool to help obtain &lt;fen&gt;Food&lt;/fen&gt;. (This tool is not limited to typical artifacts and can be hands, arms, and other atypical hunting and fishing instruments.)
&lt;/def-root&gt;</definition>
    </FE>
    <FE bgColor="00BFFF" fgColor="FFFFFF" coreType="Peripheral" cBy="KmG" cDate="02/04/2008 05:43:25 PST Mon" abbrev="Dur" name="Duration" ID="12116">
        <definition>&lt;def-root&gt;For what length of time the &lt;fen&gt;Seeker&lt;/fen&gt; attempted to obtain &lt;fen&gt;Food&lt;/fen&gt;. 

&lt;/def-root&gt;</definition>
    </FE>
    <FE bgColor="FF00FF" fgColor="FFFFFF" coreType="Peripheral" cBy="KmG" cDate="02/04/2008 05:43:25 PST Mon" abbrev="Man" name="Manner" ID="12117">
        <definition>&lt;def-root&gt;The &lt;fen&gt;Manner&lt;/fen&gt; in which the &lt;fen&gt;Seeker&lt;/fen&gt; makes the attempt for &lt;fen&gt;Food&lt;/fen&gt;.&lt;/def-root&gt;</definition>
    </FE>
    <FE bgColor="A52A2A" fgColor="FFFFFF" coreType="Peripheral" cBy="KmG" cDate="02/04/2008 05:43:25 PST Mon" abbrev="Mea" name="Means" ID="12118">
        <definition>&lt;def-root&gt;This FE identifies the &lt;fen&gt;Means&lt;/fen&gt; by which an attempt at achieving a &lt;fen&gt;Food&lt;/fen&gt; obtainment.&lt;/def-root&gt;</definition>
    </FE>
    <FE bgColor="9F79EE" fgColor="FFFFFF" coreType="Peripheral" cBy="KmG" cDate="02/04/2008 05:43:25 PST Mon" abbrev="Otc" name="Outcome" ID="12119">
        <definition>&lt;def-root&gt;The failure or success of an attempt.
&lt;/def-root&gt;</definition>
    </FE>
    <FE bgColor="008000" fgColor="FFFFFF" coreType="Peripheral" cBy="KmG" cDate="02/04/2008 05:43:25 PST Mon" abbrev="Pla" name="Place" ID="12120">
        <definition>&lt;def-root&gt;The greater geographic location where the &lt;fen&gt;Seeker&lt;/fen&gt; attempts to obtain &lt;fen&gt;Food&lt;/fen&gt;.
&lt;/def-root&gt;</definition>
    </FE>
    <FE bgColor="FFA500" fgColor="FFFFFF" coreType="Peripheral" cBy="KmG" cDate="02/04/2008 05:43:25 PST Mon" abbrev="Tim" name="Time" ID="12121">
        <definition>&lt;def-root&gt;When the &lt;fen&gt;Food&lt;/fen&gt; seeking action occurs.&lt;/def-root&gt;</definition>
    </FE>
    <FE bgColor="800080" fgColor="FFFFFF" coreType="Peripheral" cBy="KmG" cDate="02/04/2008 05:43:25 PST Mon" abbrev="Pur" name="Purpose" ID="12122">
        <definition>&lt;def-root&gt;An action that the &lt;fen&gt;Seeker&lt;/fen&gt; intends to accomplish by seeking &lt;fen&gt;Food&lt;/fen&gt;.&lt;/def-root&gt;</definition>
    </FE>
    <FE bgColor="7CCD73" fgColor="FFFFFF" coreType="Peripheral" cBy="KmG" cDate="02/04/2008 05:43:25 PST Mon" abbrev="Fre" name="Frequency" ID="12123">
        <definition>&lt;def-root&gt;How often the &lt;fen&gt;Seeker&lt;/fen&gt; attempts to obtain &lt;fen&gt;Food&lt;/fen&gt;.&lt;/def-root&gt;</definition>
    </FE>
    <FE bgColor="FF69B4" fgColor="FFFFFF" coreType="Peripheral" cBy="KmG" cDate="02/04/2008 05:43:25 PST Mon" abbrev="Deg" name="Degree" ID="12124">
        <definition>&lt;def-root&gt;This FE identifies the amount of effort the &lt;fen&gt;Seeker&lt;/fen&gt; puts into an attempt to obtain &lt;fen&gt;Food&lt;/fen&gt;.&lt;/def-root&gt;</definition>
    </FE>
    <FE bgColor="d0d0d0" fgColor="000000" coreType="Core" cBy="KmG" cDate="02/04/2008 05:43:25 PST Mon" abbrev="Gro" name="Ground" ID="12125">
        <definition>&lt;def-root&gt;This is the entity to which the &lt;fen&gt;Seeker&lt;/fen&gt; pays attention. It is referred to as &lt;fen&gt;Ground&lt;/fen&gt; because it serves as the background or context for the &lt;fen&gt;Food&lt;/fen&gt;.&lt;/def-root&gt;</definition>
    </FE>
    <FE bgColor="FFFF00" fgColor="0000FF" coreType="Extra-Thematic" cBy="KmG" cDate="02/04/2008 05:43:25 PST Mon" abbrev="Par" name="Particular_iteration" ID="12126">
        <definition>&lt;def-root&gt;Expressions marked with this extra-thematic FE modify a non-iterative use of the target, and indicate that it is conceived as embedded within an iterated series of similar events or states.&lt;/def-root&gt;</definition>
    </FE>
    <frameRelation type="Inherits from">
        <relatedFrame ID="1683">Attempting_and_resolving_scenario</relatedFrame>
    </frameRelation>
    <frameRelation type="Is Inherited by">
        <relatedFrame ID="2009">Hunting_scenario</relatedFrame>
        <relatedFrame ID="2012">Agriculture</relatedFrame>
    </frameRelation>
    <frameRelation type="Perspective on"/>
    <frameRelation type="Is Perspectivized in"/>
    <frameRelation type="Uses"/>
    <frameRelation type="Is Used by"/>
    <frameRelation type="Subframe of"/>
    <frameRelation type="Has Subframe(s)"/>
    <frameRelation type="Precedes"/>
    <frameRelation type="Is Preceded by"/>
    <frameRelation type="Is Inchoative of"/>
    <frameRelation type="Is Causative of"/>
    <frameRelation type="See also"/>
    <lexUnit status="Created" POS="N" name="subsistence.n" ID="18751" lemmaID="38596" cBy="MJE" cDate="08/18/2016 02:53:28 PDT Thu">
        <definition>FN: the means by which a person or society obtains basic food necessities.</definition>
        <sentenceCount annotated="0" total="0"/>
        <lexeme order="1" headword="false" breakBefore="false" POS="N" name="subsistence"/>
    </lexUnit>
</frame>