<?xml version="1.0" encoding="UTF-8" standalone="yes"?>
<?xml-stylesheet type="text/xsl" href="frame.xsl"?>
<frame cBy="MLC" cDate="11/17/2010 04:11:57 PST Wed" name="Authority" ID="2451" xsi:schemaLocation="../schema/frame.xsd" xmlns="http://framenet.icsi.berkeley.edu" xmlns:xsi="http://www.w3.org/2001/XMLSchema-instance">
    <definition>&lt;def-root&gt;An &lt;fex name="Agent"&gt;Agent&lt;/fex&gt; has the means to affect a &lt;fen&gt;Theme&lt;/fen&gt; along the lines of a certain &lt;fen&gt;Domain&lt;/fen&gt;. There is an imbalance of influence or power within a certain &lt;fen&gt;Domain&lt;/fen&gt; that favors the &lt;fen&gt;Agent&lt;/fen&gt; (often due to some &lt;fen&gt;Source&lt;/fen&gt;) over the &lt;fen&gt;Theme&lt;/fen&gt;. 

&lt;ex&gt;&lt;fex name="Agent"&gt;His&lt;/fex&gt; &lt;t&gt;authority&lt;/t&gt; &lt;fex name="Theme"&gt;over his subjects&lt;/fex&gt; was given to him &lt;fex name="Source"&gt;by God&lt;/fex&gt;.&lt;/ex&gt;
&lt;ex&gt;&lt;fex name="Agent"&gt;Congress&lt;/fex&gt; has the &lt;t&gt;power&lt;/t&gt; to enact &lt;fex name="Domain"&gt;laws&lt;/fex&gt;.&lt;/ex&gt;
&lt;ex&gt;Only &lt;fex name="Agent"&gt;the King&lt;/fex&gt; has the &lt;t&gt;authority&lt;/t&gt; to declare &lt;fex name="Domain"&gt;war&lt;/fex&gt;.&lt;/ex&gt;&lt;/def-root&gt;</definition>
    <FE bgColor="FF0000" fgColor="FFFFFF" coreType="Core" cBy="MLC" cDate="11/17/2010 05:05:50 PST Wed" abbrev="Agt" name="Agent" ID="14276">
        <definition>&lt;def-root&gt;The person or organization with more influence or power. &lt;/def-root&gt;</definition>
    </FE>
    <FE bgColor="0000FF" fgColor="FFFFFF" coreType="Core" cBy="MLC" cDate="11/17/2010 05:06:43 PST Wed" abbrev="Thm" name="Theme" ID="14277">
        <definition>&lt;def-root&gt;The person or organization with less influence or power. &lt;/def-root&gt;</definition>
    </FE>
    <FE bgColor="800080" fgColor="FFFFFF" coreType="Peripheral" cBy="MLC" cDate="11/17/2010 05:09:04 PST Wed" abbrev="" name="Domain" ID="14278">
        <definition>&lt;def-root&gt;A description of the area in which an &lt;fen&gt;Agent&lt;/fen&gt; can affect a &lt;fen&gt;Theme&lt;/fen&gt;. &lt;/def-root&gt;</definition>
    </FE>
    <FE bgColor="008000" fgColor="FFFFFF" coreType="Peripheral" cBy="MLC" cDate="11/17/2010 05:09:50 PST Wed" abbrev="Src" name="Source" ID="14279">
        <definition>&lt;def-root&gt;A principle factor which gave the &lt;fen&gt;Agent&lt;/fen&gt; greater power or influence over the &lt;fen&gt;Theme&lt;/fen&gt;.&lt;/def-root&gt;</definition>
    </FE>
    <FE bgColor="7FFF00" fgColor="000000" coreType="Peripheral" cBy="MLC" cDate="11/17/2010 05:11:52 PST Wed" abbrev="Desc" name="Descriptor" ID="14280">
        <definition>&lt;def-root&gt;Describes the &lt;fen&gt;Agent&lt;/fen&gt; 's influence or power in some way. &lt;fen&gt;Descriptor&lt;/fen&gt;s are typically adjectives modifying nominal targets. &lt;/def-root&gt;</definition>
    </FE>
    <frameRelation type="Inherits from">
        <relatedFrame ID="2450">Influencing_potential</relatedFrame>
    </frameRelation>
    <frameRelation type="Is Inherited by"/>
    <frameRelation type="Perspective on"/>
    <frameRelation type="Is Perspectivized in"/>
    <frameRelation type="Uses"/>
    <frameRelation type="Is Used by"/>
    <frameRelation type="Subframe of"/>
    <frameRelation type="Has Subframe(s)"/>
    <frameRelation type="Precedes"/>
    <frameRelation type="Is Preceded by"/>
    <frameRelation type="Is Inchoative of"/>
    <frameRelation type="Is Causative of"/>
    <frameRelation type="See also"/>
    <lexUnit status="Created" POS="N" name="power.n" ID="16164" lemmaID="29988" cBy="MLC" cDate="11/17/2010 05:24:55 PST Wed">
        <definition>FN: the influence that an entity has over others</definition>
        <sentenceCount annotated="8" total="8"/>
        <lexeme order="1" headword="false" breakBefore="false" POS="N" name="power"/>
    </lexUnit>
    <lexUnit status="Created" POS="N" name="authority.n" ID="18054" lemmaID="2411" cBy="HPh" cDate="06/18/2015 06:57:54 PDT Thu">
        <definition>FN: the influence or power that an entity has over events and/or others</definition>
        <sentenceCount annotated="0" total="0"/>
        <lexeme order="1" headword="false" breakBefore="false" POS="N" name="authority"/>
    </lexUnit>
    <lexUnit status="Created" POS="N" name="jurisdiction.n" ID="18055" lemmaID="50879" cBy="HPh" cDate="06/18/2015 07:04:47 PDT Thu">
        <definition>FN: the authority that an entity has over events, territories, and/or others</definition>
        <sentenceCount annotated="0" total="0"/>
        <lexeme order="1" headword="true" breakBefore="false" POS="N" name="jurisdiction"/>
    </lexUnit>
    <lexUnit status="Created" POS="N" name="sway.n" ID="18056" lemmaID="39096" cBy="WMcQ" cDate="06/19/2015 02:37:12 PDT Fri">
        <definition>FN: influence or power held by a party, often discussed informally. </definition>
        <sentenceCount annotated="0" total="0"/>
        <lexeme order="1" headword="false" breakBefore="false" POS="N" name="sway"/>
    </lexUnit>
    <lexUnit status="Created" POS="N" name="dominion.n" ID="18520" lemmaID="11476" cBy="HPh" cDate="12/17/2015 12:39:04 PST Thu">
        <definition>FN: the power or right of governing and controlling</definition>
        <sentenceCount annotated="0" total="0"/>
        <lexeme order="1" headword="false" breakBefore="false" POS="N" name="dominion"/>
    </lexUnit>
</frame>