<?xml version="1.0" encoding="UTF-8" standalone="yes"?>
<?xml-stylesheet type="text/xsl" href="frame.xsl"?>
<frame cBy="RLG" cDate="04/19/2012 10:54:51 PDT Thu" name="Be_on_alert" ID="2723" xsi:schemaLocation="../schema/frame.xsd" xmlns="http://framenet.icsi.berkeley.edu" xmlns:xsi="http://www.w3.org/2001/XMLSchema-instance">
    <definition>&lt;def-root&gt;A &lt;fen&gt;Protagonist&lt;/fen&gt; has become aware of a possible &lt;fen&gt;Danger&lt;/fen&gt; (a dangerous event or a &lt;fen&gt;Dangerous_entity&lt;/fen&gt; that might participate in an event harmful to the &lt;fen&gt;Protagonist&lt;/fen&gt;) and is ready to engage in an &lt;fen&gt;Activity&lt;/fen&gt; in response to that &lt;fen&gt;Danger&lt;/fen&gt;.

&lt;ex&gt;&lt;fex name="Protagonist"&gt;All tropps&lt;/fex&gt; are on &lt;fex name="Degree"&gt;high&lt;/fex&gt; &lt;t&gt;alert&lt;/t&gt; &lt;fex name="Dangerous_entity"&gt;for possible intruders&lt;/fex&gt; &lt;fex name="Time"&gt;following an attack on a nearby compound&lt;/fex&gt;.&lt;/ex&gt;

&lt;ex&gt;&lt;fex name="Protagonist"&gt;we&lt;/fex&gt;'re on &lt;t&gt;alert&lt;/t&gt; &lt;fex name="Activity"&gt;to stop anyone trying to sneak in&lt;/fex&gt;.&lt;/ex&gt;

&lt;ex&gt;&lt;fex name="Protagonist"&gt;we&lt;/fex&gt;'re on &lt;t&gt;guard&lt;/t&gt; &lt;fex name="Danger"&gt;for possible sabotage&lt;/fex&gt;.&lt;/ex&gt;&lt;/def-root&gt;</definition>
    <FE bgColor="FF0000" fgColor="FFFFFF" coreType="Core" cBy="RLG" cDate="04/19/2012 10:54:52 PDT Thu" abbrev="pro" name="Protagonist" ID="15615">
        <definition>&lt;def-root&gt;This FE identifies the &lt;fen&gt;Protagonist&lt;/fen&gt; who is prepared to undertake some action in response to a &lt;fen&gt;Danger&lt;/fen&gt;.

&lt;ex&gt;&lt;fex name="pro"&gt;Troops&lt;/fex&gt; are on high &lt;t&gt;alert&lt;/t&gt; following a string of bombings downtown.&lt;/ex&gt;&lt;/def-root&gt;</definition>
        <semType name="Sentient" ID="5"/>
    </FE>
    <FE bgColor="A52A2A" fgColor="FFFFFF" coreType="Core" cBy="RLG" cDate="04/19/2012 10:54:52 PDT Thu" abbrev="act" name="Activity" ID="15616">
        <definition>&lt;def-root&gt;The action that the &lt;fen&gt;Protagonist&lt;/fen&gt; is prepared to do.

&lt;ex&gt;You should be on &lt;t&gt;alert&lt;/t&gt; &lt;fex name="act"&gt;to evacuate within 30 minutes of hearing the siren&lt;/fex&gt; .&lt;/ex&gt;&lt;/def-root&gt;</definition>
    </FE>
    <FE bgColor="FFA500" fgColor="FFFFFF" coreType="Peripheral" cBy="RLG" cDate="04/19/2012 10:54:52 PDT Thu" abbrev="tim" name="Time" ID="15618">
        <definition>&lt;def-root&gt;The time when the &lt;fen&gt;Protagonist&lt;/fen&gt; is on alert to the potential Danger.

&lt;ex&gt;They're on &lt;t&gt;alert&lt;/t&gt; &lt;fex name="tim"&gt;now&lt;/fex&gt; .&lt;/ex&gt;&lt;/def-root&gt;</definition>
        <semType name="Time" ID="141"/>
    </FE>
    <FE bgColor="7FFF00" fgColor="000000" coreType="Extra-Thematic" cBy="RLG" cDate="04/19/2012 10:54:52 PDT Thu" abbrev="" name="Result" ID="15619">
        <definition>&lt;def-root&gt;The state or event that follows due to the ready state.  &lt;/def-root&gt;</definition>
    </FE>
    <FE bgColor="9400D3" fgColor="FFFFFF" coreType="Peripheral" cBy="RLG" cDate="04/19/2012 10:54:52 PDT Thu" abbrev="dur" name="Duration" ID="15620">
        <definition>&lt;def-root&gt;The length of time that the &lt;fen&gt;Protagonist&lt;/fen&gt; remains ready to perform the &lt;fen&gt;Activity&lt;/fen&gt;.

&lt;ex&gt;We have been on &lt;t&gt;guard&lt;/t&gt; &lt;fex name="dur"&gt;for a long time&lt;/fex&gt;.&lt;/ex&gt;&lt;/def-root&gt;</definition>
    </FE>
    <FE bgColor="00008B" fgColor="FFFFFF" coreType="Extra-Thematic" cBy="RLG" cDate="04/19/2012 10:54:52 PDT Thu" abbrev="" name="Degree" ID="15621">
        <definition>&lt;def-root&gt;The &lt;fen&gt;Degree&lt;/fen&gt; to which the &lt;fen&gt;Protagonist&lt;/fen&gt; is wary of the possible Danger and ready to perform an &lt;fen&gt;Activity&lt;/fen&gt;.

&lt;ex&gt;All our soldiers are now on &lt;fex name="Degree"&gt;high&lt;/fex&gt; &lt;t&gt;alert&lt;/t&gt;.&lt;/ex&gt;&lt;/def-root&gt;</definition>
    </FE>
    <FE bgColor="0000FF" fgColor="FFFFFF" coreType="Core" cBy="RLG" cDate="04/19/2012 11:02:28 PDT Thu" abbrev="dan" name="Danger" ID="15622">
        <definition>&lt;def-root&gt;A dangerous event or situation which teh &lt;fen&gt;Protagonist&lt;/fen&gt; is aware of and is ready to respond to.

&lt;ex&gt;We were all on &lt;t&gt;guard&lt;/t&gt; &lt;fex name="dan"&gt;for possible attempts to sabotage the operation&lt;/fex&gt;.&lt;/ex&gt;&lt;/def-root&gt;</definition>
    </FE>
    <FE bgColor="2E8B57" fgColor="FFFFFF" coreType="Core" cBy="RLG" cDate="04/19/2012 11:05:24 PDT Thu" abbrev="dan_ent" name="Dangerous_entity" ID="15623">
        <definition>&lt;def-root&gt;An entity of which the &lt;fen&gt;Protagonist&lt;/fen&gt; is aware and which poses a danger.

&lt;ex&gt;Be on &lt;t&gt;alert&lt;/t&gt; &lt;fex name="dan_ent"&gt;for tigers&lt;/fex&gt;.&lt;/ex&gt;&lt;/def-root&gt;</definition>
    </FE>
    <frameRelation type="Inherits from">
        <relatedFrame ID="169">Activity_ready_state</relatedFrame>
    </frameRelation>
    <frameRelation type="Is Inherited by"/>
    <frameRelation type="Perspective on"/>
    <frameRelation type="Is Perspectivized in"/>
    <frameRelation type="Uses"/>
    <frameRelation type="Is Used by"/>
    <frameRelation type="Subframe of"/>
    <frameRelation type="Has Subframe(s)"/>
    <frameRelation type="Precedes"/>
    <frameRelation type="Is Preceded by"/>
    <frameRelation type="Is Inchoative of"/>
    <frameRelation type="Is Causative of"/>
    <frameRelation type="See also"/>
    <lexUnit status="In_Use" POS="N" name="alert.n" ID="17034" lemmaID="51515" cBy="RLG" cDate="04/19/2012 11:18:29 PDT Thu">
        <definition>FN: a state of readiness to act in response to a negative event or situation.</definition>
        <sentenceCount annotated="12" total="24"/>
        <lexeme order="1" headword="true" breakBefore="false" POS="N" name="alert"/>
    </lexUnit>
    <lexUnit status="Created" POS="N" name="guard.n" ID="17035" lemmaID="51516" cBy="RLG" cDate="04/19/2012 11:19:00 PDT Thu">
        <definition>FN: a protective stance or outlook, readiness against a possible danger.</definition>
        <sentenceCount annotated="0" total="0"/>
        <lexeme order="1" headword="true" breakBefore="false" POS="N" name="guard"/>
    </lexUnit>
</frame>