<?xml version="1.0" encoding="UTF-8" standalone="yes"?>
<?xml-stylesheet type="text/xsl" href="frame.xsl"?>
<frame cBy="ACW" cDate="07/24/2003 11:37:50 PDT Thu" name="Becoming_silent" ID="731" xsi:schemaLocation="../schema/frame.xsd" xmlns="http://framenet.icsi.berkeley.edu" xmlns:xsi="http://www.w3.org/2001/XMLSchema-instance">
    <definition>&lt;def-root&gt;In this frame a &lt;fen&gt;Speaker&lt;/fen&gt; ceases speaking, sometimes about a particular &lt;fen&gt;Topic&lt;/fen&gt;. An &lt;fen&gt;Expressor&lt;/fen&gt; may also be indicated.
&lt;ex&gt;&lt;/ex&gt;
The words of this frame are very frequently used imperatively, to the extent that certain words and phrases (&lt;ment&gt;not another word, silence, shhh&lt;/ment&gt;) can only be used this way.

&lt;ex&gt;Finally, &lt;fex name="Speaker"&gt;Jan&lt;/fex&gt; &lt;t&gt;shut&lt;/t&gt; &lt;t&gt;up&lt;/t&gt; &lt;fex name="Topic"&gt;about his car accident&lt;/fex&gt;.&lt;/ex&gt;
&lt;ex&gt;&lt;fex name="Expressor"&gt;The children's laughter&lt;/fex&gt; &lt;t&gt;quieted&lt;/t&gt; &lt;t&gt;down&lt;/t&gt;.&lt;/ex&gt;
&lt;ex&gt;Somehow, &lt;fex name="Speaker"&gt;he&lt;/fex&gt; managed to &lt;t&gt;hold&lt;/t&gt; &lt;fex name="Speaker"&gt;his&lt;/fex&gt; &lt;t&gt;tongue&lt;/t&gt;.&lt;/ex&gt;&lt;/def-root&gt;</definition>
    <FE bgColor="FF0000" fgColor="FFFFFF" coreType="Core" cBy="ACW" cDate="07/24/2003 11:38:46 PDT Thu" abbrev="" name="Speaker" ID="4825">
        <definition>&lt;def-root&gt;The &lt;fen&gt;Speaker&lt;/fen&gt; has previously been speaking but has now stopped.
&lt;ex&gt;&lt;fex name="Speaker"&gt;The children&lt;/fex&gt; finally &lt;t&gt;quieted&lt;/t&gt; &lt;t&gt;down&lt;/t&gt;.&lt;/ex&gt;&lt;/def-root&gt;</definition>
        <semType name="Sentient" ID="5"/>
    </FE>
    <FE bgColor="800080" fgColor="FFFFFF" coreType="Peripheral" cBy="ACW" cDate="07/24/2003 11:59:26 PDT Thu" abbrev="" name="Topic" ID="4826">
        <definition>&lt;def-root&gt;The &lt;fen&gt;Topic&lt;/fen&gt; is the subject which the &lt;fen&gt;Speaker&lt;/fen&gt; had been speaking about.
&lt;ex&gt;Mark &lt;t&gt;shut&lt;/t&gt; &lt;t&gt;up&lt;/t&gt; &lt;fex name="Topic"&gt;about the book&lt;/fex&gt;.&lt;/ex&gt;&lt;/def-root&gt;</definition>
    </FE>
    <FE bgColor="008000" fgColor="FFFFFF" coreType="Peripheral" cBy="ACW" cDate="07/24/2003 12:00:14 PDT Thu" abbrev="" name="Place" ID="4827">
        <definition>&lt;def-root&gt;The &lt;fen&gt;Place&lt;/fen&gt; is the location where the becoming silent occurs.&lt;/def-root&gt;</definition>
        <semType name="Locative_relation" ID="182"/>
    </FE>
    <FE bgColor="FFA500" fgColor="FFFFFF" coreType="Peripheral" cBy="ACW" cDate="07/24/2003 12:00:57 PDT Thu" abbrev="" name="Time" ID="4828">
        <definition>&lt;def-root&gt;The &lt;fen&gt;Time&lt;/fen&gt; is when the becoming silent occurs.&lt;/def-root&gt;</definition>
        <semType name="Time" ID="141"/>
    </FE>
    <FE bgColor="9400D3" fgColor="FFFFFF" coreType="Core" cBy="ACW" cDate="07/24/2003 12:19:53 PDT Thu" abbrev="" name="Expressor" ID="4831">
        <definition>&lt;def-root&gt;The &lt;fen&gt;Expressor&lt;/fen&gt; is the &lt;fen&gt;Speaker&lt;/fen&gt;'s voice or other communicative noise emitted by the &lt;fen&gt;Speaker&lt;/fen&gt;. &lt;ex&gt;&lt;fex name="Expressor"&gt;The excited chatter&lt;/fex&gt; &lt;t&gt;hushed&lt;/t&gt;.&lt;/ex&gt;&lt;/def-root &gt;</definition>
    </FE>
    <FE bgColor="FF00FF" fgColor="FFFFFF" coreType="Extra-Thematic" cBy="KmG" cDate="06/02/2006 11:14:49 PDT Fri" abbrev="" name="Manner" ID="10184">
        <definition>&lt;def-root&gt;The manner in which the quietening occurs. &lt;/def-root&gt;</definition>
    </FE>
    <FE bgColor="90876C" fgColor="FFFFFF" coreType="Extra-Thematic" cBy="HPh" cDate="05/05/2015 05:23:23 PDT Tue" abbrev="exp" name="Explanation" ID="16442">
        <definition>&lt;def-root&gt;The &lt;fen&gt;Explanation&lt;/fen&gt; denotes a proposition from which the main clause (headed by the target) logically follows. This often means that the &lt;fen&gt;Explanation&lt;/fen&gt; causes the target's proposition, but not in all cases.&lt;/def-root&gt;</definition>
        <semType name="State_of_affairs" ID="177"/>
    </FE>
    <FEcoreSet>
        <memberFE name="Speaker" ID="4825"/>
        <memberFE name="Expressor" ID="4831"/>
    </FEcoreSet>
    <frameRelation type="Inherits from"/>
    <frameRelation type="Is Inherited by"/>
    <frameRelation type="Perspective on"/>
    <frameRelation type="Is Perspectivized in"/>
    <frameRelation type="Uses"/>
    <frameRelation type="Is Used by"/>
    <frameRelation type="Subframe of"/>
    <frameRelation type="Has Subframe(s)"/>
    <frameRelation type="Precedes"/>
    <frameRelation type="Is Preceded by"/>
    <frameRelation type="Is Inchoative of"/>
    <frameRelation type="Is Causative of"/>
    <frameRelation type="See also"/>
    <lexUnit status="Created" POS="V" name="button (one's) lip.v" ID="9144" lemmaID="45540" cBy="ACW" cDate="07/24/2003 12:04:53 PDT Thu">
        <definition>FN: stop speaking and remain silent</definition>
        <sentenceCount annotated="2" total="24"/>
        <lexeme order="1" headword="true" breakBefore="false" POS="V" name="button"/>
        <lexeme order="2" headword="false" breakBefore="true" POS="N" name="lip"/>
    </lexUnit>
    <lexUnit status="Created" POS="IDIO" name="hold (one's) tongue.idio" ID="9145" lemmaID="45537" cBy="ACW" cDate="07/24/2003 12:07:24 PDT Thu">
        <definition>COD: remain silent</definition>
        <sentenceCount annotated="4" total="149"/>
        <lexeme order="1" headword="true" breakBefore="false" POS="V" name="hold"/>
        <lexeme order="2" headword="false" breakBefore="true" POS="N" name="tongue"/>
    </lexUnit>
    <lexUnit status="Created" POS="V" name="hush.v" ID="9146" lemmaID="18718" cBy="ACW" cDate="07/24/2003 12:38:29 PDT Thu">
        <definition>COD: to become quiet</definition>
        <sentenceCount annotated="5" total="112"/>
        <lexeme order="1" headword="false" breakBefore="false" POS="V" name="hush"/>
    </lexUnit>
    <lexUnit status="Created" POS="V" name="hush up.v" ID="9147" lemmaID="45535" cBy="ACW" cDate="07/24/2003 12:40:10 PDT Thu">
        <definition>FN: to be made silent</definition>
        <sentenceCount annotated="2" total="141"/>
        <lexeme order="1" headword="true" breakBefore="false" POS="V" name="hush"/>
        <lexeme order="2" headword="false" breakBefore="true" POS="ADV" name="up"/>
    </lexUnit>
    <lexUnit status="Created" POS="V" name="quiet.v" ID="9148" lemmaID="31526" cBy="ACW" cDate="07/24/2003 12:43:01 PDT Thu">
        <definition>FN: to make less noise than was previously being made</definition>
        <sentenceCount annotated="1" total="46"/>
        <lexeme order="1" headword="false" breakBefore="false" POS="V" name="quiet"/>
    </lexUnit>
    <lexUnit status="Created" POS="V" name="quiet down.v" ID="9149" lemmaID="45536" cBy="ACW" cDate="07/24/2003 12:44:20 PDT Thu">
        <definition>FN: to make less noise than one was previously making</definition>
        <sentenceCount annotated="2" total="93"/>
        <lexeme order="1" headword="true" breakBefore="false" POS="V" name="quiet"/>
        <lexeme order="2" headword="false" breakBefore="true" POS="ADV" name="down"/>
    </lexUnit>
    <lexUnit status="Created" POS="V" name="shush.v" ID="9150" lemmaID="35755" cBy="ACW" cDate="07/24/2003 12:47:29 PDT Thu">
        <definition>COD: be quiet.</definition>
        <sentenceCount annotated="3" total="39"/>
        <lexeme order="1" headword="false" breakBefore="false" POS="V" name="shush"/>
    </lexUnit>
    <lexUnit status="Created" POS="V" name="shut up.v" ID="9151" lemmaID="45416" cBy="ACW" cDate="07/24/2003 12:57:15 PDT Thu">
        <definition>FN: to stop making noise</definition>
        <sentenceCount annotated="9" total="370"/>
        <lexeme order="2" headword="false" breakBefore="true" POS="ADV" name="up"/>
        <lexeme order="1" headword="true" breakBefore="false" POS="V" name="shut"/>
    </lexUnit>
    <lexUnit status="Created" POS="V" name="stow it.v" ID="9152" lemmaID="45539" cBy="ACW" cDate="07/24/2003 01:13:20 PDT Thu">
        <definition>FN: refrain from speaking any further</definition>
        <sentenceCount annotated="2" total="46"/>
        <lexeme order="1" headword="true" breakBefore="false" POS="V" name="stow"/>
        <lexeme order="2" headword="false" breakBefore="false" POS="N" name="it"/>
    </lexUnit>
    <lexUnit status="Created" POS="V" name="silence.v" ID="11341" lemmaID="49750" cBy="MJE" cDate="11/29/2004 05:32:32 PST Mon">
        <definition>FN: (adjective used imperatively) be quiet.</definition>
        <sentenceCount annotated="0" total="0"/>
        <lexeme order="1" headword="true" breakBefore="false" POS="V" name="silence"/>
    </lexUnit>
    <lexUnit status="Created" POS="INTJ" name="sh.intj" ID="11343" lemmaID="49751" cBy="MJE" cDate="11/29/2004 05:43:57 PST Mon">
        <definition>COD: used to call for silence.</definition>
        <sentenceCount annotated="0" total="0"/>
        <lexeme order="1" headword="true" breakBefore="false" POS="INTJ" name="sh"/>
    </lexUnit>
    <lexUnit status="Finished_Initial" POS="V" name="quieten.v" ID="11923" lemmaID="31528" cBy="MiL" cDate="04/22/2005 04:56:08 PDT Fri">
        <definition>FN: cease making noise</definition>
        <sentenceCount annotated="7" total="70"/>
        <lexeme order="1" headword="false" breakBefore="false" POS="V" name="quieten"/>
    </lexUnit>
    <lexUnit status="Created" POS="V" name="pipe down.v" ID="11924" lemmaID="49968" cBy="MiL" cDate="04/22/2005 04:59:04 PDT Fri">
        <definition>FN: lower one's volume</definition>
        <sentenceCount annotated="0" total="0"/>
        <lexeme order="1" headword="true" breakBefore="false" POS="V" name="pipe"/>
        <lexeme order="2" headword="false" breakBefore="true" POS="ADV" name="down"/>
    </lexUnit>
    <lexUnit status="Created" POS="N" name="quiet.n" ID="15354" lemmaID="31525" cBy="AnW" cDate="06/15/2009 10:48:12 PDT Mon">
        <definition>FN: the state of being silent. Often occurs with verbs (keeping, remaining, staying).</definition>
        <sentenceCount annotated="1" total="1"/>
        <lexeme order="1" headword="false" breakBefore="false" POS="N" name="quiet"/>
    </lexUnit>
    <lexUnit status="Created" POS="V" name="seal (one's) lips.v" ID="17337" lemmaID="51625" cBy="CVa" cDate="02/19/2013 05:47:32 PST Tue">
        <definition>FN: to not discuss an event</definition>
        <sentenceCount annotated="1" total="1"/>
        <lexeme order="1" headword="true" breakBefore="false" POS="V" name="seal"/>
        <lexeme order="2" headword="false" breakBefore="false" POS="N" name="lips"/>
    </lexUnit>
    <lexUnit status="Created" POS="IDIO" name="not a word.idio" ID="18376" lemmaID="51982" cBy="MJE" cDate="09/24/2015 07:02:03 PDT Thu">
        <definition>FN: (imperative only) refrain from saying anything else</definition>
        <sentenceCount annotated="0" total="0"/>
        <lexeme order="1" headword="false" breakBefore="false" POS="ADV" name="not"/>
        <lexeme order="2" headword="false" breakBefore="false" POS="ART" name="a"/>
        <lexeme order="3" headword="true" breakBefore="false" POS="N" name="word"/>
    </lexUnit>
</frame>