<?xml version="1.0" encoding="UTF-8" standalone="yes"?>
<?xml-stylesheet type="text/xsl" href="frame.xsl"?>
<frame cBy="RLG" cDate="03/30/2006 10:59:33 PST Thu" name="Becoming_a_member" ID="1733" xsi:schemaLocation="../schema/frame.xsd" xmlns="http://framenet.icsi.berkeley.edu" xmlns:xsi="http://www.w3.org/2001/XMLSchema-instance">
    <definition>&lt;def-root&gt;A &lt;fen&gt;New_member&lt;/fen&gt; becomes a member of a socially-constructed &lt;fen&gt;Group&lt;/fen&gt;.
&lt;ex&gt;&lt;fex name="New_member"&gt;Seven new members and the three countries&lt;/fex&gt; &lt;t&gt;joined&lt;/t&gt; &lt;fex name="Group"&gt;the alliance&lt;/fex&gt; &lt;fex name="Time"&gt;five years ago&lt;/fex&gt;.&lt;/ex&gt;
&lt;ex&gt;&lt;fex name="New_member"&gt;Most new students&lt;/fex&gt; &lt;t&gt;enroll&lt;/t&gt; &lt;fex name="Group"&gt;in a university&lt;/fex&gt; &lt;fex name="Manner"&gt;without declaring a major&lt;/fex&gt;.&lt;/ex&gt;
&lt;ex&gt;It represents &lt;fex name="New_member"&gt;every man and woman who&lt;/fex&gt; has &lt;t&gt;enlisted&lt;/t&gt; &lt;fex name="Group"&gt;in the armed forces&lt;/fex&gt; &lt;fex name="Purpose"&gt;to protect our families and serve the community&lt;/fex&gt;.&lt;/ex&gt;&lt;/def-root&gt;</definition>
    <FE bgColor="FF0000" fgColor="FFFFFF" coreType="Core" cBy="RLG" cDate="03/30/2006 10:59:33 PST Thu" abbrev="new" name="New_member" ID="10025">
        <definition>&lt;def-root&gt;The &lt;fen&gt;New_member&lt;/fen&gt; becomes a member of a (socially-defined) &lt;fen&gt;Group&lt;/fen&gt;.

&lt;ex&gt;Have &lt;fex name="new"&gt;you&lt;/fex&gt; &lt;t&gt;signed&lt;/t&gt; &lt;t&gt;up&lt;/t&gt; for the new Medicare Prescription program?&lt;/ex&gt;&lt;/def-root&gt;</definition>
        <semType name="Sentient" ID="5"/>
    </FE>
    <FE bgColor="008000" fgColor="FFFFFF" coreType="Peripheral" cBy="RLG" cDate="03/30/2006 10:59:33 PST Thu" abbrev="Place" name="Place" ID="10026">
        <definition>&lt;def-root&gt;This FE identifies the place where the joining occurs.&lt;/def-root&gt;</definition>
        <semType name="Locative_relation" ID="182"/>
    </FE>
    <FE bgColor="800080" fgColor="FFFFFF" coreType="Peripheral" cBy="RLG" cDate="03/30/2006 10:59:33 PST Thu" abbrev="Purp" name="Purpose" ID="10027">
        <definition>&lt;def-root&gt;This FE identifies the purpose for which the &lt;fen&gt;New_member&lt;/fen&gt; joins the &lt;fen&gt;Group&lt;/fen&gt;.

&lt;ex&gt;In 1714 he &lt;t&gt;enlisted&lt;/t&gt; in the Venetian army &lt;fex name="Purp"&gt;to fight against the Moslem Turks.&lt;/fex&gt;&lt;/ex&gt;&lt;/def-root&gt;</definition>
        <semType name="State_of_affairs" ID="177"/>
    </FE>
    <FE bgColor="FFA500" fgColor="FFFFFF" coreType="Peripheral" cBy="RLG" cDate="03/30/2006 10:59:33 PST Thu" abbrev="Time" name="Time" ID="10028">
        <definition>&lt;def-root&gt;This FE identifies the time when the &lt;fen&gt;New_member&lt;/fen&gt; joins the &lt;fen&gt;Group&lt;/fen&gt;.

&lt;ex&gt;An avid skier myself, I ventured to Aspen and &lt;t&gt;enrolled&lt;/t&gt; in Nevin's school &lt;fex name="Time"&gt;last winter&lt;/fex&gt; to see what all the fuss was about.&lt;/ex&gt;&lt;/def-root&gt;</definition>
        <semType name="Time" ID="141"/>
    </FE>
    <FE bgColor="FF69B4" fgColor="FFFFFF" coreType="Peripheral" cBy="RLG" cDate="03/30/2006 10:59:33 PST Thu" abbrev="Means" name="Means" ID="10029">
        <definition>&lt;def-root&gt;This FE identifies the Means by which the &lt;fen&gt;New_member&lt;/fen&gt; becomes part of the group.&lt;/def-root&gt;</definition>
        <semType name="State_of_affairs" ID="177"/>
    </FE>
    <FE bgColor="FF00FF" fgColor="FFFFFF" coreType="Peripheral" cBy="RLG" cDate="03/30/2006 10:59:33 PST Thu" abbrev="Mnr" name="Manner" ID="10030">
        <definition>&lt;def-root&gt;Any description of the intentional act which is not covered by more specific FEs, including secondary effects (&lt;ment&gt;quietly, loudly&lt;/ment&gt;), and general descriptions comparing events (&lt;ment&gt;the same way&lt;/ment&gt;). In addition, it may indicate salient characteristics of a &lt;fen&gt;New_member&lt;/fen&gt; that also affect the action (&lt;ment&gt;presumptuously, coldly, deliberately, eagerly, carefully&lt;/ment&gt;). &lt;/def-root&gt;</definition>
        <semType name="Manner" ID="173"/>
    </FE>
    <FE bgColor="00BFFF" fgColor="FFFFFF" coreType="Extra-Thematic" cBy="RLG" cDate="03/30/2006 10:59:33 PST Thu" abbrev="fre" name="Frequency" ID="10032">
        <definition>&lt;def-root&gt;The &lt;fen&gt;Frequency&lt;/fen&gt; with which the &lt;fen&gt;New_member&lt;/fen&gt; becomes a member of a &lt;fen&gt;Group&lt;/fen&gt;.&lt;/def-root&gt;</definition>
    </FE>
    <FE bgColor="0000FF" fgColor="FFFFFF" coreType="Core" cBy="RLG" cDate="03/30/2006 11:01:28 PST Thu" abbrev="gro" name="Group" ID="10033">
        <definition>&lt;def-root&gt;The &lt;fen&gt;Group&lt;/fen&gt; is a socially-constructed entity composed of members.
&lt;ex&gt;Please &lt;t&gt;join&lt;/t&gt; &lt;fex name="gro"&gt;our club&lt;/fex&gt;! &lt;fex name="New_member"&gt;CNI&lt;/fex&gt;&lt;/ex&gt;&lt;/def-root&gt;</definition>
    </FE>
    <FE bgColor="90876C" fgColor="FFFFFF" coreType="Extra-Thematic" cBy="RLG" cDate="03/30/2006 12:16:07 PST Thu" abbrev="exp" name="Explanation" ID="10036">
        <definition>&lt;def-root&gt;A factor that explains why the &lt;fen&gt;New_member&lt;/fen&gt; joins the &lt;fen&gt;Group&lt;/fen&gt;.

&lt;ex&gt; I &lt;t&gt;enlisted&lt;/t&gt; in the Navy &lt;fex name="exp"&gt;because no one else in my family had ever been in it before&lt;/fex&gt;.&lt;/ex&gt;&lt;/def-root&gt;</definition>
        <semType name="State_of_affairs" ID="177"/>
    </FE>
    <FE bgColor="808080" fgColor="FFFFFF" coreType="Extra-Thematic" cBy="RLG" cDate="04/06/2006 01:50:40 PDT Thu" abbrev="rol" name="Role" ID="10037">
        <definition>&lt;def-root&gt;The capacity or role in which the &lt;fen&gt;New_member&lt;/fen&gt; is placed upon joining the &lt;fen&gt;Group&lt;/fen&gt;.

&lt;ex&gt;Rogers &lt;t&gt;joined&lt;/t&gt; our company last year &lt;fex name="rol"&gt;as Vice President&lt;/fex&gt;.&lt;/ex&gt;&lt;/def-root&gt;</definition>
    </FE>
    <FE bgColor="9F79EE" fgColor="FFFFFF" coreType="Extra-Thematic" cBy="KmG" cDate="04/13/2006 04:55:11 PDT Thu" abbrev="" name="Depictive" ID="10039">
        <definition>&lt;def-root&gt;The state of the &lt;fen&gt;New_member&lt;/fen&gt; when they join.&lt;/def-root&gt;</definition>
    </FE>
    <FE bgColor="7CCD73" fgColor="FFFFFF" coreType="Extra-Thematic" cBy="KmG" cDate="04/13/2006 05:09:33 PDT Thu" abbrev="" name="Reciprocation" ID="10040">
        <definition>&lt;def-root&gt;This FE denotes an event paired with that of the main clause, which explains why the event of the main clause is expected. In particular, reciprocation is used to indicate an action that is being rewarded or punished in the main clause, or an action that is paired with the action in the main clause as the other side of an agreement. &lt;/def-root&gt;</definition>
    </FE>
    <FE bgColor="FFFF00" fgColor="000000" coreType="Extra-Thematic" cBy="KmG" cDate="06/13/2006 12:43:29 PDT Tue" abbrev="" name="Circumstances" ID="10280">
        <definition>&lt;def-root&gt;Circumstances describe the state of the world (at a particular time and place) which is specifically independent of the event itself and any of its participants. &lt;/def-root&gt;</definition>
    </FE>
    <FE bgColor="A52A2A" fgColor="FFFFFF" coreType="Extra-Thematic" cBy="KmG" cDate="03/16/2007 03:38:01 PDT Fri" abbrev="re-e" name="Re-encoding" ID="11219">
        <definition>&lt;def-root&gt;This FE presents the current frame as an integral part of a larger conceptualization expressed by another frame. The frame expressed by the target typically corresponds to a Means action.&lt;/def-root&gt;</definition>
    </FE>
    <frameRelation type="Inherits from">
        <relatedFrame ID="198">Intentionally_act</relatedFrame>
    </frameRelation>
    <frameRelation type="Is Inherited by"/>
    <frameRelation type="Perspective on"/>
    <frameRelation type="Is Perspectivized in"/>
    <frameRelation type="Uses"/>
    <frameRelation type="Is Used by"/>
    <frameRelation type="Subframe of"/>
    <frameRelation type="Has Subframe(s)"/>
    <frameRelation type="Precedes"/>
    <frameRelation type="Is Preceded by"/>
    <frameRelation type="Is Inchoative of">
        <relatedFrame ID="1026">Membership</relatedFrame>
    </frameRelation>
    <frameRelation type="Is Causative of"/>
    <frameRelation type="See also"/>
    <lexUnit status="Finished_Initial" POS="V" name="join.v" ID="13160" lemmaID="21017" cBy="RLG" cDate="03/30/2006 11:34:59 PST Thu">
        <definition>FN: become a member of.</definition>
        <sentenceCount annotated="54" total="429"/>
        <lexeme order="1" headword="false" breakBefore="false" POS="V" name="join"/>
    </lexUnit>
    <lexUnit status="Finished_Initial" POS="V" name="enlist.v" ID="13162" lemmaID="12798" cBy="RLG" cDate="03/30/2006 11:40:28 PST Thu">
        <definition>FN: join a group, especially a military organization.</definition>
        <sentenceCount annotated="17" total="119"/>
        <lexeme order="1" headword="false" breakBefore="false" POS="V" name="enlist"/>
    </lexUnit>
    <lexUnit status="Finished_Initial" POS="V" name="enroll.v" ID="13164" lemmaID="50347" cBy="RLG" cDate="03/30/2006 11:44:27 PST Thu">
        <definition>FN: to enter a group, especially by signing up.</definition>
        <sentenceCount annotated="11" total="188"/>
        <lexeme order="1" headword="true" breakBefore="false" POS="V" name="enroll"/>
    </lexUnit>
    <lexUnit status="Created" POS="V" name="sign up.v" ID="13165" lemmaID="50348" cBy="RLG" cDate="03/30/2006 11:47:13 PST Thu">
        <definition>FN: to agree to be a member of a group.</definition>
        <sentenceCount annotated="0" total="0"/>
        <lexeme order="1" headword="true" breakBefore="false" POS="V" name="sign"/>
        <lexeme order="2" headword="false" breakBefore="true" POS="PREP" name="up"/>
    </lexUnit>
    <lexUnit status="Created" POS="V" name="enter.v" ID="13170" lemmaID="12844" cBy="RLG" cDate="03/30/2006 11:57:26 PST Thu">
        <definition>COD: join (an institution or profession).</definition>
        <sentenceCount annotated="1" total="1"/>
        <lexeme order="1" headword="false" breakBefore="false" POS="V" name="enter"/>
    </lexUnit>
</frame>