<?xml version="1.0" encoding="UTF-8" standalone="yes"?>
<?xml-stylesheet type="text/xsl" href="frame.xsl"?>
<frame cBy="KmG" cDate="03/03/2008 03:51:43 PST Mon" name="Becoming_dry" ID="2029" xsi:schemaLocation="../schema/frame.xsd" xmlns="http://framenet.icsi.berkeley.edu" xmlns:xsi="http://www.w3.org/2001/XMLSchema-instance">
    <definition>&lt;def-root&gt;An &lt;fen&gt;Entity&lt;/fen&gt; loses moisture with the outcome of being in a dry state.

&lt;ex&gt;&lt;fex name="Entity"&gt;The slab&lt;/fex&gt; &lt;t&gt;dries&lt;/t&gt; &lt;fex name="Manner"&gt;very quickly&lt;/fex&gt;.&lt;/ex&gt;&lt;/def-root&gt;</definition>
    <FE bgColor="FF0000" fgColor="FFFFFF" coreType="Core" cBy="KmG" cDate="03/03/2008 03:52:55 PST Mon" abbrev="Ent" name="Entity" ID="12324">
        <definition>&lt;def-root&gt;The &lt;fen&gt;Entity&lt;/fen&gt; is the thing that loses moisture and becomes dry.&lt;/def-root&gt;</definition>
    </FE>
    <FE bgColor="FF69B4" fgColor="FFFFFF" coreType="Peripheral" cBy="KmG" cDate="03/03/2008 03:54:08 PST Mon" abbrev="Deg" name="Degree" ID="12325">
        <definition>&lt;def-root&gt;The intensity with which the &lt;fen&gt;Entity&lt;/fen&gt; becomes dry.&lt;/def-root&gt;</definition>
    </FE>
    <FE bgColor="FF00FF" fgColor="FFFFFF" coreType="Peripheral" cBy="KmG" cDate="03/03/2008 03:54:42 PST Mon" abbrev="Man" name="Manner" ID="12326">
        <definition>&lt;def-root&gt;The way in which the &lt;fen&gt;Entity&lt;/fen&gt; becomes dry.&lt;/def-root&gt;</definition>
    </FE>
    <FE bgColor="008000" fgColor="FFFFFF" coreType="Peripheral" cBy="KmG" cDate="03/03/2008 03:55:20 PST Mon" abbrev="Pla" name="Place" ID="12327">
        <definition>&lt;def-root&gt;The location where the &lt;fen&gt;Entity&lt;/fen&gt; becomes dry.&lt;/def-root&gt;</definition>
    </FE>
    <FE bgColor="FFA500" fgColor="FFFFFF" coreType="Peripheral" cBy="KmG" cDate="03/03/2008 03:55:48 PST Mon" abbrev="Tim" name="Time" ID="12328">
        <definition>&lt;def-root&gt;When the &lt;fen&gt;Entity&lt;/fen&gt; becomes dry.&lt;/def-root&gt;</definition>
    </FE>
    <FE bgColor="7CCD7C" fgColor="FFFFFF" coreType="Extra-Thematic" cBy="KmG" cDate="03/05/2008 03:03:44 PST Wed" abbrev="" name="Circumstances" ID="12337">
        <definition>&lt;def-root&gt;The situation in which the &lt;fex name="Entity"&gt;Entity&lt;/fex&gt; is becoming dry.&lt;/def-root&gt;</definition>
    </FE>
    <FE bgColor="00BFFF" fgColor="000000" coreType="Extra-Thematic" cBy="JKs" cDate="03/31/2008 01:05:50 PDT Mon" abbrev="" name="Concessive" ID="12395">
        <definition>&lt;def-root&gt;This FE signifies that the state of affairs expressed by the main clause (containing the target) occurs or holds, and something other than that state of affairs would be expected given the state of affairs in the concessive clause. &lt;/def-root&gt;</definition>
    </FE>
    <FE bgColor="A9A9A9" fgColor="000000" coreType="Extra-Thematic" cBy="JKs" cDate="03/31/2008 01:29:00 PDT Mon" abbrev="" name="Particular_iteration" ID="12397">
        <definition>&lt;def-root&gt;This FE indicates that the visiting is a particular instance in a series of repeated visiting events.&lt;/def-root&gt;</definition>
    </FE>
    <frameRelation type="Inherits from">
        <relatedFrame ID="2972">Transition_to_a_quality</relatedFrame>
    </frameRelation>
    <frameRelation type="Is Inherited by"/>
    <frameRelation type="Perspective on"/>
    <frameRelation type="Is Perspectivized in"/>
    <frameRelation type="Uses"/>
    <frameRelation type="Is Used by"/>
    <frameRelation type="Subframe of"/>
    <frameRelation type="Has Subframe(s)"/>
    <frameRelation type="Precedes"/>
    <frameRelation type="Is Preceded by"/>
    <frameRelation type="Is Inchoative of">
        <relatedFrame ID="338">Being_dry</relatedFrame>
    </frameRelation>
    <frameRelation type="Is Causative of"/>
    <frameRelation type="See also"/>
    <lexUnit status="Rules_Defined" POS="V" name="dry up.v" ID="14817" lemmaID="45721" cBy="KmG" cDate="03/03/2008 03:58:51 PST Mon">
        <definition>FN: FN: To lose moisture and become completely dried out.</definition>
        <sentenceCount annotated="1" total="1"/>
        <lexeme order="1" headword="true" breakBefore="false" POS="V" name="dry"/>
        <lexeme order="2" headword="false" breakBefore="true" POS="ADV" name="up"/>
    </lexUnit>
    <lexUnit status="Created" POS="V" name="exsiccate.v" ID="14818" lemmaID="50834" cBy="KmG" cDate="03/03/2008 04:01:27 PST Mon">
        <definition>FN: to dehydrate</definition>
        <sentenceCount annotated="0" total="0"/>
        <lexeme order="1" headword="true" breakBefore="false" POS="V" name="exsiccate"/>
    </lexUnit>
    <lexUnit status="Insufficient_Attestations" POS="V" name="dehydrate.v" ID="14819" lemmaID="9992" cBy="KmG" cDate="03/03/2008 04:02:31 PST Mon">
        <definition>FN: to lose water</definition>
        <sentenceCount annotated="5" total="48"/>
        <lexeme order="1" headword="false" breakBefore="false" POS="V" name="dehydrate"/>
    </lexUnit>
    <lexUnit status="Finished_Initial" POS="V" name="dry.v" ID="14882" lemmaID="11869" cBy="JKs" cDate="03/19/2008 04:13:28 PDT Wed">
        <definition>FN: to lose moisture</definition>
        <sentenceCount annotated="11" total="150"/>
        <lexeme order="1" headword="false" breakBefore="false" POS="V" name="dry"/>
    </lexUnit>
</frame>