<?xml version="1.0" encoding="UTF-8" standalone="yes"?>
<?xml-stylesheet type="text/xsl" href="frame.xsl"?>
<frame cBy="RLG" cDate="10/04/2002 08:52:30 PDT Fri" name="Behind_the_scenes" ID="409" xsi:schemaLocation="../schema/frame.xsd" xmlns="http://framenet.icsi.berkeley.edu" xmlns:xsi="http://www.w3.org/2001/XMLSchema-instance">
    <definition>&lt;def-root&gt;&lt;fen&gt;Artist&lt;/fen&gt;s work at various tasks that further the completion of a film, play, television show, or other similar &lt;fen&gt;Production&lt;/fen&gt;.  &lt;fen&gt;Artist&lt;/fen&gt;s never appear on stage or in front of a camera.  Some (e.g., a director) may interact with the actors (on-screen participants) of the &lt;fen&gt;Production&lt;/fen&gt;.  Often times a particular &lt;fen&gt;Production&lt;/fen&gt; is made for distribution by a &lt;fen&gt;Distributor&lt;/fen&gt;, by a particular &lt;fen&gt;Studio&lt;/fen&gt;, or in a specific &lt;fen&gt;Medium&lt;/fen&gt;.  The &lt;fen&gt;Artist&lt;/fen&gt;s may be categorized into &lt;fen&gt;Type&lt;/fen&gt; or work in specific &lt;fen&gt;Medium&lt;/fen&gt;.
&lt;ex&gt;&lt;fex name="Artist"&gt;Steven Spielberg&lt;/fex&gt; &lt;t&gt;directed&lt;/t&gt; &lt;fex name="Production"&gt;several films&lt;/fex&gt; &lt;fex name="Studio"&gt;for Universal Pictures&lt;/fex&gt;.&lt;/ex&gt;
&lt;ex&gt;&lt;fex name="Studio"&gt;Universal Pictures and Amblin Entertainment&lt;/fex&gt; &lt;t&gt;produced&lt;/t&gt; &lt;fex name="Production"&gt;Jurassic Park&lt;/fex&gt; &lt;fex name="Distributor"&gt;for MCA&lt;/fex&gt;.&lt;/ex&gt;
&lt;ex&gt;Surprisingly, this &lt;fex name="Medium"&gt;film&lt;/fex&gt; &lt;fex name="Artist"&gt;&lt;t&gt;producer&lt;/t&gt;&lt;/fex&gt; was willing to work for a cable company.&lt;/ex&gt;
&lt;ex&gt;&lt;fex name="Type"&gt;Independent&lt;/fex&gt; &lt;fex name="Artist"&gt;&lt;t&gt;producers&lt;/t&gt;&lt;/fex&gt; often win big at smaller film festivals.&lt;/ex&gt;&lt;/def-root&gt;</definition>
    <semType name="Non-perspectivalized_frame" ID="52"/>
    <FE bgColor="FF0000" fgColor="FFFFFF" coreType="Core" cBy="RLG" cDate="10/04/2002 08:56:21 PDT Fri" abbrev="Art" name="Artist" ID="3760">
        <definition>&lt;def-root&gt;The &lt;fen&gt;Artist&lt;/fen&gt; works off-stage to help make the &lt;fen&gt;Production&lt;/fen&gt;.
&lt;ex&gt;&lt;fex name="Artist"&gt;John Williams&lt;/fex&gt; &lt;t&gt;composed&lt;/t&gt; the soundtrack to Star Wars.&lt;/ex&gt;&lt;/def-root&gt;</definition>
    </FE>
    <FE bgColor="0000FF" fgColor="FFFFFF" coreType="Core" cBy="RLG" cDate="10/04/2002 08:57:40 PDT Fri" abbrev="Prod" name="Production" ID="3761">
        <definition>&lt;def-root&gt;The &lt;fen&gt;Production&lt;/fen&gt; is the final product put out by the off-stage (and on-stage) participants.
&lt;ex&gt;Ralph Smith &lt;t&gt;produced&lt;/t&gt; &lt;fex name="Prod"&gt;the off-Broadway hit "Why Is My Name Ralph?"&lt;/fex&gt;.&lt;/ex&gt;&lt;/def-root&gt;</definition>
    </FE>
    <FE bgColor="808080" fgColor="FFFFFF" coreType="Core" cBy="RLG" cDate="10/04/2002 09:07:42 PDT Fri" abbrev="Type" name="Type" ID="3764">
        <definition>&lt;def-root&gt;An &lt;fen&gt;Artist&lt;/fen&gt; may be categorizedy by &lt;fen&gt;Type&lt;/fen&gt;.
&lt;ex&gt;&lt;fex name="Type"&gt;Hollywood&lt;/fex&gt; &lt;t&gt;director&lt;/t&gt;&lt;/ex&gt;
&lt;ex&gt;&lt;fex name="Type"&gt;independent&lt;/fex&gt; &lt;t&gt;film-maker&lt;/t&gt;&lt;/ex&gt;&lt;/def-root&gt;</definition>
    </FE>
    <FE bgColor="00BFFF" fgColor="FFFFFF" coreType="Core" cBy="RLG" cDate="10/04/2002 09:11:52 PDT Fri" abbrev="Dist" name="Distributor" ID="3765">
        <definition>&lt;def-root&gt;Often (especially with film or television) the &lt;fen&gt;Production&lt;/fen&gt; is advertised and transmitted to the audience by the &lt;fen&gt;Distributor&lt;/fen&gt;.
&lt;ex&gt;Even desperate producers would never &lt;t&gt;produce&lt;/t&gt; a film &lt;fex name="Dist"&gt;for that television station&lt;/fex&gt;.&lt;/ex&gt;&lt;/def-root&gt;</definition>
    </FE>
    <FE bgColor="A52A2A" fgColor="FFFFFF" coreType="Core" cBy="RLG" cDate="10/04/2002 09:16:19 PDT Fri" abbrev="Studio" name="Studio" ID="3766">
        <definition>&lt;def-root&gt;This FE indicates the particular orgainzaion that makes the &lt;fen&gt;Production&lt;/fen&gt;.
&lt;ex&gt;The latest performance &lt;t&gt;produced&lt;/t&gt; &lt;fex name="Studio"&gt;by The Umbrella Thesbians&lt;/fex&gt; was a major hit in France.&lt;/ex&gt;
&lt;ex&gt;First layer: &lt;fex name="Studio"&gt;New Line Cinema&lt;/fex&gt; &lt;t&gt;produces&lt;/t&gt; several films each year.&lt;/ex&gt;
&lt;ex&gt;Second layer: &lt;fex name="Artist"&gt;New Line Cinema&lt;/fex&gt; &lt;t&gt;produces&lt;/t&gt; several films each year.&lt;/ex&gt;&lt;/def-root&gt;</definition>
    </FE>
    <FE bgColor="9F79EE" fgColor="FFFFFF" coreType="Core" cBy="RLG" cDate="10/04/2002 09:18:07 PDT Fri" abbrev="Med" name="Medium" ID="3767">
        <definition>&lt;def-root&gt;This FE indicates the &lt;fen&gt;Medium&lt;/fen&gt; in which a particular &lt;fen&gt;Artist&lt;/fen&gt; works or a &lt;fen&gt;Production&lt;/fen&gt; is made.
&lt;ex&gt;He &lt;t&gt;produces&lt;/t&gt; &lt;fex name="Medium"&gt;for television&lt;/fex&gt;&lt;/ex&gt;
&lt;ex&gt;She is a &lt;fex name="Medium"&gt;theatre&lt;/fex&gt; &lt;t&gt;director&lt;/t&gt;.&lt;/ex&gt;&lt;/def-root&gt;</definition>
    </FE>
    <FE bgColor="FFA500" fgColor="FFFFFF" coreType="Peripheral" cBy="RLG" cDate="10/07/2002 08:10:42 PDT Mon" abbrev="Time" name="Time" ID="3783">
        <definition>&lt;def-root&gt;This FE indicates the time when the &lt;fen&gt;Production&lt;/fen&gt; is made.
&lt;ex&gt;Silence of the Lambs was &lt;t&gt;filmed&lt;/t&gt; &lt;fex name="Time"&gt;in 1991&lt;/fex&gt;.&lt;/ex&gt;&lt;/def-root&gt;</definition>
        <semType name="Time" ID="141"/>
    </FE>
    <FE bgColor="008000" fgColor="FFFFFF" coreType="Peripheral" cBy="RLG" cDate="10/07/2002 08:12:46 PDT Mon" abbrev="Place" name="Place" ID="3784">
        <definition>&lt;def-root&gt;This FE indicates the location of production.
&lt;ex&gt;The documentary was &lt;t&gt;shot&lt;/t&gt; &lt;fex name="Place"&gt;on location&lt;/fex&gt;.&lt;/ex&gt;&lt;/def-root&gt;</definition>
        <semType name="Locative_relation" ID="182"/>
    </FE>
    <FE bgColor="9400D3" fgColor="FFFFFF" coreType="Peripheral" cBy="RLG" cDate="10/09/2002 08:46:10 PDT Wed" abbrev="Nat" name="Nationality" ID="3795">
        <definition>&lt;def-root&gt;This FE indicates the &lt;fen&gt;Nationality&lt;/fen&gt;, ethnicity, or primary working location of the &lt;fen&gt;Artist&lt;/fen&gt;.
&lt;ex&gt;Several &lt;fex name="Nationality"&gt;Canadian&lt;/fex&gt; &lt;t&gt;directors&lt;/t&gt; have received attention from critics in recent years.&lt;/ex&gt;
&lt;ex&gt;&lt;fex name="Nationality"&gt;Local&lt;/fex&gt; &lt;t&gt;film-makers&lt;/t&gt; often collaborate for larger efforts.&lt;/ex&gt;&lt;/def-root&gt;</definition>
    </FE>
    <FE bgColor="800080" fgColor="FFFFFF" coreType="Peripheral" cBy="RLG" cDate="10/16/2002 08:45:30 PDT Wed" abbrev="Purp" name="Purpose" ID="3815">
        <definition>&lt;def-root&gt;The &lt;fen&gt;Purpose&lt;/fen&gt; for which an &lt;fen&gt;Artist&lt;/fen&gt; works on a &lt;fen&gt;Production&lt;/fen&gt;.
&lt;ex&gt;I &lt;t&gt;produced&lt;/t&gt; this film &lt;fex name="Purpose"&gt;to let people know what I went through as a child&lt;/fex&gt;.&lt;/ex&gt;&lt;/def-root&gt;</definition>
        <semType name="State_of_affairs" ID="177"/>
    </FE>
    <FE bgColor="00008B" fgColor="FFFFFF" coreType="Core" cBy="RLG" cDate="10/16/2002 10:37:18 PDT Wed" abbrev="Perf" name="Performer" ID="3816">
        <definition>&lt;def-root&gt;In screen performances, the &lt;fen&gt;Performer&lt;/fen&gt; is filmed as he or she acts out a role with respect to the larger &lt;fen&gt;Production&lt;/fen&gt;
&lt;ex&gt;This particular scene was &lt;t&gt;shot&lt;/t&gt; &lt;fex name="Perf"&gt;with a local choir and dancers&lt;/fex&gt;.&lt;/ex&gt;&lt;/def-root&gt;</definition>
    </FE>
    <FE bgColor="7CCD73" fgColor="FFFFFF" coreType="Core" cBy="RLG" cDate="10/18/2002 08:40:05 PDT Fri" abbrev="Scr" name="Score" ID="3831">
        <definition>&lt;def-root&gt;The music which may be performed in the performance of the &lt;fen&gt;Production&lt;/fen&gt;, either in isolation or accompanying actions and speech.&lt;/def-root&gt;</definition>
    </FE>
    <FE bgColor="1E90FF" fgColor="FFFFFF" coreType="Core" cBy="RLG" cDate="10/30/2002 08:17:46 PST Wed" abbrev="Scene" name="Scene" ID="3869">
        <definition>&lt;def-root&gt;A &lt;fen&gt;Scene&lt;/fen&gt; is a sub-part of a larger production.  In film, scenes are sometimes recorded independently, and later edited into the final movie.&lt;/def-root&gt;</definition>
    </FE>
    <FE bgColor="FF00FF" fgColor="FFFFFF" coreType="Peripheral" cBy="RLG" cDate="11/14/2002 09:39:25 PST Thu" abbrev="Mnr" name="Manner" ID="3898">
        <definition>&lt;def-root&gt;The &lt;fen&gt;Manner&lt;/fen&gt; in which the &lt;fen&gt;Artist&lt;/fen&gt; creates the &lt;fen&gt;Production&lt;/fen&gt;.&lt;/def-root&gt;</definition>
        <semType name="Manner" ID="173"/>
    </FE>
    <frameRelation type="Inherits from"/>
    <frameRelation type="Is Inherited by"/>
    <frameRelation type="Perspective on"/>
    <frameRelation type="Is Perspectivized in"/>
    <frameRelation type="Uses">
        <relatedFrame ID="405">Performing_arts</relatedFrame>
    </frameRelation>
    <frameRelation type="Is Used by"/>
    <frameRelation type="Subframe of"/>
    <frameRelation type="Has Subframe(s)"/>
    <frameRelation type="Precedes"/>
    <frameRelation type="Is Preceded by"/>
    <frameRelation type="Is Inchoative of"/>
    <frameRelation type="Is Causative of"/>
    <frameRelation type="See also"/>
    <lexUnit status="Finished_Initial" POS="N" name="film-maker.n" ID="7557" lemmaID="46157" cBy="RLG" cDate="10/07/2002 06:04:17 PDT Mon">
        <definition>COD: a person who directs or produces films for the cinema or television.</definition>
        <sentenceCount annotated="6" total="42"/>
        <lexeme order="1" headword="false" breakBefore="false" POS="N" name="film-maker"/>
    </lexUnit>
    <lexUnit status="Finished_Initial" POS="N" name="director.n" ID="7558" lemmaID="10759" cBy="RLG" cDate="10/08/2002 09:51:20 PDT Tue">
        <definition>COD: a person who directs a film, play, etc.</definition>
        <sentenceCount annotated="30" total="329"/>
        <lexeme order="1" headword="false" breakBefore="false" POS="N" name="director"/>
    </lexUnit>
    <lexUnit status="Finished_Initial" POS="N" name="producer.n" ID="7559" lemmaID="30580" cBy="RLG" cDate="10/08/2002 09:56:45 PDT Tue">
        <definition>FN: a person who administers the financial and managerial aspects of a film or broadcast or the staging of a play.</definition>
        <sentenceCount annotated="50" total="325"/>
        <lexeme order="1" headword="false" breakBefore="false" POS="N" name="producer"/>
    </lexUnit>
    <lexUnit status="Finished_Initial" POS="V" name="direct.v" ID="7560" lemmaID="10748" cBy="RLG" cDate="10/08/2002 09:57:54 PDT Tue">
        <definition>COD: supervise and control (a film, play, or other production).</definition>
        <sentenceCount annotated="25" total="346"/>
        <lexeme order="1" headword="false" breakBefore="false" POS="V" name="direct"/>
    </lexUnit>
    <lexUnit status="Finished_Initial" POS="V" name="produce.v" ID="7561" lemmaID="30579" cBy="RLG" cDate="10/08/2002 09:59:51 PDT Tue">
        <definition>COD: administer the financial and managerial aspects of (a film or broadcast) or the staging of (a play).</definition>
        <sentenceCount annotated="23" total="336"/>
        <lexeme order="1" headword="false" breakBefore="false" POS="V" name="produce"/>
    </lexUnit>
    <lexUnit status="Finished_Initial" POS="V" name="shoot.v" ID="7562" lemmaID="35615" cBy="RLG" cDate="10/08/2002 10:01:18 PDT Tue">
        <definition>COD: film or photograph (a scene, film, etc.).</definition>
        <sentenceCount annotated="17" total="29"/>
        <lexeme order="1" headword="false" breakBefore="false" POS="V" name="shoot"/>
    </lexUnit>
    <lexUnit status="Finished_Initial" POS="V" name="film.v" ID="7577" lemmaID="14359" cBy="RLG" cDate="10/14/2002 08:33:04 PDT Mon">
        <definition>COD: make a film of; record on film. </definition>
        <sentenceCount annotated="48" total="295"/>
        <lexeme order="1" headword="false" breakBefore="false" POS="V" name="film"/>
    </lexUnit>
    <lexUnit status="Finished_Initial" POS="N" name="score.n" ID="7617" lemmaID="34478" cBy="RLG" cDate="10/18/2002 08:53:01 PDT Fri">
        <definition>COD: a written representation of a musical composition showing all the vocal and instrumental parts.</definition>
        <sentenceCount annotated="19" total="263"/>
        <lexeme order="1" headword="false" breakBefore="false" POS="N" name="score"/>
    </lexUnit>
    <lexUnit status="Finished_Initial" POS="N" name="soundtrack.n" ID="7618" lemmaID="46169" cBy="RLG" cDate="10/18/2002 08:54:04 PDT Fri">
        <definition>COD: the sound accompaniment to a film</definition>
        <sentenceCount annotated="29" total="137"/>
        <lexeme order="1" headword="false" breakBefore="false" POS="N" name="soundtrack"/>
    </lexUnit>
    <lexUnit status="Created" POS="V" name="compose.v" ID="11106" lemmaID="7522" cBy="MiL" cDate="11/05/2004 05:07:14 PST Fri">
        <definition>FN: create a musical piece</definition>
        <sentenceCount annotated="0" total="0"/>
        <lexeme order="1" headword="false" breakBefore="false" POS="V" name="compose"/>
    </lexUnit>
    <lexUnit status="New" POS="V" name="stage.v" ID="11944" lemmaID="37701" cBy="MiL" cDate="04/25/2005 05:23:08 PDT Mon">
        <definition>COD: present a performance of (a play or other show).</definition>
        <sentenceCount annotated="0" total="68"/>
        <lexeme order="1" headword="false" breakBefore="false" POS="V" name="stage"/>
    </lexUnit>
    <lexUnit status="Created" POS="V" name="cast.v" ID="11945" lemmaID="5676" cBy="MiL" cDate="04/25/2005 05:25:34 PDT Mon">
        <definition>FN: select the cast for a performance.</definition>
        <sentenceCount annotated="0" total="0"/>
        <lexeme order="1" headword="false" breakBefore="false" POS="V" name="cast"/>
    </lexUnit>
</frame>