<?xml version="1.0" encoding="UTF-8" standalone="yes"?>
<?xml-stylesheet type="text/xsl" href="frame.xsl"?>
<frame cBy="MJE" cDate="08/15/2003 07:29:54 PDT Fri" name="Being_born" ID="793" xsi:schemaLocation="../schema/frame.xsd" xmlns="http://framenet.icsi.berkeley.edu" xmlns:xsi="http://www.w3.org/2001/XMLSchema-instance">
    <definition>&lt;def-root&gt;This frame concerns the inception of the life of a &lt;fen&gt;Child&lt;/fen&gt;, generally human, at a particular &lt;fen&gt;Time&lt;/fen&gt; and &lt;fen&gt;Place&lt;/fen&gt;.  The &lt;fen&gt;Relatives&lt;/fen&gt; may also be mentioned.

&lt;ex&gt;&lt;fex name="Child"&gt;Little Jessie&lt;/fex&gt; &lt;t&gt;came into the world&lt;/t&gt; &lt;fex name="Time"&gt;at 8 last night&lt;/fex&gt;.&lt;/ex&gt;&lt;/def-root&gt;</definition>
    <FE bgColor="800080" fgColor="FFFFFF" coreType="Core" cBy="MJE" cDate="10/17/2003 11:38:11 PDT Fri" abbrev="" name="Child" ID="5620">
        <definition>&lt;def-root&gt;&lt;fen&gt;Child&lt;/fen&gt; identifies the new self-motile creature.&lt;/def-root&gt;</definition>
    </FE>
    <FE bgColor="FFA500" fgColor="FFFFFF" coreType="Peripheral" cBy="MJE" cDate="10/17/2003 11:41:04 PDT Fri" abbrev="" name="Time" ID="5621">
        <definition>&lt;def-root&gt;This FE identifies the &lt;fen&gt;Time&lt;/fen&gt; when the birth occurs, generally expressed as a date or a year.&lt;/def-root&gt;</definition>
        <semType name="Time" ID="141"/>
    </FE>
    <FE bgColor="008000" fgColor="FFFFFF" coreType="Peripheral" cBy="MJE" cDate="10/17/2003 11:42:13 PDT Fri" abbrev="" name="Place" ID="5622">
        <definition>&lt;def-root&gt;The location where the &lt;fen&gt;Child&lt;/fen&gt; enters the world.&lt;/def-root&gt;</definition>
        <semType name="Locative_relation" ID="182"/>
    </FE>
    <FE bgColor="FF69B4" fgColor="FFFFFF" coreType="Peripheral" cBy="MJE" cDate="10/17/2003 11:51:54 PDT Fri" abbrev="" name="Relatives" ID="5623">
        <definition>&lt;def-root&gt;The individuals that the &lt;fen&gt;Child&lt;/fen&gt; is related to, including the male and female individuals that come together to produce a &lt;fen&gt;Child&lt;/fen&gt; (the parents), as well those who are related to them by birth or marriage.&lt;/def-root&gt;</definition>
    </FE>
    <FE bgColor="9400D3" fgColor="FFFFFF" coreType="Peripheral" cBy="MJE" cDate="10/17/2003 11:54:13 PDT Fri" abbrev="" name="Depictive" ID="5624">
        <definition>&lt;def-root&gt;The state of the &lt;fen&gt;Child&lt;/fen&gt; as it enters the world.&lt;/def-root&gt;</definition>
    </FE>
    <FE bgColor="A52A2A" fgColor="FFFFFF" coreType="Peripheral" cBy="MJE" cDate="10/17/2003 12:09:06 PDT Fri" abbrev="" name="Means" ID="5626">
        <definition>&lt;def-root&gt;The way in which the &lt;fen&gt;Child&lt;/fen&gt; leaves the womb; this FE is typically only filled by phrases such as &lt;ment&gt;by natural birth&lt;/ment&gt; or &lt;ment&gt;by Caesarian&lt;/ment&gt;.&lt;/def-root&gt;</definition>
        <semType name="State_of_affairs" ID="177"/>
    </FE>
    <frameRelation type="Inherits from">
        <relatedFrame ID="316">Coming_to_be</relatedFrame>
    </frameRelation>
    <frameRelation type="Is Inherited by"/>
    <frameRelation type="Perspective on">
        <relatedFrame ID="2811">Birth_scenario</relatedFrame>
    </frameRelation>
    <frameRelation type="Is Perspectivized in"/>
    <frameRelation type="Uses"/>
    <frameRelation type="Is Used by"/>
    <frameRelation type="Subframe of">
        <relatedFrame ID="2106">Cycle_of_life_and_death</relatedFrame>
    </frameRelation>
    <frameRelation type="Has Subframe(s)"/>
    <frameRelation type="Precedes">
        <relatedFrame ID="2055">Dying</relatedFrame>
        <relatedFrame ID="53">Death</relatedFrame>
    </frameRelation>
    <frameRelation type="Is Preceded by"/>
    <frameRelation type="Is Inchoative of"/>
    <frameRelation type="Is Causative of"/>
    <frameRelation type="See also"/>
    <lexUnit status="Created" POS="V" name="come into the world.v" ID="9790" lemmaID="48480" cBy="MJE" cDate="10/17/2003 11:44:25 PDT Fri">
        <definition>FN: be born.</definition>
        <sentenceCount annotated="0" total="0"/>
        <lexeme order="1" headword="true" breakBefore="false" POS="V" name="come"/>
        <lexeme order="2" headword="false" breakBefore="true" POS="PREP" name="into"/>
        <lexeme order="3" headword="false" breakBefore="false" POS="ART" name="the"/>
        <lexeme order="4" headword="false" breakBefore="false" POS="N" name="world"/>
    </lexUnit>
    <lexUnit status="Created" POS="V" name="born.v" ID="9791" lemmaID="48211" cBy="MJE" cDate="10/17/2003 12:13:46 PDT Fri">
        <definition>FN: existing as a result of birth.</definition>
        <sentenceCount annotated="44" total="44"/>
        <lexeme order="1" headword="true" breakBefore="false" POS="V" name="born"/>
    </lexUnit>
</frame>