<?xml version="1.0" encoding="UTF-8" standalone="yes"?>
<?xml-stylesheet type="text/xsl" href="frame.xsl"?>
<frame cBy="MJE" cDate="12/07/2005 02:43:49 PST Wed" name="Being_awake" ID="1681" xsi:schemaLocation="../schema/frame.xsd" xmlns="http://framenet.icsi.berkeley.edu" xmlns:xsi="http://www.w3.org/2001/XMLSchema-instance">
    <definition>&lt;def-root&gt;A &lt;fen&gt;Protagonist&lt;/fen&gt; is awake at some &lt;fen&gt;Time&lt;/fen&gt; and &lt;fen&gt;Place&lt;/fen&gt;.  This entails the &lt;fen&gt;Protagonist&lt;/fen&gt; having a higher general level of awareness of the surroundings than when asleep.

&lt;ex&gt;&lt;fex name="Protagonist"&gt;He&lt;/fex&gt;'s &lt;t&gt;awake&lt;/t&gt;!&lt;/ex&gt;&lt;/def-root&gt;</definition>
    <FE bgColor="FF0000" fgColor="FFFFFF" coreType="Core" cBy="MJE" cDate="12/07/2005 02:43:49 PST Wed" abbrev="pro" name="Protagonist" ID="9590">
        <definition>&lt;def-root&gt;The entity that is not sleeping.

&lt;ex&gt;&lt;fex name="pro"&gt;She&lt;/fex&gt; was &lt;t&gt;awake&lt;/t&gt; through the whole football game.&lt;/ex&gt;&lt;/def-root&gt;</definition>
        <semType name="Sentient" ID="5"/>
    </FE>
    <FE bgColor="800080" fgColor="FFFFFF" coreType="Peripheral" cBy="MJE" cDate="12/07/2005 02:43:50 PST Wed" abbrev="Dur" name="Duration" ID="9591">
        <definition>&lt;def-root&gt;This FE identifies the &lt;fen&gt;Duration&lt;/fen&gt; of time for which the &lt;fen&gt;Protagonist&lt;/fen&gt; is awake.&lt;/def-root&gt;</definition>
        <semType name="Duration" ID="142"/>
    </FE>
    <FE bgColor="FFA500" fgColor="FFFFFF" coreType="Peripheral" cBy="MJE" cDate="12/07/2005 02:43:50 PST Wed" abbrev="Time" name="Time" ID="9592">
        <definition>&lt;def-root&gt;This FE identifies the &lt;fen&gt;Time&lt;/fen&gt; when the &lt;fen&gt;Protagonist&lt;/fen&gt; is awake.&lt;/def-root&gt;</definition>
        <semType name="Time" ID="141"/>
    </FE>
    <FE bgColor="008000" fgColor="FFFFFF" coreType="Peripheral" cBy="MJE" cDate="12/07/2005 02:43:50 PST Wed" abbrev="Place" name="Place" ID="9593">
        <definition>&lt;def-root&gt;Where the event takes place.&lt;/def-root&gt;</definition>
        <semType name="Locative_relation" ID="182"/>
    </FE>
    <FE bgColor="FF69B4" fgColor="FFFFFF" coreType="Extra-Thematic" cBy="MJE" cDate="12/07/2005 02:43:50 PST Wed" abbrev="Deg" name="Degree" ID="9594">
        <definition>&lt;def-root&gt;The degree to which the &lt;fen&gt;Protagonist&lt;/fen&gt; is awake.&lt;/def-root&gt;</definition>
        <semType name="Degree" ID="172"/>
    </FE>
    <FE bgColor="FF00FF" fgColor="FFFFFF" coreType="Peripheral" cBy="MJE" cDate="12/07/2005 02:43:50 PST Wed" abbrev="Manr" name="Manner" ID="9595">
        <definition>&lt;def-root&gt;Any description of the &lt;fen&gt;Protagonist&lt;/fen&gt; being awake which is not covered by more specific FEs including secondary effects (quietly, noisily), and general descriptions comparing events (the same way).

&lt;/def-root&gt;</definition>
        <semType name="Manner" ID="173"/>
    </FE>
    <frameRelation type="Inherits from"/>
    <frameRelation type="Is Inherited by"/>
    <frameRelation type="Perspective on"/>
    <frameRelation type="Is Perspectivized in"/>
    <frameRelation type="Uses"/>
    <frameRelation type="Is Used by"/>
    <frameRelation type="Subframe of">
        <relatedFrame ID="294">Sleep_wake_cycle</relatedFrame>
    </frameRelation>
    <frameRelation type="Has Subframe(s)"/>
    <frameRelation type="Precedes">
        <relatedFrame ID="292">Fall_asleep</relatedFrame>
        <relatedFrame ID="1420">Getting_up</relatedFrame>
    </frameRelation>
    <frameRelation type="Is Preceded by">
        <relatedFrame ID="295">Waking_up</relatedFrame>
    </frameRelation>
    <frameRelation type="Is Inchoative of"/>
    <frameRelation type="Is Causative of"/>
    <frameRelation type="See also"/>
    <lexUnit status="Finished_Initial" POS="A" name="awake.a" ID="13060" lemmaID="2507" cBy="MJE" cDate="12/07/2005 02:49:17 PST Wed">
        <definition>COD: not asleep.</definition>
        <sentenceCount annotated="24" total="151"/>
        <lexeme order="1" headword="false" breakBefore="false" POS="A" name="awake"/>
    </lexUnit>
    <lexUnit status="Created" POS="A" name="conscious.a" ID="13061" lemmaID="7875" cBy="MJE" cDate="12/07/2005 02:50:39 PST Wed">
        <definition>COD: aware of and responding to one's surroundings</definition>
        <sentenceCount annotated="0" total="0"/>
        <lexeme order="1" headword="false" breakBefore="false" POS="A" name="conscious"/>
    </lexUnit>
    <lexUnit status="Created" POS="A" name="wakeful.a" ID="13062" lemmaID="43356" cBy="MJE" cDate="12/07/2005 02:53:39 PST Wed">
        <definition>COD: unable or not needing to sleep.</definition>
        <sentenceCount annotated="0" total="0"/>
        <lexeme order="1" headword="false" breakBefore="false" POS="A" name="wakeful"/>
    </lexUnit>
    <lexUnit status="Created" POS="V" name="watch.v" ID="13063" lemmaID="43529" cBy="MJE" cDate="12/07/2005 02:59:31 PST Wed">
        <definition>COD: remain awake for the purpose of religious observance.</definition>
        <sentenceCount annotated="0" total="0"/>
        <lexeme order="1" headword="false" breakBefore="false" POS="V" name="watch"/>
    </lexUnit>
</frame>