<?xml version="1.0" encoding="UTF-8" standalone="yes"?>
<?xml-stylesheet type="text/xsl" href="frame.xsl"?>
<frame cBy="JKR" cDate="06/30/2004 11:18:07 PDT Wed" name="Being_necessary" ID="1157" xsi:schemaLocation="../schema/frame.xsd" xmlns="http://framenet.icsi.berkeley.edu" xmlns:xsi="http://www.w3.org/2001/XMLSchema-instance">
    <definition>&lt;def-root&gt;A &lt;fen&gt;Dependent&lt;/fen&gt; state-of-affairs has a &lt;fen&gt;Requirement&lt;/fen&gt; as a prerequisite for obtaining or occurring.

&lt;ex&gt;&lt;fex name="req"&gt;The atomic bombings&lt;/fex&gt; &lt;m&gt;were&lt;/m&gt; probably not &lt;t&gt;necessary&lt;/t&gt; &lt;fex name="dep"&gt;to win WWII without a mainland invasion of Japan&lt;/fex&gt;.&lt;/ex&gt;

&lt;ex&gt;We will take the &lt;t&gt;required&lt;/t&gt; &lt;fex name="req"&gt;measures&lt;/fex&gt;, regardless of the yelping of the left. &lt;fex name="dep"&gt;DNI&lt;/fex&gt;&lt;/ex&gt;

&lt;ex&gt; &lt;fex name="reqe"&gt;Two tokens&lt;/fex&gt; &lt;m&gt;are&lt;/m&gt; &lt;t&gt;necessary&lt;/t&gt; &lt;fex name="Dependent"&gt;for county to county trips&lt;/fex&gt;.&lt;/ex&gt;&lt;/def-root&gt;</definition>
    <FE bgColor="0000FF" fgColor="FFFFFF" coreType="Core" cBy="JKR" cDate="06/30/2004 11:23:10 PDT Wed" abbrev="dep" name="Dependent" ID="6690">
        <definition>&lt;def-root&gt;The state-of-affairs which cannot hold without the &lt;fen&gt;Requirement&lt;/fen&gt;.&lt;/def-root&gt;</definition>
    </FE>
    <FE bgColor="FF0000" fgColor="FFFFFF" coreType="Core" cBy="JKR" cDate="06/30/2004 11:24:49 PDT Wed" abbrev="req" name="Requirement" ID="6691">
        <definition>&lt;def-root&gt;The entity or state-of-affairs that must be present or obtain in order for the &lt;fen&gt;Dependent&lt;/fen&gt; to obtain.&lt;/def-root&gt;</definition>
    </FE>
    <FE bgColor="FF00FF" fgColor="FFFFFF" coreType="Peripheral" cBy="JKR" cDate="06/30/2004 11:30:54 PDT Wed" abbrev="deg" name="Degree" ID="6692">
        <definition>&lt;def-root&gt;The extent to which the &lt;fen&gt;Dependent&lt;/fen&gt; depends on the presence of the &lt;fen&gt;Requirement&lt;/fen&gt;.&lt;/def-root&gt;</definition>
        <semType name="Degree" ID="172"/>
    </FE>
    <FE bgColor="FFA500" fgColor="FFFFFF" coreType="Peripheral" cBy="JKR" cDate="06/30/2004 11:40:15 PDT Wed" abbrev="tim" name="Time" ID="6694">
        <definition>&lt;def-root&gt;The time at which the &lt;fen&gt;Requirement&lt;/fen&gt; is necessary for the &lt;fen&gt;Dependent&lt;/fen&gt;.&lt;/def-root&gt;</definition>
        <semType name="Time" ID="141"/>
    </FE>
    <FE bgColor="1E90FF" fgColor="FFFFFF" coreType="Extra-Thematic" cBy="JKR" cDate="06/30/2004 11:42:22 PDT Wed" abbrev="con" name="Condition" ID="6695">
        <definition>&lt;def-root&gt;The conditions under which the the &lt;fen&gt;Requirement&lt;/fen&gt; is necessary.

&lt;ex&gt;Such care is &lt;t&gt;necessary&lt;/t&gt; &lt;fex name="Condition"&gt;if you operate under martial law&lt;/fex&gt;.&lt;/ex&gt;&lt;/def-root&gt;</definition>
    </FE>
    <FE bgColor="A52A2A" fgColor="FFFFFF" coreType="Extra-Thematic" cBy="JKR" cDate="06/30/2004 11:45:48 PDT Wed" abbrev="dom" name="Domain" ID="6696">
        <definition>&lt;def-root&gt;The field of endeavor whose nature imposes the &lt;fen&gt;Requirement&lt;/fen&gt;.

&lt;ex&gt;Unfortunately, such tactics appear to be &lt;fex name="dom"&gt;politically&lt;/fex&gt; &lt;t&gt;necessary&lt;/t&gt; nowadays.&lt;/ex&gt;&lt;/def-root&gt;</definition>
    </FE>
    <FE bgColor="00BFFF" fgColor="FFFFFF" coreType="Peripheral" cBy="JKR" cDate="06/09/2005 02:59:49 PDT Thu" abbrev="pla" name="Place" ID="8120">
        <definition>&lt;def-root&gt;&lt;fen&gt;Place&lt;/fen&gt; denotes a location in which the specified relation between &lt;fen&gt;Requirement&lt;/fen&gt; and &lt;fen&gt;Dependent&lt;/fen&gt; holds.

&lt;ex&gt;&lt;fex name="pla"&gt;In the US&lt;/fex&gt;, the political clout of big city mayors is &lt;t&gt;necessary&lt;/t&gt; to put this on the national agenda.&lt;/ex&gt;&lt;/def-root&gt;</definition>
        <semType name="Locative_relation" ID="182"/>
    </FE>
    <FE bgColor="008000" fgColor="FFFFFF" coreType="Peripheral" cBy="JKR" cDate="06/09/2005 03:01:54 PDT Thu" abbrev="dep_i" name="Dependent_individual" ID="8121">
        <definition>&lt;def-root&gt;The individual who needs to have the &lt;fen&gt;Required_entity&lt;/fen&gt; or for the &lt;fen&gt;Requirement&lt;/fen&gt; state of affairs to obtain.

&lt;ex&gt; We ask you to obtain for us all that is &lt;t&gt;necessary&lt;/t&gt; &lt;fex name="dep"&gt;for us&lt;/fex&gt;.&lt;/ex&gt;&lt;/def-root&gt;</definition>
    </FE>
    <FE bgColor="00008B" fgColor="FFFFFF" coreType="Core" cBy="JKR" cDate="06/09/2005 03:07:37 PDT Thu" abbrev="reqe" name="Required_entity" ID="8122">
        <definition>&lt;def-root&gt;An entity that has to be present for the &lt;fen&gt;Dependent&lt;/fen&gt; state of affairs to obtain.&lt;/def-root&gt;</definition>
    </FE>
    <FE bgColor="7CCD73" fgColor="FFFFFF" coreType="Extra-Thematic" cBy="KmG" cDate="09/06/2006 03:17:48 PDT Wed" abbrev="" name="Descriptor" ID="10601">
        <definition>&lt;def-root&gt;An characteristic or feature of the &lt;fen&gt;Requirement&lt;/fen&gt; or &lt;fen&gt;Required_entity&lt;/fen&gt;. &lt;/def-root&gt;</definition>
    </FE>
    <FE bgColor="90876C" fgColor="FFFFFF" coreType="Extra-Thematic" cBy="HPh" cDate="05/05/2015 05:34:30 PDT Tue" abbrev="exp" name="Explanation" ID="16443">
        <definition>&lt;def-root&gt;The &lt;fen&gt;Explanation&lt;/fen&gt; denotes a proposition from which the main clause (headed by the target) logically follows. This often means that the &lt;fen&gt;Explanation&lt;/fen&gt; causes the target's proposition, but not in all cases.&lt;/def-root&gt;</definition>
        <semType name="State_of_affairs" ID="177"/>
    </FE>
    <frameRelation type="Inherits from"/>
    <frameRelation type="Is Inherited by"/>
    <frameRelation type="Perspective on">
        <relatedFrame ID="1492">Requirement_scenario</relatedFrame>
    </frameRelation>
    <frameRelation type="Is Perspectivized in"/>
    <frameRelation type="Uses"/>
    <frameRelation type="Is Used by">
        <relatedFrame ID="1381">Required_event</relatedFrame>
        <relatedFrame ID="967">Taking_time</relatedFrame>
    </frameRelation>
    <frameRelation type="Subframe of"/>
    <frameRelation type="Has Subframe(s)"/>
    <frameRelation type="Precedes"/>
    <frameRelation type="Is Preceded by"/>
    <frameRelation type="Is Inchoative of"/>
    <frameRelation type="Is Causative of"/>
    <frameRelation type="See also"/>
    <lexUnit status="Finished_Initial" POS="A" name="necessary.a" ID="10705" lemmaID="25576" cBy="JKR" cDate="06/30/2004 11:52:16 PDT Wed">
        <definition>COD: required to be done, achieved, or present; needed.</definition>
        <sentenceCount annotated="61" total="418"/>
        <lexeme order="1" headword="false" breakBefore="false" POS="A" name="necessary"/>
    </lexUnit>
    <lexUnit status="Created" POS="N" name="requirement.n" ID="10706" lemmaID="32796" cBy="JKR" cDate="06/30/2004 11:53:19 PDT Wed">
        <definition>FN: an entity or situation which is required</definition>
        <sentenceCount annotated="3" total="3"/>
        <lexeme order="1" headword="false" breakBefore="false" POS="N" name="requirement"/>
    </lexUnit>
    <lexUnit status="Finished_Initial" POS="N" name="necessity.n" ID="10708" lemmaID="25580" cBy="JKR" cDate="06/30/2004 11:55:11 PDT Wed">
        <definition>COD:  the state or fact of being necessary. </definition>
        <sentenceCount annotated="35" total="317"/>
        <lexeme order="1" headword="false" breakBefore="false" POS="N" name="necessity"/>
    </lexUnit>
    <lexUnit status="Insufficient_Attestations" POS="A" name="needed.a" ID="10709" lemmaID="49299" cBy="JKR" cDate="06/30/2004 11:56:15 PDT Wed">
        <definition>FN: indispensable</definition>
        <sentenceCount annotated="15" total="90"/>
        <lexeme order="1" headword="true" breakBefore="false" POS="A" name="needed"/>
    </lexUnit>
    <lexUnit status="Finished_Initial" POS="A" name="indispensable.a" ID="10710" lemmaID="19661" cBy="JKR" cDate="06/30/2004 11:57:28 PDT Wed">
        <definition>COD: absolutely necessary.</definition>
        <sentenceCount annotated="12" total="68"/>
        <lexeme order="1" headword="false" breakBefore="false" POS="A" name="indispensable"/>
    </lexUnit>
    <lexUnit status="Finished_Initial" POS="A" name="required.a" ID="10712" lemmaID="49302" cBy="JKR" cDate="06/30/2004 11:58:23 PDT Wed">
        <definition>FN: necessary</definition>
        <sentenceCount annotated="33" total="243"/>
        <lexeme order="1" headword="true" breakBefore="false" POS="A" name="required"/>
    </lexUnit>
    <lexUnit status="Finished_Initial" POS="A" name="essential.a" ID="12205" lemmaID="13130" cBy="JKR" cDate="06/13/2005 03:46:26 PDT Mon">
        <definition>COD: absolutely necessary; extremely important</definition>
        <sentenceCount annotated="43" total="405"/>
        <lexeme order="1" headword="false" breakBefore="false" POS="A" name="essential"/>
    </lexUnit>
    <lexUnit status="Created" POS="A" name="basic.a" ID="15027" lemmaID="2984" cBy="JKs" cDate="06/04/2008 12:12:53 PDT Wed">
        <definition>FN: the simplest, essential</definition>
        <sentenceCount annotated="1" total="1"/>
        <lexeme order="1" headword="false" breakBefore="false" POS="A" name="basic"/>
    </lexUnit>
</frame>