<?xml version="1.0" encoding="UTF-8" standalone="yes"?>
<?xml-stylesheet type="text/xsl" href="frame.xsl"?>
<frame cBy="ACW" cDate="05/29/2002 04:05:29 PDT Wed" name="Being_wet" ID="332" xsi:schemaLocation="../schema/frame.xsd" xmlns="http://framenet.icsi.berkeley.edu" xmlns:xsi="http://www.w3.org/2001/XMLSchema-instance">
    <definition>&lt;def-root&gt;An &lt;fen&gt;Item&lt;/fen&gt; is in a state of wetness with the possibility of the wetting &lt;fen&gt;Liquid&lt;/fen&gt; being mentioned, along with the &lt;fen&gt;Degree&lt;/fen&gt; of wetness.
&lt;ex&gt; &lt;fex name="Item"&gt;The mop&lt;/fex&gt; &lt;m&gt;is&lt;/m&gt; &lt;t&gt;drenched&lt;/t&gt; &lt;fex name="Liquid"&gt;with water&lt;/fex&gt; &lt;fex name="Explanation"&gt;from last night's rain&lt;/fex&gt;.&lt;/ex&gt;&lt;/def-root&gt;</definition>
    <FE bgColor="00BFFF" fgColor="FFFFFF" coreType="Core" cBy="ACW" cDate="05/30/2002 08:36:46 PDT Thu" abbrev="Item" name="Item" ID="2863">
        <definition>&lt;def-root&gt;The &lt;fen&gt;Item&lt;/fen&gt; takes up the &lt;fen&gt;Liquid&lt;/fen&gt; through its pores.
&lt;ex&gt; &lt;fex name = "Item" &gt;The mop&lt;/fex&gt; is &lt;t&gt;drenched&lt;/t&gt; with water.&lt;/ex&gt;&lt;/def-root&gt;</definition>
    </FE>
    <FE bgColor="FFA500" fgColor="FFFFFF" coreType="Core" cBy="ACW" cDate="05/30/2002 08:38:29 PDT Thu" abbrev="Liq" name="Liquid" ID="2864">
        <definition>&lt;def-root&gt;The &lt;fen&gt;Liquid&lt;/fen&gt; is a fluid or gas that permeates the &lt;fen&gt;Item&lt;/fen&gt;.  It most frequently occurs in a PP Complement headed by with.
&lt;ex&gt;The mop was &lt;t&gt;drenched&lt;/t&gt; &lt;fex name="Liquid"&gt; with water&lt;/fex&gt;.&lt;/ex&gt;&lt;/def-root&gt;</definition>
    </FE>
    <FE bgColor="FF69B4" fgColor="FFFFFF" coreType="Peripheral" cBy="ACW" cDate="05/30/2002 08:39:41 PDT Thu" abbrev="Degr" name="Degree" ID="2865">
        <definition>&lt;def-root&gt;This FE identifies the &lt;fen&gt;Degree&lt;/fen&gt; to which the &lt;fen&gt;Item&lt;/fen&gt; is wet.
&lt;ex&gt;The mop is &lt;fex name="Degree"&gt;absolutely&lt;/fex&gt; &lt;t&gt;drenched&lt;/t&gt;.&lt;/ex&gt; &lt;/def-root&gt;</definition>
        <semType name="Degree" ID="172"/>
    </FE>
    <FE bgColor="90876C" fgColor="FFFFFF" coreType="Extra-Thematic" cBy="ACW" cDate="06/12/2002 04:08:37 PDT Wed" abbrev="Exp" name="Explanation" ID="3030">
        <definition>&lt;def-root&gt;The &lt;fen&gt;Explanation&lt;/fen&gt; brings about the state of wetness, and is usually expressed in a &lt;ment&gt;from&lt;/ment&gt;-prepositional phrase.
&lt;ex&gt;The mop is &lt;t&gt;drenched&lt;/t&gt; &lt;fex name="Explanation"&gt;from the rain&lt;/fex&gt;.&lt;/ex&gt;&lt;/def-root&gt;</definition>
    </FE>
    <FE bgColor="00008B" fgColor="FFFFFF" coreType="Extra-Thematic" cBy="ACW" cDate="06/12/2002 04:13:35 PDT Wed" abbrev="sub" name="Subregion" ID="3033">
        <definition>&lt;def-root&gt;The &lt;fen&gt;Subregion&lt;/fen&gt; describes which part of a larger whole is being affected.
&lt;ex&gt;The mop was &lt;t&gt;drenched&lt;/t&gt; &lt;fex name="Subregion"&gt;on  the fringes&lt;/fex&gt;.&lt;/ex&gt;&lt;/def-root&gt;</definition>
        <semType name="Locative_relation" ID="182"/>
    </FE>
    <frameRelation type="Inherits from">
        <relatedFrame ID="1015">Gradable_attributes</relatedFrame>
    </frameRelation>
    <frameRelation type="Is Inherited by"/>
    <frameRelation type="Perspective on"/>
    <frameRelation type="Is Perspectivized in"/>
    <frameRelation type="Uses"/>
    <frameRelation type="Is Used by">
        <relatedFrame ID="346">Being_rotted</relatedFrame>
    </frameRelation>
    <frameRelation type="Subframe of"/>
    <frameRelation type="Has Subframe(s)"/>
    <frameRelation type="Precedes"/>
    <frameRelation type="Is Preceded by"/>
    <frameRelation type="Is Inchoative of"/>
    <frameRelation type="Is Causative of"/>
    <frameRelation type="See also"/>
    <lexUnit status="Finished_Initial" POS="A" name="drenched.a" ID="5849" lemmaID="45698" cBy="ACW" cDate="05/29/2002 04:19:50 PDT Wed">
        <definition>FN: to be wet throroughly, soaked</definition>
        <sentenceCount annotated="5" total="38"/>
        <lexeme order="1" headword="false" breakBefore="false" POS="A" name="drenched"/>
    </lexUnit>
    <lexUnit status="Finished_Initial" POS="A" name="damp.a" ID="5855" lemmaID="9525" cBy="ACW" cDate="05/29/2002 04:31:41 PDT Wed">
        <definition>COD: slightly wet. </definition>
        <sentenceCount annotated="54" total="230"/>
        <lexeme order="1" headword="false" breakBefore="false" POS="A" name="damp"/>
    </lexUnit>
    <lexUnit status="Finished_Initial" POS="A" name="moist.a" ID="5856" lemmaID="24713" cBy="ACW" cDate="05/29/2002 04:31:50 PDT Wed">
        <definition>COD: slightly wet</definition>
        <sentenceCount annotated="37" total="131"/>
        <lexeme order="1" headword="false" breakBefore="false" POS="A" name="moist"/>
    </lexUnit>
    <lexUnit status="Finished_Initial" POS="A" name="wet.a" ID="5857" lemmaID="43836" cBy="ACW" cDate="05/29/2002 04:32:04 PDT Wed">
        <definition>COD: covered or saturated with liquid. </definition>
        <sentenceCount annotated="48" total="211"/>
        <lexeme order="1" headword="false" breakBefore="false" POS="A" name="wet"/>
    </lexUnit>
    <lexUnit status="Finished_Initial" POS="A" name="soaked.a" ID="5858" lemmaID="36741" cBy="ACW" cDate="05/29/2002 04:32:13 PDT Wed">
        <definition>FN: to be thoroughly wet</definition>
        <sentenceCount annotated="42" total="193"/>
        <lexeme order="1" headword="false" breakBefore="false" POS="A" name="soaked"/>
    </lexUnit>
    <lexUnit status="Finished_Initial" POS="A" name="saturated.a" ID="5860" lemmaID="45699" cBy="ACW" cDate="05/29/2002 04:32:50 PDT Wed">
        <definition>FN: thoroughly soaked</definition>
        <sentenceCount annotated="14" total="56"/>
        <lexeme order="1" headword="false" breakBefore="false" POS="A" name="saturated"/>
    </lexUnit>
    <lexUnit status="Finished_Initial" POS="A" name="soggy.a" ID="5884" lemmaID="36825" cBy="ACW" cDate="05/30/2002 12:42:51 PDT Thu">
        <definition>COD: very wet and soft</definition>
        <sentenceCount annotated="11" total="116"/>
        <lexeme order="1" headword="false" breakBefore="false" POS="A" name="soggy"/>
    </lexUnit>
    <lexUnit status="Finished_Initial" POS="A" name="sopping.a" ID="5885" lemmaID="36975" cBy="ACW" cDate="05/30/2002 12:44:52 PDT Thu">
        <definition>COD: wet through</definition>
        <sentenceCount annotated="5" total="9"/>
        <lexeme order="1" headword="false" breakBefore="false" POS="A" name="sopping"/>
    </lexUnit>
    <lexUnit status="Finished_Initial" POS="A" name="sodden.a" ID="5886" lemmaID="36795" cBy="ACW" cDate="05/30/2002 12:51:14 PDT Thu">
        <definition>COD: soaked through.</definition>
        <sentenceCount annotated="24" total="82"/>
        <lexeme order="1" headword="false" breakBefore="false" POS="A" name="sodden"/>
    </lexUnit>
    <lexUnit status="Finished_Initial" POS="A" name="soaking.a" ID="5887" lemmaID="36743" cBy="ACW" cDate="05/30/2002 12:55:24 PDT Thu">
        <definition>FN: to be very wet</definition>
        <sentenceCount annotated="6" total="30"/>
        <lexeme order="1" headword="false" breakBefore="false" POS="A" name="soaking"/>
    </lexUnit>
    <lexUnit status="Finished_Initial" incorporatedFE="Liquid" POS="A" name="waterlogged.a" ID="5888" lemmaID="45704" cBy="ACW" cDate="05/30/2002 02:59:45 PDT Thu">
        <definition>COD: saturated with or full of water. </definition>
        <sentenceCount annotated="16" total="96"/>
        <lexeme order="1" headword="false" breakBefore="false" POS="A" name="waterlogged"/>
    </lexUnit>
    <lexUnit status="Finished_Initial" POS="A" name="humid.a" ID="5978" lemmaID="18642" cBy="ACW" cDate="06/04/2002 03:04:23 PDT Tue">
        <definition>FN: damp</definition>
        <sentenceCount annotated="13" total="66"/>
        <lexeme order="1" headword="false" breakBefore="false" POS="A" name="humid"/>
    </lexUnit>
    <lexUnit status="Finished_Initial" incorporatedFE="Liquid" POS="A" name="dewy.a" ID="6007" lemmaID="10528" cBy="ACW" cDate="06/05/2002 12:47:00 PDT Wed">
        <definition>COD: wet with dew. </definition>
        <sentenceCount annotated="5" total="18"/>
        <lexeme order="1" headword="false" breakBefore="false" POS="A" name="dewy"/>
    </lexUnit>
    <lexUnit status="Finished_Initial" POS="A" name="clammy.a" ID="6008" lemmaID="6623" cBy="ACW" cDate="06/05/2002 12:51:55 PDT Wed">
        <definition>COD: unpleasantly damp and sticky or slimy</definition>
        <sentenceCount annotated="10" total="91"/>
        <lexeme order="1" headword="false" breakBefore="false" POS="A" name="clammy"/>
    </lexUnit>
    <lexUnit status="Finished_Initial" POS="A" name="moistened.a" ID="6009" lemmaID="45724" cBy="ACW" cDate="06/05/2002 01:02:23 PDT Wed">
        <definition>FN: wet</definition>
        <sentenceCount annotated="4" total="66"/>
        <lexeme order="1" headword="false" breakBefore="false" POS="A" name="moistened"/>
    </lexUnit>
    <lexUnit status="Finished_Initial" incorporatedFE="Liquid" POS="A" name="sweaty.a" ID="6013" lemmaID="39112" cBy="ACW" cDate="06/05/2002 02:46:03 PDT Wed">
        <definition>COD: soaked in sweat. </definition>
        <sentenceCount annotated="24" total="102"/>
        <lexeme order="1" headword="false" breakBefore="false" POS="A" name="sweaty"/>
    </lexUnit>
</frame>