<?xml version="1.0" encoding="UTF-8" standalone="yes"?>
<?xml-stylesheet type="text/xsl" href="frame.xsl"?>
<frame cBy="KlB" cDate="07/14/2004 11:07:59 PDT Wed" name="Being_contained_within" ID="1176" xsi:schemaLocation="../schema/frame.xsd" xmlns="http://framenet.icsi.berkeley.edu" xmlns:xsi="http://www.w3.org/2001/XMLSchema-instance">
    <definition>&lt;def-root&gt;In this situation, a &lt;fen&gt;Trajector&lt;/fen&gt; is contained inside a &lt;fen&gt;Landmark&lt;/fen&gt;.  This frame serves only to relate the Containing frame (with LUs such as contain.v) with the Interior_profile_relation frame (with LUs such as inside.prep).&lt;/def-root&gt;</definition>
    <semType name="Non-Lexical Frame" ID="16"/>
    <FE bgColor="FF0000" fgColor="FFFFFF" coreType="Core-Unexpressed" cBy="KlB" cDate="07/14/2004 11:11:08 PDT Wed" abbrev="pro" name="Profiled_region" ID="6820">
        <definition>&lt;def-root&gt;The interior region of the &lt;fen&gt;Landmark&lt;/fen&gt;, within which the &lt;fen&gt;Trajector&lt;/fen&gt; is to be found.&lt;/def-root&gt;</definition>
    </FE>
    <FE bgColor="0000FF" fgColor="FFFFFF" coreType="Core" cBy="KlB" cDate="07/14/2004 11:11:12 PDT Wed" abbrev="lm" name="Landmark" ID="6821">
        <definition>&lt;def-root&gt;The container which serves as a reference point for the &lt;fen&gt;Trajector&lt;/fen&gt; which is surrounded by it.&lt;/def-root&gt;</definition>
    </FE>
    <FE bgColor="008000" fgColor="FFFFFF" coreType="Core" cBy="KlB" cDate="07/14/2004 11:12:27 PDT Wed" abbrev="tr" name="Trajector" ID="6822">
        <definition>&lt;def-root&gt;The entity which is to be located with respect to the &lt;fen&gt;Landmark&lt;/fen&gt;.&lt;/def-root&gt;</definition>
    </FE>
    <FE bgColor="FFA500" fgColor="FFFFFF" coreType="Peripheral" cBy="MJE" cDate="09/10/2015 08:48:41 PDT Thu" abbrev="" name="Time" ID="16713">
        <definition>&lt;def-root&gt;The time at which the &lt;fen&gt;Trajector&lt;/fen&gt; is contained within the &lt;fen&gt;Landmark&lt;/fen&gt;.&lt;/def-root&gt;</definition>
    </FE>
    <frameRelation type="Inherits from">
        <relatedFrame ID="1178">Interior_profile_relation</relatedFrame>
    </frameRelation>
    <frameRelation type="Is Inherited by"/>
    <frameRelation type="Perspective on">
        <relatedFrame ID="1174">Containment_scenario</relatedFrame>
    </frameRelation>
    <frameRelation type="Is Perspectivized in"/>
    <frameRelation type="Uses"/>
    <frameRelation type="Is Used by"/>
    <frameRelation type="Subframe of"/>
    <frameRelation type="Has Subframe(s)"/>
    <frameRelation type="Precedes"/>
    <frameRelation type="Is Preceded by"/>
    <frameRelation type="Is Inchoative of"/>
    <frameRelation type="Is Causative of"/>
    <frameRelation type="See also"/>
</frame>