<?xml version="1.0" encoding="UTF-8" standalone="yes"?>
<?xml-stylesheet type="text/xsl" href="frame.xsl"?>
<frame cBy="ACW" cDate="05/31/2002 12:03:53 PDT Fri" name="Being_dry" ID="338" xsi:schemaLocation="../schema/frame.xsd" xmlns="http://framenet.icsi.berkeley.edu" xmlns:xsi="http://www.w3.org/2001/XMLSchema-instance">
    <definition>&lt;def-root&gt;An &lt;fen&gt;Item&lt;/fen&gt; is in a state of dryness.
&lt;ex&gt;&lt;fex name="Item"&gt;The shingles &lt;/fex&gt; are &lt;t&gt;dry&lt;/t&gt;.&lt;/ex&gt; 
&lt;ex&gt;&lt;fex name="Item"&gt;The apple&lt;/fex&gt; is &lt;fex name="Degree"&gt;completely&lt;/fex&gt; &lt;t&gt;dehydrated&lt;/t&gt;.&lt;/ex&gt;
&lt;ex&gt;&lt;fex name = "Item" &gt;The mop&lt;/fex&gt; is &lt;t&gt;dry&lt;/t&gt;.&lt;/ex&gt;&lt;/def-root&gt;</definition>
    <FE bgColor="00BFFF" fgColor="FFFFFF" coreType="Core" cBy="ACW" cDate="06/04/2002 08:53:22 PDT Tue" abbrev="Item" name="Item" ID="2938">
        <definition>&lt;def-root&gt;The &lt;fen&gt;Item&lt;/fen&gt; exists in a state of dryness.
&lt;ex&gt; &lt;fex name = "Item" &gt;The mop&lt;/fex&gt; is &lt;t&gt;dry&lt;/t&gt;.&lt;/ex&gt;&lt;/def-root&gt;</definition>
    </FE>
    <FE bgColor="FF69B4" fgColor="FFFFFF" coreType="Peripheral" cBy="ACW" cDate="06/04/2002 08:53:44 PDT Tue" abbrev="Degr" name="Degree" ID="2939">
        <definition>&lt;def-root&gt;This FE identifies the &lt;fen&gt;Degree&lt;/fen&gt; to which the &lt;fen&gt;Item&lt;/fen&gt; is dry.&lt;/def-root&gt;</definition>
        <semType name="Degree" ID="172"/>
    </FE>
    <FE bgColor="00008B" fgColor="FFFFFF" coreType="Extra-Thematic" cBy="ACW" cDate="06/12/2002 04:14:18 PDT Wed" abbrev="sub" name="Subregion" ID="3034">
        <definition>&lt;def-root&gt;&lt;fen&gt;Subregion&lt;/fen&gt; identifies the affected part of the larger whole.
&lt;ex&gt;The cloth was &lt;t &gt;dry&lt;/t&gt; &lt;fex name="sub"&gt;around the edges&lt;/fex&gt;.&lt;/ex&gt;&lt;/def-root&gt;</definition>
        <semType name="Locative_relation" ID="182"/>
    </FE>
    <frameRelation type="Inherits from">
        <relatedFrame ID="1015">Gradable_attributes</relatedFrame>
    </frameRelation>
    <frameRelation type="Is Inherited by"/>
    <frameRelation type="Perspective on"/>
    <frameRelation type="Is Perspectivized in"/>
    <frameRelation type="Uses"/>
    <frameRelation type="Is Used by"/>
    <frameRelation type="Subframe of"/>
    <frameRelation type="Has Subframe(s)"/>
    <frameRelation type="Precedes"/>
    <frameRelation type="Is Preceded by"/>
    <frameRelation type="Is Inchoative of"/>
    <frameRelation type="Is Causative of"/>
    <frameRelation type="See also"/>
    <lexUnit status="Finished_Initial" POS="A" name="dry.a" ID="6001" lemmaID="11870" cBy="ACW" cDate="06/05/2002 11:41:39 PDT Wed">
        <definition>COD: free from moisture or liquid. </definition>
        <sentenceCount annotated="33" total="205"/>
        <lexeme order="1" headword="false" breakBefore="false" POS="A" name="dry"/>
    </lexUnit>
    <lexUnit status="Finished_Initial" POS="A" name="parched.a" ID="6003" lemmaID="45720" cBy="ACW" cDate="06/05/2002 11:56:43 PDT Wed">
        <definition>FN: extremely dry</definition>
        <sentenceCount annotated="19" total="97"/>
        <lexeme order="1" headword="false" breakBefore="false" POS="A" name="parched"/>
    </lexUnit>
    <lexUnit status="Finished_Initial" POS="A" name="desiccated.a" ID="6005" lemmaID="45722" cBy="ACW" cDate="06/05/2002 12:41:51 PDT Wed">
        <definition>FN: having the moisture removed</definition>
        <sentenceCount annotated="12" total="44"/>
        <lexeme order="1" headword="false" breakBefore="false" POS="A" name="desiccated"/>
    </lexUnit>
    <lexUnit status="Needs_SCs" POS="A" name="waterless.a" ID="6006" lemmaID="45723" cBy="ACW" cDate="06/05/2002 12:43:50 PDT Wed">
        <definition>FN: free from water</definition>
        <sentenceCount annotated="2" total="7"/>
        <lexeme order="1" headword="false" breakBefore="false" POS="A" name="waterless"/>
    </lexUnit>
    <lexUnit status="Rules_Defined" POS="A" name="dehydrated.a" ID="11108" lemmaID="9993" cBy="MiL" cDate="11/05/2004 05:19:25 PST Fri">
        <definition>FN: being in the state of dryness; not having moisture</definition>
        <sentenceCount annotated="0" total="0"/>
        <lexeme order="1" headword="false" breakBefore="false" POS="A" name="dehydrated"/>
    </lexUnit>
</frame>