<?xml version="1.0" encoding="UTF-8" standalone="yes"?>
<?xml-stylesheet type="text/xsl" href="frame.xsl"?>
<frame cBy="JKR" cDate="10/14/2005 11:25:07 PDT Fri" name="Board_vehicle" ID="1633" xsi:schemaLocation="../schema/frame.xsd" xmlns="http://framenet.icsi.berkeley.edu" xmlns:xsi="http://www.w3.org/2001/XMLSchema-instance">
    <definition>&lt;def-root&gt;A &lt;fen&gt;Traveller&lt;/fen&gt; boards a &lt;fen&gt;Vehicle&lt;/fen&gt; that they intend to use as a means of transportation either as a passenger or as a driver.

&lt;ex&gt;On the 5th of December, 1834, &lt;fex name="tra"&gt;we&lt;/fex&gt; &lt;t&gt;embarked&lt;/t&gt; &lt;fex name="Vehicle"&gt;on board the merchant ship Hellespont&lt;/fex&gt;.&lt;/ex&gt;

&lt;ex&gt;&lt;fex name="Traveller"&gt;She&lt;/fex&gt; &lt;t&gt;boarded&lt;/t&gt; &lt;fex name="Vehicle"&gt;the train&lt;/fex&gt; &lt;fex name="Time"&gt;ahead of him&lt;/fex&gt;.&lt;/ex&gt;

&lt;ex&gt;&lt;fex name="Time"&gt;On 19 September&lt;/fex&gt; &lt;fex name="Traveller"&gt;the battalion&lt;/fex&gt; &lt;t&gt;embussed&lt;/t&gt; and headed southward into the Swordfish training area some 40 miles away.&lt;/ex&gt;&lt;/def-root&gt;</definition>
    <FE bgColor="FF0000" fgColor="FFFFFF" coreType="Core" cBy="JKR" cDate="10/14/2005 11:25:07 PDT Fri" abbrev="tra" name="Traveller" ID="9109">
        <definition>&lt;def-root&gt;The &lt;fen&gt;Traveller&lt;/fen&gt; is the entity which boards the &lt;fen&gt;Vehicle&lt;/fen&gt;.

&lt;ex&gt;At approximately 07:30 hours &lt;fex name="tra"&gt;we&lt;/fex&gt; &lt;t&gt;emplaned&lt;/t&gt; in England and after circling to gather other units that made up the 1st Airborne Army, we headed for the Rhine.&lt;/ex&gt;&lt;/def-root&gt;</definition>
    </FE>
    <FE bgColor="00008B" fgColor="FFFFFF" coreType="Core" cBy="JKR" cDate="10/14/2005 11:25:07 PDT Fri" abbrev="veh" name="Vehicle" ID="9110">
        <definition>&lt;def-root&gt;The &lt;fen&gt;Vehicle&lt;/fen&gt; is the intended means of conveyance of the &lt;fen&gt;Traveller&lt;/fen&gt;. 

&lt;ex&gt;When he had &lt;t&gt;mounted&lt;/t&gt; &lt;fex name="Vehicle"&gt;the horse&lt;/fex&gt;, his armour glittered in the sun, and he looked so brave and handsome.&lt;/ex&gt;&lt;/def-root&gt;</definition>
    </FE>
    <FE bgColor="006400" fgColor="FFFFFF" coreType="Peripheral" cBy="JKR" cDate="10/14/2005 11:25:08 PDT Fri" abbrev="" name="Source" ID="9111">
        <definition>&lt;def-root&gt;Any expression which implies a definite starting-point of motion outside of or off the &lt;fen&gt;Vehicle&lt;/fen&gt; expresses the frame element &lt;fen&gt;Source&lt;/fen&gt;.
&lt;/def-root&gt;</definition>
        <semType name="Source" ID="151"/>
    </FE>
    <FE bgColor="FF00FF" fgColor="FFFFFF" coreType="Peripheral" cBy="JKR" cDate="10/14/2005 11:25:08 PDT Fri" abbrev="" name="Manner" ID="9112">
        <definition>&lt;def-root&gt;The &lt;fen&gt;Manner&lt;/fen&gt; describes a property of the motion not related to its trajectory.
&lt;/def-root&gt;</definition>
        <semType name="Manner" ID="173"/>
    </FE>
    <FE bgColor="A52A2A" fgColor="FFFFFF" coreType="Peripheral" cBy="JKR" cDate="10/14/2005 11:25:08 PDT Fri" abbrev="" name="Path" ID="9113">
        <definition>&lt;def-root&gt;The &lt;fen&gt;Path&lt;/fen&gt; describes the trajectory of the &lt;fen&gt;Traveller&lt;/fen&gt;'s motion onto the &lt;fen&gt;Vehicle&lt;/fen&gt;.
&lt;/def-root&gt;</definition>
    </FE>
    <FE bgColor="2E8B57" fgColor="FFFFFF" coreType="Extra-Thematic" cBy="JKR" cDate="10/14/2005 11:25:08 PDT Fri" abbrev="dfs" name="Duration_of_final_state" ID="9116">
        <definition>&lt;def-root&gt;The amount of time the &lt;fen&gt;Traveller&lt;/fen&gt; spends on the &lt;fen&gt;Vehicle&lt;/fen&gt; after boarding it.
&lt;/def-root&gt;</definition>
        <semType name="Duration" ID="142"/>
    </FE>
    <FE bgColor="1E90FF" fgColor="FFFFFF" coreType="Extra-Thematic" cBy="JKR" cDate="10/14/2005 11:25:10 PDT Fri" abbrev="dep" name="Depictive" ID="9121">
        <definition>&lt;def-root&gt;The state of the &lt;fen&gt;Traveller&lt;/fen&gt; or &lt;fen&gt;Vehicle&lt;/fen&gt; during the boarding.

&lt;ex&gt;Kate Lawler (no relation) reportedly &lt;t&gt;boarded&lt;/t&gt; a plane &lt;fex name="Depictive"&gt;drunk&lt;/fex&gt; after hitting the bar when her flight was delayed for five hours. &lt;/ex&gt;&lt;/def-root&gt;</definition>
    </FE>
    <FE bgColor="FFA500" fgColor="000000" coreType="Peripheral" cBy="JKR" cDate="10/14/2005 11:25:10 PDT Fri" abbrev="Time" name="Time" ID="9122">
        <definition>&lt;def-root&gt;When the boarding of the &lt;fen&gt;Vehicle&lt;/fen&gt; takes place.

&lt;ex&gt;Therese &lt;t&gt;entrained&lt;/t&gt; &lt;fex name="Time"&gt;at 9am on 4 October&lt;/fex&gt; for the Brandhoek area. .&lt;/ex&gt;&lt;/def-root&gt;</definition>
        <semType name="Time" ID="141"/>
    </FE>
    <FE bgColor="d0d0d0" fgColor="000000" coreType="Extra-Thematic" cBy="JKR" cDate="10/14/2005 11:25:11 PDT Fri" abbrev="CT" name="Cotheme" ID="9123">
        <definition>&lt;def-root&gt;A theme that rides in the same &lt;fen&gt;Vehicle&lt;/fen&gt; as the main &lt;fen&gt;Traveller&lt;/fen&gt;. This may be an entity the &lt;fen&gt;Traveller&lt;/fen&gt; transports or a co-traveller moving under their own power.

&lt;ex&gt;This woman &lt;t&gt;got&lt;/t&gt; on the bus &lt;fex name="CT"&gt;with a whole gaggle of little children&lt;/fex&gt;.&lt;/ex&gt;&lt;/def-root&gt;</definition>
    </FE>
    <FE bgColor="0000FF" fgColor="FFFFFF" coreType="Peripheral" cBy="JKR" cDate="10/14/2005 11:25:11 PDT Fri" abbrev="Pur" name="Purpose" ID="9124">
        <definition>&lt;def-root&gt;The &lt;fen&gt;Purpose&lt;/fen&gt; for which the &lt;fen&gt;Traveller&lt;/fen&gt; boards the vehicle.
&lt;/def-root&gt;</definition>
        <semType name="State_of_affairs" ID="177"/>
    </FE>
    <FE bgColor="800080" fgColor="FFFFFF" coreType="Peripheral" cBy="JKR" cDate="10/14/2005 11:50:53 PDT Fri" abbrev="pla" name="Place" ID="9125">
        <definition>&lt;def-root&gt;The location in which the &lt;fen&gt;Traveller&lt;/fen&gt; boards the &lt;fen&gt;Vehicle&lt;/fen&gt;.

&lt;ex&gt;You can &lt;t&gt;get&lt;/t&gt; on the shuttle bus &lt;fex name="pla"&gt;at the Bank of America across from the BART station&lt;/fex&gt;.&lt;/ex&gt;&lt;/def-root&gt;</definition>
        <semType name="Locative_relation" ID="182"/>
    </FE>
    <FE bgColor="FFFF00" fgColor="000000" coreType="Extra-Thematic" cBy="KmG" cDate="06/02/2006 12:31:10 PDT Fri" abbrev="" name="Circumstances" ID="10187">
        <definition>&lt;def-root&gt;Circumstances describe the state of the world (at a particular time and place) which is specifically independent of the event itself and any of its participants. &lt;/def-root&gt;</definition>
    </FE>
    <frameRelation type="Inherits from"/>
    <frameRelation type="Is Inherited by"/>
    <frameRelation type="Perspective on"/>
    <frameRelation type="Is Perspectivized in"/>
    <frameRelation type="Uses">
        <relatedFrame ID="690">Ride_vehicle</relatedFrame>
    </frameRelation>
    <frameRelation type="Is Used by"/>
    <frameRelation type="Subframe of"/>
    <frameRelation type="Has Subframe(s)"/>
    <frameRelation type="Precedes"/>
    <frameRelation type="Is Preceded by"/>
    <frameRelation type="Is Inchoative of"/>
    <frameRelation type="Is Causative of"/>
    <frameRelation type="See also"/>
    <lexUnit status="Finished_Initial" POS="V" name="board.v" ID="12807" lemmaID="3999" cBy="JKR" cDate="10/14/2005 11:35:29 PDT Fri">
        <definition>COD: get on or into (a ship, aircraft, or other vehicle).</definition>
        <sentenceCount annotated="16" total="168"/>
        <lexeme order="1" headword="false" breakBefore="false" POS="V" name="board"/>
    </lexUnit>
    <lexUnit status="Created" POS="V" name="get.v" ID="12808" lemmaID="16168" cBy="JKR" cDate="10/14/2005 11:36:27 PDT Fri">
        <definition>FN: enter or mount a vehicle</definition>
        <sentenceCount annotated="2" total="3"/>
        <lexeme order="1" headword="false" breakBefore="false" POS="V" name="get"/>
    </lexUnit>
    <lexUnit status="Created" incorporatedFE="Vehicle" POS="V" name="embark.v" ID="12809" lemmaID="12533" cBy="JKR" cDate="10/14/2005 11:38:03 PDT Fri">
        <definition>COD: go on board a ship or aircraft.</definition>
        <sentenceCount annotated="1" total="1"/>
        <lexeme order="1" headword="false" breakBefore="false" POS="V" name="embark"/>
    </lexUnit>
    <lexUnit status="Created" incorporatedFE="Vehicle" POS="V" name="emplane.v" ID="12810" lemmaID="12630" cBy="JKR" cDate="10/14/2005 11:47:11 PDT Fri">
        <definition>FN: go on board an aircraft.</definition>
        <sentenceCount annotated="0" total="0"/>
        <lexeme order="1" headword="false" breakBefore="false" POS="V" name="emplane"/>
    </lexUnit>
    <lexUnit status="Insufficient_Attestations" incorporatedFE="Vehicle" POS="V" name="entrain.v" ID="12811" lemmaID="12885" cBy="JKR" cDate="10/14/2005 11:47:41 PDT Fri">
        <definition>FN: board a train.</definition>
        <sentenceCount annotated="5" total="20"/>
        <lexeme order="1" headword="false" breakBefore="false" POS="V" name="entrain"/>
    </lexUnit>
    <lexUnit status="Created" POS="V" name="mount.v" ID="12812" lemmaID="25061" cBy="JKR" cDate="10/14/2005 11:54:33 PDT Fri">
        <definition>COD: get up on (an animal or bicycle) in order to ride it.</definition>
        <sentenceCount annotated="0" total="0"/>
        <lexeme order="1" headword="false" breakBefore="false" POS="V" name="mount"/>
    </lexUnit>
    <lexUnit status="Created" POS="V" name="hop.v" ID="12813" lemmaID="18375" cBy="JKR" cDate="10/14/2005 11:55:07 PDT Fri">
        <definition>COD: jump on to (a vehicle)</definition>
        <sentenceCount annotated="0" total="0"/>
        <lexeme order="1" headword="false" breakBefore="false" POS="V" name="hop"/>
    </lexUnit>
    <lexUnit status="Created" POS="N" name="embarkation.n" ID="12814" lemmaID="12534" cBy="JKR" cDate="10/14/2005 12:13:31 PDT Fri">
        <definition>FN: the act of embarking on a vessel or aircraft</definition>
        <sentenceCount annotated="0" total="0"/>
        <lexeme order="1" headword="false" breakBefore="false" POS="N" name="embarkation"/>
    </lexUnit>
    <lexUnit status="Created" POS="N" name="embarkment.n" ID="12815" lemmaID="50267" cBy="JKR" cDate="10/14/2005 12:15:45 PDT Fri">
        <definition>COD: the act of passengers and crew getting aboard a ship or aircraft</definition>
        <sentenceCount annotated="0" total="0"/>
        <lexeme order="1" headword="true" breakBefore="false" POS="N" name="embarkment"/>
    </lexUnit>
    <lexUnit status="Created" incorporatedFE="Vehicle" POS="V" name="embus.v" ID="12816" lemmaID="50268" cBy="JKR" cDate="10/14/2005 12:18:38 PDT Fri">
        <definition>FN: get on a bus</definition>
        <sentenceCount annotated="0" total="0"/>
        <lexeme order="1" headword="true" breakBefore="false" POS="V" name="embus"/>
    </lexUnit>
</frame>