<?xml version="1.0" encoding="UTF-8" standalone="yes"?>
<?xml-stylesheet type="text/xsl" href="frame.xsl"?>
<frame cBy="ACW" cDate="08/06/2002 01:51:59 PDT Tue" name="Body_mark" ID="393" xsi:schemaLocation="../schema/frame.xsd" xmlns="http://framenet.icsi.berkeley.edu" xmlns:xsi="http://www.w3.org/2001/XMLSchema-instance">
    <definition>&lt;def-root&gt;In this frame a &lt;fen&gt;Body_mark&lt;/fen&gt; is present on a &lt;fen&gt;Possessor&lt;/fen&gt;'s body.  It may be located at an &lt;fen&gt;Attachment&lt;/fen&gt; and have a &lt;fen&gt;Descriptor&lt;/fen&gt;.  A &lt;fen&gt;Cause&lt;/fen&gt; may also be indicated. It may be a temporary condition or a permanent one. 

&lt;ex&gt; &lt;fex name="Possessor"&gt;Mark&lt;/fex&gt; has a &lt;fex name="Descriptor"&gt;cancerous&lt;/fex&gt; &lt;fex name="Body_mark"&gt;&lt;t&gt;mole&lt;/t&gt;&lt;/fex&gt; &lt;fex name="Attachment"&gt;on his back&lt;/fex&gt;.&lt;/ex&gt;&lt;/def-root&gt;</definition>
    <FE bgColor="9400D3" fgColor="FFFFFF" coreType="Peripheral" cBy="ACW" cDate="08/06/2002 01:54:24 PDT Tue" abbrev="Attachment" name="Attachment" ID="3506">
        <definition>&lt;def-root&gt;The &lt;fen&gt;Attachment&lt;/fen&gt; is the larger body part to which the &lt;fen&gt;Body_mark&lt;/fen&gt; is attached, or of which it is a part.
&lt;ex&gt;Mark has a cancerous &lt;t&gt;mole&lt;/t&gt; &lt;fex name="Attachment"&gt;on his back&lt;/fex&gt;.&lt;/ex&gt;
&lt;ex&gt;The &lt;t&gt;warts&lt;/t&gt; &lt;fex name="Attachment"&gt;of her left hand&lt;/fex&gt; shocked everyone.&lt;/ex&gt;
&lt;/def-root&gt;</definition>
    </FE>
    <FE bgColor="FF0000" fgColor="FFFFFF" coreType="Core" cBy="ACW" cDate="08/06/2002 01:54:24 PDT Tue" abbrev="Body_m" name="Body_mark" ID="3507">
        <definition>&lt;def-root&gt;This FE identifies  the &lt;fen&gt;Body_mark&lt;/fen&gt;.

&lt;ex&gt;Mark has a cancerous &lt;fex name="Body_mark"&gt;&lt;t&gt;mole&lt;/t&gt;&lt;/fex&gt; on his back.&lt;/ex&gt;&lt;/def-root&gt;</definition>
        <semType name="Artifact" ID="61"/>
    </FE>
    <FE bgColor="0000FF" fgColor="FFFFFF" coreType="Peripheral" cBy="ACW" cDate="08/06/2002 01:54:24 PDT Tue" abbrev="Desc" name="Descriptor" ID="3508">
        <definition>&lt;def-root&gt;This Frame Element is used for a characteristic or description of the &lt;fen&gt;Body_mark&lt;/fen&gt;. it identifies a modifier of its head noun. 

&lt;ex&gt;Mark has a &lt;fex name="Desc"&gt;cancerous&lt;/fex&gt; &lt;t&gt;mole&lt;/t&gt; on his back.&lt;/ex&gt;&lt;/def-root&gt;</definition>
    </FE>
    <FE bgColor="800080" fgColor="FFFFFF" coreType="Core" cBy="ACW" cDate="08/06/2002 01:54:24 PDT Tue" abbrev="Poss" name="Possessor" ID="3510">
        <definition>&lt;def-root&gt;This Frame Element denotes the &lt;fen&gt;Possessor&lt;/fen&gt; of the &lt;fen&gt;Body_mark&lt;/fen&gt;.

&lt;ex&gt;&lt;fex name="Poss"&gt;Mark&lt;/fex&gt; has a cancerous &lt;t&gt;mole&lt;/t&gt; on his back.&lt;/ex&gt;&lt;/def-root&gt;</definition>
    </FE>
    <FE bgColor="008000" fgColor="FFFFFF" coreType="Peripheral" cBy="ACW" cDate="08/06/2002 02:01:20 PDT Tue" abbrev="cause" name="Cause" ID="3511">
        <definition>&lt;def-root&gt;The &lt;fen&gt;Cause&lt;/fen&gt; is the event that brings about the presence of the &lt;fen&gt;Body_mark&lt;/fen&gt;.

&lt;/def-root&gt;</definition>
    </FE>
    <FE bgColor="A52A2A" fgColor="FFFFFF" coreType="Peripheral" cBy="MJE" cDate="01/13/2006 04:06:59 PST Fri" abbrev="typ" name="Type" ID="9843">
        <definition>&lt;def-root&gt;A specific kind of the particular &lt;fen&gt;Body_mark&lt;/fen&gt;.

&lt;ex&gt;Well, looks like you got a &lt;fex name="typ"&gt;plantar&lt;/fex&gt; &lt;t&gt;wart&lt;/t&gt; on your palm there.&lt;/ex&gt;&lt;/def-root&gt;</definition>
    </FE>
    <FE bgColor="d0d0d0" fgColor="000000" coreType="Peripheral" cBy="RLG" cDate="03/28/2007 04:11:45 PDT Wed" abbrev="con" name="Constituents" ID="11428">
        <definition>&lt;def-root&gt;Salient constituents that make up the &lt;fen&gt;Body_mark&lt;/fen&gt;.&lt;/def-root&gt;</definition>
    </FE>
    <frameRelation type="Inherits from">
        <relatedFrame ID="302">Physical_entity</relatedFrame>
    </frameRelation>
    <frameRelation type="Is Inherited by"/>
    <frameRelation type="Perspective on"/>
    <frameRelation type="Is Perspectivized in"/>
    <frameRelation type="Uses">
        <relatedFrame ID="119">Body_parts</relatedFrame>
    </frameRelation>
    <frameRelation type="Is Used by"/>
    <frameRelation type="Subframe of"/>
    <frameRelation type="Has Subframe(s)"/>
    <frameRelation type="Precedes"/>
    <frameRelation type="Is Preceded by"/>
    <frameRelation type="Is Inchoative of"/>
    <frameRelation type="Is Causative of"/>
    <frameRelation type="See also"/>
    <lexUnit status="Finished_Initial" POS="N" name="wart.n" ID="7083" lemmaID="43477" cBy="ACW" cDate="08/06/2002 02:07:05 PDT Tue">
        <definition>COD: a small, hard, benign growth on the skin, caused by a virus</definition>
        <sentenceCount annotated="24" total="120"/>
        <lexeme order="1" headword="false" breakBefore="false" POS="N" name="wart"/>
    </lexUnit>
    <lexUnit status="Finished_Initial" POS="N" name="pimple.n" ID="7084" lemmaID="29032" cBy="ACW" cDate="08/06/2002 02:10:26 PDT Tue">
        <definition>COD: a small, hard inflamed spot on the skin</definition>
        <sentenceCount annotated="12" total="42"/>
        <lexeme order="1" headword="false" breakBefore="false" POS="N" name="pimple"/>
    </lexUnit>
    <lexUnit status="Finished_Initial" POS="N" name="blackhead.n" ID="7085" lemmaID="3728" cBy="ACW" cDate="08/06/2002 02:13:13 PDT Tue">
        <definition>COD: a plug of sebum in a hair follicle, darkened by oxidation</definition>
        <sentenceCount annotated="5" total="15"/>
        <lexeme order="1" headword="false" breakBefore="false" POS="N" name="blackhead"/>
    </lexUnit>
    <lexUnit status="Finished_Initial" POS="N" name="scar.n" ID="7086" lemmaID="34337" cBy="ACW" cDate="08/06/2002 02:14:03 PDT Tue">
        <definition>COD: a mark left on the skin or within body tissue after the healing of a wound or burn</definition>
        <sentenceCount annotated="63" total="255"/>
        <lexeme order="1" headword="false" breakBefore="false" POS="N" name="scar"/>
    </lexUnit>
    <lexUnit status="Finished_Initial" POS="N" name="mole.n" ID="7087" lemmaID="24723" cBy="ACW" cDate="08/06/2002 02:20:53 PDT Tue">
        <definition>COD: a small dark blemish on the skin caused by a high concentration of melanin. </definition>
        <sentenceCount annotated="12" total="115"/>
        <lexeme order="1" headword="false" breakBefore="false" POS="N" name="mole"/>
    </lexUnit>
    <lexUnit status="Finished_Initial" POS="N" name="blemish.n" ID="7088" lemmaID="3813" cBy="ACW" cDate="08/06/2002 02:26:26 PDT Tue">
        <definition>COD: a small mark or flaw which spoils the appearance of something. </definition>
        <sentenceCount annotated="6" total="95"/>
        <lexeme order="1" headword="false" breakBefore="false" POS="N" name="blemish"/>
    </lexUnit>
    <lexUnit status="Finished_Initial" POS="N" name="birthmark.n" ID="7089" lemmaID="46043" cBy="ACW" cDate="08/06/2002 02:27:44 PDT Tue">
        <definition>COD: a coloured mark on the body which is there from birth. </definition>
        <sentenceCount annotated="5" total="33"/>
        <lexeme order="1" headword="false" breakBefore="false" POS="N" name="birthmark"/>
    </lexUnit>
    <lexUnit status="Finished_Initial" POS="N" name="freckle.n" ID="7090" lemmaID="15361" cBy="ACW" cDate="08/06/2002 02:29:36 PDT Tue">
        <definition>COD: a small light brown spot on the skin, often becoming more pronounced through exposure to the sun</definition>
        <sentenceCount annotated="8" total="89"/>
        <lexeme order="1" headword="false" breakBefore="false" POS="N" name="freckle"/>
    </lexUnit>
    <lexUnit status="Insufficient_Attestations" POS="N" name="zit.n" ID="7091" lemmaID="46044" cBy="ACW" cDate="08/06/2002 02:32:02 PDT Tue">
        <definition>FN: a pimple</definition>
        <sentenceCount annotated="1" total="2"/>
        <lexeme order="1" headword="false" breakBefore="false" POS="N" name="zit"/>
    </lexUnit>
    <lexUnit status="Finished_Initial" POS="N" name="boil.n" ID="7092" lemmaID="4064" cBy="ACW" cDate="08/06/2002 02:35:07 PDT Tue">
        <definition>COD: an inflamed pus-filled swelling on the skin. </definition>
        <sentenceCount annotated="13" total="130"/>
        <lexeme order="1" headword="false" breakBefore="false" POS="N" name="boil"/>
    </lexUnit>
    <lexUnit status="Finished_Initial" POS="N" name="blister.n" ID="7093" lemmaID="3853" cBy="ACW" cDate="08/06/2002 02:38:45 PDT Tue">
        <definition>COD: a small bubble on the skin filled with serum and typically caused by friction or burning or a similar swelling, filled with air or fluid, on a surface. </definition>
        <sentenceCount annotated="21" total="150"/>
        <lexeme order="1" headword="false" breakBefore="false" POS="N" name="blister"/>
    </lexUnit>
    <lexUnit status="Finished_Initial" POS="N" name="rash.n" ID="7094" lemmaID="31848" cBy="ACW" cDate="08/06/2002 02:47:45 PDT Tue">
        <definition>COD: an area of reddening of a person's skin, sometimes with raised spots.</definition>
        <sentenceCount annotated="28" total="144"/>
        <lexeme order="1" headword="false" breakBefore="false" POS="N" name="rash"/>
    </lexUnit>
    <lexUnit status="Created" POS="N" name="love bite.n" ID="7098" lemmaID="46048" cBy="ACW" cDate="08/06/2002 03:09:32 PDT Tue">
        <definition>COD: temporary red mark on the skin caused by biting or sucking during sexual play. </definition>
        <sentenceCount annotated="0" total="0"/>
        <lexeme order="1" headword="false" breakBefore="false" POS="N" name="love"/>
        <lexeme order="2" headword="true" breakBefore="false" POS="N" name="bite"/>
    </lexUnit>
    <lexUnit status="Created" POS="N" name="liver spot.n" ID="7099" lemmaID="46049" cBy="ACW" cDate="08/06/2002 03:10:23 PDT Tue">
        <definition>COD: a small brown spot on the skin, especially as caused by a skin condition such as lentigo. </definition>
        <sentenceCount annotated="0" total="0"/>
        <lexeme order="1" headword="false" breakBefore="false" POS="N" name="liver"/>
        <lexeme order="2" headword="true" breakBefore="false" POS="N" name="spot"/>
    </lexUnit>
    <lexUnit status="Finished_Initial" POS="N" name="blotch.n" ID="7101" lemmaID="3919" cBy="ACW" cDate="08/06/2002 03:12:22 PDT Tue">
        <definition>COD:  a large irregular patch or unsightly mark. </definition>
        <sentenceCount annotated="5" total="58"/>
        <lexeme order="1" headword="false" breakBefore="false" POS="N" name="blotch"/>
    </lexUnit>
    <lexUnit status="Finished_Initial" POS="N" name="pustule.n" ID="7102" lemmaID="31293" cBy="ACW" cDate="08/06/2002 03:19:47 PDT Tue">
        <definition>COD: a small blister or pimple containing pus.</definition>
        <sentenceCount annotated="5" total="12"/>
        <lexeme order="1" headword="false" breakBefore="false" POS="N" name="pustule"/>
    </lexUnit>
    <lexUnit status="Created" POS="N" name="cold sore.n" ID="7103" lemmaID="46051" cBy="ACW" cDate="08/06/2002 03:48:31 PDT Tue">
        <definition>COD: an inflamed blister in or near the mouth, caused by infection with the herpes simplex virus.</definition>
        <sentenceCount annotated="0" total="0"/>
        <lexeme order="1" headword="false" breakBefore="false" POS="A" name="cold"/>
        <lexeme order="2" headword="true" breakBefore="false" POS="N" name="sore"/>
    </lexUnit>
    <lexUnit status="Finished_Initial" POS="N" name="callus.n" ID="7165" lemmaID="5251" cBy="ACW" cDate="08/09/2002 09:19:07 PDT Fri">
        <definition>COD: a thickened and hardened part of the skin or soft tissue, especially one caused by friction. </definition>
        <sentenceCount annotated="6" total="16"/>
        <lexeme order="1" headword="false" breakBefore="false" POS="N" name="callus"/>
    </lexUnit>
    <lexUnit status="Finished_Initial" POS="N" name="sore.n" ID="7166" lemmaID="36986" cBy="ACW" cDate="08/09/2002 10:35:58 PDT Fri">
        <definition>COD: a raw or painful place on the body. </definition>
        <sentenceCount annotated="24" total="100"/>
        <lexeme order="1" headword="false" breakBefore="false" POS="N" name="sore"/>
    </lexUnit>
    <lexUnit status="Insufficient_Attestations" POS="N" name="bedsore.n" ID="7167" lemmaID="3184" cBy="ACW" cDate="08/09/2002 10:37:29 PDT Fri">
        <definition>COD: a sore that develops as a result of lying in bed in one position for a prolonged period. </definition>
        <sentenceCount annotated="2" total="5"/>
        <lexeme order="1" headword="false" breakBefore="false" POS="N" name="bedsore"/>
    </lexUnit>
    <lexUnit status="Created" POS="N" name="acne.n" ID="10122" lemmaID="361" cBy="TRn" cDate="02/26/2004 01:49:56 PST Thu">
        <definition>FN: numerous red pimples resulting from inflamed sebaceous glands. </definition>
        <sentenceCount annotated="1" total="1"/>
        <lexeme order="1" headword="false" breakBefore="false" POS="N" name="acne"/>
    </lexUnit>
</frame>