<?xml version="1.0" encoding="UTF-8" standalone="yes"?>
<?xml-stylesheet type="text/xsl" href="frame.xsl"?>
<frame cBy="MJE" cDate="10/04/2001 03:10:33 PDT Thu" name="Bounded_entity" ID="237" xsi:schemaLocation="../schema/frame.xsd" xmlns="http://framenet.icsi.berkeley.edu" xmlns:xsi="http://www.w3.org/2001/XMLSchema-instance">
    <definition>&lt;def-root&gt;This is an abstract frame for bounded areas, used mostly for FE inheritance.&lt;/def-root&gt;</definition>
    <semType name="Non-Lexical Frame" ID="16"/>
    <FE bgColor="FF0000" fgColor="FFFFFF" coreType="Core" cBy="MJE" cDate="10/04/2001 03:19:31 PDT Thu" abbrev="Bound" name="Bounded_area" ID="2044">
        <definition>&lt;def-root&gt;This FE identifies a stable &lt;fen&gt;Bounded_area&lt;/fen&gt;.  It typically serves as the denotation of nouns.&lt;/def-root&gt;</definition>
    </FE>
    <FE bgColor="00BFFF" fgColor="FFFFFF" coreType="Core" cBy="MJE" cDate="10/04/2001 03:19:37 PDT Thu" abbrev="Cnst" name="Constituent_parts" ID="2045">
        <definition>&lt;def-root&gt;This FE identifies the salient &lt;fen&gt;Constituent_parts&lt;/fen&gt; that make up a bounded area.&lt;/def-root&gt;</definition>
    </FE>
    <FE bgColor="800080" fgColor="FFFFFF" coreType="Core" cBy="MJE" cDate="10/04/2001 03:19:48 PDT Thu" abbrev="Rel_loc" name="Relative_location" ID="2047">
        <definition>&lt;def-root&gt;&lt;fen&gt;Relative_location&lt;/fen&gt; identifies the place in respect to which a bounded area is located.&lt;/def-root&gt;</definition>
        <semType name="Locative_relation" ID="182"/>
    </FE>
    <FE bgColor="9F79EE" fgColor="FFFFFF" coreType="Core" cBy="MJE" cDate="10/04/2001 03:19:56 PDT Thu" abbrev="Name" name="Name" ID="2048">
        <definition>&lt;def-root&gt;This FE is used for the &lt;fen&gt;Name&lt;/fen&gt; of a bounded area.&lt;/def-root&gt;</definition>
    </FE>
    <FE bgColor="FF69B4" fgColor="FFFFFF" coreType="Core" cBy="MJE" cDate="10/04/2001 03:21:14 PDT Thu" abbrev="Own" name="Owner" ID="2049">
        <definition>&lt;def-root&gt;This FE identifies the &lt;fen&gt;Owner&lt;/fen&gt;, generally a person, of the bounded area.&lt;/def-root &gt;</definition>
    </FE>
    <FE bgColor="0000FF" fgColor="FFFFFF" coreType="Core" cBy="MJE" cDate="04/12/2002 04:16:53 PDT Fri" abbrev="FormC" name="Formational_cause" ID="2609">
        <definition>&lt;def-root&gt;This FE identifies the &lt;fen&gt;Formational_cause&lt;/fen&gt; (action or agent) that brings about the features of the bounded area.&lt;/def-root&gt;</definition>
    </FE>
    <FE bgColor="2E8B57" fgColor="FFFFFF" coreType="Peripheral" cBy="MJE" cDate="02/03/2003 02:12:43 PST Mon" abbrev="" name="Type" ID="4170">
        <definition>&lt;def-root&gt;An indication of which kind of &lt;fen&gt;Bounded_area&lt;/fen&gt; the entity is.&lt;/def-root&gt;</definition>
    </FE>
    <frameRelation type="Inherits from">
        <relatedFrame ID="302">Physical_entity</relatedFrame>
    </frameRelation>
    <frameRelation type="Is Inherited by"/>
    <frameRelation type="Perspective on"/>
    <frameRelation type="Is Perspectivized in"/>
    <frameRelation type="Uses">
        <relatedFrame ID="329">Boundary</relatedFrame>
        <relatedFrame ID="960">Being_located</relatedFrame>
    </frameRelation>
    <frameRelation type="Is Used by">
        <relatedFrame ID="78">Containers</relatedFrame>
        <relatedFrame ID="192">Locale</relatedFrame>
        <relatedFrame ID="328">Shapes</relatedFrame>
    </frameRelation>
    <frameRelation type="Subframe of"/>
    <frameRelation type="Has Subframe(s)"/>
    <frameRelation type="Precedes"/>
    <frameRelation type="Is Preceded by"/>
    <frameRelation type="Is Inchoative of"/>
    <frameRelation type="Is Causative of"/>
    <frameRelation type="See also"/>
</frame>