<?xml version="1.0" encoding="UTF-8" standalone="yes"?>
<?xml-stylesheet type="text/xsl" href="frame.xsl"?>
<frame cBy="JKR" cDate="08/30/2005 02:33:37 PDT Tue" name="Bragging" ID="1624" xsi:schemaLocation="../schema/frame.xsd" xmlns="http://framenet.icsi.berkeley.edu" xmlns:xsi="http://www.w3.org/2001/XMLSchema-instance">
    <definition>&lt;def-root&gt;A &lt;fen&gt;Speaker&lt;/fen&gt; talks about a &lt;fen&gt;Topic&lt;/fen&gt;, which may be an action performed by the &lt;fen&gt;Speaker&lt;/fen&gt; or an entity or state of affairs that they are associated with in order to suggest that the &lt;fen&gt;Speaker&lt;/fen&gt; is worthy of admiration. The Speaker may give an explicit &lt;fen&gt;Reason&lt;/fen&gt; why the &lt;fen&gt;Topic&lt;/fen&gt; redounds to their credit. Alternatively, a &lt;fen&gt;Message&lt;/fen&gt; frame element can be used to directly describe what the &lt;fen&gt;Speaker&lt;/fen&gt; says, leaving the more specific &lt;fen&gt;Reason&lt;/fen&gt; for admirability to be inferred. Instead of the &lt;fen&gt;Speaker&lt;/fen&gt;, the action may be attributed metonymically to the &lt;fen&gt;Medium&lt;/fen&gt;, or possibly the &lt;fen&gt;Expressor&lt;/fen&gt;.

&lt;ex&gt;&lt;/ex&gt;


&lt;ex&gt;&lt;fex name="Speaker"&gt;Turkish officials&lt;/fex&gt; &lt;t&gt;boasted&lt;/t&gt; &lt;fex name="Topic"&gt;of giving 'tens of thousands of dollars in surreptitious payments' to a prominent American politician&lt;/fex&gt;.&lt;/ex&gt;

&lt;ex&gt;&lt;fex name="Speaker"&gt;He&lt;/fex&gt; &lt;fex name="Time"&gt;then&lt;/fex&gt; &lt;t&gt;vaunted&lt;/t&gt; &lt;fex name="Topic"&gt;his own clan&lt;/fex&gt;, but failed to mention Emanuel Ungaro, who described the omission as ''lamentable''.&lt;/ex&gt;

&lt;ex&gt;&lt;fex name="Medium"&gt;The press release&lt;/fex&gt; &lt;t&gt;boasts&lt;/t&gt; &lt;fex name="mes"&gt;that "a direct connection between the cartridge and the system" means no more having to blow dust out of game cartridges&lt;/fex&gt;.&lt;/ex&gt;

&lt;ex&gt;&lt;fex name="Speaker"&gt;70's comics like Chevy Chase and Steve Martin&lt;/fex&gt; over-stated their egotism and &lt;t&gt;preened&lt;/t&gt; &lt;fex name="Topic"&gt;over their superiority&lt;/fex&gt;.&lt;/ex&gt;&lt;/def-root&gt;</definition>
    <FE bgColor="FF0000" fgColor="FFFFFF" coreType="Core" cBy="JKR" cDate="08/30/2005 02:33:37 PDT Tue" abbrev="Spkr" name="Speaker" ID="9023">
        <definition>&lt;def-root&gt;The &lt;fen&gt;Speaker&lt;/fen&gt; is the person who produces a message about a &lt;fen&gt;Topic&lt;/fen&gt;.

&lt;ex&gt;During the 1990s &lt;fex name="Spkr"&gt;Rio Grande Do Sul's governor, Olivio Dutra of the PT,&lt;/fex&gt; &lt;t&gt;PREENED&lt;/t&gt; about the province's GE-free status.&lt;/ex&gt;&lt;/def-root&gt;</definition>
        <semType name="Sentient" ID="5"/>
    </FE>
    <FE bgColor="006400" fgColor="FFFFFF" coreType="Peripheral" cBy="JKR" cDate="08/30/2005 02:33:37 PDT Tue" abbrev="Add" name="Addressee" ID="9024">
        <definition>&lt;def-root&gt;The &lt;fen&gt;Addressee&lt;/fen&gt; is the person to whom the &lt;fen&gt;Speaker&lt;/fen&gt; communicated a message. 

&lt;ex&gt;Sheppard said Turner apparently was backing up his &lt;t&gt;boast&lt;/t&gt; &lt;fex name="Add"&gt;to a bystander&lt;/fex&gt; when a patrol officer saw him writing on the sign and arrested him.&lt;/ex&gt;&lt;/def-root&gt;</definition>
        <semType name="Sentient" ID="5"/>
    </FE>
    <FE bgColor="0000FF" fgColor="FFFFFF" coreType="Core" cBy="JKR" cDate="08/30/2005 02:33:37 PDT Tue" abbrev="top" name="Topic" ID="9026">
        <definition>&lt;def-root&gt;The &lt;fen&gt;Topic&lt;/fen&gt; is a positively judged entity or state of affairs with which the &lt;fen&gt;Speaker&lt;/fen&gt; is associated and about which they talk.


&lt;ex&gt;Mike Wallace was told that Canseco had &lt;t&gt;bragged&lt;/t&gt; &lt;fex name="top"&gt;about steroids&lt;/fex&gt;.&lt;/ex&gt;&lt;/def-root&gt;</definition>
    </FE>
    <FE bgColor="FF00FF" fgColor="FFFFFF" coreType="Peripheral" cBy="JKR" cDate="08/30/2005 02:33:38 PDT Tue" abbrev="Manr" name="Manner" ID="9027">
        <definition>&lt;def-root&gt;Any description of the event (or state) which is not covered by more specific FEs, including secondary effects (quietly, loudly), and general descriptions comparing events (the same way). It may indicate salient characteristics of the Speaker that also affect the action (deliberately, eagerly). 

&lt;ex&gt;She insulted everyone she spoke to, and &lt;t&gt;boasted&lt;/t&gt;
&lt;fex name="Manner"&gt;loudly&lt;/fex&gt; about a salary that no one else in the office could ever hope to make.&lt;/ex&gt;&lt;/def-root&gt;</definition>
        <semType name="Manner" ID="173"/>
    </FE>
    <FE bgColor="00008B" fgColor="FFFFFF" coreType="Peripheral" cBy="JKR" cDate="08/30/2005 02:33:38 PDT Tue" abbrev="Mns" name="Means" ID="9029">
        <definition>&lt;def-root&gt;An act whereby the &lt;fen&gt;Speaker&lt;/fen&gt; makes a boastful statement.

&lt;ex&gt;He &lt;t&gt;bragged&lt;/t&gt; about himself &lt;fex name="Mns"&gt;by saying: 'I understand the language of the birds.'&lt;/fex&gt;&lt;/ex&gt;&lt;/def-root&gt;</definition>
        <semType name="State_of_affairs" ID="177"/>
    </FE>
    <FE bgColor="808080" fgColor="FFFFFF" coreType="Core" cBy="JKR" cDate="08/30/2005 02:33:38 PDT Tue" abbrev="Medium" name="Medium" ID="9031">
        <definition>&lt;def-root&gt;&lt;fen&gt;Medium&lt;/fen&gt; is the physical entity or channel used by the &lt;fen&gt;Speaker&lt;/fen&gt; to transmit the statement.

&lt;ex&gt;CNN's Jeff Greenfield &lt;t&gt;bragged&lt;/t&gt; &lt;fex name="Medium"&gt;on the air&lt;/fex&gt; recently that ratings are high. &lt;/ex&gt;&lt;/def-root&gt;</definition>
    </FE>
    <FE bgColor="9400D3" fgColor="FFFFFF" coreType="Extra-Thematic" cBy="JKR" cDate="08/30/2005 02:33:38 PDT Tue" abbrev="Dep" name="Depictive" ID="9032">
        <definition>&lt;def-root&gt;The state of the &lt;fen&gt;Speaker&lt;/fen&gt; during the statement.

&lt;ex&gt;His &lt;fex name="Dep"&gt;drunken&lt;/fex&gt; &lt;t&gt;boast&lt;/t&gt;, however, cost him his life.&lt;/ex&gt;&lt;/def-root&gt;</definition>
    </FE>
    <FE bgColor="FFA500" fgColor="FFFFFF" coreType="Peripheral" cBy="JKR" cDate="08/30/2005 02:33:38 PDT Tue" abbrev="Time" name="Time" ID="9033">
        <definition>&lt;def-root&gt;The time when the statement is made.

&lt;ex&gt;The public does not care, but the media definitely do as Haddock herself &lt;t&gt;boasted&lt;/t&gt;
&lt;fex name="Time"&gt;the next morning&lt;/fex&gt; on Good Morning America.&lt;/ex&gt;&lt;/def-root&gt;</definition>
        <semType name="Time" ID="141"/>
    </FE>
    <FE bgColor="008000" fgColor="FFFFFF" coreType="Peripheral" cBy="JKR" cDate="08/30/2005 02:33:38 PDT Tue" abbrev="" name="Place" ID="9034">
        <definition>&lt;def-root&gt;The FE specifies the place where the statement takes place.

&lt;ex&gt;'I'm Pat Crowe,' he &lt;t&gt;boasted&lt;/t&gt; &lt;fex name="Place"&gt;at the police station&lt;/fex&gt;.&lt;/ex&gt;&lt;/def-root&gt;</definition>
        <semType name="Locative_relation" ID="182"/>
    </FE>
    <FE bgColor="90876C" fgColor="FFFFFF" coreType="Extra-Thematic" cBy="JKR" cDate="08/30/2005 03:49:47 PDT Tue" abbrev="exp" name="Explanation" ID="9039">
        <definition>&lt;def-root&gt;A characteristic of the entity or state of affairs denoted by the &lt;fen&gt;Topic&lt;/fen&gt; which explains why the &lt;fen&gt;Speaker&lt;/fen&gt; is proud of the association with the &lt;fen&gt;Topic&lt;/fen&gt; referent.

&lt;ex&gt;He's not a particularly great one, but he's &lt;t&gt;vaunted&lt;/t&gt; by the Democrats &lt;fex name="exp"&gt;as the greatest threat to their party&lt;/fex&gt;, so who are we to argue?&lt;/ex&gt;&lt;/def-root&gt;</definition>
        <semType name="State_of_affairs" ID="177"/>
    </FE>
    <FE bgColor="00BFFF" fgColor="FFFFFF" coreType="Core" cBy="JKR" cDate="08/31/2005 02:40:05 PDT Wed" abbrev="mes" name="Message" ID="9040">
        <definition>&lt;def-root&gt;A description of the state of affairs that redounds to the &lt;fen&gt;Speaker&lt;/fen&gt;'s credit

&lt;ex&gt;Cosmai &lt;t&gt;BRAGGED&lt;/t&gt; &lt;fex name="mes"&gt;that Hyundai's latest quality rankings place the automaker on par with Honda and Toyota&lt;/fex&gt;.&lt;/ex&gt;&lt;/def-root&gt;</definition>
        <semType name="Message" ID="56"/>
    </FE>
    <FE bgColor="800080" fgColor="FFFFFF" coreType="Extra-Thematic" cBy="JKR" cDate="08/31/2005 03:57:08 PDT Wed" abbrev="rol" name="Role" ID="9041">
        <definition>&lt;def-root&gt;&lt;fen&gt;Role&lt;/fen&gt; is used for the capacity in which the &lt;fen&gt;Topic&lt;/fen&gt; entity or state of affairs is judged, and is expressed in &lt;ment&gt;as&lt;/ment&gt;-PPs.

&lt;ex&gt;Ricky constantly &lt;t&gt;bragged&lt;/t&gt; about his father &lt;fex name="rol"&gt;as a musician&lt;/fex&gt; but he never had much to say about him as a parent.&lt;/ex&gt;&lt;/def-root&gt;</definition>
    </FE>
    <FE bgColor="FF69B4" fgColor="FFFFFF" coreType="Core" cBy="JKR" cDate="08/31/2005 04:32:53 PDT Wed" abbrev="exp" name="Expressor" ID="9042">
        <definition>&lt;def-root&gt;&lt;fen&gt;Expressor&lt;/fen&gt; is the body part or action that conveys the feeling of pride of the &lt;fen&gt;Speaker&lt;/fen&gt;.

&lt;ex&gt;The senator's &lt;t&gt;boastful&lt;/t&gt; &lt;fex name="exp"&gt;exaggerations of her academic record at a New Hampshire campaign event&lt;/fex&gt; also contributed to her withdrawal.&lt;/ex&gt;&lt;/def-root&gt;</definition>
    </FE>
    <FE bgColor="2E8B57" fgColor="FFFFFF" coreType="Peripheral" cBy="JKR" cDate="09/03/2005 10:46:11 PDT Sat" abbrev="occ" name="Occasion" ID="9056">
        <definition>&lt;def-root&gt;The Occasion is the reason a public statement is given.&lt;/def-root&gt;</definition>
    </FE>
    <FE bgColor="d0d0d0" fgColor="FFFFFF" coreType="Extra-Thematic" cBy="JKR" cDate="09/03/2005 10:47:21 PDT Sat" abbrev="par" name="Particular_iteration" ID="9057">
        <definition>&lt;def-root&gt;Expressions marked with this extra-thematic FE indicate that the particular Statement event referred to is conceived as embedded within an iterated series of similar events or states. Most expressions of &lt;fen&gt;Particular_iteration&lt;/fen&gt; indicate which instance of the series is being referred to.&lt;/def-root&gt;</definition>
    </FE>
    <FE bgColor="00BFFF" fgColor="FFFFFF" coreType="Extra-Thematic" cBy="JKR" cDate="09/03/2005 10:48:14 PDT Sat" abbrev="int" name="Internal_cause" ID="9058">
        <definition>&lt;def-root&gt;The emotional or physical state of the &lt;fen&gt;Speaker&lt;/fen&gt; that leads to their speaking.&lt;/def-root&gt;</definition>
    </FE>
    <FE bgColor="FFD700" fgColor="000000" coreType="Peripheral" cBy="JKR" cDate="09/03/2005 10:49:25 PDT Sat" abbrev="deg" name="Degree" ID="9059">
        <definition>&lt;def-root&gt;Degree to which event occurs.&lt;/def-root&gt;</definition>
        <semType name="Degree" ID="172"/>
    </FE>
    <FEcoreSet>
        <memberFE name="Expressor" ID="9042"/>
        <memberFE name="Medium" ID="9031"/>
        <memberFE name="Speaker" ID="9023"/>
    </FEcoreSet>
    <FEcoreSet>
        <memberFE name="Message" ID="9040"/>
        <memberFE name="Topic" ID="9026"/>
    </FEcoreSet>
    <frameRelation type="Inherits from">
        <relatedFrame ID="219">Judgment_communication</relatedFrame>
    </frameRelation>
    <frameRelation type="Is Inherited by"/>
    <frameRelation type="Perspective on"/>
    <frameRelation type="Is Perspectivized in"/>
    <frameRelation type="Uses"/>
    <frameRelation type="Is Used by"/>
    <frameRelation type="Subframe of"/>
    <frameRelation type="Has Subframe(s)"/>
    <frameRelation type="Precedes"/>
    <frameRelation type="Is Preceded by"/>
    <frameRelation type="Is Inchoative of"/>
    <frameRelation type="Is Causative of"/>
    <frameRelation type="See also"/>
    <lexUnit status="Finished_Initial" POS="V" name="brag.v" ID="12749" lemmaID="4401" cBy="JKR" cDate="08/30/2005 02:39:24 PDT Tue">
        <definition>COD: boast</definition>
        <sentenceCount annotated="24" total="100"/>
        <lexeme order="1" headword="false" breakBefore="false" POS="V" name="brag"/>
    </lexUnit>
    <lexUnit status="Finished_Initial" POS="V" name="boast.v" ID="12750" lemmaID="4007" cBy="JKR" cDate="08/30/2005 02:39:47 PDT Tue">
        <definition>COD: talk with excessive pride and self-satisfaction about oneself</definition>
        <sentenceCount annotated="42" total="247"/>
        <lexeme order="1" headword="false" breakBefore="false" POS="V" name="boast"/>
    </lexUnit>
    <lexUnit status="Finished_Initial" POS="N" name="boast.n" ID="12751" lemmaID="4006" cBy="JKR" cDate="08/30/2005 02:40:13 PDT Tue">
        <definition>COD: an act of boasting.</definition>
        <sentenceCount annotated="26" total="186"/>
        <lexeme order="1" headword="false" breakBefore="false" POS="N" name="boast"/>
    </lexUnit>
    <lexUnit status="Created" POS="V" name="preen.v" ID="12752" lemmaID="30156" cBy="JKR" cDate="08/30/2005 02:41:30 PDT Tue">
        <definition>FN: gloat or exult</definition>
        <sentenceCount annotated="0" total="0"/>
        <lexeme order="1" headword="false" breakBefore="false" POS="V" name="preen"/>
    </lexUnit>
    <lexUnit status="Created" POS="V" name="rodomontade.v" ID="12753" lemmaID="50249" cBy="JKR" cDate="08/30/2005 02:42:29 PDT Tue">
        <definition>FN: boast pretentiously</definition>
        <sentenceCount annotated="0" total="0"/>
        <lexeme order="1" headword="true" breakBefore="false" POS="V" name="rodomontade"/>
    </lexUnit>
    <lexUnit status="Created" POS="V" name="vaunt.v" ID="12754" lemmaID="42761" cBy="JKR" cDate="08/30/2005 03:08:28 PDT Tue">
        <definition>COD: boast about or praise (something), especially excessively.</definition>
        <sentenceCount annotated="0" total="0"/>
        <lexeme order="1" headword="false" breakBefore="false" POS="V" name="vaunt"/>
    </lexUnit>
    <lexUnit status="Needs_SCs" POS="A" name="boastful.a" ID="12755" lemmaID="4009" cBy="JKR" cDate="08/31/2005 04:35:24 PDT Wed">
        <definition>FN: indicative of pride felt</definition>
        <sentenceCount annotated="2" total="68"/>
        <lexeme order="1" headword="false" breakBefore="false" POS="A" name="boastful"/>
    </lexUnit>
    <lexUnit status="Created" POS="N" name="rodomontade.n" ID="12756" lemmaID="33436" cBy="JKR" cDate="08/31/2005 04:44:35 PDT Wed">
        <definition>COD: boastful or inflated talk or behaviour</definition>
        <sentenceCount annotated="0" total="0"/>
        <lexeme order="1" headword="false" breakBefore="false" POS="N" name="rodomontade"/>
    </lexUnit>
    <lexUnit status="Created" POS="V" name="gripe.v" ID="12762" lemmaID="16859" cBy="JKR" cDate="09/03/2005 02:22:05 PDT Sat">
        <definition>COD: express a trivial complaint; grumble</definition>
        <sentenceCount annotated="0" total="0"/>
        <lexeme order="1" headword="false" breakBefore="false" POS="V" name="gripe"/>
    </lexUnit>
    <lexUnit status="Created" incorporatedFE="Speaker" POS="N" name="braggart.n" ID="13215" lemmaID="4404" cBy="MJE" cDate="06/08/2006 01:27:33 PDT Thu">
        <definition>COD: a person who brags. 

</definition>
        <sentenceCount annotated="0" total="0"/>
        <lexeme order="1" headword="false" breakBefore="false" POS="N" name="braggart"/>
        <semType name="Agentive_noun" ID="102"/>
    </lexUnit>
</frame>