<?xml version="1.0" encoding="UTF-8" standalone="yes"?>
<?xml-stylesheet type="text/xsl" href="frame.xsl"?>
<frame cBy="ACW" cDate="01/22/2002 12:28:23 PST Tue" name="Building" ID="259" xsi:schemaLocation="../schema/frame.xsd" xmlns="http://framenet.icsi.berkeley.edu" xmlns:xsi="http://www.w3.org/2001/XMLSchema-instance">
    <definition>&lt;def-root&gt;This frame describes assembly or construction actions, where an &lt;fen&gt;Agent&lt;/fen&gt; joins &lt;fen&gt;Components&lt;/fen&gt; together to form a &lt;fen&gt;Created_entity&lt;/fen&gt;, which is profiled, and hence the object of the verb.

&lt;ex&gt;&lt;fex name="Agent"&gt;Jack&lt;/fex&gt; &lt;t&gt;built&lt;/t&gt; &lt;fex name="CrEnt"&gt;a new house&lt;/fex&gt; &lt;fex name="Cmpnt"&gt;out of bricks&lt;/fex&gt;.&lt;/ex&gt;
&lt;ex&gt;We &lt;t&gt;glued&lt;/t&gt; the airplanes &lt;fex name="Result"&gt;together&lt;/fex&gt;.&lt;/ex&gt;&lt;/def-root&gt;</definition>
    <semType name="Activity" ID="8"/>
    <FE bgColor="FF0000" fgColor="FFFFFF" coreType="Core" cBy="MJE" cDate="01/23/2002 06:38:28 PST Wed" abbrev="Agt" name="Agent" ID="2238">
        <definition>&lt;def-root&gt;The &lt;fen&gt;Agent&lt;/fen&gt; builds a &lt;fen&gt;Created_entity&lt;/fen&gt;.
&lt;ex&gt;&lt;fex name="Agent"&gt;Jack&lt;/fex&gt; &lt;t&gt;built&lt;/t&gt; a new house.&lt;/ex&gt;
&lt;/def-root&gt;</definition>
        <semType name="Sentient" ID="5"/>
    </FE>
    <FE bgColor="008000" fgColor="FFFFFF" coreType="Peripheral" cBy="MJE" cDate="01/23/2002 06:38:28 PST Wed" abbrev="Ins" name="Instrument" ID="2239">
        <definition>&lt;def-root&gt;This FE identifies the &lt;fen&gt;Instrument&lt;/fen&gt;(s) with which an &lt;fen&gt;Agent&lt;/fen&gt; builds a &lt;fen&gt;Created_entity&lt;/fen&gt;.
&lt;ex&gt;Jack built a new house &lt;fex name="Ins"&gt;with hammer and nails&lt;/fex&gt;.&lt;/ex&gt;&lt;/def-root&gt;</definition>
        <semType name="Physical_entity" ID="70"/>
    </FE>
    <FE bgColor="006400" fgColor="FFFFFF" coreType="Peripheral" cBy="MJE" cDate="01/23/2002 06:38:28 PST Wed" abbrev="Place" name="Place" ID="2241">
        <definition>&lt;def-root&gt;This FE identifies the &lt;fen&gt;Place&lt;/fen&gt; where the building occurs.

&lt;ex&gt;Jack &lt;t&gt;built&lt;/t&gt; a new house &lt;fex name="Place"&gt;in a glade&lt;/fex&gt;.&lt;/ex&gt;&lt;/def-root&gt;</definition>
        <semType name="Locative_relation" ID="182"/>
    </FE>
    <FE bgColor="800080" fgColor="FFFFFF" coreType="Peripheral" cBy="MJE" cDate="01/23/2002 06:38:28 PST Wed" abbrev="Purp" name="Purpose" ID="2242">
        <definition>&lt;def-root&gt;This FE identifies the &lt;fen&gt;Purpose&lt;/fen&gt; for which an intentional act is performed.
&lt;ex&gt;Jack &lt;t&gt;built&lt;/t&gt; a new house &lt;fex name="Purp"&gt; to have more living space&lt;/fex&gt;.&lt;/ex&gt;&lt;/def-root&gt;</definition>
        <semType name="State_of_affairs" ID="177"/>
    </FE>
    <FE bgColor="FFA500" fgColor="FFFFFF" coreType="Peripheral" cBy="MJE" cDate="01/23/2002 06:38:28 PST Wed" abbrev="Time" name="Time" ID="2243">
        <definition>&lt;def-root&gt;This FE identifies the &lt;fen&gt;Time&lt;/fen&gt; when the building occurs.

&lt;ex&gt;Jack &lt;t&gt;built&lt;/t&gt; a new house &lt;fex name="Time"&gt;early in the morning&lt;/fex&gt;.&lt;/ex&gt;&lt;/def-root&gt;</definition>
        <semType name="Time" ID="141"/>
    </FE>
    <FE bgColor="A52A2A" fgColor="FFFFFF" coreType="Peripheral" cBy="MJE" cDate="01/23/2002 06:38:28 PST Wed" abbrev="Mns" name="Means" ID="2244">
        <definition>&lt;def-root&gt;This FE identifies the &lt;fen&gt;Means&lt;/fen&gt; by which an &lt;fen&gt;Agent&lt;/fen&gt; builds a &lt;fen&gt;Created_entity&lt;/fen&gt;.
&lt;ex&gt;Jack &lt;t&gt;built&lt;/t&gt; a new house &lt;fex name="Means"&gt;by enlisting the help of his friends&lt;/fex&gt;.&lt;/ex&gt;
&lt;/def-root&gt;</definition>
        <semType name="State_of_affairs" ID="177"/>
    </FE>
    <FE bgColor="9F79EE" fgColor="FFFFFF" coreType="Core" cBy="MJE" cDate="01/23/2002 06:40:53 PST Wed" abbrev="Cmpnt" name="Components" ID="2246">
        <definition>&lt;def-root&gt;This FE identifies the &lt;fen&gt;Components&lt;/fen&gt; that form the &lt;fen&gt;Created_entity&lt;/fen&gt;.
&lt;ex&gt;Jack built  a new house &lt;fex name="Cmpnt"&gt;out of old bricks&lt;/fex&gt;.&lt;/ex&gt;&lt;/def-root&gt;</definition>
    </FE>
    <FE bgColor="0000FF" fgColor="FFFFFF" coreType="Core" cBy="MJE" cDate="01/23/2002 06:43:08 PST Wed" abbrev="CrEnt" name="Created_entity" ID="2247">
        <definition>&lt;def-root&gt;&lt;fen&gt;Created_entity&lt;/fen&gt; identifies the entity that is created in the act of building.
&lt;ex&gt;Jack &lt;t&gt;built&lt;/t&gt; &lt;fex name="CrEnt"&gt;a new house&lt;/fex&gt;.&lt;/ex&gt;&lt;/def-root&gt;</definition>
        <semType name="Artifact" ID="61"/>
    </FE>
    <FE bgColor="808080" fgColor="FFFFFF" coreType="Extra-Thematic" cBy="MJE" cDate="01/28/2002 04:12:15 PST Mon" abbrev="Result" name="Result" ID="2258">
        <definition>&lt;def-root&gt;This FE identifies the &lt;fen&gt;Result&lt;/fen&gt; of the act of building. &lt;ex&gt;We &lt;t&gt;glued&lt;/t&gt; the airplanes &lt;fex name="Result"&gt;together&lt;/fex&gt;.&lt;/ex&gt;&lt;/def-root &gt;</definition>
    </FE>
    <FE bgColor="9400D3" fgColor="FFFFFF" coreType="Extra-Thematic" cBy="MJE" cDate="01/28/2002 04:12:21 PST Mon" abbrev="Depict" name="Depictive" ID="2259">
        <definition>&lt;def-root&gt;&lt;fen&gt;Depictive&lt;/fen&gt; identifes the phrase describing the participant in the act of building.
&lt;ex&gt;Jack &lt;t&gt;built&lt;/t&gt; the new house &lt;fex name="Depict"&gt;naked&lt;/fex&gt;.&lt;/ex&gt; 
&lt;/def-root&gt;</definition>
    </FE>
    <FE bgColor="FF00FF" fgColor="FFFFFF" coreType="Peripheral" cBy="MJE" cDate="01/28/2002 05:04:49 PST Mon" abbrev="Manr" name="Manner" ID="2262">
        <definition>&lt;def-root&gt;This FE idenitifies the &lt;fen&gt;Manner&lt;/fen&gt; in which an &lt;fen&gt;Agent&lt;/fen&gt; builds a &lt;fen&gt;Created_entity&lt;/fen&gt;.

&lt;ex&gt;Jack &lt;t&gt;built&lt;/t&gt; a new house &lt;fex name="Manner"&gt;lovingly&lt;/fex&gt;.&lt;/ex&gt;&lt;/def-root&gt;</definition>
        <semType name="Manner" ID="173"/>
    </FE>
    <FE bgColor="EEE8AA" fgColor="000000" coreType="Extra-Thematic" cBy="KmG" cDate="06/02/2006 09:38:27 PDT Fri" abbrev="" name="Beneficiary" ID="10180">
        <definition>&lt;def-root&gt;This extrathematic FE applies to participants that derive a benefit from the occurrence of the event specified by the target predicate. Further, the target predicate should involve some sort of Agent that intends that the benefit go to the Beneficiary.&lt;/def-root&gt;</definition>
    </FE>
    <FE bgColor="FFD700" fgColor="000000" coreType="Extra-Thematic" cBy="KmG" cDate="06/02/2006 09:46:51 PDT Fri" abbrev="" name="Duration" ID="10181">
        <definition>&lt;def-root&gt;Duration denotes the length of time from the beginning of a continuous situation (the one denoted by the target) to its end. In many cases, the continuous situation is a dynamic action which is ongoing, while in others it is simply an undifferentiated state.&lt;/def-root&gt;</definition>
    </FE>
    <FE bgColor="00008B" fgColor="FFFFFF" coreType="Extra-Thematic" cBy="KmG" cDate="06/02/2006 10:56:34 PDT Fri" abbrev="" name="Particular_iteration" ID="10182">
        <definition>&lt;def-root&gt;Expressions marked with this extra-thematic FE modify a non-iterative use of the target, and indicate that it is conceived as embedded within an iterated series of similar events or states. In addition, most expressions of Particular_iteration indicate which instance of the series is being referred to.&lt;/def-root&gt;</definition>
    </FE>
    <FE bgColor="1E90FF" fgColor="000000" coreType="Extra-Thematic" cBy="KmG" cDate="06/19/2007 11:29:25 PDT Tue" abbrev="" name="Descriptor" ID="11890">
        <definition>&lt;def-root&gt;A characteristic of the &lt;fen&gt;Created_entity&lt;/fen&gt;. &lt;/def-root&gt;</definition>
    </FE>
    <FE bgColor="7FFF00" fgColor="00008B" coreType="Extra-Thematic" cBy="KmG" cDate="08/02/2007 12:33:44 PDT Thu" abbrev="" name="Period_of_iterations" ID="11946">
        <definition>&lt;def-root&gt;The length of time from when the event denoted by the target began to be repeated to when it stopped.&lt;/def-root&gt;</definition>
    </FE>
    <FEcoreSet>
        <memberFE name="Created_entity" ID="2247"/>
        <memberFE name="Components" ID="2246"/>
    </FEcoreSet>
    <frameRelation type="Inherits from">
        <relatedFrame ID="280">Intentionally_create</relatedFrame>
    </frameRelation>
    <frameRelation type="Is Inherited by"/>
    <frameRelation type="Perspective on"/>
    <frameRelation type="Is Perspectivized in"/>
    <frameRelation type="Uses"/>
    <frameRelation type="Is Used by"/>
    <frameRelation type="Subframe of"/>
    <frameRelation type="Has Subframe(s)"/>
    <frameRelation type="Precedes"/>
    <frameRelation type="Is Preceded by"/>
    <frameRelation type="Is Inchoative of"/>
    <frameRelation type="Is Causative of"/>
    <frameRelation type="See also"/>
    <lexUnit status="Finished_Initial" POS="V" name="assemble.v" ID="4731" lemmaID="2137" cBy="ACW" cDate="01/22/2002 12:28:49 PST Tue">
        <definition>COD: fit together the component parts of</definition>
        <sentenceCount annotated="22" total="272"/>
        <lexeme order="1" headword="false" breakBefore="false" POS="V" name="assemble"/>
    </lexUnit>
    <lexUnit status="Finished_Initial" POS="V" name="glue.v" ID="4737" lemmaID="16398" cBy="MJE" cDate="01/24/2002 02:18:20 PST Thu">
        <definition>FN: onstruct a whole product by means of gluing piece together.</definition>
        <sentenceCount annotated="4" total="66"/>
        <lexeme order="1" headword="false" breakBefore="false" POS="V" name="glue"/>
    </lexUnit>
    <lexUnit status="Finished_Initial" POS="V" name="build.v" ID="4738" lemmaID="4839" cBy="MJE" cDate="01/24/2002 02:18:41 PST Thu">
        <definition>COD: construct by putting parts or materials together</definition>
        <sentenceCount annotated="144" total="587"/>
        <lexeme order="1" headword="false" breakBefore="false" POS="V" name="build"/>
    </lexUnit>
    <lexUnit status="Created" POS="V" name="weld.v" ID="4739" lemmaID="43732" cBy="MJE" cDate="01/24/2002 02:19:22 PST Thu">
        <definition>COD: cause to combine and form a whole. </definition>
        <sentenceCount annotated="1" total="1"/>
        <lexeme order="1" headword="false" breakBefore="false" POS="V" name="weld"/>
    </lexUnit>
    <lexUnit status="Rules_Defined" POS="V" name="put together.v" ID="4740" lemmaID="45407" cBy="MJE" cDate="01/24/2002 02:20:37 PST Thu">
        <definition>FN: attach constituent parts together to form </definition>
        <sentenceCount annotated="1" total="1"/>
        <lexeme order="2" headword="false" breakBefore="true" POS="ADV" name="together"/>
        <lexeme order="1" headword="true" breakBefore="false" POS="V" name="put"/>
    </lexUnit>
    <lexUnit status="Finished_Initial" POS="V" name="construct.v" ID="4741" lemmaID="7983" cBy="MJE" cDate="01/24/2002 02:21:22 PST Thu">
        <definition>COD: build or erect</definition>
        <sentenceCount annotated="68" total="409"/>
        <lexeme order="1" headword="false" breakBefore="false" POS="V" name="construct"/>
    </lexUnit>
    <lexUnit status="Finished_Initial" POS="N" name="assembly.n" ID="4745" lemmaID="45409" cBy="MJE" cDate="01/24/2002 03:13:00 PST Thu">
        <definition>COD: the action of assembling component parts</definition>
        <sentenceCount annotated="18" total="257"/>
        <lexeme order="1" headword="false" breakBefore="false" POS="N" name="assembly"/>
    </lexUnit>
    <lexUnit status="Finished_Initial" POS="N" name="construction.n" ID="4746" lemmaID="45410" cBy="MJE" cDate="01/24/2002 03:16:00 PST Thu">
        <definition>COD: the action or process of constructing. </definition>
        <sentenceCount annotated="77" total="431"/>
        <lexeme order="1" headword="false" breakBefore="false" POS="N" name="construction"/>
    </lexUnit>
    <lexUnit status="Finished_Initial" POS="V" name="make.v" ID="4748" lemmaID="23215" cBy="MJE" cDate="01/24/2002 04:12:44 PST Thu">
        <definition>FN: form by putting parts together (cf. COD: form by putting parts together or combining substances)</definition>
        <sentenceCount annotated="23" total="242"/>
        <lexeme order="1" headword="false" breakBefore="false" POS="V" name="make"/>
    </lexUnit>
    <lexUnit status="Created" POS="V" name="fit together.v" ID="4749" lemmaID="45408" cBy="MJE" cDate="01/24/2002 04:54:54 PST Thu">
        <definition>COD: join or cause to join together to form a whole. no obj. </definition>
        <sentenceCount annotated="0" total="0"/>
        <lexeme order="2" headword="false" breakBefore="true" POS="ADV" name="together"/>
        <lexeme order="1" headword="true" breakBefore="false" POS="V" name="fit"/>
    </lexUnit>
    <lexUnit status="Finished_Initial" POS="V" name="piece together.v" ID="4750" lemmaID="45413" cBy="MJE" cDate="01/24/2002 04:58:18 PST Thu">
        <definition>COD: assemble something from individual parts</definition>
        <sentenceCount annotated="28" total="182"/>
        <lexeme order="2" headword="false" breakBefore="false" POS="ADV" name="together"/>
        <lexeme order="1" headword="true" breakBefore="false" POS="V" name="piece"/>
    </lexUnit>
    <lexUnit status="Finished_Initial" POS="V" name="erect.v" ID="11990" lemmaID="13039" cBy="MiL" cDate="05/02/2005 03:38:20 PDT Mon">
        <definition>COD: construct (a building, wall, etc.).</definition>
        <sentenceCount annotated="24" total="259"/>
        <lexeme order="1" headword="false" breakBefore="false" POS="V" name="erect"/>
    </lexUnit>
    <lexUnit status="Created" POS="V" name="raise.v" ID="11991" lemmaID="31734" cBy="MiL" cDate="05/02/2005 03:41:27 PDT Mon">
        <definition>COD: construct or build (a structure).</definition>
        <sentenceCount annotated="0" total="0"/>
        <lexeme order="1" headword="false" breakBefore="false" POS="V" name="raise"/>
    </lexUnit>
    <lexUnit status="Finished_Initial" POS="V" name="fashion.v" ID="11992" lemmaID="13985" cBy="MiL" cDate="05/02/2005 03:44:28 PDT Mon">
        <definition>COD: make into a particular form or article.</definition>
        <sentenceCount annotated="15" total="165"/>
        <lexeme order="1" headword="false" breakBefore="false" POS="V" name="fashion"/>
    </lexUnit>
    <lexUnit status="Created" POS="N" name="construction [entity].n" ID="14474" lemmaID="50701" cBy="KmG" cDate="06/18/2007 02:57:03 PDT Mon">
        <definition>FN: the physical manifestion of the act of construction</definition>
        <sentenceCount annotated="2" total="2"/>
        <lexeme order="1" headword="true" breakBefore="false" POS="N" name="construction(entity)"/>
        <semType name="Physical_entity" ID="70"/>
    </lexUnit>
</frame>