<?xml version="1.0" encoding="UTF-8" standalone="yes"?>
<?xml-stylesheet type="text/xsl" href="frame.xsl"?>
<frame cBy="MJE" cDate="02/08/2002 11:18:01 PST Fri" name="Bungling" ID="266" xsi:schemaLocation="../schema/frame.xsd" xmlns="http://framenet.icsi.berkeley.edu" xmlns:xsi="http://www.w3.org/2001/XMLSchema-instance">
    <definition>&lt;def-root&gt;An &lt;fen&gt;Agent&lt;/fen&gt; performs an &lt;fen&gt;Action&lt;/fen&gt; incorrectly.  The affected &lt;fen&gt;Patient&lt;/fen&gt; may be mentioned metonymically for the &lt;fen&gt;Action&lt;/fen&gt;.

&lt;ex&gt;&lt;fex name="Agent"&gt;Mickey&lt;/fex&gt; &lt;t&gt;botched&lt;/t&gt; &lt;fex name="Action"&gt;that swing&lt;/fex&gt;.&lt;/ex&gt;
&lt;ex&gt;&lt;fex name="Agent"&gt;Julia&lt;/fex&gt; &lt;t&gt;bungled&lt;/t&gt; &lt;fex name="Patient"&gt;the cake&lt;/fex&gt;.&lt;/ex&gt;
&lt;/def-root&gt;</definition>
    <FE bgColor="FF69B4" fgColor="FFFFFF" coreType="Peripheral" cBy="MJE" cDate="02/08/2002 02:33:06 PST Fri" abbrev="Degr" name="Degree" ID="2288">
        <definition>&lt;def-root&gt;This FE identifies the &lt;fen&gt;Degree&lt;/fen&gt; to which a bungling event occurs.

&lt;ex&gt;Mickey &lt;fex name="Degree"&gt;really&lt;/fex&gt; &lt;t&gt;botched&lt;/t&gt; that swing.&lt;/ex&gt;&lt;/def-root&gt;</definition>
        <semType name="Degree" ID="172"/>
    </FE>
    <FE bgColor="9400D3" fgColor="FFFFFF" coreType="Extra-Thematic" cBy="MJE" cDate="02/08/2002 02:33:08 PST Fri" abbrev="Depict" name="Depictive" ID="2289">
        <definition>&lt;def-root&gt;&lt;fen&gt;Depictive&lt;/fen&gt; identifes a  phrase describing a particpant in an action.

&lt;ex&gt;Mickey &lt;t&gt;botched&lt;/t&gt; that swing &lt;fex name="Depict"&gt;without his cap&lt;/fex&gt;.&lt;/ex&gt;
&lt;/def-root&gt;</definition>
    </FE>
    <FE bgColor="FF00FF" fgColor="FFFFFF" coreType="Peripheral" cBy="MJE" cDate="02/08/2002 02:33:18 PST Fri" abbrev="Manr" name="Manner" ID="2290">
        <definition>&lt;def-root&gt;This FE identifies the &lt;fen&gt;Manner&lt;/fen&gt; in which the &lt;fen&gt;Agent&lt;/fen&gt; bungles.  &lt;ex&gt;Mickey &lt;t&gt;botched&lt;/t&gt; that swing &lt;fex name="Manner"&gt;deliberately&lt;/fex&gt;.&lt;/ex&gt;&lt;/def-root &gt;</definition>
        <semType name="Manner" ID="173"/>
    </FE>
    <FE bgColor="A52A2A" fgColor="FFFFFF" coreType="Peripheral" cBy="MJE" cDate="02/08/2002 02:33:21 PST Fri" abbrev="Mns" name="Means" ID="2291">
        <definition>&lt;def-root&gt;This FE identifies the &lt;fen&gt;Means&lt;/fen&gt; by which an &lt;fen&gt;Agent&lt;/fen&gt; bungles.

&lt;ex&gt;Mickey &lt;t&gt;botched&lt;/t&gt; that swing &lt;fex name="Means"&gt;by leaning forward&lt;/fex&gt;.&lt;/ex&gt;&lt;/def-root&gt;</definition>
        <semType name="State_of_affairs" ID="177"/>
    </FE>
    <FE bgColor="FF0000" fgColor="FFFFFF" coreType="Core" cBy="MJE" cDate="02/08/2002 02:33:36 PST Fri" abbrev="Agt" name="Agent" ID="2292">
        <definition>&lt;def-root&gt;The &lt;fen&gt;Agent&lt;/fen&gt; performs an action incorrectly.
&lt;ex&gt;&lt;fex name="Agent"&gt;Mickey&lt;/fex&gt; &lt;t&gt;botched&lt;/t&gt; that swing.&lt;/ex&gt;
&lt;/def-root&gt;</definition>
        <semType name="Sentient" ID="5"/>
    </FE>
    <FE bgColor="0000FF" fgColor="FFFFFF" coreType="Core" cBy="MJE" cDate="02/08/2002 02:34:08 PST Fri" abbrev="Pat" name="Patient" ID="2293">
        <definition>&lt;def-root&gt;&lt;fen&gt;Patient&lt;/fen&gt; is the entity affected by the &lt;fen&gt;Agent&lt;/fen&gt;'s bungling of an &lt;fen&gt;Action&lt;/fen&gt;.
&lt;ex&gt;Mickey &lt;t&gt;fumbled&lt;/t&gt; &lt;fex name="Patient"&gt;the ball&lt;/fex&gt;.&lt;/ex&gt;&lt;/def-root&gt;</definition>
    </FE>
    <FE bgColor="008000" fgColor="FFFFFF" coreType="Peripheral" cBy="MJE" cDate="02/08/2002 02:34:17 PST Fri" abbrev="Place" name="Place" ID="2294">
        <definition>&lt;def-root&gt;This FE identifies the &lt;fen&gt;Place&lt;/fen&gt; where the bungling occurs.&lt;/def-root&gt;</definition>
        <semType name="Locative_relation" ID="182"/>
    </FE>
    <FE bgColor="808080" fgColor="FFFFFF" coreType="Peripheral" cBy="MJE" cDate="02/08/2002 02:34:26 PST Fri" abbrev="Ins" name="Instrument" ID="2295">
        <definition>&lt;def-root&gt;This FE identifies the &lt;fen&gt;Instrument&lt;/fen&gt; with which an &lt;fen&gt;Agent&lt;/fen&gt; bungles.

&lt;ex&gt;Mickey &lt;t&gt;botched&lt;/t&gt; that swing &lt;fex name="Ins"&gt;with a heavy bat&lt;/fex&gt;.&lt;/ex&gt;
&lt;/def-root&gt;</definition>
        <semType name="Physical_entity" ID="70"/>
    </FE>
    <FE bgColor="FFA500" fgColor="FFFFFF" coreType="Peripheral" cBy="MJE" cDate="02/08/2002 02:34:33 PST Fri" abbrev="Time" name="Time" ID="2296">
        <definition>&lt;def-root&gt;This FE identifies the &lt;fen&gt;Time&lt;/fen&gt; when the bungling occurs.&lt;/def-root&gt;</definition>
        <semType name="Time" ID="141"/>
    </FE>
    <FE bgColor="800080" fgColor="FFFFFF" coreType="Core" cBy="MJE" cDate="02/11/2002 12:06:16 PST Mon" abbrev="Act" name="Action" ID="2297">
        <definition>&lt;def-root&gt;This FE identifies the &lt;fen&gt;Action&lt;/fen&gt; that the &lt;fen&gt;Agent&lt;/fen&gt; performs incorrectly.
&lt;ex&gt;Mickey &lt;t&gt;botched&lt;/t&gt; &lt;fex name="Action"&gt;that swing&lt;/fex&gt;.&lt;/ex&gt;&lt;/def-root&gt;</definition>
    </FE>
    <FE bgColor="9F79EE" fgColor="FFFFFF" coreType="Core" cBy="MJE" cDate="07/29/2002 11:30:50 PDT Mon" abbrev="Area" name="Area" ID="3419">
        <definition>&lt;def-root&gt;The type of action that the &lt;fen&gt;Agent&lt;/fen&gt; habitually bungles.
&lt;ex&gt;The Austro-Hungarian Empire had a long history of &lt;fex name="Area"&gt;military&lt;/fex&gt; &lt;t&gt;screw-ups&lt;/t&gt;.&lt;/ex&gt;&lt;/def-root&gt;</definition>
    </FE>
    <FEcoreSet>
        <memberFE name="Area" ID="3419"/>
        <memberFE name="Action" ID="2297"/>
        <memberFE name="Patient" ID="2293"/>
    </FEcoreSet>
    <frameRelation type="Inherits from"/>
    <frameRelation type="Is Inherited by"/>
    <frameRelation type="Perspective on"/>
    <frameRelation type="Is Perspectivized in"/>
    <frameRelation type="Uses">
        <relatedFrame ID="198">Intentionally_act</relatedFrame>
        <relatedFrame ID="230">Intentionally_affect</relatedFrame>
    </frameRelation>
    <frameRelation type="Is Used by"/>
    <frameRelation type="Subframe of"/>
    <frameRelation type="Has Subframe(s)"/>
    <frameRelation type="Precedes"/>
    <frameRelation type="Is Preceded by"/>
    <frameRelation type="Is Inchoative of"/>
    <frameRelation type="Is Causative of"/>
    <frameRelation type="See also"/>
    <lexUnit status="Insufficient_Attestations" POS="N" name="bungler.n" ID="4847" lemmaID="4930" cBy="MJE" cDate="02/08/2002 02:35:18 PST Fri">
        <definition>FN: someone prone to making stupid mistakes.</definition>
        <sentenceCount annotated="3" total="4"/>
        <lexeme order="1" headword="false" breakBefore="false" POS="N" name="bungler"/>
    </lexUnit>
    <lexUnit status="Finished_Initial" POS="N" name="fiasco.n" ID="4848" lemmaID="14249" cBy="MJE" cDate="02/08/2002 02:35:41 PST Fri">
        <definition>COD:  a ludicrous or humiliating failure. </definition>
        <sentenceCount annotated="9" total="152"/>
        <lexeme order="1" headword="false" breakBefore="false" POS="N" name="fiasco"/>
    </lexUnit>
    <lexUnit status="Finished_Initial" POS="V" name="blow it.v" ID="4849" lemmaID="45440" cBy="MJE" cDate="02/08/2002 02:51:45 PST Fri">
        <definition>FN: completely bungle (an opportunity)</definition>
        <sentenceCount annotated="8" total="150"/>
        <lexeme order="1" headword="true" breakBefore="false" POS="V" name="blow"/>
        <lexeme order="2" headword="false" breakBefore="false" POS="PRON" name="it"/>
    </lexUnit>
    <lexUnit status="Finished_Initial" POS="V" name="bungle.v" ID="4850" lemmaID="4929" cBy="MJE" cDate="02/08/2002 02:55:11 PST Fri">
        <definition>COD: carry out (a task) clumsily or incompetently.</definition>
        <sentenceCount annotated="9" total="46"/>
        <lexeme order="1" headword="false" breakBefore="false" POS="V" name="bungle"/>
    </lexUnit>
    <lexUnit status="Finished_Initial" POS="V" name="botch.v" ID="4851" lemmaID="4269" cBy="MJE" cDate="02/08/2002 03:13:47 PST Fri">
        <definition>COD: carry out (a task) badly or carelessly. </definition>
        <sentenceCount annotated="4" total="20"/>
        <lexeme order="1" headword="false" breakBefore="false" POS="V" name="botch"/>
    </lexUnit>
    <lexUnit status="Finished_Initial" POS="V" name="ruin.v" ID="4853" lemmaID="33738" cBy="MJE" cDate="02/08/2002 03:19:32 PST Fri">
        <definition>FN: to screw something up irreparably. </definition>
        <sentenceCount annotated="17" total="232"/>
        <lexeme order="1" headword="false" breakBefore="false" POS="V" name="ruin"/>
    </lexUnit>
    <lexUnit status="Finished_Initial" POS="V" name="mess up.v" ID="4855" lemmaID="45443" cBy="MJE" cDate="02/08/2002 03:21:39 PST Fri">
        <definition>COD:  mishandle a situation. </definition>
        <sentenceCount annotated="7" total="226"/>
        <lexeme order="1" headword="true" breakBefore="false" POS="V" name="mess"/>
        <lexeme order="2" headword="false" breakBefore="false" POS="ADV" name="up"/>
    </lexUnit>
    <lexUnit status="Finished_Initial" POS="V" name="fuck up.v" ID="4856" lemmaID="45444" cBy="MJE" cDate="02/08/2002 03:23:52 PST Fri">
        <definition>COD: do something badly or ineptly; damage or confuse someone emotionally. </definition>
        <sentenceCount annotated="5" total="225"/>
        <lexeme order="1" headword="true" breakBefore="false" POS="V" name="fuck"/>
        <lexeme order="2" headword="false" breakBefore="true" POS="ADV" name="up"/>
    </lexUnit>
    <lexUnit status="Insufficient_Attestations" POS="N" name="fuck-up [event].n" ID="4857" lemmaID="15615" cBy="MJE" cDate="02/08/2002 03:24:10 PST Fri">
        <definition>COD:  a mess or muddle. </definition>
        <sentenceCount annotated="1" total="3"/>
        <lexeme order="1" headword="false" breakBefore="false" POS="N" name="fuck-up"/>
    </lexUnit>
    <lexUnit status="Needs_SCs" POS="N" name="screw-up [event].n" ID="4858" lemmaID="45445" cBy="MJE" cDate="02/08/2002 03:24:36 PST Fri">
        <definition>COD: a situation that has been completely mismanaged or mishandled </definition>
        <sentenceCount annotated="4" total="6"/>
        <lexeme order="1" headword="false" breakBefore="false" POS="N" name="screw-up"/>
    </lexUnit>
    <lexUnit status="Insufficient_Attestations" POS="N" name="mess-up.n" ID="4859" lemmaID="24073" cBy="MJE" cDate="02/08/2002 03:25:40 PST Fri">
        <definition>FN: a minor mistake.</definition>
        <sentenceCount annotated="1" total="2"/>
        <lexeme order="1" headword="false" breakBefore="false" POS="N" name="mess-up"/>
    </lexUnit>
    <lexUnit status="Created" POS="N" name="fuck-up [person].n" ID="4860" lemmaID="15615" cBy="MJE" cDate="02/08/2002 03:29:29 PST Fri">
        <definition>COD: a person who has a tendency to make a mess of things.</definition>
        <sentenceCount annotated="0" total="0"/>
        <lexeme order="1" headword="false" breakBefore="false" POS="N" name="fuck-up"/>
    </lexUnit>
    <lexUnit status="Created" POS="N" name="screw-up [person].n" ID="4861" lemmaID="45445" cBy="MJE" cDate="02/08/2002 03:29:54 PST Fri">
        <definition>FN: a person who habitually makes mistakes</definition>
        <sentenceCount annotated="0" total="0"/>
        <lexeme order="1" headword="false" breakBefore="false" POS="N" name="screw-up"/>
    </lexUnit>
    <lexUnit status="Finished_Initial" POS="V" name="fumble.v" ID="4862" lemmaID="15667" cBy="MJE" cDate="02/08/2002 03:30:38 PST Fri">
        <definition>FN: the clumsy use of one's hands while doing something</definition>
        <sentenceCount annotated="6" total="189"/>
        <lexeme order="1" headword="false" breakBefore="false" POS="V" name="fumble"/>
    </lexUnit>
    <lexUnit status="Insufficient_Attestations" POS="N" name="fumble.n" ID="4863" lemmaID="45447" cBy="MJE" cDate="02/08/2002 03:31:22 PST Fri">
        <definition>COD: an act of fumbling</definition>
        <sentenceCount annotated="4" total="78"/>
        <lexeme order="1" headword="false" breakBefore="false" POS="N" name="fumble"/>
    </lexUnit>
    <lexUnit status="Insufficient_Attestations" POS="V" name="foozle.v" ID="4864" lemmaID="45448" cBy="MJE" cDate="02/08/2002 03:32:08 PST Fri">
        <definition>COD: bungle. </definition>
        <sentenceCount annotated="0" total="1"/>
        <lexeme order="1" headword="false" breakBefore="false" POS="V" name="foozle"/>
    </lexUnit>
    <lexUnit status="Finished_Initial" POS="V" name="screw up.v" ID="4865" lemmaID="45449" cBy="MJE" cDate="02/08/2002 04:52:56 PST Fri">
        <definition>COD: completely mismanage or mishandle a situation</definition>
        <sentenceCount annotated="9" total="331"/>
        <lexeme order="1" headword="true" breakBefore="false" POS="V" name="screw"/>
        <lexeme order="2" headword="false" breakBefore="false" POS="ADV" name="up"/>
    </lexUnit>
    <lexUnit status="Finished_Initial" POS="A" name="bungling.a" ID="4866" lemmaID="45450" cBy="MJE" cDate="02/08/2002 06:59:23 PST Fri">
        <definition>FN: prone to clumsily botching things</definition>
        <sentenceCount annotated="7" total="19"/>
        <lexeme order="1" headword="false" breakBefore="false" POS="A" name="bungling"/>
    </lexUnit>
    <lexUnit status="Finished_Initial" POS="A" name="bumbling.a" ID="4867" lemmaID="45451" cBy="MJE" cDate="02/08/2002 07:02:24 PST Fri">
        <definition>FN: generally acting in an incompetent manner. </definition>
        <sentenceCount annotated="5" total="14"/>
        <lexeme order="1" headword="false" breakBefore="false" POS="A" name="bumbling"/>
    </lexUnit>
    <lexUnit status="Problem" POS="V" name="bumble.v" ID="4868" lemmaID="4900" cBy="MJE" cDate="02/08/2002 07:04:27 PST Fri">
        <definition>COD:  act or speak in an awkward or confused manner. </definition>
        <sentenceCount annotated="0" total="28"/>
        <lexeme order="1" headword="false" breakBefore="false" POS="V" name="bumble"/>
    </lexUnit>
    <lexUnit status="Problem" POS="V" name="flounder.v" ID="4878" lemmaID="14785" cBy="MJE" cDate="02/11/2002 12:58:38 PST Mon">
        <definition>COD:  stagger clumsily in mud or water;  have trouble doing or understanding something. </definition>
        <sentenceCount annotated="1" total="109"/>
        <lexeme order="1" headword="false" breakBefore="false" POS="V" name="flounder"/>
    </lexUnit>
    <lexUnit status="Created" POS="V" name="founder.v" ID="4879" lemmaID="15240" cBy="MJE" cDate="02/11/2002 01:10:28 PST Mon">
        <definition>FN: sink, fall</definition>
        <sentenceCount annotated="0" total="0"/>
        <lexeme order="1" headword="false" breakBefore="false" POS="V" name="founder"/>
    </lexUnit>
    <lexUnit status="Problem" POS="V" name="stumble.v" ID="4880" lemmaID="38444" cBy="MJE" cDate="02/11/2002 01:12:55 PST Mon">
        <definition>FN: make a mistake or repeated mistakes</definition>
        <sentenceCount annotated="0" total="0"/>
        <lexeme order="1" headword="false" breakBefore="false" POS="V" name="stumble"/>
    </lexUnit>
    <lexUnit status="Created" POS="V" name="bollix.v" ID="11993" lemmaID="49990" cBy="MiL" cDate="05/02/2005 04:02:16 PDT Mon">
        <definition>FN: accidentally cause to be in an undesirable state.</definition>
        <sentenceCount annotated="0" total="0"/>
        <lexeme order="1" headword="true" breakBefore="false" POS="V" name="bollix"/>
    </lexUnit>
    <lexUnit status="Created" POS="V" name="bollix up.v" ID="11994" lemmaID="49991" cBy="MiL" cDate="05/02/2005 04:07:26 PDT Mon">
        <definition>FN: accidentally cause to be in an extremely undesirable state.</definition>
        <sentenceCount annotated="0" total="0"/>
        <lexeme order="1" headword="true" breakBefore="false" POS="V" name="bollix"/>
        <lexeme order="2" headword="false" breakBefore="true" POS="ADV" name="up"/>
    </lexUnit>
    <lexUnit status="Created" POS="V" name="botch up.v" ID="11995" lemmaID="49992" cBy="MiL" cDate="05/02/2005 04:12:52 PDT Mon">
        <definition>FN: carry out a task without getting the desired result.</definition>
        <sentenceCount annotated="0" total="0"/>
        <lexeme order="1" headword="true" breakBefore="false" POS="V" name="botch"/>
        <lexeme order="2" headword="false" breakBefore="true" POS="ADV" name="up"/>
    </lexUnit>
    <lexUnit status="Created" POS="V" name="blow.v" ID="11996" lemmaID="3925" cBy="MiL" cDate="05/02/2005 04:17:31 PDT Mon">
        <definition>FN: completely fail to achieve </definition>
        <sentenceCount annotated="0" total="0"/>
        <lexeme order="1" headword="false" breakBefore="false" POS="V" name="blow"/>
    </lexUnit>
    <lexUnit status="Created" POS="V" name="ball up.v" ID="11997" lemmaID="49993" cBy="MiL" cDate="05/02/2005 04:27:47 PDT Mon">
        <definition>FN: fumble a course of actions</definition>
        <sentenceCount annotated="0" total="0"/>
        <lexeme order="1" headword="true" breakBefore="false" POS="V" name="ball"/>
        <lexeme order="2" headword="false" breakBefore="true" POS="ADV" name="up"/>
    </lexUnit>
    <lexUnit status="Created" POS="V" name="flub.v" ID="11998" lemmaID="49994" cBy="MiL" cDate="05/02/2005 04:44:58 PDT Mon">
        <definition>COD: botch or bungle.</definition>
        <sentenceCount annotated="0" total="0"/>
        <lexeme order="1" headword="true" breakBefore="false" POS="V" name="flub"/>
    </lexUnit>
    <lexUnit status="Created" POS="V" name="foul up.v" ID="11999" lemmaID="49995" cBy="MiL" cDate="05/02/2005 04:46:44 PDT Mon">
        <definition>COD: make a mistake with or spoil something.</definition>
        <sentenceCount annotated="0" total="0"/>
        <lexeme order="1" headword="true" breakBefore="false" POS="V" name="foul"/>
        <lexeme order="2" headword="false" breakBefore="true" POS="ADV" name="up"/>
    </lexUnit>
    <lexUnit status="Created" POS="V" name="fluff.v" ID="12000" lemmaID="14815" cBy="MiL" cDate="05/02/2005 04:48:25 PDT Mon">
        <definition>COD: fail to accomplish (something) properly.</definition>
        <sentenceCount annotated="0" total="0"/>
        <lexeme order="1" headword="false" breakBefore="false" POS="V" name="fluff"/>
    </lexUnit>
    <lexUnit status="Created" POS="V" name="louse up.v" ID="12001" lemmaID="49996" cBy="MiL" cDate="05/02/2005 04:50:09 PDT Mon">
        <definition>COD: spoil something.</definition>
        <sentenceCount annotated="0" total="0"/>
        <lexeme order="1" headword="true" breakBefore="false" POS="V" name="louse"/>
        <lexeme order="2" headword="false" breakBefore="true" POS="ADV" name="up"/>
    </lexUnit>
    <lexUnit status="Created" POS="V" name="muck up.v" ID="12002" lemmaID="49997" cBy="MiL" cDate="05/02/2005 04:51:46 PDT Mon">
        <definition>COD: spoil something.</definition>
        <sentenceCount annotated="0" total="0"/>
        <lexeme order="1" headword="true" breakBefore="false" POS="V" name="muck"/>
        <lexeme order="2" headword="false" breakBefore="true" POS="ADV" name="up"/>
    </lexUnit>
    <lexUnit status="Created" POS="V" name="muff.v" ID="12003" lemmaID="25154" cBy="MiL" cDate="05/02/2005 04:53:18 PDT Mon">
        <definition>COD: handle clumsily; bungle.</definition>
        <sentenceCount annotated="0" total="0"/>
        <lexeme order="1" headword="false" breakBefore="false" POS="V" name="muff"/>
    </lexUnit>
</frame>