<?xml version="1.0" encoding="UTF-8" standalone="yes"?>
<?xml-stylesheet type="text/xsl" href="frame.xsl"?>
<frame cBy="RLG" cDate="05/09/2012 11:59:25 PDT Wed" name="Burying" ID="2740" xsi:schemaLocation="../schema/frame.xsd" xmlns="http://framenet.icsi.berkeley.edu" xmlns:xsi="http://www.w3.org/2001/XMLSchema-instance">
    <definition>&lt;def-root&gt;An &lt;fen&gt;Agent&lt;/fen&gt; or &lt;fen&gt;Cause&lt;/fen&gt; places a &lt;fen&gt;Theme&lt;/fen&gt; under a surface (often the ground) into a &lt;fen&gt;Goal&lt;/fen&gt; location.

&lt;ex&gt;&lt;fex name="Agent"&gt;The suspect&lt;/fex&gt; &lt;t&gt;buried&lt;/t&gt; &lt;fex name="Theme"&gt;his gun&lt;/fex&gt; &lt;fex name="Goal"&gt;in the ground&lt;/fex&gt; &lt;fex name="Time"&gt;while fleeing the police&lt;/fex&gt;.&lt;/ex&gt;&lt;/def-root&gt;</definition>
    <FE bgColor="FF0000" fgColor="FFFFFF" coreType="Core" cBy="RLG" cDate="05/09/2012 11:59:25 PDT Wed" abbrev="Agt" name="Agent" ID="15661">
        <definition>&lt;def-root&gt;The &lt;fen&gt;Agent&lt;/fen&gt; intentionally buries the &lt;fen&gt;Theme&lt;/fen&gt;.

&lt;ex&gt;&lt;fex name="Agent"&gt;The pirate&lt;/fex&gt; &lt;t&gt;placed&lt;/t&gt; the treasure on the island.&lt;/ex&gt;&lt;/def-root&gt;</definition>
        <semType name="Sentient" ID="5"/>
    </FE>
    <FE bgColor="800080" fgColor="FFFFFF" coreType="Core" cBy="RLG" cDate="05/09/2012 11:59:25 PDT Wed" abbrev="Thm" name="Theme" ID="15662">
        <definition>&lt;def-root&gt;The &lt;fen&gt;Theme&lt;/fen&gt; is the object that is buried.

&lt;ex&gt;The pirate &lt;t&gt;buried&lt;/t&gt; &lt;fex name="Theme"&gt;the gold&lt;/fex&gt; under the tree.&lt;/ex&gt;&lt;/def-root&gt;</definition>
        <semType name="Physical_object" ID="68"/>
    </FE>
    <FE bgColor="9400D3" fgColor="FFFFFF" coreType="Peripheral" cBy="RLG" cDate="05/09/2012 11:59:25 PDT Wed" abbrev="Src" name="Source" ID="15663">
        <definition>&lt;def-root&gt;The &lt;fen&gt;Source&lt;/fen&gt; is the initial location of the &lt;fen&gt;Theme&lt;/fen&gt;, before it is buried.

&lt;ex&gt;Her mother &lt;t&gt;buried&lt;/t&gt; the seedlings &lt;fex name="Src"&gt;from the smaller pot&lt;/fex&gt;.&lt;/ex&gt;&lt;/def-root&gt;</definition>
        <semType name="Source" ID="151"/>
    </FE>
    <FE bgColor="0000FF" fgColor="FFFFFF" coreType="Peripheral" cBy="RLG" cDate="05/09/2012 11:59:25 PDT Wed" abbrev="Path" name="Path" ID="15664">
        <definition>&lt;def-root&gt;Any description of a trajectory of motion which is neither a &lt;fen&gt;Source&lt;/fen&gt; nor a &lt;fen&gt;Goal&lt;/fen&gt; expresses the frame element &lt;fen&gt;Path&lt;/fen&gt;.

&lt;ex&gt;The roots should be &lt;t&gt;buried&lt;/t&gt; &lt;fex name="Path"&gt;through the provided grate&lt;/fex&gt; in order to provide support as the plant grows.&lt;/ex&gt;&lt;/def-root&gt;</definition>
    </FE>
    <FE bgColor="00BFFF" fgColor="FFFFFF" coreType="Core" cBy="RLG" cDate="05/09/2012 11:59:26 PDT Wed" abbrev="Goal" name="Goal" ID="15665">
        <definition>&lt;def-root&gt;The FE &lt;fen&gt;Goal&lt;/fen&gt; is the location where the &lt;fen&gt;Theme&lt;/fen&gt; ends up.

&lt;ex&gt;The suspect &lt;t&gt;buried&lt;/t&gt; the gun &lt;fex name="Goal"&gt;in the ground&lt;/fex&gt;.&lt;/ex&gt;
&lt;/def-root&gt;</definition>
        <semType name="Goal" ID="153"/>
    </FE>
    <FE bgColor="FF00FF" fgColor="FFFFFF" coreType="Peripheral" cBy="RLG" cDate="05/09/2012 11:59:26 PDT Wed" abbrev="Manr" name="Manner" ID="15666">
        <definition>&lt;def-root&gt;Any expression which describes a property of the placing action which is not directly related to the trajectory of the &lt;fen&gt;Theme&lt;/fen&gt;'s motion expresses the frame element &lt;fen&gt;Manner&lt;/fen&gt;. Descriptions of speed, steadiness, grace, means of motion, and other things count as &lt;fen&gt;Manner&lt;/fen&gt; expressions.

&lt;ex&gt;The suspect &lt;t&gt;buried&lt;/t&gt; the gun &lt;fex name="Manner"&gt;hastily&lt;/fex&gt; behind the fence.&lt;/ex&gt;&lt;/def-root&gt;</definition>
        <semType name="Manner" ID="173"/>
    </FE>
    <FE bgColor="FF69B4" fgColor="FFFFFF" coreType="Extra-Thematic" cBy="RLG" cDate="05/09/2012 11:59:26 PDT Wed" abbrev="Degr" name="Degree" ID="15667">
        <definition>&lt;def-root&gt;The &lt;fen&gt;Degree&lt;/fen&gt; indicates the degree to which the burying occurs.

&lt;ex&gt;Make sure you &lt;fex name="Degr"&gt;completely&lt;/fex&gt; &lt;t&gt;bury&lt;/t&gt; it, otherwise it will be found eventually.&lt;/ex&gt;&lt;/def-root&gt;</definition>
        <semType name="Degree" ID="172"/>
    </FE>
    <FE bgColor="9400D3" fgColor="FFFFFF" coreType="Extra-Thematic" cBy="RLG" cDate="05/09/2012 11:59:26 PDT Wed" abbrev="Dep" name="Depictive" ID="15668">
        <definition>&lt;def-root&gt;This FE identifies any &lt;fen&gt;Depictive&lt;/fen&gt; phrase describing the &lt;fen&gt;Agent&lt;/fen&gt; or &lt;fen&gt;Theme&lt;/fen&gt;.

&lt;ex&gt;I &lt;t&gt;buried&lt;/t&gt; the money &lt;fex name="Depictive"&gt;uncounted&lt;/fex&gt;.&lt;/ex&gt;&lt;/def-root&gt;</definition>
    </FE>
    <FE bgColor="FF69B4" fgColor="FFFFFF" coreType="Peripheral" cBy="RLG" cDate="05/09/2012 11:59:26 PDT Wed" abbrev="Mns" name="Means" ID="15669">
        <definition>&lt;def-root&gt;The &lt;fen&gt;Means&lt;/fen&gt; is an act whereby the &lt;fen&gt;Agent&lt;/fen&gt; achieves the burying of the &lt;fen&gt;Theme&lt;/fen&gt;.

&lt;ex&gt;I finally &lt;t&gt;buried&lt;/t&gt; it &lt;fex name="Mns"&gt;by slowly pushing it into the top layer of soil&lt;/fex&gt;.&lt;/ex&gt;&lt;/def-root&gt;</definition>
        <semType name="State_of_affairs" ID="177"/>
    </FE>
    <FE bgColor="808080" fgColor="FFFFFF" coreType="Extra-Thematic" cBy="RLG" cDate="05/09/2012 11:59:26 PDT Wed" abbrev="Result" name="Result" ID="15670">
        <definition>&lt;def-root&gt;This FE identifies the &lt;fen&gt;Result&lt;/fen&gt; of the burying.

&lt;ex&gt;The cables are &lt;t&gt;buried&lt;/t&gt; invisibly under the soil.&lt;/ex&gt;&lt;/def-root&gt;</definition>
    </FE>
    <FE bgColor="7CCD73" fgColor="FFFFFF" coreType="Extra-Thematic" cBy="RLG" cDate="05/09/2012 11:59:26 PDT Wed" abbrev="Duration" name="Duration" ID="15671">
        <definition>&lt;def-root&gt;The &lt;fen&gt;Duration&lt;/fen&gt; is the amount of time for which the &lt;fen&gt;Theme&lt;/fen&gt; stays in the &lt;fen&gt;Goal&lt;/fen&gt; location.

&lt;ex&gt;If you &lt;t&gt;bury&lt;/t&gt; it there &lt;fex name="Duration"&gt;for extended periods&lt;/fex&gt;, it may begin to degrade.&lt;/ex&gt;&lt;/def-root&gt;</definition>
        <semType name="Duration" ID="142"/>
    </FE>
    <FE bgColor="008000" fgColor="FFFFFF" coreType="Peripheral" cBy="RLG" cDate="05/09/2012 11:59:26 PDT Wed" abbrev="Place" name="Place" ID="15672">
        <definition>&lt;def-root&gt;The &lt;fen&gt;Place&lt;/fen&gt; indicates where the burying occurs.

&lt;ex&gt;It must have been &lt;t&gt;buried&lt;/t&gt; &lt;fex name="Place"&gt;south of this location&lt;/fex&gt;, according to the map.&lt;/ex&gt;&lt;/def-root&gt;</definition>
        <semType name="Locative_relation" ID="182"/>
    </FE>
    <FE bgColor="90876C" fgColor="FFFFFF" coreType="Extra-Thematic" cBy="RLG" cDate="05/09/2012 11:59:26 PDT Wed" abbrev="Exp" name="Explanation" ID="15673">
        <definition>&lt;def-root&gt;The &lt;fen&gt;Explanation&lt;/fen&gt; that the &lt;fen&gt;Theme&lt;/fen&gt; is buried.

&lt;ex&gt;She &lt;t&gt;buried&lt;/t&gt; the book &lt;fex name="Explanation"&gt;because she feared others would read it&lt;/fex&gt;.&lt;/ex&gt;&lt;/def-root&gt;</definition>
        <semType name="State_of_affairs" ID="177"/>
    </FE>
    <FE bgColor="FFA500" fgColor="FFFFFF" coreType="Peripheral" cBy="RLG" cDate="05/09/2012 11:59:26 PDT Wed" abbrev="Time" name="Time" ID="15674">
        <definition>&lt;def-root&gt;&lt;fen&gt;Time&lt;/fen&gt; is when the burying occurs

&lt;ex&gt;Smithers had &lt;t&gt;buried&lt;/t&gt; the treasure there &lt;fex name="Time"&gt;the night before&lt;/fex&gt;.&lt;/ex&gt;&lt;/def-root&gt;</definition>
        <semType name="Time" ID="141"/>
    </FE>
    <FE bgColor="808080" fgColor="FFFFFF" coreType="Peripheral" cBy="RLG" cDate="05/09/2012 11:59:26 PDT Wed" abbrev="Area" name="Area" ID="15675">
        <definition>&lt;def-root&gt;The &lt;fen&gt;Area&lt;/fen&gt; is the general area where the &lt;fen&gt;Theme&lt;/fen&gt; is buried.

&lt;ex&gt;They probably &lt;t&gt;buried&lt;/t&gt; them &lt;fex name="Area"&gt;around the property&lt;/fex&gt;.&lt;/ex&gt;&lt;/def-root&gt;</definition>
    </FE>
    <FE bgColor="9F79EE" fgColor="FFFFFF" coreType="Extra-Thematic" cBy="RLG" cDate="05/09/2012 11:59:26 PDT Wed" abbrev="Thm_c" name="Cotheme" ID="15676">
        <definition>&lt;def-root&gt;The &lt;fen&gt;Cotheme&lt;/fen&gt; is buried along with the &lt;fen&gt;Theme&lt;/fen&gt;

&lt;ex&gt;The treasure was &lt;t&gt;buried&lt;/t&gt; &lt;fex name="Cotheme"&gt;along with a parchment describing where it came from&lt;/fex&gt;. &lt;/ex&gt;
&lt;/def-root&gt;</definition>
    </FE>
    <FE bgColor="FFFF00" fgColor="000000" coreType="Peripheral" cBy="RLG" cDate="05/09/2012 11:59:26 PDT Wed" abbrev="Dist" name="Distance" ID="15677">
        <definition>&lt;def-root&gt;This FE is any expression which characterizes the extent of motion of the theme into the ground.

&lt;ex&gt;I &lt;t&gt;buried&lt;/t&gt; the seed&lt;fex name="Distance"&gt;several feet deep&lt;/fex&gt;.&lt;/ex&gt;&lt;/def-root&gt;</definition>
    </FE>
    <FE bgColor="006400" fgColor="FFFFFF" coreType="Peripheral" cBy="RLG" cDate="05/09/2012 11:59:26 PDT Wed" abbrev="Spd" name="Speed" ID="15678">
        <definition>&lt;def-root&gt;The &lt;fen&gt;Speed&lt;/fen&gt; is the rate at which buring occurs.

&lt;ex&gt;Smithers &lt;t&gt;buried&lt;/t&gt; the bone &lt;fex name="Speed"&gt;quickly&lt;/fex&gt; and went to look for his dog.&lt;/ex&gt;&lt;/def-root&gt;</definition>
        <semType name="Speed" ID="234"/>
    </FE>
    <FE bgColor="2E8B57" fgColor="FFFFFF" coreType="Core" cBy="RLG" cDate="05/09/2012 11:59:26 PDT Wed" abbrev="Cause" name="Cause" ID="15679">
        <definition>&lt;def-root&gt;A non-animate force which buries the &lt;fen&gt;Theme&lt;/fen&gt;.

&lt;ex&gt;&lt;fex name="Cause"&gt;The tornado&lt;/fex&gt; &lt;t&gt;buried&lt;/t&gt; most of the structures in this area.&lt;/ex&gt;&lt;/def-root&gt;</definition>
    </FE>
    <FE bgColor="d0d0d0" fgColor="00008B" coreType="Extra-Thematic" cBy="RLG" cDate="05/09/2012 11:59:26 PDT Wed" abbrev="" name="Purpose" ID="15680">
        <definition>&lt;def-root&gt;An action that the &lt;fen&gt;Agent&lt;/fen&gt; intends to accomplish by performing the burying action.

&lt;ex&gt;They &lt;t&gt;buried&lt;/t&gt; the vase in the ground &lt;fex name="Purpose"&gt;to protect it from looters&lt;/fex&gt;.&lt;/ex&gt;&lt;/def-root&gt;</definition>
        <semType name="State_of_affairs" ID="177"/>
    </FE>
    <FE bgColor="EEE8AA" fgColor="000000" coreType="Extra-Thematic" cBy="RLG" cDate="05/09/2012 11:59:26 PDT Wed" abbrev="ben" name="Beneficiary" ID="15681">
        <definition>&lt;def-root&gt;The &lt;fen&gt;Beneficiary&lt;/fen&gt; derives a benefit from the occurrence of the burying event.

&lt;ex&gt;&lt;t&gt;Bury&lt;/t&gt; the gold &lt;fex name="Beneficiary"&gt;for me&lt;/fex&gt; and when we dig it up, you can have half.&lt;/ex&gt;&lt;/def-root&gt;</definition>
    </FE>
    <frameRelation type="Inherits from">
        <relatedFrame ID="62">Placing</relatedFrame>
    </frameRelation>
    <frameRelation type="Is Inherited by"/>
    <frameRelation type="Perspective on"/>
    <frameRelation type="Is Perspectivized in"/>
    <frameRelation type="Uses"/>
    <frameRelation type="Is Used by"/>
    <frameRelation type="Subframe of"/>
    <frameRelation type="Has Subframe(s)"/>
    <frameRelation type="Precedes"/>
    <frameRelation type="Is Preceded by"/>
    <frameRelation type="Is Inchoative of"/>
    <frameRelation type="Is Causative of"/>
    <frameRelation type="See also"/>
    <lexUnit status="In_Use" incorporatedFE="Goal" POS="V" name="bury.v" ID="17069" lemmaID="5016" cBy="RLG" cDate="05/09/2012 12:39:21 PDT Wed">
        <definition>FN: place underground.</definition>
        <sentenceCount annotated="8" total="98"/>
        <lexeme order="1" headword="false" breakBefore="false" POS="V" name="bury"/>
    </lexUnit>
</frame>