<?xml version="1.0" encoding="UTF-8" standalone="yes"?>
<?xml-stylesheet type="text/xsl" href="frame.xsl"?>
<frame cBy="RLG" cDate="09/01/2011 01:44:00 PDT Thu" name="Cause_to_land" ID="2643" xsi:schemaLocation="../schema/frame.xsd" xmlns="http://framenet.icsi.berkeley.edu" xmlns:xsi="http://www.w3.org/2001/XMLSchema-instance">
    <definition>&lt;def-root&gt;An &lt;fen&gt;Operator&lt;/fen&gt; maneuvers onto land a &lt;fen&gt;Vehicle&lt;/fen&gt; which typically does not operate on land, e.g., an airplane or boat.

&lt;ex&gt;&lt;fex name="ope"&gt;The terrified pilot&lt;/fex&gt; &lt;t&gt;landed&lt;/t&gt; &lt;fex name="veh"&gt;the passenger-filled airplane&lt;/fex&gt; &lt;fex name="Goal"&gt;into the river&lt;/fex&gt;.&lt;/ex&gt;&lt;/def-root&gt;</definition>
    <FE bgColor="0000FF" fgColor="FFFFFF" coreType="Core" cBy="RLG" cDate="09/01/2011 01:44:00 PDT Thu" abbrev="veh" name="Vehicle" ID="14945">
        <definition>&lt;def-root&gt;The &lt;fen&gt;Vehicle&lt;/fen&gt; ends up stationary on land.

&lt;ex&gt;She &lt;t&gt;landed&lt;/t&gt; &lt;fex name="veh"&gt;the plane&lt;/fex&gt; on an unoccupied airstrip.&lt;/ex&gt;&lt;/def-root&gt;</definition>
        <semType name="Physical_object" ID="68"/>
    </FE>
    <FE bgColor="9F79EE" fgColor="FFFFFF" coreType="Peripheral" cBy="RLG" cDate="09/01/2011 01:44:00 PDT Thu" abbrev="src" name="Source" ID="14946">
        <definition>&lt;def-root&gt;&lt;fen&gt;Source&lt;/fen&gt; is any expression which implies a definite starting-point of motion. While &lt;fen&gt;Source&lt;/fen&gt; expressions are possible in this frame, they are relatively infrequent.

&lt;ex&gt;We tried to &lt;t&gt;land&lt;/t&gt; the helicopter &lt;fex name="src"&gt;from the east&lt;/fex&gt; to avoid detection.&lt;/ex&gt;&lt;/def-root&gt;</definition>
        <semType name="Source" ID="151"/>
    </FE>
    <FE bgColor="EEE8AA" fgColor="000000" coreType="Peripheral" cBy="RLG" cDate="09/01/2011 01:44:00 PDT Thu" abbrev="Path" name="Path" ID="14947">
        <definition>&lt;def-root&gt;&lt;fen&gt;Path&lt;/fen&gt; is any description of a trajectory of motion which is neither a &lt;fen&gt;Source&lt;/fen&gt; nor a &lt;fen&gt;Goal&lt;/fen&gt;.  In this frame, &lt;fen&gt;Path&lt;/fen&gt; expressions almost always have a via-sense.

&lt;ex&gt;He wasn't willing to &lt;t&gt;land&lt;/t&gt; the plane &lt;fex name="Path"&gt;through lightning and rain&lt;/fex&gt;.&lt;/ex&gt; &lt;/def-root&gt;</definition>
    </FE>
    <FE bgColor="00BFFF" fgColor="FFFFFF" coreType="Core" cBy="RLG" cDate="09/01/2011 01:44:00 PDT Thu" abbrev="goa" name="Goal" ID="14948">
        <definition>&lt;def-root&gt;&lt;fen&gt;Goal&lt;/fen&gt; is any expression that tells where the &lt;fen&gt;Vehicle&lt;/fen&gt; ends up, or would end up, as a result of the motion. 

&lt;ex&gt;They &lt;t&gt;set&lt;/t&gt; planes &lt;t&gt;down&lt;/t&gt; &lt;fex name="Goal"&gt;on the strip&lt;/fex&gt; before midnight.&lt;/ex&gt; &lt;/def-root&gt;</definition>
        <semType name="Location" ID="54"/>
    </FE>
    <FE bgColor="FF00FF" fgColor="FFFFFF" coreType="Peripheral" cBy="RLG" cDate="09/01/2011 01:44:00 PDT Thu" abbrev="Manr" name="Manner" ID="14949">
        <definition>&lt;def-root&gt;A &lt;fen&gt;Manner&lt;/fen&gt; expression describes a property of landing which is not directly related to the trajectory of motion.  Descriptions of speed, steadiness, grace, means of motion, and other things count as &lt;fen&gt;Manner&lt;/fen&gt; expressions.

&lt;ex&gt;The pilot &lt;fex name="Manner"&gt;carefully&lt;/fex&gt; &lt;t&gt;put down&lt;/t&gt; the plane and let the police approach.&lt;/ex&gt; &lt;/def-root&gt;</definition>
        <semType name="Manner" ID="173"/>
    </FE>
    <FE bgColor="A52A2A" fgColor="FFFFFF" coreType="Peripheral" cBy="RLG" cDate="09/01/2011 01:44:00 PDT Thu" abbrev="Mns" name="Means" ID="14950">
        <definition>&lt;def-root&gt;This FE identifies the &lt;fen&gt;Means&lt;/fen&gt; by which a &lt;fen&gt;Operator&lt;/fen&gt; lands a &lt;fen&gt;Vehicle&lt;/fen&gt;.&lt;/def-root&gt;</definition>
        <semType name="State_of_affairs" ID="177"/>
    </FE>
    <FE bgColor="7CCD7C" fgColor="000000" coreType="Extra-Thematic" cBy="RLG" cDate="09/01/2011 01:44:00 PDT Thu" abbrev="Thm_c" name="Cotheme" ID="14952">
        <definition>&lt;def-root&gt;&lt;fen&gt;Cotheme&lt;/fen&gt; is a second moving object, expressed as a direct object or an oblique. 

&lt;ex&gt;Jones &lt;t&gt;landed&lt;/t&gt; the &lt;fex name="Cotheme"&gt;with three planes which were flying in close formation&lt;/fex&gt;.&lt;/ex&gt;&lt;/def-root&gt;</definition>
    </FE>
    <FE bgColor="FFA500" fgColor="FFFFFF" coreType="Peripheral" cBy="RLG" cDate="09/01/2011 01:44:00 PDT Thu" abbrev="Time" name="Time" ID="14953">
        <definition>&lt;def-root&gt;This FE identifies the &lt;fen&gt;Time&lt;/fen&gt; when the &lt;fen&gt;Operator&lt;/fen&gt; lands teh &lt;fen&gt;Vehicle&lt;/fen&gt;.&lt;/def-root&gt;</definition>
        <semType name="Time" ID="141"/>
    </FE>
    <FE bgColor="808080" fgColor="FFFFFF" coreType="Extra-Thematic" cBy="RLG" cDate="09/01/2011 01:44:00 PDT Thu" abbrev="New" name="New_situation" ID="14954">
        <definition>&lt;def-root&gt;The &lt;fen&gt;New_situation&lt;/fen&gt; are the state of the &lt;fen&gt;Goal&lt;/fen&gt; when the &lt;fen&gt;Vehicle&lt;/fen&gt; arrives. 

&lt;ex&gt;I dream of &lt;t&gt;landing&lt;/t&gt; &lt;fex name="veh"&gt;a troop carrier&lt;/fex&gt; &lt;fex name="New_situation"&gt;to a standing ovation&lt;/fex&gt;.&lt;/ex&gt;&lt;/def-root&gt;</definition>
    </FE>
    <FE bgColor="9400D3" fgColor="FFFFFF" coreType="Extra-Thematic" cBy="RLG" cDate="09/01/2011 01:44:00 PDT Thu" abbrev="Dep" name="Depictive" ID="14955">
        <definition>&lt;def-root&gt;The &lt;fen&gt;Depictive&lt;/fen&gt; is a phrase which describes the state of the &lt;fen&gt;Operator&lt;/fen&gt; or &lt;fen&gt;Vehicle&lt;/fen&gt; upon arrival. 

&lt;ex&gt;We were forced to land &lt;fex name="Vehicle"&gt;the small passender plane&lt;/fex&gt; &lt;fex name="Depictive"&gt;unaware of the conditions on the ground&lt;/fex&gt;.&lt;/ex&gt;&lt;/def-root&gt;</definition>
    </FE>
    <FE bgColor="7FFF00" fgColor="000000" coreType="Extra-Thematic" cBy="RLG" cDate="09/01/2011 01:44:00 PDT Thu" abbrev="per" name="Period_of_iterations" ID="14956">
        <definition>&lt;def-root&gt;The time period within which the landing event repeats multiple times.

&lt;/def-root&gt;</definition>
    </FE>
    <FE bgColor="FFFF00" fgColor="000000" coreType="Extra-Thematic" cBy="RLG" cDate="09/01/2011 01:44:00 PDT Thu" abbrev="" name="Circumstances" ID="14957">
        <definition>&lt;def-root&gt;&lt;fen&gt;Circumstances&lt;/fen&gt; describe the state of the world (at a particular time and place) which is specifically independent of the landing event itself and any of its participants.&lt;/def-root&gt;</definition>
    </FE>
    <FE bgColor="006400" fgColor="FFFFFF" coreType="Peripheral" cBy="RLG" cDate="09/01/2011 01:44:00 PDT Thu" abbrev="Pur" name="Purpose" ID="14958">
        <definition>&lt;def-root&gt;This FE identifies the purpose for which the &lt;fen&gt;Operator&lt;/fen&gt; lands the &lt;fen&gt;Vehicle&lt;/fen&gt; at the &lt;fen&gt;Goal&lt;/fen&gt;.&lt;/def-root&gt;</definition>
        <semType name="State_of_affairs" ID="177"/>
    </FE>
    <FE bgColor="EEE8AA" fgColor="000000" coreType="Extra-Thematic" cBy="RLG" cDate="09/01/2011 01:44:00 PDT Thu" abbrev="" name="Degree" ID="14959">
        <definition>&lt;def-root&gt;This frame element selects some gradable attribute and modifies the expected value for it.&lt;/def-root&gt;</definition>
    </FE>
    <FE bgColor="90876C" fgColor="000000" coreType="Extra-Thematic" cBy="RLG" cDate="09/01/2011 01:44:00 PDT Thu" abbrev="eve" name="Event_description" ID="14960">
        <definition>&lt;def-root&gt;This FE marks the state of affairs reported by the landing event as understood to play a role in the state of affairs of &lt;fen&gt;Event_description&lt;/fen&gt;&lt;/def-root&gt;</definition>
    </FE>
    <FE bgColor="A9A9A9" fgColor="000000" coreType="Extra-Thematic" cBy="RLG" cDate="09/01/2011 01:44:00 PDT Thu" abbrev="re-e" name="Re-encoding" ID="14961">
        <definition>&lt;def-root&gt;This FE presents the current frame as an integral part of a larger conceptualization expressed by another frame. The frame expressed by the target typically corresponds to a Means action.&lt;/def-root&gt;</definition>
    </FE>
    <FE bgColor="FF69B4" fgColor="000000" coreType="Extra-Thematic" cBy="RLG" cDate="09/01/2011 01:44:00 PDT Thu" abbrev="" name="Frequency" ID="14962">
        <definition>&lt;def-root&gt;How often the &lt;fen&gt;Operator&lt;/fen&gt; lands the &lt;fen&gt;Vehicle&lt;/fen&gt; at the &lt;fen&gt;Goal&lt;/fen&gt;.&lt;/def-root&gt;</definition>
    </FE>
    <FE bgColor="008000" fgColor="FFFFFF" coreType="Peripheral" cBy="RLG" cDate="09/01/2011 01:44:00 PDT Thu" abbrev="pla" name="Place" ID="14963">
        <definition>&lt;def-root&gt;This FE identifies the &lt;fen&gt;Place&lt;/fen&gt; where the landing occurs.&lt;/def-root&gt;</definition>
    </FE>
    <FE bgColor="FF0000" fgColor="FFFFFF" coreType="Core" cBy="RLG" cDate="09/01/2011 01:46:18 PDT Thu" abbrev="ope" name="Operator" ID="14964">
        <definition>&lt;def-root&gt;The &lt;fen&gt;Operator&lt;/fen&gt; maneuvers the vehicle onto land.

&lt;fex name="ope"&gt;A skilled pilot&lt;/fex&gt; would never &lt;t&gt;set&lt;/t&gt; a plane &lt;t&gt;down&lt;/t&gt; in weather like this.&lt;/def-root&gt;</definition>
    </FE>
    <frameRelation type="Inherits from"/>
    <frameRelation type="Is Inherited by"/>
    <frameRelation type="Perspective on"/>
    <frameRelation type="Is Perspectivized in"/>
    <frameRelation type="Uses">
        <relatedFrame ID="2642">Vehicle_landing</relatedFrame>
    </frameRelation>
    <frameRelation type="Is Used by"/>
    <frameRelation type="Subframe of">
        <relatedFrame ID="2644">Operate_vehicle_scenario</relatedFrame>
    </frameRelation>
    <frameRelation type="Has Subframe(s)"/>
    <frameRelation type="Precedes"/>
    <frameRelation type="Is Preceded by"/>
    <frameRelation type="Is Inchoative of"/>
    <frameRelation type="Is Causative of"/>
    <frameRelation type="See also"/>
    <lexUnit status="Created" POS="V" name="land.v" ID="16577" lemmaID="21647" cBy="RLG" cDate="09/01/2011 02:13:01 PDT Thu">
        <definition>FN: bring a vehicle to stop on land, rather than the typical medium of travel.</definition>
        <sentenceCount annotated="0" total="0"/>
        <lexeme order="1" headword="false" breakBefore="false" POS="V" name="land"/>
    </lexUnit>
    <lexUnit status="Created" POS="V" name="set down.v" ID="16578" lemmaID="51395" cBy="RLG" cDate="09/01/2011 02:13:28 PDT Thu">
        <definition>FN: bring an aircraft down to the ground.</definition>
        <sentenceCount annotated="0" total="0"/>
        <lexeme order="1" headword="true" breakBefore="false" POS="V" name="set"/>
        <lexeme order="2" headword="false" breakBefore="false" POS="PREP" name="down"/>
    </lexUnit>
</frame>