<?xml version="1.0" encoding="UTF-8" standalone="yes"?>
<?xml-stylesheet type="text/xsl" href="frame.xsl"?>
<frame cBy="RLG" cDate="08/22/2006 11:22:17 PDT Tue" name="Cause_change_of_strength" ID="1781" xsi:schemaLocation="../schema/frame.xsd" xmlns="http://framenet.icsi.berkeley.edu" xmlns:xsi="http://www.w3.org/2001/XMLSchema-instance">
    <definition>&lt;def-root&gt;An &lt;fen&gt;Agent&lt;/fen&gt; causes a &lt;fen&gt;Patient&lt;/fen&gt; to be more strong, often resulting in something that is more secure and safe.

&lt;ex&gt;&lt;fex name="Agent"&gt;Local Serbs&lt;/fex&gt; are &lt;t&gt;strengthening&lt;/t&gt; &lt;fex name="Patient"&gt;their grip on a narrow corridor along the Sava River between two large Serbian areas&lt;/fex&gt;.&lt;/ex&gt;&lt;/def-root&gt;</definition>
    <FE bgColor="FF0000" fgColor="FFFFFF" coreType="Core" cBy="RLG" cDate="08/22/2006 11:22:17 PDT Tue" abbrev="Agt" name="Agent" ID="10540">
        <definition>&lt;def-root&gt;The &lt;fen&gt;Agent&lt;/fen&gt; fortifies the &lt;fen&gt;Patient&lt;/fen&gt;.&lt;/def-root&gt;</definition>
        <semType name="Sentient" ID="5"/>
    </FE>
    <FE bgColor="0000FF" fgColor="FFFFFF" coreType="Core" cBy="RLG" cDate="08/22/2006 11:22:17 PDT Tue" abbrev="Pat" name="Patient" ID="10541">
        <definition>&lt;def-root&gt;The &lt;fen&gt;Patient&lt;/fen&gt; is the entity that is being made stronger.  &lt;/def-root&gt;</definition>
    </FE>
    <FE bgColor="9400D3" fgColor="FFFFFF" coreType="Extra-Thematic" cBy="RLG" cDate="08/22/2006 11:22:17 PDT Tue" abbrev="Depict" name="Depictive" ID="10543">
        <definition>&lt;def-root&gt;Depictive phrase describing the actor of an action
&lt;/def-root&gt;</definition>
    </FE>
    <FE bgColor="9F79EE" fgColor="FFFFFF" coreType="Extra-Thematic" cBy="RLG" cDate="08/22/2006 11:22:17 PDT Tue" abbrev="Result" name="Result" ID="10544">
        <definition>&lt;def-root&gt;The resultant state of the action.&lt;/def-root&gt;</definition>
    </FE>
    <FE bgColor="A52A2A" fgColor="FFFFFF" coreType="Peripheral" cBy="RLG" cDate="08/22/2006 11:22:17 PDT Tue" abbrev="Mns" name="Means" ID="10545">
        <definition>&lt;def-root&gt;An act performed by an &lt;fen&gt;Agent&lt;/fen&gt; that enables them to act upon the &lt;fen&gt;Patient&lt;/fen&gt;.&lt;/def-root &gt;</definition>
        <semType name="State_of_affairs" ID="177"/>
    </FE>
    <FE bgColor="FF00FF" fgColor="FFFFFF" coreType="Peripheral" cBy="RLG" cDate="08/22/2006 11:22:17 PDT Tue" abbrev="Manr" name="Manner" ID="10546">
        <definition>&lt;def-root&gt;Any description of the intentional act which is not covered by more specific FEs, including secondary effects (&lt;ment&gt;quietly, loudly&lt;/ment&gt;), and general descriptions comparing events (&lt;ment&gt;the same way&lt;/ment&gt;). In addition, it may indicate salient characteristics of an &lt;fen&gt;Agent&lt;/fen&gt; that also affect the action (&lt;ment&gt;presumptuously, coldly, deliberately, eagerly, carefully&lt;/ment&gt;). &lt;/def-root&gt;</definition>
        <semType name="Manner" ID="173"/>
    </FE>
    <FE bgColor="FFA500" fgColor="FFFFFF" coreType="Peripheral" cBy="RLG" cDate="08/22/2006 11:22:17 PDT Tue" abbrev="tim" name="Time" ID="10547">
        <definition>&lt;def-root&gt;The time at which the &lt;fen&gt;Agent&lt;/fen&gt; makes the &lt;fen&gt;Patient&lt;/fen&gt; stronger.&lt;/def-root&gt;</definition>
        <semType name="Time" ID="141"/>
    </FE>
    <FE bgColor="1E90FF" fgColor="FFFFFF" coreType="Peripheral" cBy="RLG" cDate="08/22/2006 11:22:17 PDT Tue" abbrev="Pla" name="Place" ID="10548">
        <definition>&lt;def-root&gt;The location at which the &lt;fen&gt;Agent&lt;/fen&gt; fortifies the &lt;fen&gt;Patient&lt;/fen&gt;.&lt;/def-root&gt;</definition>
        <semType name="Locative_relation" ID="182"/>
    </FE>
    <FE bgColor="006400" fgColor="FFFFFF" coreType="Core-Unexpressed" cBy="RLG" cDate="08/22/2006 11:22:17 PDT Tue" abbrev="cau" name="Cause" ID="10549">
        <definition>&lt;def-root&gt;An event which causes the &lt;fen&gt;Patient&lt;/fen&gt; to become stronger.&lt;/def-root&gt;</definition>
    </FE>
    <FE bgColor="7FFF00" fgColor="000000" coreType="Extra-Thematic" cBy="JKs" cDate="01/28/2008 03:28:17 PST Mon" abbrev="Con" name="Containing_event" ID="12067">
        <definition>&lt;def-root&gt;This FE denotes an event that occurs or state of affairs that holds at a time that includes the time during which the event or state of affairs reported by the target occurs and of which &lt;/def-root&gt;</definition>
    </FE>
    <FE bgColor="FFFF00" fgColor="000000" coreType="Extra-Thematic" cBy="JKs" cDate="01/29/2008 02:18:12 PST Tue" abbrev="Deg" name="Degree" ID="12080">
        <definition>&lt;def-root&gt;This frame element selects some gradable attribute and modifies the expected value for it.&lt;/def-root&gt;</definition>
    </FE>
    <FE bgColor="FFA500" fgColor="000000" coreType="Extra-Thematic" cBy="JKs" cDate="01/30/2008 02:46:06 PST Wed" abbrev="Fre" name="Frequency" ID="12082">
        <definition>&lt;def-root&gt;This frame element is defined as the number of times an event occurs per some unit of time.&lt;/def-root&gt;</definition>
    </FE>
    <FE bgColor="90876C" fgColor="FFFFFF" coreType="Extra-Thematic" cBy="KmG" cDate="05/27/2008 03:27:32 PDT Tue" abbrev="Cir" name="Circumstances" ID="12675">
        <definition>&lt;def-root&gt;The  &lt;fen&gt;Circumstances&lt;/fen&gt; of the world at the time of the event (which do not bear directly on the event itself).&lt;/def-root&gt;</definition>
    </FE>
    <frameRelation type="Inherits from">
        <relatedFrame ID="10">Transitive_action</relatedFrame>
    </frameRelation>
    <frameRelation type="Is Inherited by">
        <relatedFrame ID="1782">Change_resistance</relatedFrame>
    </frameRelation>
    <frameRelation type="Perspective on"/>
    <frameRelation type="Is Perspectivized in"/>
    <frameRelation type="Uses"/>
    <frameRelation type="Is Used by">
        <relatedFrame ID="2000">Supporting</relatedFrame>
    </frameRelation>
    <frameRelation type="Subframe of"/>
    <frameRelation type="Has Subframe(s)"/>
    <frameRelation type="Precedes"/>
    <frameRelation type="Is Preceded by"/>
    <frameRelation type="Is Inchoative of"/>
    <frameRelation type="Is Causative of"/>
    <frameRelation type="See also"/>
    <lexUnit status="Finished_Initial" POS="V" name="fortify.v" ID="13530" lemmaID="15187" cBy="RLG" cDate="08/22/2006 11:39:18 PDT Tue">
        <definition>FN: make stronger, more able to resist or exert force.</definition>
        <sentenceCount annotated="22" total="221"/>
        <lexeme order="1" headword="false" breakBefore="false" POS="V" name="fortify"/>
    </lexUnit>
    <lexUnit status="Finished_Initial" POS="V" name="strengthen.v" ID="13531" lemmaID="38314" cBy="RLG" cDate="08/22/2006 11:40:26 PDT Tue">
        <definition>FN: make stronger.</definition>
        <sentenceCount annotated="22" total="265"/>
        <lexeme order="1" headword="false" breakBefore="false" POS="V" name="strengthen"/>
    </lexUnit>
    <lexUnit status="Finished_Initial" POS="V" name="reinforce.v" ID="13532" lemmaID="32459" cBy="RLG" cDate="08/22/2006 11:41:43 PDT Tue">
        <definition>COD: give added strength to.</definition>
        <sentenceCount annotated="21" total="368"/>
        <lexeme order="1" headword="false" breakBefore="false" POS="V" name="reinforce"/>
    </lexUnit>
    <lexUnit status="Finished_Initial" POS="V" name="weaken.v" ID="13533" lemmaID="43616" cBy="RLG" cDate="08/22/2006 11:41:56 PDT Tue">
        <definition>FN: make weak.</definition>
        <sentenceCount annotated="22" total="177"/>
        <lexeme order="1" headword="false" breakBefore="false" POS="V" name="weaken"/>
    </lexUnit>
    <lexUnit status="Created" POS="V" name="beef up.v" ID="17598" lemmaID="51709" cBy="CVa" cDate="07/14/2014 03:55:20 PDT Mon">
        <definition>FN: to strengthen something</definition>
        <sentenceCount annotated="0" total="0"/>
        <lexeme order="1" headword="true" breakBefore="false" POS="V" name="beef"/>
        <lexeme order="2" headword="false" breakBefore="false" POS="PREP" name="up"/>
    </lexUnit>
</frame>