<?xml version="1.0" encoding="UTF-8" standalone="yes"?>
<?xml-stylesheet type="text/xsl" href="frame.xsl"?>
<frame cBy="MJE" cDate="07/15/2010 05:09:19 PDT Thu" name="Cause_bodily_experience" ID="2320" xsi:schemaLocation="../schema/frame.xsd" xmlns="http://framenet.icsi.berkeley.edu" xmlns:xsi="http://www.w3.org/2001/XMLSchema-instance">
    <definition>&lt;def-root&gt;An &lt;fen&gt;Agent&lt;/fen&gt; or &lt;fen&gt;Cause&lt;/fen&gt; affects a &lt;fen&gt;Body_part&lt;/fen&gt; of an &lt;fen&gt;Experiencer&lt;/fen&gt; so that the quality of the &lt;fen&gt;Experiencer&lt;/fen&gt;'s perceptual experience of the &lt;fen&gt;Body_part&lt;/fen&gt; is qualitatively changed.

&lt;ex&gt;&lt;fex name="Agt"&gt;Chandra&lt;/fex&gt; &lt;t&gt;massaged&lt;/t&gt; &lt;fex name="Body_part"&gt;Liliana's wrist&lt;/fex&gt; &lt;fex name="Explanation"&gt;because it was injured&lt;/fex&gt;.&lt;/ex&gt;
&lt;ex&gt;Chandra &lt;t&gt;massaged&lt;/t&gt; &lt;fex name="Experiencer"&gt;Liliana&lt;/fex&gt;'s wrist because it was injured.&lt;/ex&gt;&lt;/def-root&gt;</definition>
    <FE bgColor="FF0000" fgColor="FFFFFF" coreType="Core" cBy="MJE" cDate="07/15/2010 05:09:19 PDT Thu" abbrev="Agt" name="Agent" ID="14003">
        <definition>&lt;def-root&gt;The &lt;fen&gt;Agent&lt;/fen&gt; is the person causing a bodily experience in the &lt;fen&gt;Experiencer&lt;/fen&gt;.

&lt;/def-root&gt;</definition>
        <semType name="Sentient" ID="5"/>
    </FE>
    <FE bgColor="0000FF" fgColor="FFFFFF" coreType="Core" cBy="MJE" cDate="07/15/2010 05:09:19 PDT Thu" abbrev="Vic" name="Experiencer" ID="14004">
        <definition>&lt;def-root&gt;The &lt;fen&gt;Experiencer&lt;/fen&gt; is the being or entity whose experience changes.  

&lt;ex&gt;Do n't &lt;t&gt;tickle&lt;/t&gt; &lt;fex name="Experiencer"&gt;me&lt;/fex&gt; !&lt;/ex&gt;

If the &lt;fen&gt;Experiencer&lt;/fen&gt; is included in the phrase indicating &lt;fen&gt;Body_part&lt;/fen&gt;, the &lt;fen&gt;Experiencer&lt;/fen&gt; FE is tagged on a second FE layer.

&lt;ex&gt;Jolosa &lt;t&gt;scratched&lt;/t&gt; &lt;fex name="Vic"&gt;her&lt;/fex&gt; back .&lt;/ex&gt;&lt;/def-root&gt;</definition>
        <semType name="Sentient" ID="5"/>
    </FE>
    <FE bgColor="00BFFF" fgColor="FFFFFF" coreType="Extra-Thematic" cBy="MJE" cDate="07/15/2010 05:09:19 PDT Thu" abbrev="Result" name="Result" ID="14005">
        <definition>&lt;def-root&gt;&lt;fen&gt;Result&lt;/fen&gt; identifies the result of the &lt;fen&gt;Agent&lt;/fen&gt;'s action.
&lt;/def-root&gt;</definition>
    </FE>
    <FE bgColor="FF69B4" fgColor="FFFFFF" coreType="Peripheral" cBy="MJE" cDate="07/15/2010 05:09:19 PDT Thu" abbrev="Degr" name="Degree" ID="14006">
        <definition>&lt;def-root&gt;&lt;fen&gt;Degree&lt;/fen&gt; is the degree to which the &lt;fen&gt;Experiencer&lt;/fen&gt;'s bodily experience is affected.

&lt;ex&gt;The wool &lt;t&gt;itched&lt;/t&gt; &lt;fex name="Degree"&gt;too much to wear it all the time&lt;/fex&gt; .&lt;/ex&gt;&lt;/def-root&gt;</definition>
        <semType name="Degree" ID="172"/>
    </FE>
    <FE bgColor="FF00FF" fgColor="FFFFFF" coreType="Peripheral" cBy="MJE" cDate="07/15/2010 05:09:19 PDT Thu" abbrev="Manr" name="Manner" ID="14007">
        <definition>&lt;def-root&gt;Any description of the event which is not covered by more specific FEs, including force (hard, softly), secondary effects (quietly, loudly), and general descriptions comparing events (the same way). It may indicate salient characteristics of an &lt;fen&gt;Agent&lt;/fen&gt; that also affect the action (presumptuously, coldly, deliberately, eagerly, carefully).
&lt;/def-root&gt;</definition>
        <semType name="Manner" ID="173"/>
    </FE>
    <FE bgColor="A52A2A" fgColor="FFFFFF" coreType="Peripheral" cBy="MJE" cDate="07/15/2010 05:09:19 PDT Thu" abbrev="Means" name="Means" ID="14008">
        <definition>&lt;def-root&gt;An intentional action performed by the &lt;fen&gt;Agent&lt;/fen&gt; that accomplishes the action indicated by the target. 
&lt;/def-root&gt;</definition>
        <semType name="State_of_affairs" ID="177"/>
    </FE>
    <FE bgColor="008000" fgColor="FFFFFF" coreType="Peripheral" cBy="MJE" cDate="07/15/2010 05:09:19 PDT Thu" abbrev="" name="Place" ID="14009">
        <definition>&lt;def-root&gt;&lt;fen&gt;Place&lt;/fen&gt; identifies the place where the bodily experience is caused.

&lt;/def-root&gt;</definition>
        <semType name="Locative_relation" ID="182"/>
    </FE>
    <FE bgColor="FFA500" fgColor="FFFFFF" coreType="Peripheral" cBy="MJE" cDate="07/15/2010 05:09:19 PDT Thu" abbrev="Time" name="Time" ID="14010">
        <definition>&lt;def-root&gt;&lt;fen&gt;Time&lt;/fen&gt; identifies the time when the experience-causing event occurs.

&lt;/def-root&gt;</definition>
        <semType name="Time" ID="141"/>
    </FE>
    <FE bgColor="9F79EE" fgColor="FFFFFF" coreType="Core" cBy="MJE" cDate="07/15/2010 05:09:19 PDT Thu" abbrev="BodP" name="Body_part" ID="14011">
        <definition>&lt;def-root&gt;&gt;The &lt;fen&gt;Body_part&lt;/fen&gt; identifies the location on the &lt;fen&gt;Experiencer&lt;/fen&gt;'s body where the bodily experience takes place.

&lt;/def-root&gt;</definition>
        <semType name="Body_part" ID="10"/>
    </FE>
    <FE bgColor="808080" fgColor="FFFFFF" coreType="Peripheral" cBy="MJE" cDate="07/15/2010 05:09:19 PDT Thu" abbrev="Ins" name="Instrument" ID="14012">
        <definition>&lt;def-root&gt;This FE is any object manipulated by the &lt;fen&gt;Agent&lt;/fen&gt; to cause the experience.

&lt;ex&gt;&lt;t&gt;Rub&lt;/t&gt; the sore muscles down &lt;fex name="Instrument"&gt;with the oil provided&lt;/fex&gt; .&lt;/ex&gt;&lt;/def-root&gt;</definition>
        <semType name="Physical_entity" ID="70"/>
    </FE>
    <FE bgColor="800080" fgColor="FFFFFF" coreType="Extra-Thematic" cBy="MJE" cDate="07/15/2010 05:09:19 PDT Thu" abbrev="Purp" name="Purpose" ID="14013">
        <definition>&lt;def-root&gt;&lt;fen&gt;Purpose&lt;/fen&gt; identifies the state-of-affairs that an &lt;fen&gt;Agent&lt;/fen&gt; hopes to bring about by causing an experience in the &lt;fen&gt;Experiencer&lt;/fen&gt;.
&lt;/def-root&gt;</definition>
        <semType name="State_of_affairs" ID="177"/>
    </FE>
    <FE bgColor="9400D3" fgColor="FFFFFF" coreType="Extra-Thematic" cBy="MJE" cDate="07/15/2010 05:09:19 PDT Thu" abbrev="Depict" name="Depictive" ID="14014">
        <definition>&lt;def-root&gt;&lt;fen&gt;Depictive&lt;/fen&gt; identifies any &lt;fen&gt;Depictive&lt;/fen&gt; phrase describing the actor of an action or the affected entity.

&lt;/def-root&gt;</definition>
    </FE>
    <FE bgColor="7CCD73" fgColor="FFFFFF" coreType="Extra-Thematic" cBy="MJE" cDate="07/15/2010 05:09:19 PDT Thu" abbrev="con" name="Containing_event" ID="14015">
        <definition>&lt;def-root&gt;This FE identifies the event within which the bodily experience is caused.&lt;/def-root&gt;</definition>
    </FE>
    <FE bgColor="006400" fgColor="FFFFFF" coreType="Extra-Thematic" cBy="MJE" cDate="07/15/2010 05:09:19 PDT Thu" abbrev="Exp" name="Explanation" ID="14016">
        <definition>&lt;def-root&gt;A fact or action somehow related to the &lt;fen&gt;Experiencer&lt;/fen&gt; that the &lt;fen&gt;Agent&lt;/fen&gt; responds to by causing an experience in the &lt;fen&gt;Experiencer&lt;/fen&gt;.&lt;/def-root&gt;</definition>
        <semType name="State_of_affairs" ID="177"/>
    </FE>
    <FE bgColor="00008B" fgColor="FFFFFF" coreType="Extra-Thematic" cBy="MJE" cDate="07/15/2010 05:09:19 PDT Thu" abbrev="Iter" name="Iterations" ID="14017">
        <definition>&lt;def-root&gt;&lt;fen&gt;Iterations&lt;/fen&gt; refers to the number of times the &lt;fen&gt;Agent&lt;/fen&gt; or &lt;fen&gt;Cause&lt;/fen&gt; causes an experience.
&lt;/def-root&gt;</definition>
    </FE>
    <FE bgColor="2E8B57" fgColor="FFFFFF" coreType="Core" cBy="MJE" cDate="07/15/2010 05:09:19 PDT Thu" abbrev="Cause" name="Cause" ID="14018">
        <definition>&lt;def-root&gt;The &lt;fen&gt;Cause&lt;/fen&gt; marks expressions that indicate some non-intentional, typically non-human, force that affects the &lt;fen&gt;Experiencer&lt;/fen&gt;'s &lt;fen&gt;Body_part&lt;/fen&gt;.

&lt;ex&gt;&lt;fex name="Cause"&gt;The coat&lt;/fex&gt; &lt;t&gt;chafed&lt;/t&gt; a bit .&lt;/ex&gt;&lt;/def-root&gt;</definition>
    </FE>
    <FE bgColor="1E90FF" fgColor="FFFFFF" coreType="Extra-Thematic" cBy="MJE" cDate="07/15/2010 05:09:19 PDT Thu" abbrev="" name="Subregion_bodypart" ID="14019">
        <definition>&lt;def-root&gt;The &lt;fen&gt;Subregion_bodypart&lt;/fen&gt; defines the precise location on the &lt;fen&gt;Body_part&lt;/fen&gt; in which the experience occurs.
&lt;/def-root&gt;</definition>
    </FE>
    <FE bgColor="EEE8AA" fgColor="000000" coreType="Extra-Thematic" cBy="MJE" cDate="07/15/2010 05:09:19 PDT Thu" abbrev="" name="Circumstances" ID="14020">
        <definition>&lt;def-root&gt;Circumstances describe the state of the world (at a particular time and place) which is specifically independent of the causal event and any of its participants. &lt;/def-root&gt;</definition>
    </FE>
    <FE bgColor="90876C" fgColor="FFFFFF" coreType="Extra-Thematic" cBy="MJE" cDate="07/15/2010 05:09:19 PDT Thu" abbrev="" name="Frequency" ID="14021">
        <definition>&lt;def-root&gt;How often the Cause_bodily_experience event occurs.&lt;/def-root&gt;</definition>
    </FE>
    <FE bgColor="FFD700" fgColor="000000" coreType="Extra-Thematic" cBy="MJE" cDate="07/15/2010 05:09:19 PDT Thu" abbrev="" name="Duration" ID="14022">
        <definition>&lt;def-root&gt;Duration denotes the length of time from the beginning of the Cause_bodily_experience event to its end. &lt;/def-root&gt;</definition>
    </FE>
    <FE bgColor="7FFF00" fgColor="000000" coreType="Extra-Thematic" cBy="MJE" cDate="07/15/2010 05:09:19 PDT Thu" abbrev="" name="Particular_iteration" ID="14024">
        <definition>&lt;def-root&gt;This FE indicates that the Cause_bodily_experience event is conceived as embedded within an iterated series of similar events or states.

&lt;ex&gt;Her sweater was &lt;t&gt;itching&lt;/t&gt; her &lt;fex name="Particular_iteration"&gt;again&lt;/fex&gt; .&lt;/ex&gt;&lt;/def-root&gt;</definition>
    </FE>
    <FE bgColor="FF69B4" fgColor="000000" coreType="Extra-Thematic" cBy="MJE" cDate="07/15/2010 05:09:19 PDT Thu" abbrev="" name="Concessive" ID="14025">
        <definition>&lt;def-root&gt;This FE signifies that the state of affairs expressed by the main clause (containing the Cause_bodily_experience event) occurs or holds, and something other than that state of affairs would be expected given the state of affairs in the concessive clause.&lt;/def-root&gt;</definition>
    </FE>
    <FE bgColor="7CCD73" fgColor="000000" coreType="Extra-Thematic" cBy="MJE" cDate="07/15/2010 05:09:19 PDT Thu" abbrev="re-e" name="Re-encoding" ID="14026">
        <definition>&lt;def-root&gt;A description presenting a separate aspect of the experience-causing event.

&lt;ex&gt;&lt;fex name="Re-encoding"&gt;In a serious breach of decorum&lt;/fex&gt; , he &lt;t&gt;rubbed&lt;/t&gt; Merkel 's shoulders .&lt;/ex&gt;&lt;/def-root&gt;</definition>
    </FE>
    <FE bgColor="FFA500" fgColor="000000" coreType="Extra-Thematic" cBy="MJE" cDate="07/15/2010 05:09:19 PDT Thu" abbrev="" name="Period_of_iterations" ID="14027">
        <definition>&lt;def-root&gt;The length of time from when the Cause_bodily_experience event began to be repeated to when it stopped.&lt;/def-root&gt;</definition>
    </FE>
    <FEcoreSet>
        <memberFE name="Cause" ID="14018"/>
        <memberFE name="Agent" ID="14003"/>
    </FEcoreSet>
    <frameRelation type="Inherits from">
        <relatedFrame ID="10">Transitive_action</relatedFrame>
    </frameRelation>
    <frameRelation type="Is Inherited by">
        <relatedFrame ID="112">Cause_harm</relatedFrame>
    </frameRelation>
    <frameRelation type="Perspective on"/>
    <frameRelation type="Is Perspectivized in"/>
    <frameRelation type="Uses"/>
    <frameRelation type="Is Used by"/>
    <frameRelation type="Subframe of"/>
    <frameRelation type="Has Subframe(s)"/>
    <frameRelation type="Precedes"/>
    <frameRelation type="Is Preceded by"/>
    <frameRelation type="Is Inchoative of"/>
    <frameRelation type="Is Causative of">
        <relatedFrame ID="68">Perception_body</relatedFrame>
    </frameRelation>
    <frameRelation type="See also"/>
    <lexUnit status="Created" POS="V" name="itch.v" ID="15879" lemmaID="20739" cBy="MJE" cDate="07/15/2010 06:31:32 PDT Thu">
        <definition>FN: cause an uncomfortable bodily sensation that makes one wish to scratch</definition>
        <sentenceCount annotated="0" total="0"/>
        <lexeme order="1" headword="false" breakBefore="false" POS="V" name="itch"/>
    </lexUnit>
    <lexUnit status="Created" POS="V" name="scratch.v" ID="15880" lemmaID="34544" cBy="MJE" cDate="07/15/2010 06:32:57 PDT Thu">
        <definition>FN: relieve an unpleasant bodily sensation by minor abrasion of the surface of the skin, often with fingernails.</definition>
        <sentenceCount annotated="1" total="1"/>
        <lexeme order="1" headword="false" breakBefore="false" POS="V" name="scratch"/>
    </lexUnit>
    <lexUnit status="Created" POS="V" name="tickle.v" ID="15881" lemmaID="40368" cBy="MJE" cDate="07/15/2010 06:34:14 PDT Thu">
        <definition>FN: cause to experience a sensation that generates amusement and/or uncontrollable movement away from the stimulus by light physical contact.</definition>
        <sentenceCount annotated="0" total="0"/>
        <lexeme order="1" headword="false" breakBefore="false" POS="V" name="tickle"/>
    </lexUnit>
    <lexUnit status="Created" POS="V" name="rub.v" ID="15882" lemmaID="33678" cBy="MJE" cDate="07/15/2010 06:35:25 PDT Thu">
        <definition>FN: apply deep pressure to muscles and/or joints to bring relief from soreness.</definition>
        <sentenceCount annotated="0" total="0"/>
        <lexeme order="1" headword="false" breakBefore="false" POS="V" name="rub"/>
    </lexUnit>
    <lexUnit status="Created" POS="V" name="massage.v" ID="15883" lemmaID="23616" cBy="MJE" cDate="07/15/2010 06:36:25 PDT Thu">
        <definition>FN: apply pressure to muscles and/or joints to relieve pain or soreness.</definition>
        <sentenceCount annotated="0" total="0"/>
        <lexeme order="1" headword="false" breakBefore="false" POS="V" name="massage"/>
    </lexUnit>
    <lexUnit status="Created" POS="V" name="chafe.v" ID="15884" lemmaID="5979" cBy="MJE" cDate="07/15/2010 06:37:53 PDT Thu">
        <definition>FN: rub unpleasantly, causing to experience a feeling of constriction.</definition>
        <sentenceCount annotated="0" total="0"/>
        <lexeme order="1" headword="false" breakBefore="false" POS="V" name="chafe"/>
    </lexUnit>
    <lexUnit status="Created" POS="V" name="hurt.v" ID="17588" lemmaID="18708" cBy="CVa" cDate="07/08/2014 12:24:31 PDT Tue">
        <definition>FN: to cause pain in a body part</definition>
        <sentenceCount annotated="0" total="0"/>
        <lexeme order="1" headword="false" breakBefore="false" POS="V" name="hurt"/>
    </lexUnit>
</frame>