<?xml version="1.0" encoding="UTF-8" standalone="yes"?>
<?xml-stylesheet type="text/xsl" href="frame.xsl"?>
<frame cBy="RLG" cDate="03/08/2010 04:47:03 PST Mon" name="Cause_to_rot" ID="2248" xsi:schemaLocation="../schema/frame.xsd" xmlns="http://framenet.icsi.berkeley.edu" xmlns:xsi="http://www.w3.org/2001/XMLSchema-instance">
    <definition>&lt;def-root&gt;An &lt;fen&gt;Patient&lt;/fen&gt;, which is an organic substance, undergoes the natural process of decay due to a &lt;fen&gt;Cause&lt;/fen&gt; (or &lt;fen&gt;Agent&lt;/fen&gt;).  &lt;ex&gt;&lt;fex name="Cause"&gt;Moisture&lt;/fex&gt; &lt;t&gt;rotted&lt;/t&gt; &lt;fex name="Patient"&gt;the bread&lt;/fex&gt;.&lt;/ex&gt; &lt;/def-root&gt;</definition>
    <FE bgColor="FF0000" fgColor="FFFFFF" coreType="Core" cBy="RLG" cDate="03/08/2010 04:47:03 PST Mon" abbrev="Agt" name="Agent" ID="13689">
        <definition>&lt;def-root&gt;The &lt;fen&gt;Agent&lt;/fen&gt; intentionally brings about the decay of the &lt;fen&gt;Patient&lt;/fen&gt;.&lt;/def-root&gt;</definition>
        <semType name="Sentient" ID="5"/>
        <excludesFE name="Cause" ID="13698"/>
    </FE>
    <FE bgColor="0000FF" fgColor="FFFFFF" coreType="Core" cBy="RLG" cDate="03/08/2010 04:47:03 PST Mon" abbrev="Pat" name="Patient" ID="13690">
        <definition>&lt;def-root&gt;The &lt;fen&gt;Patient&lt;/fen&gt; undergoes decay.&lt;/def-root&gt;</definition>
    </FE>
    <FE bgColor="9400D3" fgColor="FFFFFF" coreType="Extra-Thematic" cBy="RLG" cDate="03/08/2010 04:47:03 PST Mon" abbrev="Depict" name="Depictive" ID="13692">
        <definition>&lt;def-root&gt;A depictive phrase describing the actor of an action.
&lt;/def-root&gt;</definition>
    </FE>
    <FE bgColor="9F79EE" fgColor="FFFFFF" coreType="Extra-Thematic" cBy="RLG" cDate="03/08/2010 04:47:03 PST Mon" abbrev="Result" name="Result" ID="13693">
        <definition>&lt;def-root&gt;The &lt;fen&gt;Result&lt;/fen&gt; of causing the &lt;fen&gt;Patient&lt;/fen&gt; to rot.&lt;/def-root&gt;</definition>
    </FE>
    <FE bgColor="A52A2A" fgColor="FFFFFF" coreType="Peripheral" cBy="RLG" cDate="03/08/2010 04:47:03 PST Mon" abbrev="Mns" name="Means" ID="13694">
        <definition>&lt;def-root&gt;An act performed by an &lt;fen&gt;Agent&lt;/fen&gt;, or a sub-event centered around a &lt;fen&gt;Cause&lt;/fen&gt; that leads it to cause the &lt;fen&gt;Patient&lt;/fen&gt; to rot.&lt;/def-root&gt;</definition>
        <semType name="State_of_affairs" ID="177"/>
    </FE>
    <FE bgColor="FF00FF" fgColor="FFFFFF" coreType="Peripheral" cBy="RLG" cDate="03/08/2010 04:47:04 PST Mon" abbrev="Manr" name="Manner" ID="13695">
        <definition>&lt;def-root&gt;Any description of the intentional act which is not covered by more specific FEs, including secondary effects (&lt;ment&gt;quietly, loudly&lt;/ment&gt;), and general descriptions comparing events (&lt;ment&gt;the same way&lt;/ment&gt;). In addition, it may indicate salient characteristics of an &lt;fen&gt;Agent&lt;/fen&gt; that also affect the action (&lt;ment&gt;presumptuously, coldly, deliberately, eagerly, carefully&lt;/ment&gt;). &lt;/def-root&gt;</definition>
        <semType name="Manner" ID="173"/>
    </FE>
    <FE bgColor="FFA500" fgColor="FFFFFF" coreType="Peripheral" cBy="RLG" cDate="03/08/2010 04:47:04 PST Mon" abbrev="tim" name="Time" ID="13696">
        <definition>&lt;def-root&gt;The time at which the Cause causes the &lt;fex name="Patient"&gt;Patient&lt;/fex&gt; to rot.&lt;/def-root&gt;</definition>
        <semType name="Time" ID="141"/>
    </FE>
    <FE bgColor="1E90FF" fgColor="FFFFFF" coreType="Peripheral" cBy="RLG" cDate="03/08/2010 04:47:04 PST Mon" abbrev="pla" name="Place" ID="13697">
        <definition>&lt;def-root&gt;The location at which the &lt;fen&gt;Cause&lt;/fen&gt; acts upon the &lt;fen&gt;Patient&lt;/fen&gt;.&lt;/def-root&gt;</definition>
        <semType name="Locative_relation" ID="182"/>
    </FE>
    <FE bgColor="006400" fgColor="FFFFFF" coreType="Core" cBy="RLG" cDate="03/08/2010 04:47:04 PST Mon" abbrev="cau" name="Cause" ID="13698">
        <definition>&lt;def-root&gt;An event which causes the &lt;fen&gt;Patient&lt;/fen&gt; to rot.&lt;/def-root&gt;</definition>
    </FE>
    <FE bgColor="2E8B57" fgColor="FFFFFF" coreType="Extra-Thematic" cBy="RLG" cDate="03/08/2010 04:55:38 PST Mon" abbrev="ins" name="Instrument" ID="13702">
        <definition>&lt;def-root&gt;The &lt;fen&gt;Agent&lt;/fen&gt; may use an instrument to bring about the rotting.&lt;/def-root&gt;</definition>
    </FE>
    <frameRelation type="Inherits from">
        <relatedFrame ID="10">Transitive_action</relatedFrame>
    </frameRelation>
    <frameRelation type="Is Inherited by"/>
    <frameRelation type="Perspective on"/>
    <frameRelation type="Is Perspectivized in"/>
    <frameRelation type="Uses"/>
    <frameRelation type="Is Used by"/>
    <frameRelation type="Subframe of"/>
    <frameRelation type="Has Subframe(s)"/>
    <frameRelation type="Precedes"/>
    <frameRelation type="Is Preceded by"/>
    <frameRelation type="Is Inchoative of"/>
    <frameRelation type="Is Causative of">
        <relatedFrame ID="340">Rotting</relatedFrame>
    </frameRelation>
    <frameRelation type="See also"/>
    <lexUnit status="Needs_SCs" POS="V" name="rot.v" ID="15676" lemmaID="33560" cBy="RLG" cDate="03/08/2010 04:52:05 PST Mon">
        <definition>FN: bring about decay in (organic matter).</definition>
        <sentenceCount annotated="1" total="51"/>
        <lexeme order="1" headword="false" breakBefore="false" POS="V" name="rot"/>
    </lexUnit>
    <lexUnit status="Created" POS="V" name="putrefy.v" ID="15677" lemmaID="31305" cBy="RLG" cDate="03/08/2010 04:54:07 PST Mon">
        <definition>FN: bring about rot, decay.</definition>
        <sentenceCount annotated="0" total="0"/>
        <lexeme order="1" headword="false" breakBefore="false" POS="V" name="putrefy"/>
    </lexUnit>
</frame>