<?xml version="1.0" encoding="UTF-8" standalone="yes"?>
<?xml-stylesheet type="text/xsl" href="frame.xsl"?>
<frame cBy="AlK" cDate="02/26/2010 01:07:21 PST Fri" name="Cause_to_be_included" ID="2230" xsi:schemaLocation="../schema/frame.xsd" xmlns="http://framenet.icsi.berkeley.edu" xmlns:xsi="http://www.w3.org/2001/XMLSchema-instance">
    <definition>&lt;def-root&gt;An &lt;fen&gt;Agent&lt;/fen&gt; or &lt;fen&gt;Cause&lt;/fen&gt; makes a &lt;fen&gt;New_member&lt;/fen&gt; part of  &lt;fen&gt;Group&lt;/fen&gt;. The &lt;fen&gt;Group&lt;/fen&gt; may be represented by an individual &lt;fen&gt;Existing_member&lt;/fen&gt; if it implies the existence of a set of members.

&lt;ex&gt;&lt;fex name="Agent"&gt;I&lt;/fex&gt; &lt;t&gt;added&lt;/t&gt; &lt;fex name="New_member"&gt;a new rock&lt;/fex&gt; &lt;fex name="Group"&gt;to my collection&lt;/fex&gt;.&lt;/ex&gt;
&lt;ex&gt;He decided he needed to &lt;t&gt;add&lt;/t&gt; &lt;fex name="New_member"&gt;a red tie&lt;/fex&gt; &lt;fex name="Existing_member"&gt;to the blue tie in his closet.&lt;/fex&gt;&lt;/ex&gt;&lt;/def-root&gt;</definition>
    <FE bgColor="FF0000" fgColor="FFFFFF" coreType="Core" cBy="AlK" cDate="02/26/2010 01:07:49 PST Fri" abbrev="" name="Agent" ID="13593">
        <definition>&lt;def-root&gt;The &lt;fen&gt;Agent&lt;/fen&gt; is a volitional animate being who causes the &lt;fen&gt;New_member&lt;/fen&gt; to become part of the &lt;fen&gt;Group&lt;/fen&gt;.

&lt;ex&gt;&lt;fex name="Agent"&gt;Matt&lt;/fex&gt; seems to &lt;t&gt;add&lt;/t&gt; new work to his flickr most days.&lt;/ex&gt;&lt;/def-root&gt;</definition>
    </FE>
    <FE bgColor="00008B" fgColor="FFFFFF" coreType="Core" cBy="AlK" cDate="02/26/2010 01:08:05 PST Fri" abbrev="" name="Existing_member" ID="13594">
        <definition>&lt;def-root&gt;Something that is already a member of the &lt;fen&gt;Group&lt;/fen&gt; and represents the &lt;fen&gt;Group&lt;/fen&gt; as a whole.&lt;/def-root&gt;</definition>
    </FE>
    <FE bgColor="0000FF" fgColor="FFFFFF" coreType="Core" cBy="AlK" cDate="02/26/2010 01:09:29 PST Fri" abbrev="" name="New_member" ID="13595">
        <definition>&lt;def-root&gt;An item that becomes a part of the &lt;fen&gt;Group&lt;/fen&gt;.&lt;/def-root&gt;</definition>
    </FE>
    <FE bgColor="006400" fgColor="FFFFFF" coreType="Core" cBy="AlK" cDate="03/03/2010 10:11:23 PST Wed" abbrev="" name="Group" ID="13621">
        <definition>&lt;def-root&gt;The &lt;fen&gt;Group&lt;/fen&gt; is anything that can be conceptualized as a complex collection of parts or ingredients, including through metonymy like containers or locations, which &lt;fen&gt;New_member&lt;/fen&gt;s can join.  &lt;ex&gt;The company&lt;t&gt;includes&lt;/t&gt; &lt;fex name="New_member"&gt;philanthropic endeavors&lt;/fex&gt; in their accomplishments&lt;/ex&gt;&lt;/def-root&gt;</definition>
    </FE>
    <FE bgColor="00BFFF" fgColor="FFFFFF" coreType="Core" cBy="AlK" cDate="03/03/2010 10:13:05 PST Wed" abbrev="" name="Cause" ID="13622">
        <definition>&lt;def-root&gt;An animate or inanimate entity, a force, or event that is responsible for causing a &lt;fen&gt;New_member&lt;/fen&gt; to enter a &lt;fen&gt;Group&lt;/fen&gt;.

&lt;ex&gt;&lt;fex name="Cause"&gt;The calls of crows&lt;/fex&gt; &lt;t&gt;added&lt;/t&gt; an eerie aspect to the atmosphere of our date.&lt;/ex&gt;&lt;/def-root&gt;</definition>
    </FE>
    <FE bgColor="1E90FF" fgColor="FFFFFF" coreType="Extra-Thematic" cBy="AlK" cDate="03/03/2010 11:19:57 PST Wed" abbrev="" name="Particular_iteration" ID="13623">
        <definition>&lt;def-root&gt;Expressions marked with this extra-thematic FE modify a non-iterative use of the target, and indicate that it is conceived as embedded within an iterated series of similar events or states.&lt;/def-root&gt;</definition>
    </FE>
    <FE bgColor="FF00FF" fgColor="FFFFFF" coreType="Peripheral" cBy="AlK" cDate="03/03/2010 11:28:19 PST Wed" abbrev="" name="Means" ID="13624">
        <definition>&lt;def-root&gt;An intentional action performed by the &lt;fen&gt;Agent&lt;/fen&gt; that accomplishes the inclusion of a &lt;fen&gt;New_member&lt;/fen&gt;.&lt;/def-root&gt;</definition>
    </FE>
    <FE bgColor="FFA500" fgColor="FFFFFF" coreType="Peripheral" cBy="AlK" cDate="03/03/2010 11:34:14 PST Wed" abbrev="" name="Time" ID="13625">
        <definition>&lt;def-root&gt;This FE identifies when the inclusion of the &lt;fen&gt;New_member&lt;/fen&gt; to the &lt;fen&gt;Group&lt;/fen&gt; occurs.&lt;/def-root&gt;</definition>
    </FE>
    <FE bgColor="FF69B4" fgColor="FFFFFF" coreType="Peripheral" cBy="AlK" cDate="03/03/2010 11:35:17 PST Wed" abbrev="" name="Manner" ID="13626">
        <definition>&lt;def-root&gt;The manner in which the &lt;fen&gt;Agent&lt;/fen&gt; acts.&lt;/def-root&gt;</definition>
    </FE>
    <FE bgColor="800080" fgColor="FFFFFF" coreType="Extra-Thematic" cBy="AlK" cDate="03/09/2010 12:17:18 PST Tue" abbrev="" name="Purpose" ID="13720">
        <definition>&lt;def-root&gt;This FE identifies what the &lt;fen&gt;Agent&lt;/fen&gt; hopes to accomplish by including a &lt;fen&gt;New_member&lt;/fen&gt; to a &lt;fen&gt;Group&lt;/fen&gt;.

&lt;ex&gt;&lt;t&gt;Add&lt;/t&gt; a few pinches of pepper to the mixture &lt;fex name="Purpose"&gt;to get the best flavor&lt;/fex&gt;.&lt;/ex&gt;&lt;/def-root&gt;</definition>
    </FE>
    <FE bgColor="2E8B57" fgColor="FFFFFF" coreType="Peripheral" cBy="AlK" cDate="04/12/2010 11:33:44 PDT Mon" abbrev="" name="Place" ID="13794">
        <definition>&lt;def-root&gt;The location in which a &lt;fen&gt;New_member&lt;/fen&gt; is entered into a pre-existing &lt;fen&gt;Group&lt;/fen&gt;.&lt;/def-root&gt;</definition>
    </FE>
    <frameRelation type="Inherits from">
        <relatedFrame ID="10">Transitive_action</relatedFrame>
    </frameRelation>
    <frameRelation type="Is Inherited by"/>
    <frameRelation type="Perspective on"/>
    <frameRelation type="Is Perspectivized in"/>
    <frameRelation type="Uses"/>
    <frameRelation type="Is Used by"/>
    <frameRelation type="Subframe of"/>
    <frameRelation type="Has Subframe(s)"/>
    <frameRelation type="Precedes"/>
    <frameRelation type="Is Preceded by"/>
    <frameRelation type="Is Inchoative of"/>
    <frameRelation type="Is Causative of">
        <relatedFrame ID="1822">Being_included</relatedFrame>
    </frameRelation>
    <frameRelation type="See also"/>
    <lexUnit status="Finished_Initial" POS="V" name="add.v" ID="15651" lemmaID="450" cBy="AlK" cDate="02/26/2010 01:10:00 PST Fri">
        <definition>FN: contribute (something) to a mass</definition>
        <sentenceCount annotated="52" total="179"/>
        <lexeme order="1" headword="false" breakBefore="false" POS="V" name="add"/>
    </lexUnit>
    <lexUnit status="Created" POS="V" name="include.v" ID="15812" lemmaID="19432" cBy="AnW" cDate="05/14/2010 12:58:03 PDT Fri">
        <definition>FN: to place into an existing aggregate or group</definition>
        <sentenceCount annotated="0" total="0"/>
        <lexeme order="1" headword="false" breakBefore="false" POS="V" name="include"/>
    </lexUnit>
</frame>