<?xml version="1.0" encoding="UTF-8" standalone="yes"?>
<?xml-stylesheet type="text/xsl" href="frame.xsl"?>
<frame cBy="MJE" cDate="03/03/2005 10:44:14 PST Thu" name="Cause_to_make_progress" ID="1349" xsi:schemaLocation="../schema/frame.xsd" xmlns="http://framenet.icsi.berkeley.edu" xmlns:xsi="http://www.w3.org/2001/XMLSchema-instance">
    <definition>&lt;def-root&gt;An &lt;fen&gt;Agent&lt;/fen&gt; works on a &lt;fen&gt;Project&lt;/fen&gt; so that it reaches a more advanced and desirable state.

&lt;ex&gt;&lt;fex name="Agent"&gt;I&lt;/fex&gt; &lt;t&gt;improve&lt;/t&gt; &lt;fex name="Project"&gt;FrameNet&lt;/fex&gt;.&lt;/ex&gt;&lt;/def-root&gt;</definition>
    <FE bgColor="0000FF" fgColor="FFFFFF" coreType="Core" cBy="MJE" cDate="03/03/2005 10:44:14 PST Thu" abbrev="pro" name="Project" ID="7633">
        <definition>&lt;def-root&gt;The object or idea that undergoes change due to the efforts of the &lt;fen&gt;Agent&lt;/fen&gt;.

&lt;/def-root&gt;</definition>
    </FE>
    <FE bgColor="800080" fgColor="FFFFFF" coreType="Peripheral" cBy="MJE" cDate="03/03/2005 10:44:15 PST Thu" abbrev="pri" name="Prior_state" ID="7634">
        <definition>&lt;def-root&gt;The former state of the &lt;fen&gt;Project&lt;/fen&gt;.



&lt;/def-root&gt;</definition>
    </FE>
    <FE bgColor="9400D3" fgColor="FFFFFF" coreType="Peripheral" cBy="MJE" cDate="03/03/2005 10:44:15 PST Thu" abbrev="pos" name="Post_state" ID="7635">
        <definition>&lt;def-root&gt;The state of the &lt;fen&gt;Project&lt;/fen&gt; following an advance.

&lt;/def-root&gt;</definition>
    </FE>
    <FE bgColor="FFA500" fgColor="FFFFFF" coreType="Peripheral" cBy="MJE" cDate="03/03/2005 10:44:15 PST Thu" abbrev="tim" name="Time" ID="7636">
        <definition>&lt;def-root&gt;The time at which the progress occurs.

&lt;/def-root&gt;</definition>
        <semType name="Time" ID="141"/>
    </FE>
    <FE bgColor="A52A2A" fgColor="FFFFFF" coreType="Peripheral" cBy="MJE" cDate="03/03/2005 10:44:15 PST Thu" abbrev="rat" name="Rate" ID="7637">
        <definition>&lt;def-root&gt;The rate at which the change happens.

&lt;/def-root&gt;</definition>
    </FE>
    <FE bgColor="FF00FF" fgColor="FFFFFF" coreType="Peripheral" cBy="MJE" cDate="03/03/2005 10:44:15 PST Thu" abbrev="man" name="Manner" ID="7638">
        <definition>&lt;def-root&gt;A description of the progress, generally a description comparing events (&lt;ment&gt;the same way&lt;/ment&gt;); in addition, it may describe characteristics and states of the &lt;fen&gt;Agent&lt;/fen&gt; that also affect the development. 
&lt;/def-root&gt;</definition>
        <semType name="Manner" ID="173"/>
    </FE>
    <FE bgColor="FF0000" fgColor="FFFFFF" coreType="Peripheral" cBy="MJE" cDate="03/03/2005 10:44:15 PST Thu" abbrev="dur" name="Duration" ID="7639">
        <definition>&lt;def-root&gt;The period over which the &lt;fen&gt;Agent&lt;/fen&gt; develops the &lt;fen&gt;Project&lt;/fen&gt;.
&lt;/def-root&gt;</definition>
        <semType name="Duration" ID="142"/>
    </FE>
    <FE bgColor="008000" fgColor="FFFFFF" coreType="Peripheral" cBy="MJE" cDate="03/03/2005 10:44:15 PST Thu" abbrev="deg" name="Degree" ID="7640">
        <definition>&lt;def-root&gt;The amount of advancement that the &lt;fen&gt;Project&lt;/fen&gt; has attained.

&lt;/def-root&gt;</definition>
        <semType name="Degree" ID="172"/>
    </FE>
    <FE bgColor="808080" fgColor="FFFFFF" coreType="Peripheral" cBy="MJE" cDate="03/03/2005 10:44:15 PST Thu" abbrev="dom" name="Domain" ID="7641">
        <definition>&lt;def-root&gt;The relevant dimension of development.

&lt;ex&gt;We have &lt;t&gt;developed&lt;/t&gt; our community &lt;fex name="dom"&gt;economically&lt;/fex&gt; in these last few years.&lt;/ex&gt;&lt;/def-root&gt;</definition>
    </FE>
    <FE bgColor="FF0000" fgColor="FFFFFF" coreType="Core" cBy="MJE" cDate="03/03/2005 10:44:15 PST Thu" abbrev="cau" name="Agent" ID="7642">
        <definition>&lt;def-root&gt;The individual that brings about the development of the &lt;fen&gt;Project&lt;/fen&gt;.

&lt;/def-root&gt;</definition>
        <semType name="Sentient" ID="5"/>
    </FE>
    <FE bgColor="00008B" fgColor="FFFFFF" coreType="Peripheral" cBy="KmG" cDate="08/25/2006 03:22:22 PDT Fri" abbrev="Pla" name="Place" ID="10586">
        <definition>&lt;def-root&gt;The location at which the the &lt;fen&gt;Project&lt;/fen&gt; progresses. &lt;/def-root&gt;</definition>
    </FE>
    <FE bgColor="FFFF00" fgColor="000000" coreType="Extra-Thematic" cBy="KmG" cDate="08/25/2006 03:41:43 PDT Fri" abbrev="Exp" name="Explanation" ID="10587">
        <definition>&lt;def-root&gt;The Explanation denotes a proposition from which the main clause (headed by the target) logically follows. &lt;/def-root&gt;</definition>
    </FE>
    <FE bgColor="EEE8AA" fgColor="000000" coreType="Extra-Thematic" cBy="KmG" cDate="08/25/2006 03:44:32 PDT Fri" abbrev="Par" name="Particular_iteration" ID="10588">
        <definition>&lt;def-root&gt;Expressions marked with this extra-thematic FE modify a non-iterative use of the target, and indicate that it is conceived as embedded within an iterated series of similar events or states. &lt;/def-root&gt;</definition>
    </FE>
    <FE bgColor="9F79EE" fgColor="FFFFFF" coreType="Peripheral" cBy="KmG" cDate="02/23/2007 11:14:25 PST Fri" abbrev="Pur" name="Purpose" ID="11089">
        <definition>&lt;def-root&gt;This FE identifies the &lt;fen&gt;Purpose&lt;/fen&gt; for which the &lt;fen&gt;Agent&lt;/fen&gt; progresses the &lt;fen&gt;Project&lt;/fen&gt;. &lt;/def-root&gt;</definition>
    </FE>
    <FE bgColor="9F79EE" fgColor="FFFFFF" coreType="Peripheral" cBy="MJE" cDate="07/20/2007 05:19:37 PDT Fri" abbrev="Mea" name="Means" ID="11916">
        <definition>&lt;def-root&gt;The action of the &lt;fen&gt;Agent&lt;/fen&gt; which enables the advancement.&lt;/def-root&gt;</definition>
    </FE>
    <frameRelation type="Inherits from">
        <relatedFrame ID="230">Intentionally_affect</relatedFrame>
    </frameRelation>
    <frameRelation type="Is Inherited by"/>
    <frameRelation type="Perspective on"/>
    <frameRelation type="Is Perspectivized in"/>
    <frameRelation type="Uses"/>
    <frameRelation type="Is Used by"/>
    <frameRelation type="Subframe of"/>
    <frameRelation type="Has Subframe(s)"/>
    <frameRelation type="Precedes"/>
    <frameRelation type="Is Preceded by"/>
    <frameRelation type="Is Inchoative of"/>
    <frameRelation type="Is Causative of">
        <relatedFrame ID="1340">Progression</relatedFrame>
    </frameRelation>
    <frameRelation type="See also"/>
    <lexUnit status="Finished_Initial" POS="V" name="develop.v" ID="11731" lemmaID="10478" cBy="MJE" cDate="03/03/2005 10:54:11 PST Thu">
        <definition>FN: cause to become more advanced.</definition>
        <sentenceCount annotated="129" total="692"/>
        <lexeme order="1" headword="false" breakBefore="false" POS="V" name="develop"/>
    </lexUnit>
    <lexUnit status="Finished_Initial" POS="N" name="gains.n" ID="13180" lemmaID="50351" cBy="RLG" cDate="04/19/2006 10:52:19 PDT Wed">
        <definition>FN: progress made in a particular field.</definition>
        <sentenceCount annotated="16" total="145"/>
        <lexeme order="1" headword="true" breakBefore="false" POS="N" name="gains"/>
    </lexUnit>
    <lexUnit status="Finished_Initial" POS="V" name="perfect.v" ID="13430" lemmaID="28425" cBy="MiL" cDate="08/08/2006 03:37:52 PDT Tue">
        <definition>FN: cause development at the highest standard. </definition>
        <sentenceCount annotated="23" total="247"/>
        <lexeme order="1" headword="false" breakBefore="false" POS="V" name="perfect"/>
    </lexUnit>
    <lexUnit status="Created" POS="V" name="improve.v" ID="13870" lemmaID="19273" cBy="KmG" cDate="02/26/2007 03:48:40 PST Mon">
        <definition>COD: make better. </definition>
        <sentenceCount annotated="5" total="5"/>
        <lexeme order="1" headword="false" breakBefore="false" POS="V" name="improve"/>
    </lexUnit>
    <lexUnit status="Created" POS="A" name="improved.a" ID="13885" lemmaID="50530" cBy="KmG" cDate="02/27/2007 04:23:48 PST Tue">
        <definition>FN: made better</definition>
        <sentenceCount annotated="2" total="2"/>
        <lexeme order="1" headword="true" breakBefore="false" POS="A" name="improved"/>
    </lexUnit>
    <lexUnit status="Finished_Initial" POS="N" name="modernization.n" ID="13897" lemmaID="50534" cBy="KmG" cDate="02/28/2007 02:50:44 PST Wed">
        <definition>FN: the act of making up-to-date. </definition>
        <sentenceCount annotated="21" total="122"/>
        <lexeme order="1" headword="true" breakBefore="false" POS="N" name="modernization"/>
    </lexUnit>
    <lexUnit status="Needs_SCs" POS="V" name="mature.v" ID="15358" lemmaID="23721" cBy="JKs" cDate="06/16/2009 01:10:10 PDT Tue">
        <definition>FN: develop</definition>
        <sentenceCount annotated="1" total="1"/>
        <lexeme order="1" headword="false" breakBefore="false" POS="V" name="mature"/>
    </lexUnit>
    <lexUnit status="Created" POS="V" name="advance.v" ID="17583" lemmaID="587" cBy="CVa" cDate="07/08/2014 10:08:11 PDT Tue">
        <definition>FN: to cause to make headway on something</definition>
        <sentenceCount annotated="0" total="0"/>
        <lexeme order="1" headword="false" breakBefore="false" POS="V" name="advance"/>
    </lexUnit>
</frame>