<?xml version="1.0" encoding="UTF-8" standalone="yes"?>
<?xml-stylesheet type="text/xsl" href="frame.xsl"?>
<frame cBy="HCB" cDate="05/23/2001 03:26:58 PDT Wed" name="Cause_harm" ID="112" xsi:schemaLocation="../schema/frame.xsd" xmlns="http://framenet.icsi.berkeley.edu" xmlns:xsi="http://www.w3.org/2001/XMLSchema-instance">
    <definition>&lt;def-root&gt;The words in this frame describe situations in which an &lt;fen&gt;Agent&lt;/fen&gt; or a &lt;fen&gt;Cause&lt;/fen&gt; injures a &lt;fen&gt;Victim&lt;/fen&gt;. The &lt;fen&gt;Body_part&lt;/fen&gt; of the &lt;fen&gt;Victim&lt;/fen&gt; which is most directly affected may also be mentioned in the place of the &lt;fen&gt;Victim&lt;/fen&gt;.  In such cases, the &lt;fen&gt;Victim&lt;/fen&gt; is often indicated as a genitive modifier of the &lt;fen&gt;Body_part&lt;/fen&gt;, in which case the &lt;fen&gt;Victim&lt;/fen&gt; FE is indicated on a second FE layer.
&lt;ex&gt;&lt;/ex&gt;
&lt;ex&gt;Rod saw &lt;fex name="Agent"&gt;his father&lt;/fex&gt; &lt;t&gt;beating&lt;/t&gt; &lt;fex name="Victim"&gt;his mother&lt;/fex&gt;.&lt;/ex&gt;

&lt;ex&gt;In the end Wormtongue is fed up with being beaten so &lt;fex name="Agent"&gt;he&lt;/fex&gt; &lt;t&gt;cuts&lt;/t&gt; &lt;fex name="Body_part"&gt;Saruman's throat&lt;/fex&gt; &lt;fex name="Purpose"&gt;to free himself&lt;/fex&gt;.&lt;/ex&gt;

&lt;ex&gt;&lt;fex name="Victim"&gt;A mother&lt;/fex&gt; &lt;t&gt;stabbed&lt;/t&gt; &lt;fex name="Result"&gt;to death&lt;/fex&gt; &lt;fex name="Agent"&gt;by her husband&lt;/fex&gt; made a secret will stating that he must never be allowed to care for their son.&lt;/ex&gt;&lt;/def-root&gt;</definition>
    <semType name="Event" ID="75"/>
    <FE bgColor="FF0000" fgColor="FFFFFF" coreType="Core" cBy="HCB" cDate="05/23/2001 03:41:05 PDT Wed" abbrev="Agt" name="Agent" ID="546">
        <definition>&lt;def-root&gt;&lt;fen&gt;Agent&lt;/fen&gt; is the person causing the &lt;fen&gt;Victim&lt;/fen&gt;'s injury.

&lt;ex&gt;&lt;fex name="Agt"&gt;Jolosa, who&lt;/fex&gt; &lt;t&gt;broke&lt;/t&gt; a rival player 's jaw, was told to model his play on the England striker.&lt;/ex&gt;
&lt;ex&gt;&lt;fex name="Agt"&gt;Someone&lt;/fex&gt; &lt;t&gt;bashed&lt;/t&gt; him on the back of the head with a heavy smooth object.&lt;/ex&gt;
&lt;ex&gt;Claire McLaren, 16, was punched and &lt;t&gt;kicked&lt;/t&gt; senseless &lt;fex name="Agt"&gt;by a thug&lt;/fex&gt;.&lt;/ex&gt;&lt;/def-root&gt;</definition>
        <semType name="Sentient" ID="5"/>
        <excludesFE name="Cause" ID="3331"/>
    </FE>
    <FE bgColor="0000FF" fgColor="FFFFFF" coreType="Core" cBy="HCB" cDate="05/23/2001 03:42:51 PDT Wed" abbrev="Vic" name="Victim" ID="547">
        <definition>&lt;def-root&gt;The &lt;fen&gt;Victim&lt;/fen&gt; is the being or entity that is injured.  If the &lt;fen&gt;Victim&lt;/fen&gt; is included in the phrase indicating &lt;fen&gt;Body_part&lt;/fen&gt;, the &lt;fen&gt;Victim&lt;/fen&gt; FE is tagged on a second FE layer (see 3rd example).

&lt;ex&gt;Someone &lt;t&gt;bashed&lt;/t&gt; &lt;fex name="Vic"&gt;him&lt;/fex&gt; on the back of the head with a heavy smooth object.&lt;/ex&gt;
&lt;ex&gt;The farmer tied him to the fence to stop him &lt;t&gt;butting&lt;/t&gt; &lt;fex name="Vic"&gt;the sheep&lt;/fex&gt;.&lt;/ex&gt;
&lt;ex&gt;Jolosa, who &lt;t&gt;broke&lt;/t&gt; &lt;fex name="Vic"&gt;a rival player 's&lt;/fex&gt; jaw, was told to model his play on the England striker.&lt;/ex&gt;&lt;/def-root&gt;</definition>
        <semType name="Sentient" ID="5"/>
    </FE>
    <FE bgColor="00BFFF" fgColor="FFFFFF" coreType="Extra-Thematic" cBy="HCB" cDate="05/23/2001 03:43:54 PDT Wed" abbrev="Result" name="Result" ID="548">
        <definition>&lt;def-root&gt;&lt;fen&gt;Result&lt;/fen&gt; identifies the result of the &lt;fen&gt;Agent&lt;/fen&gt;'s action.

&lt;ex&gt;Riot police in Nairobi &lt;t&gt;clubbed&lt;/t&gt; four women &lt;fex name="Result"&gt;unconscious&lt;/fex&gt; on March 3.&lt;/ex&gt;
&lt;ex&gt;A battered wife who &lt;t&gt;burned&lt;/t&gt; her brutal husband &lt;fex name="Result"&gt;to death&lt;/fex&gt; was freed from jail yesterday.&lt;/ex&gt;
&lt;ex&gt;Claire McLaren, 16, was punched and &lt;t&gt;kicked&lt;/t&gt; &lt;fex name="Result"&gt;senseless&lt;/fex&gt; by a thug.&lt;/ex&gt;&lt;/def-root&gt;</definition>
    </FE>
    <FE bgColor="FF69B4" fgColor="FFFFFF" coreType="Peripheral" cBy="HCB" cDate="05/23/2001 03:47:20 PDT Wed" abbrev="Degr" name="Degree" ID="549">
        <definition>&lt;def-root&gt; &lt;fen&gt;Degree&lt;/fen&gt; is the degree to which the &lt;fen&gt;Agent&lt;/fen&gt; causes harm to the &lt;fen&gt;Victim&lt;/fen&gt;.

&lt;ex&gt;She wanted to &lt;t&gt;slap&lt;/t&gt; him &lt;fex name="Degr"&gt;hard&lt;/fex&gt; for his change of mood.&lt;/ex&gt;
&lt;ex&gt;Fox spun around and &lt;t&gt;slapped&lt;/t&gt; him, &lt;fex name="Degr"&gt;harder than necessary&lt;/fex&gt;.&lt;/ex&gt;&lt;/def-root&gt;</definition>
        <semType name="Degree" ID="172"/>
    </FE>
    <FE bgColor="FF00FF" fgColor="FFFFFF" coreType="Peripheral" cBy="HCB" cDate="05/23/2001 03:47:20 PDT Wed" abbrev="Manr" name="Manner" ID="553">
        <definition>&lt;def-root&gt;The Manner in which the &lt;fen&gt;Agent&lt;/fen&gt; acts upon the &lt;fen&gt;Victim&lt;/fen&gt;.

&lt;ex&gt;He &lt;fex name="Manner"&gt;violently&lt;/fex&gt; &lt;t&gt;slapped&lt;/t&gt; his assailant.&lt;/ex&gt;&lt;/def-root&gt;</definition>
        <semType name="Manner" ID="173"/>
    </FE>
    <FE bgColor="A52A2A" fgColor="FFFFFF" coreType="Peripheral" cBy="HCB" cDate="05/23/2001 03:47:20 PDT Wed" abbrev="Means" name="Means" ID="554">
        <definition>&lt;def-root&gt;An intentional action performed by the &lt;fen&gt;Agent&lt;/fen&gt; that accomplishes the action indicated by the target. 

&lt;ex&gt;Rachael &lt;t&gt;injured&lt;/t&gt; her friend &lt;fex name="Means"&gt;by closing the car door on his left hand&lt;/fex&gt;.&lt;/ex&gt;&lt;/def-root&gt;</definition>
        <semType name="State_of_affairs" ID="177"/>
    </FE>
    <FE bgColor="008000" fgColor="FFFFFF" coreType="Peripheral" cBy="HCB" cDate="05/23/2001 03:52:19 PDT Wed" abbrev="" name="Place" ID="556">
        <definition>&lt;def-root&gt;&lt;fen&gt;Place&lt;/fen&gt; identifies the place where the harm causing event occurs.

&lt;ex&gt;Boys  are &lt;t&gt;punched&lt;/t&gt; &lt;fex name="Place"&gt;at school&lt;/fex&gt; for payback &lt;/ex&gt;&lt;/def-root&gt;</definition>
        <semType name="Locative_relation" ID="182"/>
    </FE>
    <FE bgColor="FFA500" fgColor="FFFFFF" coreType="Peripheral" cBy="HCB" cDate="05/23/2001 03:52:19 PDT Wed" abbrev="Time" name="Time" ID="557">
        <definition>&lt;def-root&gt;&lt;fen&gt;Time&lt;/fen&gt; identifies the time when the harm-causing event occurs.

&lt;ex&gt;Riot police in Nairobi &lt;t&gt;clubbed&lt;/t&gt; four women unconscious &lt;fex name="Time"&gt;on March 3&lt;/fex&gt;.&lt;/ex&gt;&lt;/def-root&gt;</definition>
        <semType name="Time" ID="141"/>
    </FE>
    <FE bgColor="9F79EE" fgColor="FFFFFF" coreType="Core" cBy="HCB" cDate="05/23/2001 03:54:27 PDT Wed" abbrev="BodP" name="Body_part" ID="558">
        <definition>&lt;def-root&gt;The &lt;fen&gt;Body_part&lt;/fen&gt; identifies the location on the body where the bodily injury takes place.

&lt;ex&gt;Someone &lt;t&gt;bashed&lt;/t&gt; him &lt;fex name="BodP"&gt;on the back of the head&lt;/fex&gt; with a heavy smooth object.&lt;/ex&gt;
&lt;ex&gt;Jolosa, who &lt;t&gt;broke&lt;/t&gt; &lt;fex name="BodP"&gt;a rival player 's jaw&lt;/fex&gt; , was told to model his play on the England striker.&lt;/ex&gt;&lt;/def-root&gt;</definition>
        <semType name="Body_part" ID="10"/>
    </FE>
    <FE bgColor="808080" fgColor="FFFFFF" coreType="Peripheral" cBy="HCB" cDate="05/24/2001 04:27:37 PDT Thu" abbrev="Ins" name="Instrument" ID="572">
        <definition>&lt;def-root&gt;This FE is any object used to cause the injury.

&lt;ex&gt;Someone &lt;t&gt;bashed&lt;/t&gt; him on the back of the head &lt;fex name="Ins"&gt;with a heavy smooth object&lt;/fex&gt;.&lt;/ex&gt;
&lt;ex&gt;John &lt;t&gt;butted&lt;/t&gt; her in the chest &lt;fex name="Ins"&gt;with his head&lt;/fex&gt;.&lt;/ex&gt;
&lt;/def-root&gt;</definition>
        <semType name="Physical_entity" ID="70"/>
    </FE>
    <FE bgColor="800080" fgColor="FFFFFF" coreType="Extra-Thematic" cBy="Shw" cDate="05/29/2001 03:01:14 PDT Tue" abbrev="Purp" name="Purpose" ID="624">
        <definition>&lt;def-root&gt;&lt;fen&gt;Purpose&lt;/fen&gt; identifies the purpose for which a harm-causing action is carried out.&lt;/def-root&gt;</definition>
        <semType name="State_of_affairs" ID="177"/>
    </FE>
    <FE bgColor="9400D3" fgColor="FFFFFF" coreType="Extra-Thematic" cBy="JKR" cDate="06/04/2001 10:51:08 PDT Mon" abbrev="Depict" name="Depictive" ID="700">
        <definition>&lt;def-root&gt;&lt;fen&gt;Depictive&lt;/fen&gt; identifies any &lt;fen&gt;Depictive&lt;/fen&gt; phrase describing the actor of an action.

&lt;ex&gt;Indeed, Henry V used to &lt;t&gt;burn&lt;/t&gt; them &lt;fex name="Depict"&gt;alive&lt;/fex&gt;.&lt;/ex&gt;&lt;/def-root&gt;</definition>
    </FE>
    <FE bgColor="7CCD73" fgColor="FFFFFF" coreType="Extra-Thematic" cBy="JKR" cDate="06/04/2001 10:51:08 PDT Mon" abbrev="con" name="Containing_event" ID="702">
        <definition>&lt;def-root&gt;This FE identifies the event in which the harm is caused.&lt;/def-root&gt;</definition>
    </FE>
    <FE bgColor="006400" fgColor="FFFFFF" coreType="Extra-Thematic" cBy="MJE" cDate="06/20/2002 02:43:43 PDT Thu" abbrev="Exp" name="Explanation" ID="3150">
        <definition>&lt;def-root&gt;A fact or action somehow related to the &lt;fen&gt;Victim&lt;/fen&gt; that the &lt;fen&gt;Agent&lt;/fen&gt; responds to by causing harm to the &lt;fen&gt;Victim&lt;/fen&gt;.

&lt;ex&gt;She wanted to &lt;t&gt;slap&lt;/t&gt; him hard &lt;fex name="Explanation"&gt;for his change of mood&lt;/fex&gt;.&lt;/ex&gt;
&lt;ex&gt;She could easily have &lt;t&gt;slapped&lt;/t&gt; her &lt;fex name="Explanation"&gt;for that remark&lt;/fex&gt;.&lt;/ex&gt;&lt;/def-root&gt;</definition>
        <semType name="State_of_affairs" ID="177"/>
    </FE>
    <FE bgColor="00008B" fgColor="FFFFFF" coreType="Extra-Thematic" cBy="MJE" cDate="06/20/2002 03:04:40 PDT Thu" abbrev="Iter" name="Iterations" ID="3151">
        <definition>&lt;def-root&gt;&lt;fen&gt;Iterations&lt;/fen&gt; refers to the number of times the &lt;fen&gt;Agent&lt;/fen&gt; causes harm to the &lt;fen&gt;Victim&lt;/fen&gt;.

&lt;ex&gt;Kim &lt;t&gt;hit&lt;/t&gt; Harold with the stick &lt;fex name="Iter"&gt;a dozen times&lt;/fex&gt;.&lt;/ex&gt;
&lt;ex&gt;he had &lt;t&gt;slapped&lt;/t&gt; his wife across the face &lt;fex name="Iter"&gt;a number of times&lt;/fex&gt;.&lt;/ex&gt;&lt;/def-root&gt;</definition>
    </FE>
    <FE bgColor="2E8B57" fgColor="FFFFFF" coreType="Core" cBy="JKR" cDate="07/05/2002 02:06:35 PDT Fri" abbrev="Cause" name="Cause" ID="3331">
        <definition>&lt;def-root&gt;The &lt;fen&gt;Cause&lt;/fen&gt; marks expressions that indicate some non-intentional, typically non-human, force that inflicts harm on the &lt;fen&gt;Victim&lt;/fen&gt;

&lt;ex&gt;&lt;fex name="Cause"&gt;A falling rock&lt;/fex&gt; &lt;t&gt;crushed&lt;/t&gt; my ankle.&lt;/ex&gt;&lt;/def-root&gt;</definition>
    </FE>
    <FE bgColor="1E90FF" fgColor="FFFFFF" coreType="Extra-Thematic" cBy="ACW" cDate="07/17/2003 10:39:18 PDT Thu" abbrev="" name="Subregion_bodypart" ID="4793">
        <definition>&lt;def-root&gt;The Subregion_bodypart defines the precise location on the Body_part which is harmed.
&lt;ex&gt;&lt;fex name="Body_part"&gt;Martha's legs&lt;/fex&gt; were &lt;t&gt;chopped&lt;/t&gt; off &lt;fex name="Subregion_bodypart"&gt;at the knees&lt;/fex&gt;.&lt;/ex&gt;&lt;/def-root&gt;</definition>
    </FE>
    <FE bgColor="EEE8AA" fgColor="000000" coreType="Extra-Thematic" cBy="KmG" cDate="01/10/2007 01:49:49 PST Wed" abbrev="" name="Circumstances" ID="10966">
        <definition>&lt;def-root&gt;Circumstances describe the state of the world (at a particular time and place) which is specifically independent of the Cause_harm event and any of its participants. &lt;/def-root&gt;</definition>
    </FE>
    <FE bgColor="90876C" fgColor="FFFFFF" coreType="Extra-Thematic" cBy="KmG" cDate="01/10/2007 01:55:23 PST Wed" abbrev="" name="Frequency" ID="10967">
        <definition>&lt;def-root&gt;How often the Cause_harm event occurs.&lt;/def-root&gt;</definition>
    </FE>
    <FE bgColor="FFD700" fgColor="000000" coreType="Extra-Thematic" cBy="KmG" cDate="01/10/2007 02:12:29 PST Wed" abbrev="" name="Duration" ID="10968">
        <definition>&lt;def-root&gt;Duration denotes the length of time from the beginning of the Cause_harm event to its end. &lt;/def-root&gt;</definition>
    </FE>
    <FE bgColor="7FFF00" fgColor="000000" coreType="Extra-Thematic" cBy="KmG" cDate="01/10/2007 03:28:58 PST Wed" abbrev="" name="Particular_iteration" ID="10970">
        <definition>&lt;def-root&gt;This FE indicates that the Cause_harm event is conceived as embedded within an iterated series of similar events or states.&lt;/def-root&gt;</definition>
    </FE>
    <FE bgColor="FF69B4" fgColor="000000" coreType="Extra-Thematic" cBy="KmG" cDate="01/10/2007 03:32:50 PST Wed" abbrev="" name="Concessive" ID="10971">
        <definition>&lt;def-root&gt;This FE signifies that the state of affairs expressed by the main clause (containing the Cause_harm event) occurs or holds, and something other than that state of affairs would be expected given the state of affairs in the concessive clause.&lt;/def-root&gt;</definition>
    </FE>
    <FE bgColor="7CCD73" fgColor="000000" coreType="Extra-Thematic" cBy="KmG" cDate="01/11/2007 05:34:44 PST Thu" abbrev="re-e" name="Re-encoding" ID="10972">
        <definition>&lt;def-root&gt;A description of the harm event which significantly displays a different aspect.

&lt;ex&gt;Then she elbowed me -- &lt;fex name="Re-encoding"&gt;a serious affront to my sensibilities&lt;/fex&gt; !&lt;/ex&gt; &lt;/def-root&gt;</definition>
    </FE>
    <FE bgColor="FFA500" fgColor="000000" coreType="Extra-Thematic" cBy="KmG" cDate="01/11/2007 06:12:57 PST Thu" abbrev="" name="Period_of_iterations" ID="10973">
        <definition>&lt;def-root&gt;The length of time from when the Cause_harm event began to be repeated to when it stopped.&lt;/def-root&gt;</definition>
    </FE>
    <FEcoreSet>
        <memberFE name="Victim" ID="547"/>
        <memberFE name="Body_part" ID="558"/>
    </FEcoreSet>
    <FEcoreSet>
        <memberFE name="Agent" ID="546"/>
        <memberFE name="Cause" ID="3331"/>
    </FEcoreSet>
    <frameRelation type="Inherits from">
        <relatedFrame ID="2320">Cause_bodily_experience</relatedFrame>
    </frameRelation>
    <frameRelation type="Is Inherited by">
        <relatedFrame ID="222">Corporal_punishment</relatedFrame>
    </frameRelation>
    <frameRelation type="Perspective on"/>
    <frameRelation type="Is Perspectivized in"/>
    <frameRelation type="Uses">
        <relatedFrame ID="384">Experience_bodily_harm</relatedFrame>
    </frameRelation>
    <frameRelation type="Is Used by">
        <relatedFrame ID="1163">Toxic_substance</relatedFrame>
        <relatedFrame ID="482">Abusing</relatedFrame>
        <relatedFrame ID="2685">Violence</relatedFrame>
        <relatedFrame ID="1750">Terrorism</relatedFrame>
    </frameRelation>
    <frameRelation type="Subframe of"/>
    <frameRelation type="Has Subframe(s)"/>
    <frameRelation type="Precedes"/>
    <frameRelation type="Is Preceded by"/>
    <frameRelation type="Is Inchoative of"/>
    <frameRelation type="Is Causative of"/>
    <frameRelation type="See also"/>
    <lexUnit status="Insufficient_Attestations" POS="V" name="bayonet.v" ID="2245" lemmaID="3072" cBy="HCB" cDate="05/23/2001 03:58:28 PDT Wed">
        <definition>COD: stab with a bayonet.</definition>
        <sentenceCount annotated="0" total="0"/>
        <lexeme order="1" headword="false" breakBefore="false" POS="V" name="bayonet"/>
    </lexUnit>
    <lexUnit status="Finished_Initial" POS="V" name="beat.v" ID="2246" lemmaID="3125" cBy="HCB" cDate="05/23/2001 04:05:04 PDT Wed">
        <definition>COD: strike (a person or an animal) repeatedly and violently so as to hurt or punish them. </definition>
        <sentenceCount annotated="54" total="596"/>
        <lexeme order="1" headword="false" breakBefore="false" POS="V" name="beat"/>
    </lexUnit>
    <lexUnit status="Finished_Initial" POS="V" name="boil.v" ID="2248" lemmaID="4063" cBy="HCB" cDate="05/23/2001 04:11:06 PDT Wed">
        <definition>FN: harm people by putting them in boiling water or oil</definition>
        <sentenceCount annotated="5" total="275"/>
        <lexeme order="1" headword="false" breakBefore="false" POS="V" name="boil"/>
    </lexUnit>
    <lexUnit status="Finished_Initial" POS="V" name="burn.v" ID="2249" lemmaID="4988" cBy="HCB" cDate="05/23/2001 04:13:24 PDT Wed">
        <definition>FN: to cause someone to experience pain by applying heat to his or her body</definition>
        <sentenceCount annotated="17" total="565"/>
        <lexeme order="1" headword="false" breakBefore="false" POS="V" name="burn"/>
    </lexUnit>
    <lexUnit status="Finished_Initial" POS="V" name="bludgeon.v" ID="2250" lemmaID="3945" cBy="HCB" cDate="05/23/2001 04:16:58 PDT Wed">
        <definition>COD: beat with a bludgeon. </definition>
        <sentenceCount annotated="9" total="58"/>
        <lexeme order="1" headword="false" breakBefore="false" POS="V" name="bludgeon"/>
    </lexUnit>
    <lexUnit status="Finished_Initial" POS="V" name="club.v" ID="2251" lemmaID="6912" cBy="HCB" cDate="05/23/2001 04:20:27 PDT Wed">
        <definition>COD:  beat with a club or similar implement. </definition>
        <sentenceCount annotated="10" total="81"/>
        <lexeme order="1" headword="false" breakBefore="false" POS="V" name="club"/>
    </lexUnit>
    <lexUnit status="Finished_Initial" POS="V" name="crush.v" ID="2256" lemmaID="9137" cBy="HCB" cDate="05/23/2001 04:23:30 PDT Wed">
        <definition>COD: deform, pulverize, or force inwards by compressing forcefully. </definition>
        <sentenceCount annotated="5" total="301"/>
        <lexeme order="1" headword="false" breakBefore="false" POS="V" name="crush"/>
    </lexUnit>
    <lexUnit status="Finished_Initial" POS="V" name="cut.v" ID="2262" lemmaID="9360" cBy="HCB" cDate="05/23/2001 04:27:53 PDT Wed">
        <definition>FN: to cause injury to someone by making an incision on their body with a sharp tool</definition>
        <sentenceCount annotated="40" total="811"/>
        <lexeme order="1" headword="false" breakBefore="false" POS="V" name="cut"/>
    </lexUnit>
    <lexUnit status="Finished_Initial" POS="V" name="slice.v" ID="2265" lemmaID="36329" cBy="HCB" cDate="05/23/2001 04:32:37 PDT Wed">
        <definition>COD: cut with or as if with a sharp implement. </definition>
        <sentenceCount annotated="11" total="277"/>
        <lexeme order="1" headword="false" breakBefore="false" POS="V" name="slice"/>
    </lexUnit>
    <lexUnit status="Finished_Initial" POS="V" name="hammer.v" ID="2267" lemmaID="17325" cBy="HCB" cDate="05/23/2001 04:36:37 PDT Wed">
        <definition>COD: hit or beat repeatedly with or as with a hammer. </definition>
        <sentenceCount annotated="5" total="279"/>
        <lexeme order="1" headword="false" breakBefore="false" POS="V" name="hammer"/>
    </lexUnit>
    <lexUnit status="Finished_Initial" POS="V" name="hit.v" ID="2268" lemmaID="18154" cBy="HCB" cDate="05/23/2001 04:40:11 PDT Wed">
        <definition>COD: direct a blow at with one's hand or a tool or weapon</definition>
        <sentenceCount annotated="75" total="683"/>
        <lexeme order="1" headword="false" breakBefore="false" POS="V" name="hit"/>
    </lexUnit>
    <lexUnit status="Finished_Initial" POS="V" name="kick.v" ID="2271" lemmaID="21287" cBy="HCB" cDate="05/23/2001 04:44:44 PDT Wed">
        <definition>COD: strike or propel forcibly with the foot. </definition>
        <sentenceCount annotated="63" total="568"/>
        <lexeme order="1" headword="false" breakBefore="false" POS="V" name="kick"/>
    </lexUnit>
    <lexUnit status="Finished_Initial" POS="V" name="knife.v" ID="2272" lemmaID="21419" cBy="HCB" cDate="05/23/2001 04:49:50 PDT Wed">
        <definition>COD: stab with a knife. </definition>
        <sentenceCount annotated="20" total="51"/>
        <lexeme order="1" headword="false" breakBefore="false" POS="V" name="knife"/>
    </lexUnit>
    <lexUnit status="Finished_Initial" POS="V" name="punch.v" ID="2274" lemmaID="31143" cBy="HCB" cDate="05/23/2001 04:54:45 PDT Wed">
        <definition>COD: strike with the fist. </definition>
        <sentenceCount annotated="81" total="352"/>
        <lexeme order="1" headword="false" breakBefore="false" POS="V" name="punch"/>
    </lexUnit>
    <lexUnit status="Finished_Initial" POS="V" name="smash.v" ID="2275" lemmaID="36494" cBy="HCB" cDate="05/23/2001 04:59:37 PDT Wed">
        <definition>COD: break or cause to break violently into pieces. </definition>
        <sentenceCount annotated="11" total="384"/>
        <lexeme order="1" headword="false" breakBefore="false" POS="V" name="smash"/>
    </lexUnit>
    <lexUnit status="Finished_Initial" POS="V" name="stab.v" ID="2276" lemmaID="37675" cBy="HCB" cDate="05/23/2001 05:02:47 PDT Wed">
        <definition>COD: thrust a knife or other pointed weapon into. </definition>
        <sentenceCount annotated="80" total="359"/>
        <lexeme order="1" headword="false" breakBefore="false" POS="V" name="stab"/>
    </lexUnit>
    <lexUnit status="Finished_Initial" POS="V" name="spear.v" ID="2309" lemmaID="37209" cBy="HCB" cDate="05/24/2001 04:33:35 PDT Thu">
        <definition>COD: pierce or strike with a spear or other pointed object. </definition>
        <sentenceCount annotated="12" total="112"/>
        <lexeme order="1" headword="false" breakBefore="false" POS="V" name="spear"/>
    </lexUnit>
    <lexUnit status="Finished_Initial" POS="V" name="stone.v" ID="2310" lemmaID="38159" cBy="HCB" cDate="05/24/2001 04:39:50 PDT Thu">
        <definition>COD: throw stones at in order to injure or kill. </definition>
        <sentenceCount annotated="28" total="105"/>
        <lexeme order="1" headword="false" breakBefore="false" POS="V" name="stone"/>
    </lexUnit>
    <lexUnit status="Finished_Initial" POS="V" name="hurt.v" ID="2311" lemmaID="18708" cBy="HCB" cDate="05/24/2001 04:51:46 PDT Thu">
        <definition>FN: to cause someone to feel pain</definition>
        <sentenceCount annotated="20" total="526"/>
        <lexeme order="1" headword="false" breakBefore="false" POS="V" name="hurt"/>
    </lexUnit>
    <lexUnit status="Finished_Initial" POS="V" name="whip.v" ID="2312" lemmaID="43991" cBy="HCB" cDate="05/24/2001 04:56:47 PDT Thu">
        <definition>COD: beat with a whip. </definition>
        <sentenceCount annotated="20" total="265"/>
        <lexeme order="1" headword="false" breakBefore="false" POS="V" name="whip"/>
    </lexUnit>
    <lexUnit status="Finished_Initial" POS="V" name="batter.v" ID="2314" lemmaID="3044" cBy="HCB" cDate="05/24/2001 05:02:42 PDT Thu">
        <definition>COD: strike repeatedly with hard blows. </definition>
        <sentenceCount annotated="54" total="265"/>
        <lexeme order="1" headword="false" breakBefore="false" POS="V" name="batter"/>
    </lexUnit>
    <lexUnit status="Finished_Initial" POS="V" name="break.v" ID="2315" lemmaID="4496" cBy="HCB" cDate="05/24/2001 05:07:19 PDT Thu">
        <definition>FN: to cause something to fracture</definition>
        <sentenceCount annotated="21" total="732"/>
        <lexeme order="1" headword="false" breakBefore="false" POS="V" name="break"/>
    </lexUnit>
    <lexUnit status="Finished_Initial" POS="V" name="butt.v" ID="2317" lemmaID="5063" cBy="HCB" cDate="05/24/2001 05:14:35 PDT Thu">
        <definition>COD: hit with the head or horns. </definition>
        <sentenceCount annotated="14" total="114"/>
        <lexeme order="1" headword="false" breakBefore="false" POS="V" name="butt"/>
    </lexUnit>
    <lexUnit status="Finished_Initial" POS="V" name="chop.v" ID="2320" lemmaID="6419" cBy="HCB" cDate="05/24/2001 05:24:30 PDT Thu">
        <definition>COD: strike with a short, heavy blow.</definition>
        <sentenceCount annotated="15" total="263"/>
        <lexeme order="1" headword="false" breakBefore="false" POS="V" name="chop"/>
    </lexUnit>
    <lexUnit status="Finished_Initial" POS="V" name="claw.v" ID="2321" lemmaID="6705" cBy="HCB" cDate="05/24/2001 05:32:54 PDT Thu">
        <definition>COD: scratch or tear at with the claws or fingernails. </definition>
        <sentenceCount annotated="6" total="219"/>
        <lexeme order="1" headword="false" breakBefore="false" POS="V" name="claw"/>
    </lexUnit>
    <lexUnit status="Finished_Initial" POS="V" name="clout.v" ID="2322" lemmaID="6901" cBy="HCB" cDate="05/24/2001 05:39:51 PDT Thu">
        <definition>FN: hit forcefully</definition>
        <sentenceCount annotated="17" total="52"/>
        <lexeme order="1" headword="false" breakBefore="false" POS="V" name="clout"/>
    </lexUnit>
    <lexUnit status="Finished_Initial" POS="V" name="crack.v" ID="2323" lemmaID="8744" cBy="HCB" cDate="05/24/2001 05:46:31 PDT Thu">
        <definition>COD: hit hard</definition>
        <sentenceCount annotated="4" total="348"/>
        <lexeme order="1" headword="false" breakBefore="false" POS="V" name="crack"/>
    </lexUnit>
    <lexUnit status="Needs_SCs" POS="V" name="cudgel.v" ID="2325" lemmaID="9195" cBy="HCB" cDate="05/24/2001 05:58:19 PDT Thu">
        <definition>COD: beat with a cudgel. </definition>
        <sentenceCount annotated="3" total="12"/>
        <lexeme order="1" headword="false" breakBefore="false" POS="V" name="cudgel"/>
    </lexUnit>
    <lexUnit status="Finished_Initial" POS="V" name="cuff.v" ID="2326" lemmaID="9198" cBy="HCB" cDate="05/24/2001 06:00:55 PDT Thu">
        <definition>COD: strike with an open hand, especially on the head. </definition>
        <sentenceCount annotated="12" total="103"/>
        <lexeme order="1" headword="false" breakBefore="false" POS="V" name="cuff"/>
    </lexUnit>
    <lexUnit status="Finished_Initial" POS="V" name="fracture.v" ID="2327" lemmaID="15298" cBy="HCB" cDate="05/24/2001 06:09:28 PDT Thu">
        <definition>COD: break or cause to break. </definition>
        <sentenceCount annotated="11" total="177"/>
        <lexeme order="1" headword="false" breakBefore="false" POS="V" name="fracture"/>
    </lexUnit>
    <lexUnit status="Finished_Initial" POS="V" name="gash.v" ID="2329" lemmaID="15953" cBy="HCB" cDate="05/24/2001 06:14:36 PDT Thu">
        <definition>COD: make a gash in. </definition>
        <sentenceCount annotated="11" total="54"/>
        <lexeme order="1" headword="false" breakBefore="false" POS="V" name="gash"/>
    </lexUnit>
    <lexUnit status="Finished_Initial" POS="V" name="injure.v" ID="2330" lemmaID="19982" cBy="HCB" cDate="05/24/2001 06:25:51 PDT Thu">
        <definition>COD: do or undergo physical harm to; wound. </definition>
        <sentenceCount annotated="16" total="428"/>
        <lexeme order="1" headword="false" breakBefore="false" POS="V" name="injure"/>
    </lexUnit>
    <lexUnit status="Finished_Initial" POS="V" name="jab.v" ID="2350" lemmaID="20771" cBy="HCB" cDate="05/25/2001 09:59:37 PDT Fri">
        <definition>COD: poke roughly or quickly with something sharp or pointed.</definition>
        <sentenceCount annotated="17" total="144"/>
        <lexeme order="1" headword="false" breakBefore="false" POS="V" name="jab"/>
    </lexUnit>
    <lexUnit status="Insufficient_Attestations" POS="V" name="bruise.v" ID="2352" lemmaID="4741" cBy="HCB" cDate="05/25/2001 12:00:34 PDT Fri">
        <definition>COD: inflict a bruise on. </definition>
        <sentenceCount annotated="3" total="78"/>
        <lexeme order="1" headword="false" breakBefore="false" POS="V" name="bruise"/>
    </lexUnit>
    <lexUnit status="Finished_Initial" POS="V" name="knock.v" ID="2356" lemmaID="21438" cBy="HCB" cDate="05/25/2001 12:17:23 PDT Fri">
        <definition>COD: strike or thump together or against something. </definition>
        <sentenceCount annotated="21" total="383"/>
        <lexeme order="1" headword="false" breakBefore="false" POS="V" name="knock"/>
    </lexUnit>
    <lexUnit status="Finished_Initial" POS="V" name="lash.v" ID="2357" lemmaID="21752" cBy="HCB" cDate="05/25/2001 12:23:08 PDT Fri">
        <definition>COD: strike or beat with a whip or stick. </definition>
        <sentenceCount annotated="15" total="247"/>
        <lexeme order="1" headword="false" breakBefore="false" POS="V" name="lash"/>
    </lexUnit>
    <lexUnit status="Finished_Initial" POS="V" name="maul.v" ID="2359" lemmaID="23727" cBy="HCB" cDate="05/25/2001 12:31:12 PDT Fri">
        <definition>COD: wound by scratching and tearing. </definition>
        <sentenceCount annotated="23" total="70"/>
        <lexeme order="1" headword="false" breakBefore="false" POS="V" name="maul"/>
    </lexUnit>
    <lexUnit status="Finished_Initial" POS="V" name="pelt.v" ID="2360" lemmaID="28286" cBy="HCB" cDate="05/25/2001 12:36:46 PDT Fri">
        <definition>COD: hurl missiles at. </definition>
        <sentenceCount annotated="25" total="81"/>
        <lexeme order="1" headword="false" breakBefore="false" POS="V" name="pelt"/>
    </lexUnit>
    <lexUnit status="Finished_Initial" POS="V" name="strike.v" ID="2361" lemmaID="38350" cBy="HCB" cDate="05/25/2001 12:40:15 PDT Fri">
        <definition>FN: to deliver a blow to someone, causing injury</definition>
        <sentenceCount annotated="54" total="679"/>
        <lexeme order="1" headword="false" breakBefore="false" POS="V" name="strike"/>
    </lexUnit>
    <lexUnit status="Insufficient_Attestations" POS="V" name="thwack.v" ID="2362" lemmaID="40346" cBy="HCB" cDate="05/25/2001 12:47:42 PDT Fri">
        <definition>COD: strike forcefully with a sharp blow. </definition>
        <sentenceCount annotated="0" total="7"/>
        <lexeme order="1" headword="false" breakBefore="false" POS="V" name="thwack"/>
    </lexUnit>
    <lexUnit status="Finished_Initial" POS="V" name="bash.v" ID="2367" lemmaID="2980" cBy="HCB" cDate="05/25/2001 12:53:56 PDT Fri">
        <definition>COD: strike hard and violently. </definition>
        <sentenceCount annotated="15" total="159"/>
        <lexeme order="1" headword="false" breakBefore="false" POS="V" name="bash"/>
    </lexUnit>
    <lexUnit status="Finished_Initial" POS="V" name="belt.v" ID="2370" lemmaID="3337" cBy="HCB" cDate="05/25/2001 01:00:28 PDT Fri">
        <definition>COD: beat or hit very hard. </definition>
        <sentenceCount annotated="10" total="220"/>
        <lexeme order="1" headword="false" breakBefore="false" POS="V" name="belt"/>
    </lexUnit>
    <lexUnit status="Insufficient_Attestations" POS="V" name="buffet.v" ID="2371" lemmaID="4818" cBy="HCB" cDate="05/25/2001 01:07:00 PDT Fri">
        <definition>COD: strike repeatedly and violently. </definition>
        <sentenceCount annotated="0" total="106"/>
        <lexeme order="1" headword="false" breakBefore="false" POS="V" name="buffet"/>
    </lexUnit>
    <lexUnit status="Insufficient_Attestations" POS="V" name="horsewhip.v" ID="2374" lemmaID="18446" cBy="HCB" cDate="05/25/2001 01:16:03 PDT Fri">
        <definition>COD: beat with such a whip. </definition>
        <sentenceCount annotated="3" total="3"/>
        <lexeme order="1" headword="false" breakBefore="false" POS="V" name="horsewhip"/>
    </lexUnit>
    <lexUnit status="Finished_Initial" POS="V" name="smack.v" ID="2375" lemmaID="36469" cBy="HCB" cDate="05/25/2001 01:22:20 PDT Fri">
        <definition>COD: hit with a smack. </definition>
        <sentenceCount annotated="75" total="280"/>
        <lexeme order="1" headword="false" breakBefore="false" POS="V" name="smack"/>
    </lexUnit>
    <lexUnit status="Finished_Initial" POS="V" name="squash.v" ID="5996" lemmaID="37619" cBy="ACW" cDate="06/05/2002 10:42:43 PDT Wed">
        <definition>COD: crush or squeeze (something)</definition>
        <sentenceCount annotated="11" total="145"/>
        <lexeme order="1" headword="false" breakBefore="false" POS="V" name="squash"/>
    </lexUnit>
    <lexUnit status="Finished_Initial" POS="V" name="slap.v" ID="6054" lemmaID="36245" cBy="JKR" cDate="06/08/2002 05:37:52 PDT Sat">
        <definition>COD: hit or strike with the palm of one's hand or a flat object. </definition>
        <sentenceCount annotated="48" total="393"/>
        <lexeme order="1" headword="false" breakBefore="false" POS="V" name="slap"/>
    </lexUnit>
    <lexUnit status="Finished_Initial" POS="V" name="knee.v" ID="7026" lemmaID="21404" cBy="ACW" cDate="08/05/2002 12:11:40 PDT Mon">
        <definition>FN: kick using the knee</definition>
        <sentenceCount annotated="6" total="14"/>
        <lexeme order="1" headword="false" breakBefore="false" POS="V" name="knee"/>
    </lexUnit>
    <lexUnit status="Created" POS="V" name="wound.v" ID="7950" lemmaID="44544" cBy="ACW" cDate="01/15/2003 11:59:24 PST Wed">
        <definition>COD: inflict a wound on. </definition>
        <sentenceCount annotated="2" total="2"/>
        <lexeme order="1" headword="false" breakBefore="false" POS="V" name="wound"/>
    </lexUnit>
    <lexUnit status="Finished_Initial" POS="V" name="pummel.v" ID="8424" lemmaID="47524" cBy="JKR" cDate="03/18/2003 03:31:19 PST Tue">
        <definition>COD: strike repeatedly, especially with the fists</definition>
        <sentenceCount annotated="10" total="68"/>
        <lexeme order="1" headword="true" breakBefore="false" POS="V" name="pummel"/>
    </lexUnit>
    <lexUnit status="Finished_Initial" POS="V" name="electrocute.v" ID="9071" lemmaID="12420" cBy="ACW" cDate="07/10/2003 12:56:06 PDT Thu">
        <definition>COD: injure or kill by electric shock</definition>
        <sentenceCount annotated="9" total="24"/>
        <lexeme order="1" headword="false" breakBefore="false" POS="V" name="electrocute"/>
    </lexUnit>
    <lexUnit status="Finished_Initial" POS="N" name="electrocution.n" ID="9072" lemmaID="12421" cBy="ACW" cDate="07/10/2003 12:57:34 PDT Thu">
        <definition>FN: the killing or injuring of a person by electric shock</definition>
        <sentenceCount annotated="6" total="63"/>
        <lexeme order="1" headword="false" breakBefore="false" POS="N" name="electrocution"/>
    </lexUnit>
    <lexUnit status="Finished_Initial" POS="N" name="poisoning.n" ID="9083" lemmaID="48183" cBy="ACW" cDate="07/10/2003 01:44:45 PDT Thu">
        <definition>FN: the fact of administering poison to or contaminating with poison</definition>
        <sentenceCount annotated="6" total="83"/>
        <lexeme order="1" headword="true" breakBefore="false" POS="N" name="poisoning"/>
    </lexUnit>
    <lexUnit status="Created" POS="V" name="beat up.v" ID="9129" lemmaID="48226" cBy="ACW" cDate="07/18/2003 12:56:38 PDT Fri">
        <definition>FN: strike repeatedly resulting in harm</definition>
        <sentenceCount annotated="0" total="0"/>
        <lexeme order="1" headword="true" breakBefore="false" POS="V" name="beat"/>
        <lexeme order="2" headword="false" breakBefore="false" POS="PREP" name="up"/>
    </lexUnit>
    <lexUnit status="Finished_Initial" POS="V" name="torture.v" ID="10390" lemmaID="40793" cBy="JKR" cDate="04/08/2004 03:04:50 PDT Thu">
        <definition>FN: to inflict severe pain as a punishment or a forcible means of persuasion</definition>
        <sentenceCount annotated="29" total="235"/>
        <lexeme order="1" headword="false" breakBefore="false" POS="V" name="torture"/>
    </lexUnit>
    <lexUnit status="Finished_Initial" POS="V" name="maim.v" ID="12043" lemmaID="23185" cBy="MiL" cDate="05/07/2005 05:40:12 PDT Sat">
        <definition>COD:  wound or injure (someone) so that part of the body is permanently damaged.</definition>
        <sentenceCount annotated="24" total="171"/>
        <lexeme order="1" headword="false" breakBefore="false" POS="V" name="maim"/>
    </lexUnit>
    <lexUnit status="Finished_Initial" POS="V" name="flog.v" ID="12044" lemmaID="14750" cBy="MiL" cDate="05/07/2005 05:46:19 PDT Sat">
        <definition>COD: beat with a whip or stick as a punishment.</definition>
        <sentenceCount annotated="23" total="169"/>
        <lexeme order="1" headword="false" breakBefore="false" POS="V" name="flog"/>
    </lexUnit>
    <lexUnit status="Finished_Initial" POS="V" name="impale.v" ID="12045" lemmaID="49794" cBy="MiL" cDate="05/07/2005 05:55:05 PDT Sat">
        <definition>COD: transfix or pierce with a sharp instrument.</definition>
        <sentenceCount annotated="15" total="91"/>
        <lexeme order="1" headword="true" breakBefore="false" POS="V" name="impale"/>
    </lexUnit>
    <lexUnit status="Created" POS="V" name="biff.v" ID="12048" lemmaID="3530" cBy="MiL" cDate="05/09/2005 03:31:14 PDT Mon">
        <definition>FN: punch</definition>
        <sentenceCount annotated="0" total="0"/>
        <lexeme order="1" headword="false" breakBefore="false" POS="V" name="biff"/>
    </lexUnit>
    <lexUnit status="Finished_Initial" POS="V" name="cane.v" ID="12049" lemmaID="5368" cBy="MiL" cDate="05/09/2005 03:36:28 PDT Mon">
        <definition>FN: hit with a cane</definition>
        <sentenceCount annotated="11" total="43"/>
        <lexeme order="1" headword="false" breakBefore="false" POS="V" name="cane"/>
    </lexUnit>
    <lexUnit status="Finished_Initial" POS="V" name="flagellate.v" ID="12050" lemmaID="14570" cBy="MiL" cDate="05/09/2005 03:52:23 PDT Mon">
        <definition>FN: flog or whip </definition>
        <sentenceCount annotated="5" total="12"/>
        <lexeme order="1" headword="false" breakBefore="false" POS="V" name="flagellate"/>
    </lexUnit>
    <lexUnit status="Finished_Initial" POS="V" name="poison.v" ID="12051" lemmaID="29554" cBy="MiL" cDate="05/09/2005 03:53:12 PDT Mon">
        <definition>FN: administer poison</definition>
        <sentenceCount annotated="21" total="193"/>
        <lexeme order="1" headword="false" breakBefore="false" POS="V" name="poison"/>
    </lexUnit>
    <lexUnit status="Created" POS="V" name="transfix.v" ID="12053" lemmaID="41003" cBy="MiL" cDate="05/09/2005 04:24:34 PDT Mon">
        <definition>COD: pierce with a sharp implement or weapon.</definition>
        <sentenceCount annotated="0" total="0"/>
        <lexeme order="1" headword="false" breakBefore="false" POS="V" name="transfix"/>
    </lexUnit>
    <lexUnit status="Created" POS="V" name="welt.v" ID="12054" lemmaID="50009" cBy="MiL" cDate="05/09/2005 04:26:13 PDT Mon">
        <definition>COD: strike hard and heavily.</definition>
        <sentenceCount annotated="0" total="0"/>
        <lexeme order="1" headword="true" breakBefore="false" POS="V" name="welt"/>
    </lexUnit>
    <lexUnit status="Created" POS="V" name="mutilate.v" ID="12070" lemmaID="25314" cBy="MiL" cDate="05/11/2005 05:45:51 PDT Wed">
        <definition>COD: injure or damage severely, typically so as to disfigure.</definition>
        <sentenceCount annotated="0" total="0"/>
        <lexeme order="1" headword="false" breakBefore="false" POS="V" name="mutilate"/>
    </lexUnit>
    <lexUnit status="Finished_Initial" POS="V" name="elbow.v" ID="13117" lemmaID="12389" cBy="RLG" cDate="03/16/2006 11:12:04 PST Thu">
        <definition>FN: hit or jab with the elbow (especially in sporting competitions, or to clear a path).</definition>
        <sentenceCount annotated="13" total="92"/>
        <lexeme order="1" headword="false" breakBefore="false" POS="V" name="elbow"/>
    </lexUnit>
    <lexUnit status="Created" POS="V" name="sting.v" ID="15088" lemmaID="38072" cBy="JKs" cDate="06/10/2008 11:01:51 PDT Tue">
        <definition>FN: impale with a usually poisonous stinger</definition>
        <sentenceCount annotated="0" total="0"/>
        <lexeme order="1" headword="false" breakBefore="false" POS="V" name="sting"/>
    </lexUnit>
    <lexUnit status="Created" POS="V" name="swipe.v" ID="15135" lemmaID="39182" cBy="JKs" cDate="06/20/2008 11:12:56 PDT Fri">
        <definition>FN: scratch</definition>
        <sentenceCount annotated="0" total="0"/>
        <lexeme order="1" headword="false" breakBefore="false" POS="V" name="swipe"/>
    </lexUnit>
    <lexUnit status="Created" POS="N" name="strike.n" ID="16215" lemmaID="38349" cBy="AlK" cDate="02/17/2011 01:37:02 PST Thu">
        <definition>FN: a quick, forcible blow</definition>
        <sentenceCount annotated="0" total="0"/>
        <lexeme order="1" headword="false" breakBefore="false" POS="N" name="strike"/>
    </lexUnit>
    <lexUnit status="Created" POS="V" name="drug.v" ID="17276" lemmaID="11850" cBy="CVa" cDate="01/23/2013 01:11:44 PST Wed">
        <definition>COD: to administer a drug to someone in order to induce stupor</definition>
        <sentenceCount annotated="2" total="2"/>
        <lexeme order="1" headword="false" breakBefore="false" POS="V" name="drug"/>
    </lexUnit>
    <lexUnit status="Created" POS="V" name="twist.v" ID="17310" lemmaID="41638" cBy="CVa" cDate="01/29/2013 06:57:32 PST Tue">
        <definition>FN: to injure by forcing a body part into distorted position</definition>
        <sentenceCount annotated="2" total="2"/>
        <lexeme order="1" headword="false" breakBefore="false" POS="V" name="twist"/>
    </lexUnit>
    <lexUnit status="Created" POS="V" name="run through.v" ID="18375" lemmaID="51981" cBy="CFB" cDate="09/24/2015 05:43:42 PDT Thu">
        <definition>FN: To seriously injure someone by forcing a long, thin object (typically a sword or knife) through their body (typically their torso). This LU is more common with the Victim appearing before the through.</definition>
        <sentenceCount annotated="0" total="0"/>
        <lexeme order="1" headword="true" breakBefore="false" POS="V" name="run"/>
        <lexeme order="2" headword="false" breakBefore="true" POS="ADV" name="through"/>
    </lexUnit>
</frame>