<?xml version="1.0" encoding="UTF-8" standalone="yes"?>
<?xml-stylesheet type="text/xsl" href="frame.xsl"?>
<frame cBy="ChW" cDate="02/07/2001 04:11:44 PST Wed" name="Cause_to_amalgamate" ID="13" xsi:schemaLocation="../schema/frame.xsd" xmlns="http://framenet.icsi.berkeley.edu" xmlns:xsi="http://www.w3.org/2001/XMLSchema-instance">
    <definition>&lt;def-root&gt;These words refer to an &lt;fen&gt;Agent&lt;/fen&gt; joining &lt;fen&gt;Parts&lt;/fen&gt; to form a &lt;fen&gt;Whole&lt;/fen&gt;.  (The &lt;fen&gt;Parts&lt;/fen&gt; may also be encoded as &lt;fen&gt;Part_1&lt;/fen&gt; and &lt;fen&gt;Part_2&lt;/fen&gt;.)  There is a symmetrical relationship between the components that undergo the process, and afterwards the &lt;fen&gt;Parts&lt;/fen&gt; are consumed and are no longer distinct entities that are easily discernable or separable in the &lt;fen&gt;Whole&lt;/fen&gt;.

&lt;ex&gt;&lt;fex name="Agent"&gt;Chuck&lt;/fex&gt; &lt;t&gt;merged&lt;/t&gt; &lt;fex name="Parts"&gt;the corpora&lt;/fex&gt;.&lt;/ex&gt;&lt;ex&gt;
&lt;fex name="Agent"&gt;Chuck&lt;/fex&gt; &lt;t&gt;merged&lt;/t&gt; &lt;fex name="Parts"&gt;the corpora&lt;/fex&gt; &lt;fex name="Whole"&gt;into a database&lt;/fex&gt;.&lt;/ex&gt;
&lt;ex&gt;&lt;fex name="Agent"&gt;Chuck&lt;/fex&gt; &lt;t&gt;merged&lt;/t&gt; &lt;fex name="Part_1"&gt;the BNC&lt;/fex&gt; &lt;fex name="Part_2"&gt;with the AP Corpus&lt;/fex&gt; &lt;fex name="Whole"&gt;into a database&lt;/fex&gt;.&lt;/ex&gt;
&lt;ex&gt;&lt;fex name="Parts"&gt;The two forces&lt;/fex&gt; &lt;t&gt;merged&lt;/t&gt; &lt;fex name="Whole"&gt;into a single, undifferentiated mass of murderous mayhem&lt;/fex&gt;.(Sense 2)&lt;/ex&gt;
&lt;ex&gt;Melt the butter, then &lt;t&gt;blend&lt;/t&gt; &lt;fex name="Part_1"&gt;it&lt;/fex&gt; &lt;fex name="Part_2"&gt;with the room temperature milk&lt;/fex&gt;. &lt;fex name="Agent"&gt;CNI&lt;/fex&gt;&lt;/ex&gt;

&lt;/def-root&gt;</definition>
    <FE bgColor="FF0000" fgColor="FFFFFF" coreType="Core" cBy="ChW" cDate="02/07/2001 04:11:44 PST Wed" abbrev="Agt" name="Agent" ID="46">
        <definition>&lt;def-root&gt;In causative uses of these verbs there is an &lt;fen&gt;Agent&lt;/fen&gt; responsible for amalgamating the &lt;fen&gt;Parts&lt;/fen&gt;. The &lt;fen&gt;Agent&lt;/fen&gt; is generally the External Argument (or the object of a PP-by in passives).&lt;ex&gt;&lt;fex name="Agent"&gt;The chef&lt;/fex&gt; &lt;t&gt;combined&lt;/t&gt; the ingredients.&lt;/ex&gt;&lt;ex&gt;The ingredients were &lt;t&gt;combined&lt;/t&gt; &lt;fex name="Agent"&gt;by the chef&lt;/fex&gt;.&lt;/ex&gt; &lt;/def-root&gt;</definition>
        <semType name="Sentient" ID="5"/>
    </FE>
    <FE bgColor="9400D3" fgColor="FFFFFF" coreType="Core" cBy="ChW" cDate="02/07/2001 04:11:44 PST Wed" abbrev="Whole" name="Whole" ID="47">
        <definition>&lt;def-root&gt;This  FE identifies &lt;fen&gt;Whole&lt;/fen&gt; as the entity resulting from combination of &lt;fen&gt;Parts&lt;/fen&gt;.  When overtly expressed, it is usually a PP Complement (often headed by into).&lt;ex&gt;Chuck &lt;t&gt;merged&lt;/t&gt; the corpora &lt;fex name="Whole"&gt;into a database&lt;/fex&gt;.&lt;/ex&gt; &lt;ex&gt;The directors &lt;t&gt;merged&lt;/t&gt; the two companies &lt;fex name="Whole"&gt;into a conglomorate&lt;/fex&gt;.&lt;/ex&gt;&lt;/def-root&gt;</definition>
    </FE>
    <FE bgColor="0000FF" fgColor="FFFFFF" coreType="Core" cBy="ChW" cDate="02/07/2001 04:11:44 PST Wed" abbrev="Parts" name="Parts" ID="48">
        <definition>&lt;def-root&gt;This FE identifies the &lt;fen&gt;Parts&lt;/fen&gt; entities being combined, and is often expressed in a single plural NP, usually the direct object of a verb. &lt;ex&gt;Chuck &lt;t&gt;merged&lt;/t&gt; &lt;fex name="Parts"&gt;the corpora&lt;/fex&gt; into a database.&lt;/ex&gt;&lt;ex&gt;The directors &lt;t&gt;merged&lt;/t&gt; &lt;fex name="Parts"&gt;the two companies&lt;/fex&gt; into a conglomerate.&lt;/ex&gt;&lt;/def-root&gt;</definition>
    </FE>
    <FE bgColor="00008B" fgColor="FFFFFF" coreType="Core" cBy="ChW" cDate="02/07/2001 04:11:44 PST Wed" abbrev="Part_1" name="Part_1" ID="49">
        <definition>&lt;def-root&gt;This FE identifies the first of two &lt;fen&gt;Parts&lt;/fen&gt; mentioned. It  is most often the NP-Object of a verb.

&lt;ex&gt;The workmen &lt;t&gt;joined&lt;/t&gt; &lt;fex name="Part_1"&gt;the annex&lt;/fex&gt; to the main building.&lt;/ex&gt;&lt;/def-root&gt;</definition>
        <requiresFE name="Part_2" ID="50"/>
        <excludesFE name="Parts" ID="48"/>
    </FE>
    <FE bgColor="00BFFF" fgColor="FFFFFF" coreType="Core" cBy="ChW" cDate="02/07/2001 04:11:44 PST Wed" abbrev="Part_2" name="Part_2" ID="50">
        <definition>&lt;def-root&gt;This FE identifies the second of two &lt;fen&gt;Parts&lt;/fen&gt; mentioned. It is usually a PP Complement.

&lt;ex&gt;The workkmen &lt;t&gt;joined&lt;/t&gt; the annex &lt;fex name="Part_2"&gt;to the main building&lt;/fex&gt;.&lt;/ex&gt;&lt;/def-root&gt;</definition>
        <requiresFE name="Part_1" ID="49"/>
        <excludesFE name="Parts" ID="48"/>
    </FE>
    <FE bgColor="FF00FF" fgColor="FFFFFF" coreType="Peripheral" cBy="BoC" cDate="07/02/2001 09:32:37 PDT Mon" abbrev="Manr" name="Manner" ID="1214">
        <definition>&lt;def-root&gt;This FE identifies the &lt;fen&gt;Manner&lt;/fen&gt; in which the amalgamating occurs.&lt;/def-root&gt;</definition>
        <semType name="Manner" ID="173"/>
    </FE>
    <FE bgColor="FF69B4" fgColor="FFFFFF" coreType="Peripheral" cBy="BoC" cDate="07/02/2001 09:32:40 PDT Mon" abbrev="Degr" name="Degree" ID="1215">
        <definition>&lt;def-root&gt;This FE identifies the thoroughness of the mixing job, i.e. to what degree the resulting &lt;fen&gt;Whole&lt;/fen&gt; is undifferentiated.&lt;/def-root&gt;</definition>
        <semType name="Degree" ID="172"/>
    </FE>
    <FE bgColor="A52A2A" fgColor="FFFFFF" coreType="Peripheral" cBy="MJE" cDate="09/18/2001 04:21:00 PDT Tue" abbrev="Mns" name="Means" ID="1959">
        <definition>&lt;def-root&gt;This FE identifies the &lt;fen&gt;Means&lt;/fen&gt; by which the amalgamating occurs.&lt;/def-root&gt;</definition>
        <semType name="State_of_affairs" ID="177"/>
    </FE>
    <FE bgColor="808080" fgColor="FFFFFF" coreType="Extra-Thematic" cBy="ACW" cDate="04/10/2002 12:00:32 PDT Wed" abbrev="Result" name="Result" ID="2592">
        <definition>&lt;def-root&gt;This FE  is used for indicating the &lt;fen&gt;Result&lt;/fen&gt; of amalgamating.
&lt;ex&gt;Chuck &lt;t&gt;merged&lt;/t&gt; the corpora &lt;fex name="Result"&gt;together&lt;/fex&gt;.&lt;/ex&gt;&lt;/def-root&gt;</definition>
    </FE>
    <FE bgColor="2E8B57" fgColor="FFFFFF" coreType="Extra-Thematic" cBy="MJE" cDate="09/22/2003 04:42:33 PDT Mon" abbrev="" name="Depictive" ID="5102">
        <definition>&lt;def-root&gt;The state of the &lt;fen&gt;Parts&lt;/fen&gt; during the amalgamation.  Often it refers to the proportion of the &lt;fen&gt;Parts&lt;/fen&gt; to one another.&lt;/def-root&gt;</definition>
    </FE>
    <FE bgColor="d0d0d0" fgColor="000000" coreType="Peripheral" cBy="MJE" cDate="09/22/2003 05:08:25 PDT Mon" abbrev="" name="Purpose" ID="5105">
        <definition>&lt;def-root&gt;The state of affairs that the &lt;fen&gt;Agent&lt;/fen&gt; seeks to bring about by the Amalgamation.&lt;/def-root&gt;</definition>
        <semType name="State_of_affairs" ID="177"/>
    </FE>
    <FE bgColor="008000" fgColor="FFFFFF" coreType="Peripheral" cBy="MJE" cDate="09/22/2003 06:34:59 PDT Mon" abbrev="" name="Place" ID="5108">
        <definition>&lt;def-root&gt;The location that the event occurs.&lt;/def-root&gt;</definition>
        <semType name="Locative_relation" ID="182"/>
    </FE>
    <FE bgColor="FFA500" fgColor="FFFFFF" coreType="Peripheral" cBy="MJE" cDate="09/22/2003 06:36:47 PDT Mon" abbrev="" name="Time" ID="5109">
        <definition>&lt;def-root&gt;The time at which the amalgamation occurs.&lt;/def-root&gt;</definition>
        <semType name="Time" ID="141"/>
    </FE>
    <frameRelation type="Inherits from">
        <relatedFrame ID="230">Intentionally_affect</relatedFrame>
    </frameRelation>
    <frameRelation type="Is Inherited by"/>
    <frameRelation type="Perspective on"/>
    <frameRelation type="Is Perspectivized in"/>
    <frameRelation type="Uses"/>
    <frameRelation type="Is Used by"/>
    <frameRelation type="Subframe of"/>
    <frameRelation type="Has Subframe(s)"/>
    <frameRelation type="Precedes"/>
    <frameRelation type="Is Preceded by"/>
    <frameRelation type="Is Inchoative of"/>
    <frameRelation type="Is Causative of">
        <relatedFrame ID="790">Amalgamation</relatedFrame>
    </frameRelation>
    <frameRelation type="See also"/>
    <lexUnit status="FN1_Sent" POS="V" name="amalgamate.v" ID="38" lemmaID="1171" cBy="ChW" cDate="02/08/2001 01:27:29 PST Thu">
        <definition>COD: combine or unite to form one organization or structure.</definition>
        <sentenceCount annotated="16" total="16"/>
        <lexeme order="1" headword="false" breakBefore="false" POS="V" name="amalgamate"/>
    </lexUnit>
    <lexUnit status="FN1_Sent" POS="V" name="combine.v" ID="39" lemmaID="7271" cBy="ChW" cDate="02/08/2001 01:27:29 PST Thu">
        <definition>COD: unite; merge; unite to form a compound</definition>
        <sentenceCount annotated="45" total="45"/>
        <lexeme order="1" headword="false" breakBefore="false" POS="V" name="combine"/>
    </lexUnit>
    <lexUnit status="FN1_Sent" POS="V" name="fuse.v" ID="40" lemmaID="15745" cBy="ChW" cDate="02/08/2001 01:27:29 PST Thu">
        <definition>FN: to cause two or more entities to blend together</definition>
        <sentenceCount annotated="12" total="12"/>
        <lexeme order="1" headword="false" breakBefore="false" POS="V" name="fuse"/>
    </lexUnit>
    <lexUnit status="Finished_Initial" POS="V" name="join.v" ID="41" lemmaID="21017" cBy="ChW" cDate="02/08/2001 01:27:29 PST Thu">
        <definition>FN: cause to be fused with and connected to. </definition>
        <sentenceCount annotated="8" total="627"/>
        <lexeme order="1" headword="false" breakBefore="false" POS="V" name="join"/>
    </lexUnit>
    <lexUnit status="FN1_Sent" POS="V" name="merge.v" ID="42" lemmaID="24025" cBy="ChW" cDate="02/08/2001 01:27:29 PST Thu">
        <definition>FN: to cause one or more entities to become one</definition>
        <sentenceCount annotated="22" total="195"/>
        <lexeme order="1" headword="false" breakBefore="false" POS="V" name="merge"/>
    </lexUnit>
    <lexUnit status="FN1_Sent" POS="V" name="unify.v" ID="43" lemmaID="42187" cBy="ChW" cDate="02/08/2001 01:27:29 PST Thu">
        <definition>COD: make or become united or uniform.</definition>
        <sentenceCount annotated="12" total="128"/>
        <lexeme order="1" headword="false" breakBefore="false" POS="V" name="unify"/>
    </lexUnit>
    <lexUnit status="FN1_Sent" POS="V" name="unite.v" ID="44" lemmaID="42216" cBy="ChW" cDate="02/08/2001 01:27:29 PST Thu">
        <definition>FN: to cause two or more entities to blend together to form a whole</definition>
        <sentenceCount annotated="19" total="248"/>
        <lexeme order="1" headword="false" breakBefore="false" POS="V" name="unite"/>
    </lexUnit>
    <lexUnit status="Insufficient_Attestations" POS="V" name="meld.v" ID="4832" lemmaID="23912" cBy="ACW" cDate="02/08/2002 09:42:46 PST Fri">
        <definition>FN: to cause one item to blend with at least one additional item</definition>
        <sentenceCount annotated="3" total="14"/>
        <lexeme order="1" headword="false" breakBefore="false" POS="V" name="meld"/>
    </lexUnit>
    <lexUnit status="Finished_Initial" POS="V" name="blend.v" ID="4833" lemmaID="3817" cBy="ACW" cDate="02/08/2002 09:50:57 PST Fri">
        <definition>FN: to mix something with something else</definition>
        <sentenceCount annotated="11" total="12"/>
        <lexeme order="1" headword="false" breakBefore="false" POS="V" name="blend"/>
    </lexUnit>
    <lexUnit status="Insufficient_Attestations" POS="V" name="commingle.v" ID="4834" lemmaID="7354" cBy="ACW" cDate="02/08/2002 11:33:32 PST Fri">
        <definition>FN: to cause on item to blend together with another item</definition>
        <sentenceCount annotated="0" total="0"/>
        <lexeme order="1" headword="false" breakBefore="false" POS="V" name="commingle"/>
    </lexUnit>
    <lexUnit status="Insufficient_Attestations" POS="V" name="intermix.v" ID="4835" lemmaID="20360" cBy="ACW" cDate="02/08/2002 11:35:39 PST Fri">
        <definition>FN: to cause two or more items to become blended together</definition>
        <sentenceCount annotated="1" total="10"/>
        <lexeme order="1" headword="false" breakBefore="false" POS="V" name="intermix"/>
    </lexUnit>
    <lexUnit status="Created" POS="V" name="mix.v" ID="5308" lemmaID="24614" cBy="MRLP" cDate="03/22/2002 11:49:50 PST Fri">
        <definition>FN: combine to form a whole</definition>
        <sentenceCount annotated="3" total="3"/>
        <lexeme order="1" headword="false" breakBefore="false" POS="V" name="mix"/>
    </lexUnit>
    <lexUnit status="Created" POS="V" name="lump.v" ID="9289" lemmaID="22961" cBy="MJE" cDate="08/15/2003 06:50:35 PDT Fri">
        <definition>COD: put in an indiscriminate mass or group. </definition>
        <sentenceCount annotated="0" total="0"/>
        <lexeme order="1" headword="false" breakBefore="false" POS="V" name="lump"/>
    </lexUnit>
    <lexUnit status="Created" POS="V" name="bring together.v" ID="12060" lemmaID="45414" cBy="MiL" cDate="05/09/2005 05:36:50 PDT Mon">
        <definition>FN: join two or more items .</definition>
        <sentenceCount annotated="2" total="3"/>
        <lexeme order="2" headword="false" breakBefore="true" POS="ADV" name="together"/>
        <lexeme order="1" headword="true" breakBefore="false" POS="V" name="bring"/>
    </lexUnit>
    <lexUnit status="Created" POS="V" name="coalesce.v" ID="12061" lemmaID="6952" cBy="MiL" cDate="05/09/2005 05:39:09 PDT Mon">
        <definition>FN: bring together</definition>
        <sentenceCount annotated="0" total="0"/>
        <lexeme order="1" headword="false" breakBefore="false" POS="V" name="coalesce"/>
    </lexUnit>
    <lexUnit status="Created" POS="V" name="compound.v" ID="12062" lemmaID="7535" cBy="MiL" cDate="05/09/2005 05:45:07 PDT Mon">
        <definition>COD: mix or combine (ingredients or constituents).</definition>
        <sentenceCount annotated="1" total="1"/>
        <lexeme order="1" headword="false" breakBefore="false" POS="V" name="compound"/>
    </lexUnit>
    <lexUnit status="New" POS="V" name="conflate.v" ID="12063" lemmaID="7740" cBy="MiL" cDate="05/09/2005 05:46:12 PDT Mon">
        <definition>COD: combine into one.</definition>
        <sentenceCount annotated="1" total="49"/>
        <lexeme order="1" headword="false" breakBefore="false" POS="V" name="conflate"/>
    </lexUnit>
    <lexUnit status="Created" POS="V" name="consolidate.v" ID="12064" lemmaID="7932" cBy="MiL" cDate="05/09/2005 06:21:26 PDT Mon">
        <definition>COD: combine into a single unit.</definition>
        <sentenceCount annotated="2" total="2"/>
        <lexeme order="1" headword="false" breakBefore="false" POS="V" name="consolidate"/>
    </lexUnit>
    <lexUnit status="Created" POS="V" name="flux.v" ID="12065" lemmaID="50004" cBy="MiL" cDate="05/09/2005 06:25:07 PDT Mon">
        <definition>COD: treat (a metal object) with a flux to promote melting. </definition>
        <sentenceCount annotated="0" total="0"/>
        <lexeme order="1" headword="true" breakBefore="false" POS="V" name="flux"/>
    </lexUnit>
    <lexUnit status="Created" POS="V" name="admix.v" ID="12080" lemmaID="538" cBy="MiL" cDate="05/18/2005 03:53:57 PDT Wed">
        <definition>COD: mix with something else.</definition>
        <sentenceCount annotated="0" total="0"/>
        <lexeme order="1" headword="false" breakBefore="false" POS="V" name="admix"/>
    </lexUnit>
    <lexUnit status="Created" POS="V" name="jumble.v" ID="12081" lemmaID="21134" cBy="MiL" cDate="05/18/2005 04:07:19 PDT Wed">
        <definition>COD:  mix up in a confused way.</definition>
        <sentenceCount annotated="0" total="0"/>
        <lexeme order="1" headword="false" breakBefore="false" POS="V" name="jumble"/>
    </lexUnit>
    <lexUnit status="Created" POS="V" name="pair.v" ID="12082" lemmaID="27549" cBy="MiL" cDate="05/18/2005 04:13:13 PDT Wed">
        <definition>FN: join two items to form a pair.</definition>
        <sentenceCount annotated="0" total="0"/>
        <lexeme order="1" headword="false" breakBefore="false" POS="V" name="pair"/>
    </lexUnit>
    <lexUnit status="Created" POS="V" name="throw together.v" ID="12083" lemmaID="50020" cBy="MiL" cDate="05/18/2005 04:16:41 PDT Wed">
        <definition>FN: cause two or more things to be merged</definition>
        <sentenceCount annotated="0" total="0"/>
        <lexeme order="1" headword="true" breakBefore="false" POS="V" name="throw"/>
        <lexeme order="2" headword="false" breakBefore="true" POS="ADV" name="together"/>
    </lexUnit>
    <lexUnit status="Created" POS="V" name="fold.v" ID="16438" lemmaID="14912" cBy="CVa" cDate="08/01/2011 03:09:51 PDT Mon">
        <definition>FN: to combine by gently adding one part to another, usually used in baking</definition>
        <sentenceCount annotated="5" total="5"/>
        <lexeme order="1" headword="false" breakBefore="false" POS="V" name="fold"/>
    </lexUnit>
    <lexUnit status="Created" POS="N" name="merger.n" ID="17098" lemmaID="24026" cBy="PKe" cDate="05/17/2012 02:59:52 PDT Thu">
        <definition>FN: The act of combining two or more entities into one. "Chuck's merger of the corpora won him an award."</definition>
        <sentenceCount annotated="0" total="0"/>
        <lexeme order="1" headword="false" breakBefore="false" POS="N" name="merger"/>
    </lexUnit>
    <lexUnit status="Created" POS="N" name="combination.n" ID="17099" lemmaID="7267" cBy="PKe" cDate="05/17/2012 03:01:36 PDT Thu">
        <definition>FN: The act of combining, or the result of agentive combining.</definition>
        <sentenceCount annotated="1" total="1"/>
        <lexeme order="1" headword="false" breakBefore="false" POS="N" name="combination"/>
    </lexUnit>
</frame>