<?xml version="1.0" encoding="UTF-8" standalone="yes"?>
<?xml-stylesheet type="text/xsl" href="frame.xsl"?>
<frame cBy="ChW" cDate="02/07/2001 04:12:24 PST Wed" name="Change_of_leadership" ID="72" xsi:schemaLocation="../schema/frame.xsd" xmlns="http://framenet.icsi.berkeley.edu" xmlns:xsi="http://www.w3.org/2001/XMLSchema-instance">
    <definition>&lt;def-root&gt;This frame concerns the appointment of a &lt;fen&gt;New_leader&lt;/fen&gt; or removal from office of an &lt;fen&gt;Old_leader&lt;/fen&gt;.  The &lt;fen&gt;Selector&lt;/fen&gt; brings about the change in leadership, for example, by electing or overthrowing a leader. Some words in the frame describe the successful removal from office of a leader (e.g. &lt;ment&gt;depose&lt;/ment&gt;, &lt;ment&gt;oust&lt;/ment&gt;), others simply the attempt (e.g. &lt;ment&gt;uprising, rebellion&lt;/ment&gt;).


&lt;ex&gt;On March 17 , &lt;fex name="Selector"&gt;Mamedov&lt;/fex&gt; &lt;t&gt;appointed&lt;/t&gt; &lt;fex name="New_leader"&gt;Rakhim Gasiyev&lt;/fex&gt; &lt;fex name="Role"&gt;as Defence Minister&lt;/fex&gt; .&lt;/ex&gt;


 &lt;/def-root&gt;</definition>
    <semType name="Non-perspectivalized_frame" ID="52"/>
    <FE bgColor="FF0000" fgColor="FFFFFF" coreType="Core" cBy="ChW" cDate="02/07/2001 04:12:24 PST Wed" abbrev="Slctr" name="Selector" ID="343">
        <definition>&lt;def-root&gt;The Selector (most commonly a group of people) is responsible for a change in leadership.  Typically, it occurs as the External Argument of verbs.

&lt;ex&gt;&lt;fex name="Selector"&gt;The voters&lt;/fex&gt; &lt;t&gt;elected&lt;/t&gt; Blair.&lt;/ex&gt;
&lt;ex&gt;&lt;fex name="Selector"&gt;The president&lt;/fex&gt; &lt;t&gt;appoints&lt;/t&gt; the prime minister.&lt;/ex&gt; &lt;/def-root&gt;</definition>
    </FE>
    <FE bgColor="0000FF" fgColor="FFFFFF" coreType="Core" cBy="ChW" cDate="02/07/2001 04:12:24 PST Wed" abbrev="Ldr_O" name="Old_leader" ID="344">
        <definition>&lt;def-root&gt;With words denoting removal (or attempted removal) from office of a leader, the &lt;fen&gt;Old_leader&lt;/fen&gt; is typically the direct object of verbs, or occurs in a PP Complement with noun targets, frequently headed by the preposition &lt;ment&gt;against&lt;/ment&gt;.

&lt;ex&gt;The students &lt;t&gt;overthrew&lt;/t&gt; &lt;fex name="Old_leader"&gt;the president&lt;/fex&gt;.&lt;/ex&gt;
&lt;ex&gt;The &lt;t&gt;uprising&lt;/t&gt; &lt;fex name="Old_leader"&gt;against the king&lt;/fex&gt; was quickly ended by the military.&lt;/ex&gt;&lt;/def-root&gt;</definition>
    </FE>
    <FE bgColor="800080" fgColor="FFFFFF" coreType="Core" cBy="ChW" cDate="02/07/2001 04:12:24 PST Wed" abbrev="Ldr_N" name="New_leader" ID="345">
        <definition>&lt;def-root&gt;With words denoting appointment to a position, the &lt;fen&gt;New_leader&lt;/fen&gt; is typically the object of verbs.

&lt;ex&gt;The president &lt;t&gt;appoints&lt;/t&gt; &lt;fex name="New_leader"&gt;the prime minister&lt;/fex&gt;.&lt;/ex&gt;&lt;/def-root&gt;</definition>
    </FE>
    <FE bgColor="1E90FF" fgColor="FFFFFF" coreType="Core" cBy="ChW" cDate="02/07/2001 04:12:24 PST Wed" abbrev="Role" name="Role" ID="346">
        <definition>&lt;def-root&gt;Frequently the &lt;fen&gt;Old_leader&lt;/fen&gt; or &lt;fen&gt;New_leader&lt;/fen&gt; is referred to only by his/her role. However, the &lt;fen&gt;Role&lt;/fen&gt; can be expressed separately from the leader, usually as either a secondary predicate or in a PP Complement.

&lt;ex&gt;The board of directors &lt;t&gt;appointed&lt;/t&gt; Ashton &lt;fex name="Role"&gt;Acting President&lt;/fex&gt;.&lt;/ex&gt;
&lt;ex&gt;The board of directors &lt;t&gt;appointed&lt;/t&gt; Ashton &lt;fex name="Role"&gt;as Acting President&lt;/fex&gt;.&lt;/ex&gt;
&lt;ex&gt;The voters &lt;t&gt;elected&lt;/t&gt; Mitterand &lt;fex name="Role"&gt;to the presidency&lt;/fex&gt;.&lt;/ex&gt;&lt;/def-root&gt;</definition>
        <excludesFE name="Old_order" ID="407"/>
    </FE>
    <FE bgColor="00BFFF" fgColor="FFFFFF" coreType="Core" cBy="CFB" cDate="02/21/2001 12:27:48 PST Wed" abbrev="Ord_O" name="Old_order" ID="407">
        <definition>&lt;def-root&gt;The FE &lt;fen&gt;Old_order&lt;/fen&gt; identifies the political order that existed before the change of leadership occurs.
&lt;ex&gt;The rebels &lt;t&gt;overthrew&lt;/t&gt; &lt;fex name="Old_order"&gt;the dictatorship&lt;/fex&gt;.&lt;/ex&gt;&lt;/def-root&gt;</definition>
    </FE>
    <FE bgColor="FF69B4" fgColor="FFFFFF" coreType="Peripheral" cBy="MJE" cDate="06/25/2001 05:21:40 PDT Mon" abbrev="Degr" name="Degree" ID="1079">
        <definition>&lt;def-root&gt;This FE indicates the &lt;fen&gt;Degree&lt;/fen&gt; to which an event occurs.&lt;/def-root&gt;</definition>
        <semType name="Degree" ID="172"/>
    </FE>
    <FE bgColor="9400D3" fgColor="FFFFFF" coreType="Extra-Thematic" cBy="MJE" cDate="06/25/2001 05:21:40 PDT Mon" abbrev="Dep" name="Depictive" ID="1080">
        <definition>&lt;def-root&gt;&lt;fen&gt;Depictive&lt;/fen&gt; indicates the state of one of the participants during the action.

&lt;ex&gt;We &lt;t&gt;dethroned&lt;/t&gt; him, &lt;fex name="Dep"&gt;unaware of the evil we did&lt;/fex&gt;.&lt;/ex&gt;&lt;/def-root&gt;</definition>
    </FE>
    <FE bgColor="FF00FF" fgColor="FFFFFF" coreType="Peripheral" cBy="MJE" cDate="06/25/2001 05:21:40 PDT Mon" abbrev="Manr" name="Manner" ID="1083">
        <definition>&lt;def-root&gt;This FE is used for the &lt;fen&gt;Manner&lt;/fen&gt; of performing an action.

&lt;ex&gt;The king was &lt;t&gt;ousted&lt;/t&gt; &lt;fex name="Manr"&gt;violently&lt;/fex&gt;.&lt;/ex&gt;&lt;/def-root&gt;</definition>
        <semType name="Manner" ID="173"/>
    </FE>
    <FE bgColor="A52A2A" fgColor="FFFFFF" coreType="Peripheral" cBy="MJE" cDate="06/25/2001 05:21:40 PDT Mon" abbrev="Mns" name="Means" ID="1084">
        <definition>&lt;def-root&gt;This FE identifies the &lt;fen&gt;Means&lt;/fen&gt; by which  the &lt;fen&gt;Selector&lt;/fen&gt; accomplishes the change of leadership. 
&lt;ex&gt;The rebels &lt;t&gt;overthrew&lt;/t&gt; the government &lt;fex name="Mns"&gt;by gaining the support of the military&lt;/fex&gt;.&lt;/ex&gt;&lt;/def-root&gt;</definition>
        <semType name="State_of_affairs" ID="177"/>
    </FE>
    <FE bgColor="808080" fgColor="FFFFFF" coreType="Extra-Thematic" cBy="MJE" cDate="06/25/2001 05:21:40 PDT Mon" abbrev="Result" name="Result" ID="1085">
        <definition>&lt;def-root&gt;This FE  is used for indicating the &lt;fen&gt;Result&lt;/fen&gt; of an event.&lt;/def-root&gt;</definition>
    </FE>
    <FE bgColor="00008B" fgColor="FFFFFF" coreType="Extra-Thematic" cBy="MJE" cDate="06/25/2001 05:21:40 PDT Mon" abbrev="cir" name="Circumstances" ID="1086">
        <definition>&lt;def-root&gt;This frame element describes the situation that brought about the change of leadership.

&lt;ex&gt;The king was &lt;t&gt;deposed&lt;/t&gt; &lt;fex name="Circumstances"&gt;in a bloody coup&lt;/fex&gt;.&lt;/ex&gt;
&lt;/def-root&gt;</definition>
    </FE>
    <FE bgColor="9F79EE" fgColor="FFFFFF" coreType="Core" cBy="ACW" cDate="06/24/2003 12:54:18 PDT Tue" abbrev="" name="Function" ID="4661">
        <definition>&lt;def-root&gt;The &lt;fen&gt;Function&lt;/fen&gt; is the purpose the &lt;fen&gt;New_leader&lt;/fen&gt; will fufill.&lt;/def-root&gt;</definition>
        <excludesFE name="Old_order" ID="407"/>
    </FE>
    <FE bgColor="FFA500" fgColor="FFFFFF" coreType="Peripheral" cBy="RLG" cDate="07/16/2003 10:52:38 PDT Wed" abbrev="Time" name="Time" ID="4790">
        <definition>&lt;def-root&gt;When the change takes place.
&lt;ex&gt;The &lt;fex name="Time"&gt;2000&lt;/fex&gt; &lt;t&gt;coup&lt;/t&gt; against the dictator was led by former president Smith.&lt;/ex&gt;&lt;/def-root&gt;</definition>
        <semType name="Time" ID="141"/>
    </FE>
    <FE bgColor="008000" fgColor="FFFFFF" coreType="Peripheral" cBy="RLG" cDate="07/16/2003 10:53:56 PDT Wed" abbrev="Place" name="Place" ID="4791">
        <definition>&lt;def-root&gt;Where the change takes place.
&lt;ex&gt;The crew &lt;t&gt;mutinied&lt;/t&gt; &lt;fex name="Place"&gt;out in the middle of the Atlantic&lt;/fex&gt;, the scoundrels.&lt;/ex&gt;&lt;/def-root&gt;</definition>
        <semType name="Locative_relation" ID="182"/>
    </FE>
    <FE bgColor="7CCD7C" fgColor="FFFFFF" coreType="Core" cBy="JKR" cDate="05/03/2004 06:59:00 PDT Mon" abbrev="bod" name="Body" ID="6379">
        <definition>&lt;def-root&gt;A group of individuals who are elected or appointed to perform some function of governance.

&lt;ex&gt;His district &lt;t&gt;elected&lt;/t&gt; her  &lt;fex name="bod"&gt;to Congress&lt;/fex&gt; three times.&lt;/ex&gt;&lt;/def-root&gt;</definition>
    </FE>
    <FEcoreSet>
        <memberFE name="Function" ID="4661"/>
        <memberFE name="Body" ID="6379"/>
        <memberFE name="Old_order" ID="407"/>
        <memberFE name="Role" ID="346"/>
        <memberFE name="New_leader" ID="345"/>
        <memberFE name="Old_leader" ID="344"/>
    </FEcoreSet>
    <frameRelation type="Inherits from">
        <relatedFrame ID="1925">Appointing</relatedFrame>
    </frameRelation>
    <frameRelation type="Is Inherited by"/>
    <frameRelation type="Perspective on"/>
    <frameRelation type="Is Perspectivized in"/>
    <frameRelation type="Uses"/>
    <frameRelation type="Is Used by"/>
    <frameRelation type="Subframe of"/>
    <frameRelation type="Has Subframe(s)"/>
    <frameRelation type="Precedes"/>
    <frameRelation type="Is Preceded by"/>
    <frameRelation type="Is Inchoative of"/>
    <frameRelation type="Is Causative of">
        <relatedFrame ID="73">Leadership</relatedFrame>
    </frameRelation>
    <frameRelation type="See also"/>
    <lexUnit status="Finished_Initial" POS="N" name="coup.n" ID="1563" lemmaID="8632" cBy="ChW" cDate="02/08/2001 01:30:04 PST Thu">
        <definition>COD: a violent or illegal seizure of power</definition>
        <sentenceCount annotated="32" total="196"/>
        <lexeme order="1" headword="false" breakBefore="false" POS="N" name="coup"/>
    </lexUnit>
    <lexUnit status="Finished_Initial" POS="V" name="elect.v" ID="1564" lemmaID="12397" cBy="ChW" cDate="02/08/2001 01:30:04 PST Thu">
        <definition>COD: choose (someone) to hold a position, especially public office, by voting. </definition>
        <sentenceCount annotated="44" total="291"/>
        <lexeme order="1" headword="false" breakBefore="false" POS="V" name="elect"/>
    </lexUnit>
    <lexUnit status="Finished_Initial" POS="N" name="insurrection.n" ID="1565" lemmaID="20234" cBy="ChW" cDate="02/08/2001 01:30:04 PST Thu">
        <definition>COD:  a rising in open resistance to established authority</definition>
        <sentenceCount annotated="25" total="53"/>
        <lexeme order="1" headword="false" breakBefore="false" POS="N" name="insurrection"/>
    </lexUnit>
    <lexUnit status="Finished_Initial" POS="N" name="mutiny.n" ID="1566" lemmaID="25319" cBy="ChW" cDate="02/08/2001 01:30:04 PST Thu">
        <definition>COD: an open revolt against constituted authority, especially by soliders or sailors against their officers.</definition>
        <sentenceCount annotated="15" total="81"/>
        <lexeme order="1" headword="false" breakBefore="false" POS="N" name="mutiny"/>
    </lexUnit>
    <lexUnit status="Finished_Initial" POS="V" name="mutiny.v" ID="1567" lemmaID="25320" cBy="ChW" cDate="02/08/2001 01:30:04 PST Thu">
        <definition>COD:  revolt</definition>
        <sentenceCount annotated="8" total="11"/>
        <lexeme order="1" headword="false" breakBefore="false" POS="V" name="mutiny"/>
    </lexUnit>
    <lexUnit status="Finished_Initial" POS="V" name="overthrow.v" ID="1568" lemmaID="27388" cBy="ChW" cDate="02/08/2001 01:30:04 PST Thu">
        <definition>COD:  remove forcibly from power</definition>
        <sentenceCount annotated="27" total="128"/>
        <lexeme order="1" headword="false" breakBefore="false" POS="V" name="overthrow"/>
    </lexUnit>
    <lexUnit status="Finished_Initial" POS="N" name="rebellion.n" ID="1569" lemmaID="32053" cBy="ChW" cDate="02/08/2001 01:30:04 PST Thu">
        <definition>COD: n. open reisitance to authority, esp. organized armed resistance to an established government.</definition>
        <sentenceCount annotated="27" total="144"/>
        <lexeme order="1" headword="false" breakBefore="false" POS="N" name="rebellion"/>
    </lexUnit>
    <lexUnit status="Finished_Initial" POS="V" name="revolt.v" ID="1570" lemmaID="33128" cBy="ChW" cDate="02/08/2001 01:30:04 PST Thu">
        <definition>COD: rise in rebellion against authority</definition>
        <sentenceCount annotated="7" total="60"/>
        <lexeme order="1" headword="false" breakBefore="false" POS="V" name="revolt"/>
    </lexUnit>
    <lexUnit status="Finished_Initial" POS="N" name="revolution.n" ID="1571" lemmaID="33131" cBy="ChW" cDate="02/08/2001 01:30:04 PST Thu">
        <definition>COD: the forcible overthrow of a government or social order, in favor of a new system.</definition>
        <sentenceCount annotated="33" total="170"/>
        <lexeme order="1" headword="false" breakBefore="false" POS="N" name="revolution"/>
    </lexUnit>
    <lexUnit status="Finished_Initial" POS="N" name="uprising.n" ID="1572" lemmaID="42494" cBy="ChW" cDate="02/08/2001 01:30:04 PST Thu">
        <definition>COD: an act of resistance or rebellion.</definition>
        <sentenceCount annotated="33" total="107"/>
        <lexeme order="1" headword="false" breakBefore="false" POS="N" name="uprising"/>
    </lexUnit>
    <lexUnit status="Finished_Initial" POS="V" name="oust.v" ID="1808" lemmaID="27043" cBy="CFB" cDate="02/21/2001 12:48:07 PST Wed">
        <definition>COD:  drive out or expel, especially by forcing oneself into the place of</definition>
        <sentenceCount annotated="16" total="161"/>
        <lexeme order="1" headword="false" breakBefore="false" POS="V" name="oust"/>
    </lexUnit>
    <lexUnit status="Finished_Initial" POS="V" name="depose.v" ID="5254" lemmaID="10236" cBy="MRLP" cDate="03/17/2002 03:24:23 PST Sun">
        <definition>COD: remove from office suddenly and forcefully</definition>
        <sentenceCount annotated="18" total="128"/>
        <lexeme order="1" headword="false" breakBefore="false" POS="V" name="depose"/>
    </lexUnit>
    <lexUnit status="Finished_Initial" POS="V" name="dethrone.v" ID="5255" lemmaID="10449" cBy="MRLP" cDate="03/17/2002 03:25:05 PST Sun">
        <definition>COD: with obj. remove (a monarch) from power. </definition>
        <sentenceCount annotated="5" total="89"/>
        <lexeme order="1" headword="false" breakBefore="false" POS="V" name="dethrone"/>
    </lexUnit>
    <lexUnit status="Finished_Initial" POS="N" name="overthrow.n" ID="8352" lemmaID="27387" cBy="MJE" cDate="02/26/2003 06:20:43 PST Wed">
        <definition>COD:  a removal from power; a defeat or downfall. </definition>
        <sentenceCount annotated="11" total="33"/>
        <lexeme order="1" headword="false" breakBefore="false" POS="N" name="overthrow"/>
    </lexUnit>
    <lexUnit status="Created" POS="N" name="revolt.n" ID="8353" lemmaID="33127" cBy="MJE" cDate="02/26/2003 06:25:22 PST Wed">
        <definition>COD:  an attempt to end the authority of a person or body by rebelling.</definition>
        <sentenceCount annotated="2" total="2"/>
        <lexeme order="1" headword="false" breakBefore="false" POS="N" name="revolt"/>
    </lexUnit>
    <lexUnit status="Created" POS="V" name="take over.v" ID="10184" lemmaID="48794" cBy="TRn" cDate="03/04/2004 02:37:41 PST Thu">
        <definition>COD: assume control of or responsibility for something.</definition>
        <sentenceCount annotated="0" total="0"/>
        <lexeme order="1" headword="true" breakBefore="false" POS="V" name="take"/>
        <lexeme order="2" headword="false" breakBefore="true" POS="ADV" name="over"/>
    </lexUnit>
    <lexUnit status="Created" POS="V" name="topple.v" ID="10385" lemmaID="40748" cBy="TRn" cDate="04/05/2004 03:00:06 PDT Mon">
        <definition>FN: to overthrow.</definition>
        <sentenceCount annotated="1" total="1"/>
        <lexeme order="1" headword="false" breakBefore="false" POS="V" name="topple"/>
    </lexUnit>
    <lexUnit status="Created" POS="N" name="election.n" ID="10900" lemmaID="12400" cBy="JKR" cDate="08/19/2004 02:49:01 PDT Thu">
        <definition>COD: a formal procedure whereby a person is elected, especially to a political office.</definition>
        <sentenceCount annotated="11" total="12"/>
        <lexeme order="1" headword="false" breakBefore="false" POS="N" name="election"/>
    </lexUnit>
    <lexUnit status="Created" POS="V" name="throne.v" ID="12131" lemmaID="50033" cBy="MiL" cDate="05/20/2005 05:29:34 PDT Fri">
        <definition>FN: install as leader (as if up on a throne).</definition>
        <sentenceCount annotated="0" total="0"/>
        <lexeme order="1" headword="true" breakBefore="false" POS="V" name="throne"/>
    </lexUnit>
    <lexUnit status="Created" POS="V" name="enthrone.v" ID="12132" lemmaID="12859" cBy="MiL" cDate="05/20/2005 05:32:55 PDT Fri">
        <definition>COD:  install (a monarch or bishop) on a throne with due ceremony.</definition>
        <sentenceCount annotated="0" total="0"/>
        <lexeme order="1" headword="false" breakBefore="false" POS="V" name="enthrone"/>
    </lexUnit>
    <lexUnit status="Created" POS="V" name="coronate.v" ID="12133" lemmaID="50034" cBy="MiL" cDate="05/20/2005 05:38:38 PDT Fri">
        <definition>FN: install as royal leader.</definition>
        <sentenceCount annotated="0" total="0"/>
        <lexeme order="1" headword="true" breakBefore="false" POS="V" name="coronate"/>
    </lexUnit>
    <lexUnit status="Created" POS="V" name="crown.v" ID="12134" lemmaID="9097" cBy="MiL" cDate="05/20/2005 05:42:10 PDT Fri">
        <definition>COD: ceremonially place a crown on the head of (someone) to invest them as a monarch.</definition>
        <sentenceCount annotated="0" total="0"/>
        <lexeme order="1" headword="false" breakBefore="false" POS="V" name="crown"/>
    </lexUnit>
    <lexUnit status="Created" POS="V" name="vest.v" ID="12136" lemmaID="42927" cBy="MiL" cDate="05/20/2005 05:55:37 PDT Fri">
        <definition>FN: give new power to someone (or some group).</definition>
        <sentenceCount annotated="0" total="0"/>
        <lexeme order="1" headword="false" breakBefore="false" POS="V" name="vest"/>
    </lexUnit>
    <lexUnit status="Created" POS="V" name="install.v" ID="13668" lemmaID="20163" cBy="RLG" cDate="11/08/2006 02:51:20 PST Wed">
        <definition>FN: place as leader.</definition>
        <sentenceCount annotated="1" total="1"/>
        <lexeme order="1" headword="false" breakBefore="false" POS="V" name="install"/>
    </lexUnit>
    <lexUnit status="Created" POS="N" name="revolutionary.n" ID="13710" lemmaID="33133" cBy="RLG" cDate="01/25/2007 02:41:35 PST Thu">
        <definition>COD: a person who revolts or advocates revolution.</definition>
        <sentenceCount annotated="2" total="2"/>
        <lexeme order="1" headword="false" breakBefore="false" POS="N" name="revolutionary"/>
        <semType name="Agentive_noun" ID="102"/>
    </lexUnit>
    <lexUnit status="Created" POS="N" name="independence.n" ID="15234" lemmaID="19603" cBy="KmG" cDate="08/05/2008 01:41:17 PDT Tue">
        <definition>FN: freedom from a former leader
</definition>
        <sentenceCount annotated="2" total="2"/>
        <lexeme order="1" headword="false" breakBefore="false" POS="N" name="independence"/>
    </lexUnit>
    <lexUnit status="Created" POS="N" name="rising.n" ID="17302" lemmaID="33339" cBy="CVa" cDate="01/29/2013 06:18:50 PST Tue">
        <definition>FN: a revolt against an authority</definition>
        <sentenceCount annotated="1" total="1"/>
        <lexeme order="1" headword="false" breakBefore="false" POS="N" name="rising"/>
    </lexUnit>
    <lexUnit status="Created" POS="N" name="freedom.n" ID="17690" lemmaID="15373" cBy="WMcQ" cDate="09/08/2014 12:41:36 PDT Mon">
        <definition>FN: A state with no overarching control or control defined fairly by those residing in said state.</definition>
        <sentenceCount annotated="1" total="1"/>
        <lexeme order="1" headword="false" breakBefore="false" POS="N" name="freedom"/>
    </lexUnit>
    <lexUnit status="Created" POS="N" name="ouster.n" ID="18701" lemmaID="52140" cBy="CFB" cDate="06/04/2016 06:02:33 PDT Sat">
        <definition>FN: A situation in which a person holding some office is removed from that office abruptly. This term usually implies that regular proceedure is not followed, and some degree of force or coercion is used. Takes the FE Old_leader in a PP[of].</definition>
        <sentenceCount annotated="1" total="1"/>
        <lexeme order="1" headword="true" breakBefore="false" POS="N" name="ouster"/>
    </lexUnit>
</frame>