<?xml version="1.0" encoding="UTF-8" standalone="yes"?>
<?xml-stylesheet type="text/xsl" href="frame.xsl"?>
<frame cBy="CFB" cDate="06/07/2016 04:19:24 PDT Tue" name="Change_post-state" ID="3011" xsi:schemaLocation="../schema/frame.xsd" xmlns="http://framenet.icsi.berkeley.edu" xmlns:xsi="http://www.w3.org/2001/XMLSchema-instance">
    <definition>&lt;def-root&gt;The frame represents the result state of the &lt;fen&gt;Entity&lt;/fen&gt; after event represented by the Undergo_change frame. The intial states of the Undergo_change frame Initial_quality and Initial_situation are also FEs of this frame. &lt;/def-root&gt;</definition>
    <semType name="State" ID="77"/>
    <FE bgColor="1E90FF" fgColor="FFFFFF" coreType="Peripheral" cBy="CFB" cDate="06/07/2016 04:46:04 PDT Tue" abbrev="Entity" name="Entity" ID="16833">
        <definition>&lt;def-root&gt;The entity which has undergone change.&lt;/def-root&gt;</definition>
    </FE>
    <frameRelation type="Inherits from"/>
    <frameRelation type="Is Inherited by"/>
    <frameRelation type="Perspective on"/>
    <frameRelation type="Is Perspectivized in"/>
    <frameRelation type="Uses"/>
    <frameRelation type="Is Used by"/>
    <frameRelation type="Subframe of"/>
    <frameRelation type="Has Subframe(s)"/>
    <frameRelation type="Precedes"/>
    <frameRelation type="Is Preceded by"/>
    <frameRelation type="Is Inchoative of"/>
    <frameRelation type="Is Causative of"/>
    <frameRelation type="See also"/>
    <lexUnit status="Created" POS="A" name="changed.a" ID="18722" lemmaID="52143" cBy="CFB" cDate="06/09/2016 02:23:43 PDT Thu">
        <definition>FN: describes entities which have undergone change</definition>
        <sentenceCount annotated="0" total="0"/>
        <lexeme order="1" headword="true" breakBefore="false" POS="A" name="changed"/>
    </lexUnit>
    <lexUnit status="Created" POS="A" name="unchanged.a" ID="18723" lemmaID="52144" cBy="CFB" cDate="06/09/2016 02:25:05 PDT Thu">
        <definition>FN: describes entities which have not undgone a change (in a situation in which change might be considered possible).</definition>
        <sentenceCount annotated="1" total="1"/>
        <lexeme order="1" headword="true" breakBefore="false" POS="A" name="unchanged"/>
    </lexUnit>
    <lexUnit status="Created" POS="A" name="altered.a" ID="18724" lemmaID="52145" cBy="CFB" cDate="06/09/2016 02:27:26 PDT Thu">
        <definition>FN: describes entities which have undergone change, usually of an attribute, rather than categorization.</definition>
        <sentenceCount annotated="0" total="0"/>
        <lexeme order="1" headword="true" breakBefore="false" POS="A" name="altered"/>
    </lexUnit>
    <lexUnit status="Created" POS="A" name="unaltered.a" ID="18725" lemmaID="52146" cBy="CFB" cDate="06/09/2016 02:29:03 PDT Thu">
        <definition>FN: describes entities which have not undergone change (in a situation where change might have been expected).</definition>
        <sentenceCount annotated="0" total="0"/>
        <lexeme order="1" headword="true" breakBefore="false" POS="A" name="unaltered"/>
    </lexUnit>
</frame>