<?xml version="1.0" encoding="UTF-8" standalone="yes"?>
<?xml-stylesheet type="text/xsl" href="frame.xsl"?>
<frame cBy="MJE" cDate="11/30/2004 11:48:32 PST Tue" name="Change_of_phase_scenario" ID="1281" xsi:schemaLocation="../schema/frame.xsd" xmlns="http://framenet.icsi.berkeley.edu" xmlns:xsi="http://www.w3.org/2001/XMLSchema-instance">
    <definition>&lt;def-root&gt;The sequence of events in which the &lt;fen&gt;Patient&lt;/fen&gt; begins as one state of matter and ends up as another.&lt;/def-root&gt;</definition>
    <semType name="Non-Lexical Frame" ID="16"/>
    <FE bgColor="0000FF" fgColor="FFFFFF" coreType="Core" cBy="MJE" cDate="11/30/2004 11:48:32 PST Tue" abbrev="Pat" name="Patient" ID="7313">
        <definition>&lt;def-root&gt;The &lt;fen&gt;Patient&lt;/fen&gt; is the entity that undergoes a change of phase.   &lt;ex&gt;&lt;fex name="Patient"&gt;The water&lt;/fex&gt; &lt;t&gt;froze&lt;/t&gt;.&lt;/ex&gt; &lt;/def-root&gt;</definition>
    </FE>
    <FE bgColor="EEE8AA" fgColor="0000FF" coreType="Extra-Thematic" cBy="MJE" cDate="11/30/2004 11:48:32 PST Tue" abbrev="Result" name="Result" ID="7314">
        <definition>&lt;def-root&gt;The FE &lt;fen&gt;Result&lt;/fen&gt; indicates the result of the change of phase.

&lt;ex&gt;The lake &lt;t&gt;froze&lt;/t&gt; &lt;fex name="Result"&gt;solid&lt;/fex&gt;.&lt;/ex&gt;&lt;/def-root&gt;</definition>
    </FE>
    <FE bgColor="A52A2A" fgColor="FFFFFF" coreType="Peripheral" cBy="MJE" cDate="11/30/2004 11:48:32 PST Tue" abbrev="I_state" name="Initial_state" ID="7315">
        <definition>&lt;def-root&gt;This is the original state of the &lt;fen&gt;Patient&lt;/fen&gt;.  &lt;ex&gt;The rock &lt;t&gt;solidified&lt;/t&gt; &lt;fex name="Initial_state"&gt; from its molten state&lt;/fex&gt;.&lt;/ex&gt;&lt;/def-root&gt;</definition>
    </FE>
    <FE bgColor="FF69B4" fgColor="FFFFFF" coreType="Peripheral" cBy="MJE" cDate="11/30/2004 11:48:32 PST Tue" abbrev="Degr" name="Degree" ID="7316">
        <definition>&lt;def-root&gt;Degree to which the &lt;fen&gt;Patient&lt;/fen&gt; changes phase.  &lt;ex&gt;The lake &lt;t&gt;froze&lt;/t&gt; &lt;fex name="Degree"&gt;to depths of 30 feet&lt;/fex&gt;.&lt;/ex&gt; &lt;/def-root&gt;</definition>
        <semType name="Degree" ID="172"/>
    </FE>
    <FE bgColor="9400D3" fgColor="FFFFFF" coreType="Peripheral" cBy="MJE" cDate="11/30/2004 11:48:32 PST Tue" abbrev="Spd" name="Speed" ID="7317">
        <definition>&lt;def-root&gt;The &lt;fen&gt;Speed&lt;/fen&gt; at which the change of phase occurs.&lt;/def-root&gt;</definition>
        <semType name="Speed" ID="234"/>
    </FE>
    <FE bgColor="FF00FF" fgColor="FFFFFF" coreType="Peripheral" cBy="MJE" cDate="11/30/2004 11:48:32 PST Tue" abbrev="Manr" name="Manner" ID="7318">
        <definition>&lt;def-root&gt;The &lt;fen&gt;Manner&lt;/fen&gt; in which the &lt;fen&gt;Patient&lt;/fen&gt; changes phase.&lt;/def-root&gt;</definition>
        <semType name="Manner" ID="173"/>
    </FE>
    <FE bgColor="008000" fgColor="FFFFFF" coreType="Peripheral" cBy="MJE" cDate="11/30/2004 11:48:32 PST Tue" abbrev="Place" name="Place" ID="7319">
        <definition>&lt;def-root&gt;Where the &lt;fen&gt;Patient&lt;/fen&gt; changes phase. &lt;/def-root&gt;</definition>
        <semType name="Locative_relation" ID="182"/>
    </FE>
    <FE bgColor="FFA500" fgColor="FFFFFF" coreType="Peripheral" cBy="MJE" cDate="11/30/2004 11:48:32 PST Tue" abbrev="Time" name="Time" ID="7320">
        <definition>&lt;def-root&gt;This FE identifies the &lt;fen&gt;Time&lt;/fen&gt; at which the &lt;fen&gt;Patient&lt;/fen&gt; changes phase.&lt;/def-root&gt;</definition>
        <semType name="Time" ID="141"/>
    </FE>
    <FE bgColor="00BFFF" fgColor="FFFFFF" coreType="Extra-Thematic" cBy="MJE" cDate="11/30/2004 11:48:32 PST Tue" abbrev="cir" name="Circumstances" ID="7321">
        <definition>&lt;def-root&gt;This FE identifies the &lt;fen&gt;Circumstances&lt;/fen&gt; at which the phase change occurs.&lt;/def-root&gt;</definition>
    </FE>
    <FE bgColor="00008B" fgColor="FFFFFF" coreType="Extra-Thematic" cBy="MJE" cDate="11/30/2004 11:48:32 PST Tue" abbrev="sub" name="Subregion" ID="7322">
        <definition>&lt;def-root&gt;The &lt;fen&gt;Subregion&lt;/fen&gt; describes which part of a larger whole is being affected.

&lt;ex&gt;The cloth &lt;t&gt;froze&lt;/t&gt; &lt;fex name="sub"&gt;around the edges&lt;/fex&gt;.&lt;/ex&gt;&lt;/def-root&gt;</definition>
        <semType name="Locative_relation" ID="182"/>
    </FE>
    <frameRelation type="Inherits from"/>
    <frameRelation type="Is Inherited by"/>
    <frameRelation type="Perspective on"/>
    <frameRelation type="Is Perspectivized in"/>
    <frameRelation type="Uses"/>
    <frameRelation type="Is Used by"/>
    <frameRelation type="Subframe of"/>
    <frameRelation type="Has Subframe(s)">
        <relatedFrame ID="336">Change_of_phase</relatedFrame>
        <relatedFrame ID="385">Substance_by_phase</relatedFrame>
    </frameRelation>
    <frameRelation type="Precedes"/>
    <frameRelation type="Is Preceded by"/>
    <frameRelation type="Is Inchoative of"/>
    <frameRelation type="Is Causative of"/>
    <frameRelation type="See also"/>
</frame>