<?xml version="1.0" encoding="UTF-8" standalone="yes"?>
<?xml-stylesheet type="text/xsl" href="frame.xsl"?>
<frame cBy="RLG" cDate="08/22/2006 11:45:09 PDT Tue" name="Change_resistance" ID="1782" xsi:schemaLocation="../schema/frame.xsd" xmlns="http://framenet.icsi.berkeley.edu" xmlns:xsi="http://www.w3.org/2001/XMLSchema-instance">
    <definition>&lt;def-root&gt;An &lt;fen&gt;Agent&lt;/fen&gt; changes a &lt;fen&gt;Patient&lt;/fen&gt;'s ability to resist literal or figurative attack. This frame differs from Cause_change_of_strength only in that the &lt;fen&gt;Patient&lt;/fen&gt; is restricted to acting as a defensive force, i.e., it can resist but not exert force.

&lt;ex&gt;&lt;fex name="Agent"&gt;We&lt;/fex&gt; &lt;t&gt;bulwarked&lt;/t&gt; &lt;fex name="Patient"&gt;the castle&lt;/fex&gt; &lt;fex name="Attack"&gt;against the oncoming horde&lt;/fex&gt;.&lt;/ex&gt;
&lt;/def-root&gt;</definition>
    <FE bgColor="FF0000" fgColor="FFFFFF" coreType="Core" cBy="RLG" cDate="08/22/2006 11:45:09 PDT Tue" abbrev="Agt" name="Agent" ID="10550">
        <definition>&lt;def-root&gt;The &lt;fen&gt;Agent&lt;/fen&gt; makes the &lt;fen&gt;Patient&lt;/fen&gt; more resistant to attack.&lt;/def-root&gt;</definition>
        <semType name="Sentient" ID="5"/>
    </FE>
    <FE bgColor="0000FF" fgColor="FFFFFF" coreType="Core" cBy="RLG" cDate="08/22/2006 11:45:09 PDT Tue" abbrev="Pat" name="Patient" ID="10551">
        <definition>&lt;def-root&gt;The &lt;fen&gt;Patient&lt;/fen&gt; is the entity that is being made more resistant.&lt;/def-root&gt;</definition>
    </FE>
    <FE bgColor="9400D3" fgColor="FFFFFF" coreType="Extra-Thematic" cBy="RLG" cDate="08/22/2006 11:45:09 PDT Tue" abbrev="Depict" name="Depictive" ID="10552">
        <definition>&lt;def-root&gt;Depictive phrase describing the actor of an action
&lt;/def-root&gt;</definition>
    </FE>
    <FE bgColor="9F79EE" fgColor="FFFFFF" coreType="Extra-Thematic" cBy="RLG" cDate="08/22/2006 11:45:09 PDT Tue" abbrev="Result" name="Result" ID="10553">
        <definition>&lt;def-root&gt;The resultant state of the action.&lt;/def-root&gt;</definition>
    </FE>
    <FE bgColor="A52A2A" fgColor="FFFFFF" coreType="Peripheral" cBy="RLG" cDate="08/22/2006 11:45:09 PDT Tue" abbrev="Mns" name="Means" ID="10554">
        <definition>&lt;def-root&gt;An act performed by an &lt;fen&gt;Agent&lt;/fen&gt; that enables them to act upon the &lt;fen&gt;Patient&lt;/fen&gt;.&lt;/def-root&gt;</definition>
        <semType name="State_of_affairs" ID="177"/>
    </FE>
    <FE bgColor="FF00FF" fgColor="FFFFFF" coreType="Peripheral" cBy="RLG" cDate="08/22/2006 11:45:09 PDT Tue" abbrev="Manr" name="Manner" ID="10555">
        <definition>&lt;def-root&gt;Any description of the intentional act which is not covered by more specific FEs, including secondary effects (&lt;ment&gt;quietly, loudly&lt;/ment&gt;), and general descriptions comparing events (&lt;ment&gt;the same way&lt;/ment&gt;). In addition, it may indicate salient characteristics of an &lt;fen&gt;Agent&lt;/fen&gt; that also affect the action (&lt;ment&gt;presumptuously, coldly, deliberately, eagerly, carefully&lt;/ment&gt;). &lt;/def-root&gt;</definition>
        <semType name="Manner" ID="173"/>
    </FE>
    <FE bgColor="FFA500" fgColor="FFFFFF" coreType="Peripheral" cBy="RLG" cDate="08/22/2006 11:45:09 PDT Tue" abbrev="tim" name="Time" ID="10556">
        <definition>&lt;def-root&gt;The time at which the &lt;fen&gt;Agent&lt;/fen&gt; makes the &lt;fen&gt;Patient&lt;/fen&gt; more resistant.&lt;/def-root&gt;</definition>
        <semType name="Time" ID="141"/>
    </FE>
    <FE bgColor="1E90FF" fgColor="FFFFFF" coreType="Peripheral" cBy="RLG" cDate="08/22/2006 11:45:09 PDT Tue" abbrev="pla" name="Place" ID="10557">
        <definition>&lt;def-root&gt;The location at which the &lt;fen&gt;Agent&lt;/fen&gt; makes the &lt;fen&gt;Patient&lt;/fen&gt; more resistant.&lt;/def-root&gt;</definition>
        <semType name="Locative_relation" ID="182"/>
    </FE>
    <FE bgColor="006400" fgColor="FFFFFF" coreType="Core-Unexpressed" cBy="RLG" cDate="08/22/2006 11:45:09 PDT Tue" abbrev="cau" name="Cause" ID="10558">
        <definition>&lt;def-root&gt;An event which causes the &lt;fen&gt;Patient&lt;/fen&gt; to become more resistant.&lt;/def-root&gt;</definition>
        <excludesFE name="Agent" ID="10550"/>
    </FE>
    <FE bgColor="7FFF00" fgColor="000000" coreType="Peripheral" cBy="AnW" cDate="07/26/2010 11:14:32 PDT Mon" abbrev="" name="Attack" ID="14080">
        <definition>&lt;def-root&gt;This FE describes the literal or figurative &lt;fen&gt;Attack&lt;/fen&gt; that the &lt;fen&gt;Agent&lt;/fen&gt; is strengthening the &lt;fen&gt;Patient&lt;/fen&gt; for.&lt;/def-root&gt;</definition>
    </FE>
    <frameRelation type="Inherits from">
        <relatedFrame ID="1781">Cause_change_of_strength</relatedFrame>
    </frameRelation>
    <frameRelation type="Is Inherited by"/>
    <frameRelation type="Perspective on"/>
    <frameRelation type="Is Perspectivized in"/>
    <frameRelation type="Uses"/>
    <frameRelation type="Is Used by"/>
    <frameRelation type="Subframe of"/>
    <frameRelation type="Has Subframe(s)"/>
    <frameRelation type="Precedes"/>
    <frameRelation type="Is Preceded by"/>
    <frameRelation type="Is Inchoative of"/>
    <frameRelation type="Is Causative of"/>
    <frameRelation type="See also"/>
    <lexUnit status="Created" POS="V" name="buttress.v" ID="13534" lemmaID="5084" cBy="RLG" cDate="08/22/2006 11:48:44 PDT Tue">
        <definition>COD: support or strengthen</definition>
        <sentenceCount annotated="0" total="0"/>
        <lexeme order="1" headword="false" breakBefore="false" POS="V" name="buttress"/>
    </lexUnit>
    <lexUnit status="Created" POS="V" name="bulwark.v" ID="13535" lemmaID="50430" cBy="RLG" cDate="08/22/2006 11:49:41 PDT Tue">
        <definition>FN: provide with a stronger defense; fortify.</definition>
        <sentenceCount annotated="0" total="0"/>
        <lexeme order="1" headword="true" breakBefore="false" POS="V" name="bulwark"/>
    </lexUnit>
    <lexUnit status="Needs_SCs" POS="V" name="brace.v" ID="13536" lemmaID="4387" cBy="RLG" cDate="08/22/2006 11:50:26 PDT Tue">
        <definition>COD: make stronger or firmer with wood, iron, etc.</definition>
        <sentenceCount annotated="1" total="107"/>
        <lexeme order="1" headword="false" breakBefore="false" POS="V" name="brace"/>
    </lexUnit>
</frame>