<?xml version="1.0" encoding="UTF-8" standalone="yes"?>
<?xml-stylesheet type="text/xsl" href="frame.xsl"?>
<frame cBy="CVa" cDate="02/28/2012 12:43:07 PST Tue" name="Chaos" ID="2705" xsi:schemaLocation="../schema/frame.xsd" xmlns="http://framenet.icsi.berkeley.edu" xmlns:xsi="http://www.w3.org/2001/XMLSchema-instance">
    <definition>&lt;def-root&gt;The lexical units in this frame have to do with an &lt;fen&gt;Entity&lt;/fen&gt; being in a &lt;fen&gt;State&lt;/fen&gt; of order or disorder.  Often the &lt;fen&gt;Entity&lt;/fen&gt; is unexpressed in this frame and is, therefore, marked as a null instantiation.  
&lt;ex&gt;&lt;/ex&gt;
&lt;ex&gt;Soon &lt;fex name="Ent"&gt;the system&lt;/fex&gt; was &lt;m&gt;in&lt;/m&gt; &lt;fex name="Degree"&gt;total&lt;/fex&gt; &lt;t&gt;&lt;fex name="St"&gt;chaos&lt;/fex&gt;&lt;/t&gt;.&lt;/ex&gt;
&lt;ex&gt;&lt;/ex&gt;
&lt;ex&gt;Fifa had already fined the Brazilians a minor sum for &lt;fex name="Ent"&gt;crowd&lt;/fex&gt; &lt;t&gt;&lt;fex name="St"&gt;disorder&lt;/fex&gt;&lt;/t&gt;.&lt;/ex&gt;
&lt;ex&gt;&lt;/ex&gt;
&lt;ex&gt;He had a hammer and banged it against the walls to restore &lt;t&gt;&lt;fex name="St"&gt;order&lt;/fex&gt;&lt;/t&gt; but nobody took any notice of him. &lt;fex name="Ent"&gt;INI&lt;/fex&gt;&lt;/ex&gt;&lt;/def-root&gt;</definition>
    <FE bgColor="0000FF" fgColor="FFFFFF" coreType="Core" cBy="CVa" cDate="02/28/2012 01:00:50 PST Tue" abbrev="Ent" name="Entity" ID="15484">
        <definition>&lt;def-root&gt;The object or phenomenon which exists in the &lt;fen&gt;State&lt;/fen&gt; of disorder.  It is common for the &lt;fen&gt;Entity&lt;/fen&gt; to be null instantiated in this frame.

&lt;ex&gt;Subsequent bomb alerts caused &lt;fex name="Ent"&gt;travel&lt;/fex&gt;&lt;t&gt;chaos&lt;/t&gt; in the London Underground.&lt;/ex&gt;

&lt;ex&gt;Get the treaty signed before there's time for any more &lt;t&gt;chaos&lt;/t&gt;.&lt;fex name="Ent"&gt;INI&lt;/fex&gt;&lt;/ex&gt;&lt;/def-root&gt;</definition>
    </FE>
    <FE bgColor="800080" fgColor="FFFFFF" coreType="Core" cBy="CVa" cDate="02/28/2012 01:08:46 PST Tue" abbrev="St" name="State" ID="15485">
        <definition>&lt;def-root&gt;The &lt;fen&gt;State&lt;/fen&gt; in which the &lt;fen&gt;Entity&lt;/fen&gt; exists.  Usually the &lt;fen&gt;State&lt;/fen&gt; will be the target-denoting noun.

&lt;ex&gt;More &lt;t&gt;&lt;fex name="St"&gt;chaos&lt;/fex&gt;&lt;/t&gt; awaits the Soviet Union unless it ditches perestroika for a Thatcherite purge of its economy.&lt;/ex&gt;&lt;/def-root&gt;</definition>
    </FE>
    <FE bgColor="FF00FF" fgColor="000000" coreType="Peripheral" cBy="CVa" cDate="02/28/2012 01:15:07 PST Tue" abbrev="Deg" name="Degree" ID="15486">
        <definition>&lt;def-root&gt;The degree to which the &lt;fen&gt;State&lt;/fen&gt; exists.

&lt;ex&gt;Booking, reservations, staffing and just about everything was in a state of &lt;fex name="Deg"&gt;total&lt;/fex&gt; &lt;t&gt;chaos&lt;/t&gt;.&lt;/ex&gt;&lt;/def-root&gt;</definition>
        <semType name="Degree" ID="172"/>
    </FE>
    <FE bgColor="008000" fgColor="FFFFFF" coreType="Peripheral" cBy="CVa" cDate="02/28/2012 01:17:50 PST Tue" abbrev="P" name="Place" ID="15487">
        <definition>&lt;def-root&gt;The location where the &lt;fen&gt;Entity&lt;/fen&gt; exists in the &lt;fen&gt;State&lt;/fen&gt;.

&lt;ex&gt;Lying in bed listening to the &lt;t&gt;chaos&lt;/t&gt; &lt;fex name="P"&gt;downstairs&lt;/fex&gt;, he knew his conquest had only been temporary.&lt;/ex&gt;&lt;/def-root&gt;</definition>
        <semType name="Location" ID="54"/>
    </FE>
    <FE bgColor="FFA500" fgColor="000000" coreType="Extra-Thematic" cBy="CVa" cDate="02/28/2012 01:27:28 PST Tue" abbrev="Dur" name="Duration" ID="15488">
        <definition>&lt;def-root&gt;The amount of time in which the &lt;fen&gt;Entity&lt;/fen&gt; exists in the &lt;fen&gt;State&lt;/fen&gt;&lt;/def-root&gt;</definition>
    </FE>
    <FE bgColor="FFD700" fgColor="000000" coreType="Peripheral" cBy="CVa" cDate="02/28/2012 01:28:57 PST Tue" abbrev="T" name="Time" ID="15489">
        <definition>&lt;def-root&gt;The time at which the &lt;fen&gt;Entity&lt;/fen&gt; exists in the &lt;fen&gt;State&lt;/fen&gt;.

&lt;ex&gt;Monica Lewinksy in 1998 gave him a rich new target, as did the electoral &lt;t&gt;chaos&lt;/t&gt; &lt;fex name="T"&gt;of 2000&lt;/fex&gt;.&lt;/ex&gt;
&lt;/def-root&gt;</definition>
        <semType name="Time" ID="141"/>
    </FE>
    <FE bgColor="9400D3" fgColor="FFFFFF" coreType="Peripheral" cBy="CVa" cDate="02/29/2012 01:25:31 PST Wed" abbrev="Des" name="Descriptor" ID="15494">
        <definition>&lt;def-root&gt;Any characterization of the &lt;fen&gt;State&lt;/fen&gt; not covered by a more specific frame element.

&lt;ex&gt;Let him picture her pottering in the &lt;fex name="Des"&gt;improvised&lt;/fex&gt; &lt;t&gt;chaos&lt;/t&gt; of a damp, windowless room.&lt;/ex&gt;

&lt;/def-root&gt;</definition>
    </FE>
    <frameRelation type="Inherits from">
        <relatedFrame ID="150">State</relatedFrame>
    </frameRelation>
    <frameRelation type="Is Inherited by"/>
    <frameRelation type="Perspective on"/>
    <frameRelation type="Is Perspectivized in"/>
    <frameRelation type="Uses"/>
    <frameRelation type="Is Used by"/>
    <frameRelation type="Subframe of"/>
    <frameRelation type="Has Subframe(s)"/>
    <frameRelation type="Precedes"/>
    <frameRelation type="Is Preceded by"/>
    <frameRelation type="Is Inchoative of"/>
    <frameRelation type="Is Causative of"/>
    <frameRelation type="See also"/>
    <lexUnit status="Finished_Initial" POS="N" name="chaos.n" ID="16916" lemmaID="6057" cBy="CVa" cDate="02/28/2012 01:32:58 PST Tue">
        <definition>FN: a state of disorder</definition>
        <sentenceCount annotated="17" total="78"/>
        <lexeme order="1" headword="false" breakBefore="false" POS="N" name="chaos"/>
    </lexUnit>
    <lexUnit status="Finished_Initial" POS="N" name="disorder.n" ID="16917" lemmaID="51493" cBy="CVa" cDate="02/28/2012 01:33:36 PST Tue">
        <definition>FN: a state of chaos or confusion</definition>
        <sentenceCount annotated="14" total="84"/>
        <lexeme order="1" headword="true" breakBefore="false" POS="N" name="disorder"/>
    </lexUnit>
    <lexUnit status="Finished_Initial" POS="N" name="order.n" ID="16918" lemmaID="51490" cBy="CVa" cDate="02/28/2012 01:34:00 PST Tue">
        <definition>FN: a state of non-confusion; the opposite of chaos</definition>
        <sentenceCount annotated="18" total="125"/>
        <lexeme order="1" headword="true" breakBefore="false" POS="N" name="order"/>
    </lexUnit>
    <lexUnit status="Finished_Initial" POS="N" name="disarray.n" ID="16919" lemmaID="10812" cBy="CVa" cDate="02/28/2012 01:56:19 PST Tue">
        <definition>FN: a state of disorder</definition>
        <sentenceCount annotated="16" total="63"/>
        <lexeme order="1" headword="false" breakBefore="false" POS="N" name="disarray"/>
    </lexUnit>
    <lexUnit status="Finished_Initial" POS="N" name="lawlessness.n" ID="16923" lemmaID="21861" cBy="CVa" cDate="02/29/2012 02:22:17 PST Wed">
        <definition>FN: the lack of order</definition>
        <sentenceCount annotated="17" total="57"/>
        <lexeme order="1" headword="false" breakBefore="false" POS="N" name="lawlessness"/>
    </lexUnit>
    <lexUnit status="Created" POS="N" name="riot.n" ID="18613" lemmaID="33311" cBy="HPh" cDate="02/08/2016 08:20:53 PST Mon">
        <definition>FN: a noisy, violent public disorder caused by a mob of people</definition>
        <sentenceCount annotated="0" total="0"/>
        <lexeme order="1" headword="false" breakBefore="false" POS="N" name="riot"/>
    </lexUnit>
</frame>