<?xml version="1.0" encoding="UTF-8" standalone="yes"?>
<?xml-stylesheet type="text/xsl" href="frame.xsl"?>
<frame cBy="KCo" cDate="02/14/2002 01:26:02 PST Thu" name="Chemical-sense_description" ID="271" xsi:schemaLocation="../schema/frame.xsd" xmlns="http://framenet.icsi.berkeley.edu" xmlns:xsi="http://www.w3.org/2001/XMLSchema-instance">
    <definition>&lt;def-root&gt;This  frame covers the descriptions of tastes and smells, and has one main frame element, &lt;fen&gt;Source&lt;/fen&gt;. The frame element &lt;fen&gt;Sensory_attribute&lt;/fen&gt; occurs mainly with the words taste, flavour, and smell.

&lt;ex&gt;The almonds had a &lt;t&gt;bitter&lt;/t&gt; &lt;fex name="Sensory_attribute"&gt;taste&lt;/fex&gt;.&lt;/ex&gt;
&lt;ex&gt;&lt;fex name="Source"&gt;The almonds&lt;/fex&gt; &lt;m&gt;are&lt;/m&gt; &lt;t&gt;bitter&lt;/t&gt;.&lt;/ex&gt;&lt;/def-root&gt;</definition>
    <FE bgColor="FF0000" fgColor="FFFFFF" coreType="Core" cBy="KCo" cDate="02/14/2002 01:37:11 PST Thu" abbrev="Source" name="Perceptual_source" ID="2324">
        <definition>&lt;def-root&gt;&lt;fen&gt;Perceptual_source&lt;/fen&gt; is used for the entity that is being described. A recipe can stand in for a &lt;fen&gt;Perceptual_source&lt;/fen&gt; which is a kind of food.
&lt;/def-root&gt;</definition>
    </FE>
    <FE bgColor="FF69B4" fgColor="FFFFFF" coreType="Peripheral" cBy="KCo" cDate="02/14/2002 01:38:03 PST Thu" abbrev="Degr" name="Degree" ID="2325">
        <definition>&lt;def-root&gt;This FE identifies the &lt;fen&gt;Degree&lt;/fen&gt; to which a chemical sense is described.

&lt;ex&gt;The almonds are &lt;fex name="Degr"&gt;extremely&lt;/fex&gt; bitter.&lt;/ex&gt;&lt;/def-root&gt;</definition>
        <semType name="Degree" ID="172"/>
    </FE>
    <FE bgColor="0000FF" fgColor="FFFFFF" coreType="Core" cBy="KCo" cDate="02/19/2002 12:25:40 PST Tue" abbrev="Percept" name="Sensory_attribute" ID="2336">
        <definition>&lt;def-root&gt;&lt;fen&gt;Sensory_attribute&lt;/fen&gt; is used for words that describe the perception itself.
	
&lt;ex&gt;The almonds had a &lt;t&gt;bitter&lt;/t&gt; &lt;fex name="Sensory_attribute"&gt; taste&lt;/fex&gt;.&lt;/ex&gt;
&lt;ex&gt;The coffee had a &lt;t&gt;pungent&lt;/t&gt; &lt;fex name="Sensory_attribute"&gt;smell&lt;/fex&gt;.&lt;/ex&gt;&lt;/def-root&gt;</definition>
    </FE>
    <FEcoreSet>
        <memberFE name="Sensory_attribute" ID="2336"/>
        <memberFE name="Perceptual_source" ID="2324"/>
    </FEcoreSet>
    <frameRelation type="Inherits from">
        <relatedFrame ID="1015">Gradable_attributes</relatedFrame>
    </frameRelation>
    <frameRelation type="Is Inherited by"/>
    <frameRelation type="Perspective on"/>
    <frameRelation type="Is Perspectivized in"/>
    <frameRelation type="Uses">
        <relatedFrame ID="67">Give_impression</relatedFrame>
    </frameRelation>
    <frameRelation type="Is Used by"/>
    <frameRelation type="Subframe of"/>
    <frameRelation type="Has Subframe(s)"/>
    <frameRelation type="Precedes"/>
    <frameRelation type="Is Preceded by"/>
    <frameRelation type="Is Inchoative of"/>
    <frameRelation type="Is Causative of"/>
    <frameRelation type="See also"/>
    <lexUnit status="Finished_Initial" POS="A" name="tasty.a" ID="4927" lemmaID="39591" cBy="KCo" cDate="02/14/2002 02:02:42 PST Thu">
        <definition>COD: (of food) having a pleasant, distinct flavour. </definition>
        <sentenceCount annotated="22" total="114"/>
        <lexeme order="1" headword="false" breakBefore="false" POS="A" name="tasty"/>
    </lexUnit>
    <lexUnit status="Finished_Initial" POS="A" name="piquant.a" ID="4929" lemmaID="29111" cBy="KCo" cDate="02/14/2002 02:24:36 PST Thu">
        <definition>COD: having a pleasantly sharp taste or appetizing flavour. [Cookery] </definition>
        <sentenceCount annotated="7" total="40"/>
        <lexeme order="1" headword="false" breakBefore="false" POS="A" name="piquant"/>
    </lexUnit>
    <lexUnit status="Finished_Initial" POS="A" name="yummy.a" ID="4930" lemmaID="45460" cBy="KCo" cDate="02/14/2002 02:25:54 PST Thu">
        <definition>COD: informal delicious. </definition>
        <sentenceCount annotated="5" total="19"/>
        <lexeme order="1" headword="false" breakBefore="false" POS="A" name="yummy"/>
    </lexUnit>
    <lexUnit status="Finished_Initial" POS="A" name="flavourful.a" ID="4932" lemmaID="45462" cBy="KCo" cDate="02/14/2002 02:32:19 PST Thu">
        <definition>FN: possessing a lot of flavour.</definition>
        <sentenceCount annotated="5" total="6"/>
        <lexeme order="1" headword="false" breakBefore="false" POS="A" name="flavorful"/>
    </lexUnit>
    <lexUnit status="Finished_Initial" POS="A" name="scrumptious.a" ID="4933" lemmaID="34609" cBy="KCo" cDate="02/14/2002 02:38:08 PST Thu">
        <definition>COD: informal (of food) extremely appetizing or delicious. </definition>
        <sentenceCount annotated="4" total="15"/>
        <lexeme order="1" headword="false" breakBefore="false" POS="A" name="scrumptious"/>
    </lexUnit>
    <lexUnit status="Finished_Initial" POS="A" name="palatable.a" ID="4934" lemmaID="27559" cBy="KCo" cDate="02/14/2002 02:39:57 PST Thu">
        <definition>COD: pleasant to taste. </definition>
        <sentenceCount annotated="8" total="94"/>
        <lexeme order="1" headword="false" breakBefore="false" POS="A" name="palatable"/>
    </lexUnit>
    <lexUnit status="Finished_Initial" POS="A" name="delectable.a" ID="4935" lemmaID="10011" cBy="KCo" cDate="02/14/2002 02:42:01 PST Thu">
        <definition>COD: (of food or drink) delicious. </definition>
        <sentenceCount annotated="8" total="77"/>
        <lexeme order="1" headword="false" breakBefore="false" POS="A" name="delectable"/>
    </lexUnit>
    <lexUnit status="Finished_Initial" POS="A" name="flavoursome.a" ID="4936" lemmaID="45463" cBy="KCo" cDate="02/14/2002 02:43:19 PST Thu">
        <definition>COD: full of flavour</definition>
        <sentenceCount annotated="4" total="15"/>
        <lexeme order="1" headword="false" breakBefore="false" POS="A" name="flavorsome"/>
    </lexUnit>
    <lexUnit status="Needs_SCs" POS="A" name="toothsome.a" ID="4937" lemmaID="40705" cBy="KCo" cDate="02/14/2002 02:45:14 PST Thu">
        <definition>COD: (of food) temptingly tasty. </definition>
        <sentenceCount annotated="1" total="9"/>
        <lexeme order="1" headword="false" breakBefore="false" POS="A" name="toothsome"/>
    </lexUnit>
    <lexUnit status="Insufficient_Attestations" POS="A" name="ambrosial.a" ID="4938" lemmaID="45464" cBy="KCo" cDate="02/14/2002 02:48:34 PST Thu">
        <definition>FN: extremely tasty</definition>
        <sentenceCount annotated="1" total="3"/>
        <lexeme order="1" headword="false" breakBefore="false" POS="A" name="ambrosial"/>
    </lexUnit>
    <lexUnit status="Insufficient_Attestations" POS="A" name="sapid.a" ID="4939" lemmaID="45465" cBy="KCo" cDate="02/14/2002 02:50:22 PST Thu">
        <definition>COD: flavoursome. </definition>
        <sentenceCount annotated="0" total="0"/>
        <lexeme order="1" headword="false" breakBefore="false" POS="A" name="sapid"/>
    </lexUnit>
    <lexUnit status="Finished_Initial" POS="A" name="salty.a" ID="4940" lemmaID="34036" cBy="KCo" cDate="02/14/2002 02:53:13 PST Thu">
        <definition>COD: tasting of, containing, or preserved with salt. </definition>
        <sentenceCount annotated="13" total="88"/>
        <lexeme order="1" headword="false" breakBefore="false" POS="A" name="salty"/>
    </lexUnit>
    <lexUnit status="Finished_Initial" POS="A" name="sour.a" ID="4941" lemmaID="37053" cBy="KCo" cDate="02/14/2002 02:56:26 PST Thu">
        <definition>COD: having an acid taste like lemon or vinegar. </definition>
        <sentenceCount annotated="15" total="136"/>
        <lexeme order="1" headword="false" breakBefore="false" POS="A" name="sour"/>
    </lexUnit>
    <lexUnit status="Finished_Initial" POS="A" name="bitter.a" ID="4942" lemmaID="3690" cBy="KCo" cDate="02/14/2002 03:00:31 PST Thu">
        <definition>COD: having a sharp, pungent taste or smell; not sweet. </definition>
        <sentenceCount annotated="15" total="120"/>
        <lexeme order="1" headword="false" breakBefore="false" POS="A" name="bitter"/>
    </lexUnit>
    <lexUnit status="Finished_Initial" POS="A" name="spicy.a" ID="4943" lemmaID="37310" cBy="KCo" cDate="02/14/2002 03:12:20 PST Thu">
        <definition>COD: flavoured with spice. </definition>
        <sentenceCount annotated="17" total="88"/>
        <lexeme order="1" headword="false" breakBefore="false" POS="A" name="spicy"/>
    </lexUnit>
    <lexUnit status="Finished_Initial" POS="A" name="sweet.a" ID="4944" lemmaID="39127" cBy="KCo" cDate="02/14/2002 03:17:28 PST Thu">
        <definition>COD: having the pleasant taste characteristic of sugar or honey; not salt, sour, or bitter. </definition>
        <sentenceCount annotated="27" total="197"/>
        <lexeme order="1" headword="false" breakBefore="false" POS="A" name="sweet"/>
    </lexUnit>
    <lexUnit status="Created" POS="A" name="hot.a" ID="4945" lemmaID="18483" cBy="KCo" cDate="02/14/2002 03:22:15 PST Thu">
        <definition>COD: causing a burning sensation in the mouth</definition>
        <sentenceCount annotated="0" total="0"/>
        <lexeme order="1" headword="false" breakBefore="false" POS="A" name="hot"/>
    </lexUnit>
    <lexUnit status="Finished_Initial" POS="A" name="savory.a" ID="4954" lemmaID="45461" cBy="KCo" cDate="02/19/2002 03:15:47 PST Tue">
        <definition>COD: (of food) salty or spicy rather than sweet. </definition>
        <sentenceCount annotated="12" total="70"/>
        <lexeme order="1" headword="false" breakBefore="false" POS="A" name="savory"/>
    </lexUnit>
    <lexUnit status="Finished_Initial" POS="A" name="delicious.a" ID="4956" lemmaID="10036" cBy="KCo" cDate="02/19/2002 03:20:33 PST Tue">
        <definition>COD: highly pleasant to the taste. </definition>
        <sentenceCount annotated="32" total="190"/>
        <lexeme order="1" headword="false" breakBefore="false" POS="A" name="delicious"/>
    </lexUnit>
    <lexUnit status="Finished_Initial" POS="A" name="pungent.a" ID="4972" lemmaID="31163" cBy="KCo" cDate="02/21/2002 10:54:44 PST Thu">
        <definition>COD: having a sharply strong taste or smell. </definition>
        <sentenceCount annotated="14" total="127"/>
        <lexeme order="1" headword="false" breakBefore="false" POS="A" name="pungent"/>
    </lexUnit>
    <lexUnit status="Finished_Initial" POS="A" name="tart.a" ID="4973" lemmaID="39569" cBy="KCo" cDate="02/21/2002 10:56:28 PST Thu">
        <definition>COD: sharp or acid in taste. </definition>
        <sentenceCount annotated="6" total="104"/>
        <lexeme order="1" headword="false" breakBefore="false" POS="A" name="tart"/>
    </lexUnit>
    <lexUnit status="Needs_SCs" POS="A" name="flavourless.a" ID="4974" lemmaID="14656" cBy="KCo" cDate="02/21/2002 11:06:07 PST Thu">
        <definition>FN: without flavour</definition>
        <sentenceCount annotated="1" total="4"/>
        <lexeme order="1" headword="false" breakBefore="false" POS="A" name="flavorless"/>
    </lexUnit>
    <lexUnit status="Finished_Initial" POS="A" name="bland.a" ID="4975" lemmaID="3758" cBy="KCo" cDate="02/21/2002 11:21:04 PST Thu">
        <definition>COD: (of food or drink) lacking flavour or seasoning; insipid. </definition>
        <sentenceCount annotated="5" total="80"/>
        <lexeme order="1" headword="false" breakBefore="false" POS="A" name="bland"/>
    </lexUnit>
    <lexUnit status="Finished_Initial" POS="A" name="insipid.a" ID="4976" lemmaID="20128" cBy="KCo" cDate="02/21/2002 11:33:27 PST Thu">
        <definition>COD: lacking flavour. </definition>
        <sentenceCount annotated="5" total="50"/>
        <lexeme order="1" headword="false" breakBefore="false" POS="A" name="insipid"/>
    </lexUnit>
    <lexUnit status="Finished_Initial" POS="A" name="unpalatable.a" ID="4977" lemmaID="45473" cBy="KCo" cDate="02/21/2002 11:37:30 PST Thu">
        <definition>COD: not pleasant to taste. </definition>
        <sentenceCount annotated="5" total="91"/>
        <lexeme order="1" headword="false" breakBefore="false" POS="A" name="unpalatable"/>
    </lexUnit>
    <lexUnit status="Finished_Initial" POS="N" name="stench.n" ID="4978" lemmaID="37964" cBy="KCo" cDate="02/21/2002 02:11:03 PST Thu">
        <definition>COD: a strong and very unpleasant smell</definition>
        <sentenceCount annotated="17" total="128"/>
        <lexeme order="1" headword="false" breakBefore="false" POS="N" name="stench"/>
    </lexUnit>
    <lexUnit status="Finished_Initial" POS="N" name="odor.n" ID="4979" lemmaID="37" cBy="KCo" cDate="02/21/2002 02:24:50 PST Thu">
        <definition>COD: a distinctive smell</definition>
        <sentenceCount annotated="29" total="286"/>
        <lexeme order="1" headword="false" breakBefore="false" POS="N" name="odor"/>
    </lexUnit>
    <lexUnit status="Finished_Initial" POS="N" name="reek.n" ID="4980" lemmaID="32287" cBy="KCo" cDate="02/21/2002 02:26:05 PST Thu">
        <definition>COD: in sing. a foul smell. </definition>
        <sentenceCount annotated="6" total="32"/>
        <lexeme order="1" headword="false" breakBefore="false" POS="N" name="reek"/>
    </lexUnit>
    <lexUnit status="Finished_Initial" POS="V" name="reek.v" ID="4981" lemmaID="32288" cBy="KCo" cDate="02/21/2002 02:27:19 PST Thu">
        <definition>COD: have a foul smell. </definition>
        <sentenceCount annotated="5" total="68"/>
        <lexeme order="1" headword="false" breakBefore="false" POS="V" name="reek"/>
    </lexUnit>
    <lexUnit status="Finished_Initial" POS="N" name="stink.n" ID="4982" lemmaID="38080" cBy="KCo" cDate="02/21/2002 02:30:53 PST Thu">
        <definition>COD: a strong, unpleasant smell. </definition>
        <sentenceCount annotated="7" total="125"/>
        <lexeme order="1" headword="false" breakBefore="false" POS="N" name="stink"/>
    </lexUnit>
    <lexUnit status="Finished_Initial" POS="V" name="stink.v" ID="4983" lemmaID="38081" cBy="KCo" cDate="02/21/2002 02:34:10 PST Thu">
        <definition>COD: have a strong unpleasant smell. </definition>
        <sentenceCount annotated="5" total="102"/>
        <lexeme order="1" headword="false" breakBefore="false" POS="V" name="stink"/>
    </lexUnit>
    <lexUnit status="Finished_Initial" POS="N" name="aroma.n" ID="4984" lemmaID="1959" cBy="KCo" cDate="02/21/2002 02:41:52 PST Thu">
        <definition>COD: a pleasant and distinctive smell. </definition>
        <sentenceCount annotated="10" total="150"/>
        <lexeme order="1" headword="false" breakBefore="false" POS="N" name="aroma"/>
    </lexUnit>
    <lexUnit status="Finished_Initial" POS="N" name="fragrance.n" ID="4985" lemmaID="15306" cBy="KCo" cDate="02/21/2002 02:42:45 PST Thu">
        <definition>COD:  a pleasant, sweet smell</definition>
        <sentenceCount annotated="8" total="123"/>
        <lexeme order="1" headword="false" breakBefore="false" POS="N" name="fragrance"/>
    </lexUnit>
    <lexUnit status="Created" POS="N" name="scent.n" ID="4986" lemmaID="34381" cBy="KCo" cDate="02/21/2002 02:43:39 PST Thu">
        <definition>COD:  a distinctive smell, especially one that is pleasant</definition>
        <sentenceCount annotated="0" total="0"/>
        <lexeme order="1" headword="false" breakBefore="false" POS="N" name="scent"/>
    </lexUnit>
    <lexUnit status="Finished_Initial" POS="N" name="bouquet.n" ID="4987" lemmaID="4318" cBy="KCo" cDate="02/21/2002 02:44:34 PST Thu">
        <definition>COD: the characteristic scent of a wine or perfume. </definition>
        <sentenceCount annotated="6" total="161"/>
        <lexeme order="1" headword="false" breakBefore="false" POS="N" name="bouquet"/>
    </lexUnit>
    <lexUnit status="Finished_Initial" POS="A" name="smelly.a" ID="4988" lemmaID="36509" cBy="KCo" cDate="02/21/2002 02:46:22 PST Thu">
        <definition>FN: The quality of something with a strong smell.</definition>
        <sentenceCount annotated="12" total="150"/>
        <lexeme order="1" headword="false" breakBefore="false" POS="A" name="smelly"/>
    </lexUnit>
    <lexUnit status="Finished_Initial" POS="A" name="aromatic.a" ID="4989" lemmaID="1960" cBy="KCo" cDate="02/21/2002 02:53:28 PST Thu">
        <definition>COD: having an aroma. </definition>
        <sentenceCount annotated="11" total="99"/>
        <lexeme order="1" headword="false" breakBefore="false" POS="A" name="aromatic"/>
    </lexUnit>
    <lexUnit status="Finished_Initial" POS="A" name="fragrant.a" ID="4991" lemmaID="15307" cBy="KCo" cDate="02/21/2002 03:29:19 PST Thu">
        <definition>COD: having a pleasant or sweet smell. </definition>
        <sentenceCount annotated="10" total="150"/>
        <lexeme order="1" headword="false" breakBefore="false" POS="A" name="fragrant"/>
    </lexUnit>
    <lexUnit status="Finished_Initial" POS="A" name="tasteless.a" ID="6052" lemmaID="39586" cBy="JKR" cDate="06/08/2002 04:45:48 PDT Sat">
        <definition>COD: lacking flavour. </definition>
        <sentenceCount annotated="18" total="85"/>
        <lexeme order="1" headword="false" breakBefore="false" POS="A" name="tasteless"/>
    </lexUnit>
    <lexUnit status="Finished_Initial" POS="A" name="malodorous.a" ID="6906" lemmaID="23290" cBy="JKR" cDate="07/29/2002 08:26:35 PDT Mon">
        <definition>COD: smelling very unpleasant.</definition>
        <sentenceCount annotated="6" total="19"/>
        <lexeme order="1" headword="false" breakBefore="false" POS="A" name="malodorous"/>
    </lexUnit>
    <lexUnit status="Created" POS="V" name="smell.v" ID="8920" lemmaID="36506" cBy="ACW" cDate="06/24/2003 09:27:59 PDT Tue">
        <definition>COD: have a strong or unpleasant odour. </definition>
        <sentenceCount annotated="0" total="0"/>
        <lexeme order="1" headword="false" breakBefore="false" POS="V" name="smell"/>
    </lexUnit>
</frame>