<?xml version="1.0" encoding="UTF-8" standalone="yes"?>
<?xml-stylesheet type="text/xsl" href="frame.xsl"?>
<frame cBy="AlK" cDate="08/10/2011 12:59:20 PDT Wed" name="Circumscribed_existence" ID="2612" xsi:schemaLocation="../schema/frame.xsd" xmlns="http://framenet.icsi.berkeley.edu" xmlns:xsi="http://www.w3.org/2001/XMLSchema-instance">
    <definition>&lt;def-root&gt;An &lt;fen&gt;Entity&lt;/fen&gt; is understood to be experienceable within a particular set of delimited &lt;fen&gt;Circumstances&lt;/fen&gt;, which may be more narrowly expressed by a &lt;fen&gt;Time&lt;/fen&gt;, &lt;fen&gt;Place&lt;/fen&gt;.

&lt;ex&gt;&lt;fex name="Entity"&gt;This type of behavior&lt;/fex&gt; &lt;t&gt;occurs&lt;/t&gt; &lt;fex name="Circumstances"&gt;in several primate mating rituals&lt;/fex&gt;.&lt;/ex&gt;
&lt;ex&gt;&lt;fex name="Entity"&gt;Craft beers&lt;/fex&gt; have started to &lt;t&gt;appear&lt;/t&gt; &lt;fex name="Place"&gt;in grocery stores all over the country&lt;/fex&gt;.&lt;/ex&gt;&lt;/def-root&gt;</definition>
    <FE bgColor="FF0000" fgColor="FFFFFF" coreType="Core" cBy="AlK" cDate="08/10/2011 04:01:00 PDT Wed" abbrev="" name="Entity" ID="14773">
        <definition>&lt;def-root&gt;An object or event that is described as being available under delimited Conditions.&lt;/def-root&gt;</definition>
    </FE>
    <FE bgColor="FFA500" fgColor="FFFFFF" coreType="Core" cBy="AlK" cDate="08/10/2011 04:03:47 PDT Wed" abbrev="" name="Time" ID="14774">
        <definition>&lt;def-root&gt;A temporal characterization of the circumstances of the existence of an &lt;fen&gt;Entity&lt;/fen&gt;.&lt;/def-root&gt;</definition>
    </FE>
    <FE bgColor="008000" fgColor="FFFFFF" coreType="Core" cBy="AlK" cDate="08/10/2011 04:13:36 PDT Wed" abbrev="" name="Place" ID="14775">
        <definition>&lt;def-root&gt;A spacial characterization of the &lt;fex name=""&gt;Circumstances&lt;/fex&gt; of the existence of the &lt;fex name=""&gt;Entity&lt;/fex&gt;.&lt;/def-root&gt;</definition>
    </FE>
    <FE bgColor="800080" fgColor="FFFFFF" coreType="Core" cBy="AlK" cDate="08/10/2011 04:14:29 PDT Wed" abbrev="" name="Circumstances" ID="14776">
        <definition>&lt;def-root&gt;A description of the state of the world in which the &lt;fen&gt;Entity&lt;/fen&gt; can be experienced.&lt;/def-root&gt;</definition>
    </FE>
    <FE bgColor="FF69B4" fgColor="FFFFFF" coreType="Peripheral" cBy="AlK" cDate="08/10/2011 04:33:28 PDT Wed" abbrev="" name="Descriptor" ID="14779">
        <definition>&lt;def-root&gt;Properties of the &lt;fen&gt;Entity&lt;/fen&gt; as it exists in the stated &lt;fen&gt;Circumstances&lt;/fen&gt;.&lt;/def-root&gt;</definition>
    </FE>
    <FEcoreSet>
        <memberFE name="Circumstances" ID="14776"/>
        <memberFE name="Place" ID="14775"/>
        <memberFE name="Time" ID="14774"/>
    </FEcoreSet>
    <frameRelation type="Inherits from">
        <relatedFrame ID="660">Existence</relatedFrame>
    </frameRelation>
    <frameRelation type="Is Inherited by"/>
    <frameRelation type="Perspective on"/>
    <frameRelation type="Is Perspectivized in"/>
    <frameRelation type="Uses"/>
    <frameRelation type="Is Used by"/>
    <frameRelation type="Subframe of"/>
    <frameRelation type="Has Subframe(s)"/>
    <frameRelation type="Precedes"/>
    <frameRelation type="Is Preceded by"/>
    <frameRelation type="Is Inchoative of"/>
    <frameRelation type="Is Causative of"/>
    <frameRelation type="See also"/>
    <lexUnit status="Created" POS="V" name="appear.v" ID="16488" lemmaID="1709" cBy="AlK" cDate="08/10/2011 03:57:18 PDT Wed">
        <definition>FN: be visible (under certain circumstances)</definition>
        <sentenceCount annotated="17" total="17"/>
        <lexeme order="1" headword="false" breakBefore="false" POS="V" name="appear"/>
    </lexUnit>
    <lexUnit status="Created" POS="V" name="occur.v" ID="16489" lemmaID="26498" cBy="AlK" cDate="08/10/2011 03:58:40 PDT Wed">
        <definition>FN: (of intangibles) be observable (in some conditions)</definition>
        <sentenceCount annotated="1" total="1"/>
        <lexeme order="1" headword="false" breakBefore="false" POS="V" name="occur"/>
    </lexUnit>
    <lexUnit status="Created" POS="A" name="found.a" ID="16490" lemmaID="51354" cBy="AlK" cDate="08/10/2011 04:00:26 PDT Wed">
        <definition>FN: exist (in some place)</definition>
        <sentenceCount annotated="0" total="0"/>
        <lexeme order="1" headword="true" breakBefore="false" POS="A" name="found"/>
    </lexUnit>
</frame>