<?xml version="1.0" encoding="UTF-8" standalone="yes"?>
<?xml-stylesheet type="text/xsl" href="frame.xsl"?>
<frame cBy="MJE" cDate="08/04/2001 08:20:58 PDT Sat" name="Clothing_parts" ID="194" xsi:schemaLocation="../schema/frame.xsd" xmlns="http://framenet.icsi.berkeley.edu" xmlns:xsi="http://www.w3.org/2001/XMLSchema-instance">
    <definition>&lt;def-root&gt;The &lt;fen&gt;Subpart&lt;/fen&gt;s of &lt;fen&gt;Clothing&lt;/fen&gt; items worn by a &lt;fen&gt;Wearer&lt;/fen&gt; and made of a certain &lt;fen&gt;Material&lt;/fen&gt;.  The &lt;fen&gt;Subpart&lt;/fen&gt; may itself have parts, which we label &lt;fen&gt;Subregion&lt;/fen&gt;:

&lt;ex&gt;The shirt features a long &lt;t&gt;sleeve&lt;/t&gt; &lt;fex name="Subregion"&gt;with shiny gold buttons&lt;/fex&gt;.&lt;/ex&gt;&lt;/def-root&gt;</definition>
    <semType name="Artifact" ID="61"/>
    <FE bgColor="FF0000" fgColor="FFFFFF" coreType="Peripheral" cBy="Shw" cDate="08/11/2001 04:59:58 PDT Sat" abbrev="clo" name="Clothing" ID="1591">
        <definition>&lt;def-root&gt;This is the &lt;fen&gt;Clothing&lt;/fen&gt; of which the target word is a part.

&lt;ex&gt;His &lt;fex name="clo"&gt;trouser&lt;/fex&gt; &lt;t&gt;pocket&lt;/t&gt;...&lt;/ex&gt;&lt;/def-root&gt;</definition>
        <semType name="Artifact" ID="61"/>
    </FE>
    <FE bgColor="00008B" fgColor="FFFFFF" coreType="Core" cBy="Shw" cDate="08/11/2001 05:01:05 PDT Sat" abbrev="sp" name="Subpart" ID="1592">
        <definition>&lt;def-root&gt;This is a &lt;fen&gt;Subpart&lt;/fen&gt; of the &lt;fen&gt;Clothing&lt;/fen&gt; item.

&lt;ex&gt;His trouser &lt;fex name="Subpart"&gt;&lt;t&gt;pocket&lt;/t&gt;&lt;/fex&gt;...&lt;/ex&gt;&lt;/def-root&gt;</definition>
        <semType name="Artifact" ID="61"/>
    </FE>
    <FE bgColor="1E90FF" fgColor="FFFFFF" coreType="Peripheral" cBy="Shw" cDate="08/11/2001 05:04:28 PDT Sat" abbrev="mat" name="Material" ID="1593">
        <definition>&lt;def-root&gt;The &lt;fen&gt;Material&lt;/fen&gt; from which the &lt;fen&gt;Subpart&lt;/fen&gt; is made.

&lt;ex&gt;He wore a jacket with a &lt;fex name="mat"&gt;fur&lt;/fex&gt; &lt;t&gt;collar&lt;/t&gt;.&lt;/ex&gt; &lt;/def-root&gt;</definition>
    </FE>
    <FE bgColor="800080" fgColor="FFFFFF" coreType="Peripheral" cBy="Shw" cDate="08/13/2001 12:29:55 PDT Mon" abbrev="Subr" name="Subregion" ID="1604">
        <definition>&lt;def-root&gt;A part of the &lt;fen&gt;Clothing&lt;/fen&gt; item.

&lt;ex&gt;a shirt &lt;fex name="Subregion"&gt;with long sleeves&lt;/fex&gt;&lt;/ex&gt;&lt;/def-root&gt;</definition>
        <semType name="Locative_relation" ID="182"/>
    </FE>
    <FE bgColor="FF69B4" fgColor="FFFFFF" coreType="Peripheral" cBy="KCo" cDate="08/17/2001 04:13:01 PDT Fri" abbrev="Wear" name="Wearer" ID="1656">
        <definition>&lt;def-root&gt;The person who is wearing the clothes, or for whom the clothes are intended.

&lt;ex&gt;&lt;fex name="Wear"&gt;He&lt;/fex&gt; wore a filthy leather miniskirt.&lt;/ex&gt;&lt;/def-root&gt;</definition>
        <semType name="Sentient" ID="5"/>
    </FE>
    <FE bgColor="9F79EE" fgColor="FFFFFF" coreType="Peripheral" cBy="ACW" cDate="08/27/2001 12:35:58 PDT Mon" abbrev="BLoc" name="Body_location" ID="1754">
        <definition>&lt;def-root&gt;This is the part of the body were the garment is worn.

&lt;ex&gt;He had a stocking &lt;fex name="BLoc"&gt;over his head&lt;/fex&gt;.&lt;/ex&gt;
&lt;ex&gt;He put gloves &lt;fex name="BLoc"&gt;on his hands&lt;/fex&gt;.&lt;/ex&gt;&lt;/def-root&gt;</definition>
        <semType name="Locative_relation" ID="182"/>
    </FE>
    <FE bgColor="008000" fgColor="FFFFFF" coreType="Peripheral" cBy="RLG" cDate="10/06/2004 05:20:19 PDT Wed" abbrev="Des" name="Descriptor" ID="7171">
        <definition>&lt;def-root&gt;This FE identifes any description of the clothing besides &lt;fen&gt;Material&lt;/fen&gt;.

&lt;ex&gt;He shoved his left hand into a &lt;fex name="Des"&gt;deep&lt;/fex&gt; pant &lt;t&gt;pocket&lt;/t&gt;.&lt;/ex&gt;&lt;/def-root&gt;</definition>
    </FE>
    <frameRelation type="Inherits from"/>
    <frameRelation type="Is Inherited by"/>
    <frameRelation type="Perspective on"/>
    <frameRelation type="Is Perspectivized in"/>
    <frameRelation type="Uses">
        <relatedFrame ID="134">Clothing</relatedFrame>
    </frameRelation>
    <frameRelation type="Is Used by"/>
    <frameRelation type="Subframe of"/>
    <frameRelation type="Has Subframe(s)"/>
    <frameRelation type="Precedes"/>
    <frameRelation type="Is Preceded by"/>
    <frameRelation type="Is Inchoative of"/>
    <frameRelation type="Is Causative of"/>
    <frameRelation type="See also"/>
    <lexUnit status="Finished_Initial" POS="N" name="bootlace.n" ID="3709" lemmaID="4202" cBy="Shw" cDate="08/11/2001 05:10:23 PDT Sat">
        <definition>COD: a cord or leather strip for lacing boots. </definition>
        <sentenceCount annotated="5" total="14"/>
        <lexeme order="1" headword="false" breakBefore="false" POS="N" name="bootlace"/>
    </lexUnit>
    <lexUnit status="Finished_Initial" POS="N" name="shoelace.n" ID="3710" lemmaID="35604" cBy="Shw" cDate="08/11/2001 05:10:49 PDT Sat">
        <definition>COD: a cord or leather strip passed through eyelets or hooks on opposite sides of a shoe and pulled tight and fastened. </definition>
        <sentenceCount annotated="7" total="41"/>
        <lexeme order="1" headword="false" breakBefore="false" POS="N" name="shoelace"/>
    </lexUnit>
    <lexUnit status="Finished_Initial" POS="N" name="lace.n" ID="3711" lemmaID="21539" cBy="Shw" cDate="08/11/2001 05:11:06 PDT Sat">
        <definition>COD: a cord or leather strip passed through eyelets or hooks to fasten a shoe or garment. </definition>
        <sentenceCount annotated="13" total="170"/>
        <lexeme order="1" headword="false" breakBefore="false" POS="N" name="lace"/>
    </lexUnit>
    <lexUnit status="Finished_Initial" POS="N" name="button.n" ID="3712" lemmaID="5075" cBy="Shw" cDate="08/11/2001 05:11:23 PDT Sat">
        <definition>COD: a small disc or knob sewn on to a garment, either to fasten it by being pushed through a buttonhole or for decoration. </definition>
        <sentenceCount annotated="25" total="287"/>
        <lexeme order="1" headword="false" breakBefore="false" POS="N" name="button"/>
    </lexUnit>
    <lexUnit status="Finished_Initial" POS="N" name="zip.n" ID="3713" lemmaID="44827" cBy="Shw" cDate="08/11/2001 05:11:35 PDT Sat">
        <definition>COD: chiefly Brit. a fastener consisting of two flexible strips of metal or plastic with interlocking projections closed or opened by pulling a slide along them. </definition>
        <sentenceCount annotated="9" total="150"/>
        <lexeme order="1" headword="false" breakBefore="false" POS="N" name="zip"/>
    </lexUnit>
    <lexUnit status="Finished_Initial" POS="N" name="zipper.n" ID="3714" lemmaID="44830" cBy="Shw" cDate="08/11/2001 05:11:46 PDT Sat">
        <definition>COD: a zip fastener. </definition>
        <sentenceCount annotated="6" total="51"/>
        <lexeme order="1" headword="false" breakBefore="false" POS="N" name="zipper"/>
    </lexUnit>
    <lexUnit status="Finished_Initial" POS="N" name="buckle.n" ID="3715" lemmaID="4784" cBy="Shw" cDate="08/11/2001 05:12:10 PDT Sat">
        <definition>COD: a flat rectangular or oval frame with a hinged pin, used for joining the ends of a belt or strap. </definition>
        <sentenceCount annotated="16" total="143"/>
        <lexeme order="1" headword="false" breakBefore="false" POS="N" name="buckle"/>
    </lexUnit>
    <lexUnit status="Insufficient_Attestations" POS="N" name="snap.n" ID="3716" lemmaID="36594" cBy="Shw" cDate="08/11/2001 05:12:34 PDT Sat">
        <definition>COD: a press stud</definition>
        <sentenceCount annotated="1" total="21"/>
        <lexeme order="1" headword="false" breakBefore="false" POS="N" name="snap"/>
    </lexUnit>
    <lexUnit status="Finished_Initial" POS="N" name="thong.n" ID="3717" lemmaID="40194" cBy="Shw" cDate="08/11/2001 05:12:53 PDT Sat">
        <definition>COD: a narrow strip of leather or other material, used especially as a fastening or as the lash of a whip. </definition>
        <sentenceCount annotated="5" total="40"/>
        <lexeme order="1" headword="false" breakBefore="false" POS="N" name="thong"/>
    </lexUnit>
    <lexUnit status="Finished_Initial" POS="N" name="collar.n" ID="3718" lemmaID="7162" cBy="Shw" cDate="08/11/2001 05:13:09 PDT Sat">
        <definition>COD: a band of material around the neck of a shirt or other garment, either upright or turned over. </definition>
        <sentenceCount annotated="30" total="339"/>
        <lexeme order="1" headword="false" breakBefore="false" POS="N" name="collar"/>
    </lexUnit>
    <lexUnit status="Created" POS="N" name="neck.n" ID="3719" lemmaID="25581" cBy="Shw" cDate="08/11/2001 05:13:22 PDT Sat">
        <definition>COD: a narrow connecting or end part. </definition>
        <sentenceCount annotated="0" total="0"/>
        <lexeme order="1" headword="false" breakBefore="false" POS="N" name="neck"/>
    </lexUnit>
    <lexUnit status="Finished_Initial" POS="N" name="sleeve.n" ID="3720" lemmaID="36314" cBy="Shw" cDate="08/11/2001 05:13:34 PDT Sat">
        <definition>COD: the part of a garment that wholly or partly covers a person's arm. </definition>
        <sentenceCount annotated="30" total="338"/>
        <lexeme order="1" headword="false" breakBefore="false" POS="N" name="sleeve"/>
    </lexUnit>
    <lexUnit status="Finished_Initial" POS="N" name="cuff.n" ID="3721" lemmaID="9197" cBy="Shw" cDate="08/11/2001 05:13:45 PDT Sat">
        <definition>COD: a.the end part of a sleeve, where the material of the sleeve is turned back or a separate band is sewn on</definition>
        <sentenceCount annotated="22" total="197"/>
        <lexeme order="1" headword="false" breakBefore="false" POS="N" name="cuff"/>
    </lexUnit>
    <lexUnit status="Finished_Initial" POS="N" name="waist.n" ID="3722" lemmaID="43339" cBy="Shw" cDate="08/11/2001 05:14:04 PDT Sat">
        <definition>COD: part of the clothing below the ribs and above the hips. </definition>
        <sentenceCount annotated="11" total="93"/>
        <lexeme order="1" headword="false" breakBefore="false" POS="N" name="waist"/>
    </lexUnit>
    <lexUnit status="Finished_Initial" POS="N" name="tassel.n" ID="3723" lemmaID="39579" cBy="Shw" cDate="08/11/2001 05:14:16 PDT Sat">
        <definition>COD: a tuft of hanging threads, knotted together at one end and used for decoration in soft furnishing and clothing.</definition>
        <sentenceCount annotated="5" total="49"/>
        <lexeme order="1" headword="false" breakBefore="false" POS="N" name="tassel"/>
    </lexUnit>
    <lexUnit status="Finished_Initial" POS="N" name="fringe.n" ID="3724" lemmaID="15502" cBy="Shw" cDate="08/11/2001 05:14:28 PDT Sat">
        <definition>COD: a border of threads, tassels, or twists, used to edge clothing or material. [Clothing] [Textiles] </definition>
        <sentenceCount annotated="5" total="210"/>
        <lexeme order="1" headword="false" breakBefore="false" POS="N" name="fringe"/>
    </lexUnit>
    <lexUnit status="Finished_Initial" POS="N" name="pocket.n" ID="3725" lemmaID="29502" cBy="Shw" cDate="08/11/2001 05:14:56 PDT Sat">
        <definition>COD: a small bag sewn into or on clothing so as to form part of it, used for carrying small articles. </definition>
        <sentenceCount annotated="29" total="340"/>
        <lexeme order="1" headword="false" breakBefore="false" POS="N" name="pocket"/>
    </lexUnit>
    <lexUnit status="Finished_Initial" POS="N" name="braid.n" ID="3726" lemmaID="4407" cBy="Shw" cDate="08/11/2001 05:15:08 PDT Sat">
        <definition>COD: mass noun threads of silk, cotton, etc. woven into a decorative band. </definition>
        <sentenceCount annotated="6" total="87"/>
        <lexeme order="1" headword="false" breakBefore="false" POS="N" name="braid"/>
    </lexUnit>
    <lexUnit status="Finished_Initial" POS="N" name="seat.n" ID="3727" lemmaID="34729" cBy="Shw" cDate="08/11/2001 05:15:19 PDT Sat">
        <definition>COD: clothing that covers a person's buttocks. </definition>
        <sentenceCount annotated="4" total="132"/>
        <lexeme order="1" headword="false" breakBefore="false" POS="N" name="seat"/>
    </lexUnit>
    <lexUnit status="Finished_Initial" POS="N" name="leg.n" ID="3729" lemmaID="22017" cBy="Shw" cDate="08/11/2001 05:16:21 PDT Sat">
        <definition>COD: a part of a garment covering a leg or part of a leg. </definition>
        <sentenceCount annotated="12" total="112"/>
        <lexeme order="1" headword="false" breakBefore="false" POS="N" name="leg"/>
    </lexUnit>
    <lexUnit status="Created" POS="N" name="sash.n" ID="3730" lemmaID="34161" cBy="Shw" cDate="08/11/2001 05:16:39 PDT Sat">
        <definition>FN: a long strip of cloth sewn around the waist of a dress</definition>
        <sentenceCount annotated="0" total="0"/>
        <lexeme order="1" headword="false" breakBefore="false" POS="N" name="sash"/>
    </lexUnit>
    <lexUnit status="Finished_Initial" POS="N" name="strap.n" ID="3731" lemmaID="38272" cBy="Shw" cDate="08/11/2001 05:16:52 PDT Sat">
        <definition>COD: a strip of leather, cloth, or other flexible material, used for fastening, securing, carrying, or holding on to. </definition>
        <sentenceCount annotated="9" total="205"/>
        <lexeme order="1" headword="false" breakBefore="false" POS="N" name="strap"/>
    </lexUnit>
    <lexUnit status="Finished_Initial" POS="N" name="hood.n" ID="3732" lemmaID="18343" cBy="Shw" cDate="08/11/2001 05:17:06 PDT Sat">
        <definition>COD: a covering for the head and neck with an opening for the face, typically part of a coat or cloak. [Clothing] </definition>
        <sentenceCount annotated="14" total="242"/>
        <lexeme order="1" headword="false" breakBefore="false" POS="N" name="hood"/>
    </lexUnit>
    <lexUnit status="Finished_Initial" POS="N" name="cowl.n" ID="3733" lemmaID="8708" cBy="Shw" cDate="08/11/2001 05:17:21 PDT Sat">
        <definition>COD: a large loose hood forming part of a monk's habit. </definition>
        <sentenceCount annotated="12" total="62"/>
        <lexeme order="1" headword="false" breakBefore="false" POS="N" name="cowl"/>
    </lexUnit>
    <lexUnit status="Finished_Initial" POS="N" name="skirt.n" ID="3734" lemmaID="36172" cBy="Shw" cDate="08/11/2001 05:17:47 PDT Sat">
        <definition>COD: the part of a coat or dress that hangs below the waist. </definition>
        <sentenceCount annotated="15" total="192"/>
        <lexeme order="1" headword="false" breakBefore="false" POS="N" name="skirt"/>
    </lexUnit>
    <lexUnit status="Finished_Initial" POS="N" name="breastplate.n" ID="3735" lemmaID="45099" cBy="Shw" cDate="08/11/2001 05:27:35 PDT Sat">
        <definition>COD: a piece of armour covering the chest. </definition>
        <sentenceCount annotated="4" total="25"/>
        <lexeme order="1" headword="false" breakBefore="false" POS="N" name="breastplate"/>
    </lexUnit>
    <lexUnit status="Finished_Initial" POS="N" name="waist-band.n" ID="3736" lemmaID="43340" cBy="Shw" cDate="08/11/2001 07:22:55 PDT Sat">
        <definition>COD: a strip of cloth encircling the waist, attached to a skirt or a pair of trousers.  (listed as waistband)</definition>
        <sentenceCount annotated="14" total="99"/>
        <lexeme order="1" headword="false" breakBefore="false" POS="N" name="waist-band"/>
    </lexUnit>
    <lexUnit status="Finished_Initial" POS="N" name="clasp.n" ID="3767" lemmaID="6670" cBy="Shw" cDate="08/13/2001 04:41:36 PDT Mon">
        <definition>COD: a small device with interlocking parts used for fastening things together. </definition>
        <sentenceCount annotated="4" total="102"/>
        <lexeme order="1" headword="false" breakBefore="false" POS="N" name="clasp"/>
    </lexUnit>
    <lexUnit status="Finished_Initial" POS="N" name="seam.n" ID="3909" lemmaID="34692" cBy="MJE" cDate="09/10/2001 04:36:41 PDT Mon">
        <definition>COD: a line where two pieces of fabric are sewn together in a garment or other article.</definition>
        <sentenceCount annotated="9" total="142"/>
        <lexeme order="1" headword="false" breakBefore="false" POS="N" name="seam"/>
    </lexUnit>
    <lexUnit status="Insufficient_Attestations" POS="N" name="placket.n" ID="3910" lemmaID="29211" cBy="MJE" cDate="09/10/2001 04:43:49 PDT Mon">
        <definition>COD: an opening or slit in a garment, covering fastenings or for access to a pocket, or the flap of fabric under such an opening.</definition>
        <sentenceCount annotated="0" total="4"/>
        <lexeme order="1" headword="false" breakBefore="false" POS="N" name="placket"/>
    </lexUnit>
    <lexUnit status="Finished_Initial" POS="N" name="monogram.n" ID="3982" lemmaID="24810" cBy="ACW" cDate="09/17/2001 01:49:19 PDT Mon">
        <definition>COD: a motif of two or more interwoven letters, typically a person's initials</definition>
        <sentenceCount annotated="6" total="33"/>
        <lexeme order="1" headword="false" breakBefore="false" POS="N" name="monogram"/>
    </lexUnit>
    <lexUnit status="Insufficient_Attestations" POS="N" name="decolletage.n" ID="3983" lemmaID="45194" cBy="ACW" cDate="09/17/2001 01:51:00 PDT Mon">
        <definition>FN: a low neck-line</definition>
        <sentenceCount annotated="1" total="2"/>
        <lexeme order="1" headword="false" breakBefore="false" POS="N" name="decolletage"/>
    </lexUnit>
    <lexUnit status="Finished_Initial" POS="N" name="cuff-link.n" ID="3984" lemmaID="45195" cBy="ACW" cDate="09/17/2001 01:52:43 PDT Mon">
        <definition>COD: a device for fastening together the sides of a shirt cuff, passed through a hole in each side of the cuff. </definition>
        <sentenceCount annotated="4" total="12"/>
        <lexeme order="1" headword="false" breakBefore="false" POS="N" name="cuff-link"/>
    </lexUnit>
    <lexUnit status="Finished_Initial" POS="N" name="hem.n" ID="3985" lemmaID="17846" cBy="ACW" cDate="09/17/2001 01:56:55 PDT Mon">
        <definition>COD: the edge of a piece of cloth or clothing which has been turned under and sewn.</definition>
        <sentenceCount annotated="26" total="161"/>
        <lexeme order="1" headword="false" breakBefore="false" POS="N" name="hem"/>
    </lexUnit>
    <lexUnit status="Finished_Initial" POS="N" name="insole.n" ID="3991" lemmaID="20137" cBy="KCo" cDate="09/17/2001 03:37:43 PDT Mon">
        <definition>COD: a thin, flat sole-shaped liner worn in a shoe or boot</definition>
        <sentenceCount annotated="4" total="14"/>
        <lexeme order="1" headword="false" breakBefore="false" POS="N" name="insole"/>
    </lexUnit>
    <lexUnit status="Finished_Initial" POS="N" name="waistband.n" ID="3992" lemmaID="45196" cBy="KCo" cDate="09/17/2001 03:48:35 PDT Mon">
        <definition>COD: a strip of cloth encircling the waist, attached to a skirt or a pair of trousers. </definition>
        <sentenceCount annotated="14" total="95"/>
        <lexeme order="1" headword="false" breakBefore="false" POS="N" name="waistband"/>
    </lexUnit>
    <lexUnit status="Finished_Initial" POS="N" name="waistline.n" ID="3998" lemmaID="45197" cBy="KCo" cDate="09/17/2001 04:04:27 PDT Mon">
        <definition>COD: the part of a garment that is shaped or constructed to fit at or near the waist.</definition>
        <sentenceCount annotated="7" total="44"/>
        <lexeme order="1" headword="false" breakBefore="false" POS="N" name="waistline"/>
    </lexUnit>
    <lexUnit status="Finished_Initial" POS="N" name="sole.n" ID="4001" lemmaID="36848" cBy="KCo" cDate="09/17/2001 04:20:11 PDT Mon">
        <definition>COD: the section forming the underside of a piece of footwear.</definition>
        <sentenceCount annotated="11" total="85"/>
        <lexeme order="1" headword="false" breakBefore="false" POS="N" name="sole"/>
    </lexUnit>
    <lexUnit status="Finished_Initial" POS="N" name="brim.n" ID="4002" lemmaID="4621" cBy="KCo" cDate="09/17/2001 05:39:11 PDT Mon">
        <definition>COD: the projecting edge around the bottom of a hat. </definition>
        <sentenceCount annotated="17" total="84"/>
        <lexeme order="1" headword="false" breakBefore="false" POS="N" name="brim"/>
    </lexUnit>
    <lexUnit status="Finished_Initial" POS="N" name="neckband.n" ID="4057" lemmaID="25583" cBy="ACW" cDate="09/20/2001 02:59:16 PDT Thu">
        <definition>COD: a strip of material round the neck of a garment</definition>
        <sentenceCount annotated="6" total="27"/>
        <lexeme order="1" headword="false" breakBefore="false" POS="N" name="neckband"/>
    </lexUnit>
</frame>