<?xml version="1.0" encoding="UTF-8" standalone="yes"?>
<?xml-stylesheet type="text/xsl" href="frame.xsl"?>
<frame cBy="CFB" cDate="06/09/2016 04:00:54 PDT Thu" name="Co-association" ID="3013" xsi:schemaLocation="../schema/frame.xsd" xmlns="http://framenet.icsi.berkeley.edu" xmlns:xsi="http://www.w3.org/2001/XMLSchema-instance">
    <definition>&lt;def-root&gt;Two or more individuals have a relationship by virtue of belonging to the same organization or institution. They may or may not be personally acquainted, and may or may not have chosen to have the relationship.&lt;/def-root&gt;</definition>
    <FE bgColor="FF0000" fgColor="FFFFFF" coreType="Core" cBy="CFB" cDate="06/09/2016 04:04:53 PDT Thu" abbrev="" name="Participant1" ID="16851">
        <definition>&lt;def-root&gt;The profiled member of a co-association relationship.&lt;/def-root&gt;</definition>
    </FE>
    <FE bgColor="00BFFF" fgColor="FFFFFF" coreType="Core" cBy="CFB" cDate="06/09/2016 04:07:08 PDT Thu" abbrev="" name="Participants" ID="16852">
        <definition>&lt;def-root&gt;The members of a Co-association relationship (collectively).&lt;/def-root&gt;</definition>
    </FE>
    <FE bgColor="0000FF" fgColor="FFFFFF" coreType="Core" cBy="CFB" cDate="06/09/2016 04:08:58 PDT Thu" abbrev="" name="Participant2" ID="16853">
        <definition>&lt;def-root&gt;The backgrounded member(s) of a Co-association relationship.&lt;/def-root&gt;</definition>
    </FE>
    <FE bgColor="008000" fgColor="FFFFFF" coreType="Peripheral" cBy="CFB" cDate="06/09/2016 04:32:29 PDT Thu" abbrev="" name="Place" ID="16854">
        <definition>&lt;def-root&gt;The place at which the Co-association relationship exists.&lt;/def-root&gt;</definition>
    </FE>
    <FE bgColor="FFA500" fgColor="FFFFFF" coreType="Peripheral" cBy="CFB" cDate="06/09/2016 04:33:57 PDT Thu" abbrev="" name="Time" ID="16855">
        <definition>&lt;def-root&gt;The time during which the co-association relationship exists.&lt;/def-root&gt;</definition>
    </FE>
    <FE bgColor="EEE8AA" fgColor="000000" coreType="Peripheral" cBy="CFB" cDate="06/09/2016 05:08:27 PDT Thu" abbrev="" name="Institution" ID="16856">
        <definition>&lt;def-root&gt;The institution or organization that the &lt;fen&gt;Participants&lt;/fen&gt; have in common.&lt;/def-root&gt;</definition>
    </FE>
    <frameRelation type="Inherits from"/>
    <frameRelation type="Is Inherited by"/>
    <frameRelation type="Perspective on"/>
    <frameRelation type="Is Perspectivized in"/>
    <frameRelation type="Uses"/>
    <frameRelation type="Is Used by"/>
    <frameRelation type="Subframe of"/>
    <frameRelation type="Has Subframe(s)"/>
    <frameRelation type="Precedes"/>
    <frameRelation type="Is Preceded by"/>
    <frameRelation type="Is Inchoative of"/>
    <frameRelation type="Is Causative of"/>
    <frameRelation type="See also"/>
    <lexUnit status="Created" POS="N" name="associate.n" ID="18727" lemmaID="2170" cBy="CFB" cDate="06/09/2016 04:11:04 PDT Thu">
        <definition>FN: a fellow member of a firm, especially a person having high rank within a partnership or private company.</definition>
        <sentenceCount annotated="0" total="0"/>
        <lexeme order="1" headword="false" breakBefore="false" POS="N" name="associate"/>
    </lexUnit>
    <lexUnit status="Created" POS="N" name="colleague.n" ID="18728" lemmaID="7169" cBy="CFB" cDate="06/09/2016 04:14:41 PDT Thu">
        <definition>FN: A person working together with another in the same institution.</definition>
        <sentenceCount annotated="1" total="1"/>
        <lexeme order="1" headword="false" breakBefore="false" POS="N" name="colleague"/>
    </lexUnit>
    <lexUnit status="Created" POS="N" name="co-worker.n" ID="18729" lemmaID="52148" cBy="CFB" cDate="06/09/2016 04:24:58 PDT Thu">
        <definition>FN: fellow worker; someone who works for the same company or institution.</definition>
        <sentenceCount annotated="0" total="0"/>
        <lexeme order="1" headword="true" breakBefore="false" POS="N" name="co-worker"/>
    </lexUnit>
    <lexUnit status="Created" POS="N" name="countryman.n" ID="18730" lemmaID="8627" cBy="CFB" cDate="06/09/2016 04:26:12 PDT Thu">
        <definition>FN: people from the same country, or having the same citizenship.</definition>
        <sentenceCount annotated="0" total="0"/>
        <lexeme order="1" headword="false" breakBefore="false" POS="N" name="countryman"/>
    </lexUnit>
    <lexUnit status="Created" POS="N" name="partner.n" ID="18731" lemmaID="27929" cBy="CFB" cDate="06/09/2016 04:29:17 PDT Thu">
        <definition>FN: fellow member of the same partership. This is a business usage, as opposed to the use in the Personal_relatoinship frame. </definition>
        <sentenceCount annotated="0" total="0"/>
        <lexeme order="1" headword="false" breakBefore="false" POS="N" name="partner"/>
    </lexUnit>
    <lexUnit status="Created" POS="N" name="co-religionist.n" ID="18732" lemmaID="8360" cBy="CFB" cDate="06/09/2016 04:35:41 PDT Thu">
        <definition>FN: a fellow member of the same religion.</definition>
        <sentenceCount annotated="0" total="0"/>
        <lexeme order="1" headword="false" breakBefore="false" POS="N" name="co-religionist"/>
    </lexUnit>
    <lexUnit status="Created" POS="A" name="fellow.a" ID="18733" lemmaID="14151" cBy="CFB" cDate="06/09/2016 04:42:35 PDT Thu">
        <definition>FN: Having the same employer, belonging to the same organization or institution, of the same nationality, etc.</definition>
        <sentenceCount annotated="0" total="0"/>
        <lexeme order="1" headword="false" breakBefore="false" POS="A" name="fellow"/>
    </lexUnit>
    <lexUnit status="Created" POS="N" name="comrade.n" ID="18734" lemmaID="7566" cBy="CFB" cDate="06/09/2016 04:44:04 PDT Thu">
        <definition>FN: member of the same political party or military institution, co-worker.</definition>
        <sentenceCount annotated="0" total="0"/>
        <lexeme order="1" headword="false" breakBefore="false" POS="N" name="comrade"/>
    </lexUnit>
    <lexUnit status="Created" POS="N" name="brother.n" ID="18735" lemmaID="4720" cBy="CFB" cDate="06/09/2016 04:46:00 PDT Thu">
        <definition>FN: member of the same fraternal organization or men's religious order. More generally, member of the same church or labor union (the latter usually plural, including the form "bretheren").</definition>
        <sentenceCount annotated="0" total="0"/>
        <lexeme order="1" headword="false" breakBefore="false" POS="N" name="brother"/>
    </lexUnit>
    <lexUnit status="Created" POS="N" name="sister.n" ID="18736" lemmaID="36049" cBy="CFB" cDate="06/09/2016 04:49:04 PDT Thu">
        <definition>FN: member of the same sororal organization, especially women's religious organization or labor union.</definition>
        <sentenceCount annotated="0" total="0"/>
        <lexeme order="1" headword="false" breakBefore="false" POS="N" name="sister"/>
    </lexUnit>
</frame>