<?xml version="1.0" encoding="UTF-8" standalone="yes"?>
<?xml-stylesheet type="text/xsl" href="frame.xsl"?>
<frame cBy="RLG" cDate="10/18/2006 10:43:28 PDT Wed" name="Coincidence" ID="1812" xsi:schemaLocation="../schema/frame.xsd" xmlns="http://framenet.icsi.berkeley.edu" xmlns:xsi="http://www.w3.org/2001/XMLSchema-instance">
    <definition>&lt;def-root&gt;A State_of_affairs (a state or event) either holds or occurs, and is presented as being causally independent of other (implicit) states or events that might otherwise have been expected to be causally related to the State_of_affairs. The Time or Place may also be mentioned.

&lt;ex&gt;&lt;fex name="State_of_affairs"&gt;That they got the same answers&lt;/fex&gt; is just a &lt;t&gt;coincidence&lt;/t&gt;.&lt;/ex&gt;&lt;/def-root&gt;</definition>
    <FE bgColor="0000FF" fgColor="FFFFFF" coreType="Core" cBy="RLG" cDate="10/18/2006 10:58:51 PDT Wed" abbrev="soa" name="State_of_affairs" ID="10707">
        <definition>&lt;def-root&gt;A &lt;fen&gt;State_of_affairs&lt;/fen&gt; (that is, an event or state) that holds independently of (potentially) causally-related States of affairs.

&lt;ex&gt;Is it a &lt;t&gt;coincidence&lt;/t&gt; &lt;fex name="soa"&gt;that most of the planets fall within the Titius-Bode law's boundaries&lt;/fex&gt;?&lt;/ex&gt;&lt;/def-root&gt;</definition>
    </FE>
    <FE bgColor="FFA500" fgColor="FFFFFF" coreType="Peripheral" cBy="RLG" cDate="10/18/2006 11:01:11 PDT Wed" abbrev="tim" name="Time" ID="10708">
        <definition>&lt;def-root&gt;The &lt;fen&gt;Time&lt;/fen&gt; at which the &lt;fen&gt;State_of_affairs&lt;/fen&gt; holds.

&lt;ex&gt;&lt;fex name="tim"&gt;Last night's&lt;/fex&gt; &lt;t&gt;coincidences&lt;/t&gt; were too much for me to handle.&lt;/ex&gt;&lt;/def-root&gt;</definition>
    </FE>
    <FE bgColor="008000" fgColor="FFFFFF" coreType="Peripheral" cBy="RLG" cDate="10/18/2006 11:04:45 PDT Wed" abbrev="pla" name="Place" ID="10709">
        <definition>&lt;def-root&gt;The &lt;fen&gt;Place&lt;/fen&gt; where the &lt;fen&gt;State_of_affairs&lt;/fen&gt; holds.

&lt;ex&gt;Several strange &lt;t&gt;coincidences&lt;/t&gt; &lt;fex name="pla"&gt;at the airport&lt;/fex&gt; got the attention of federal officials.&lt;/ex&gt;&lt;/def-root&gt;</definition>
    </FE>
    <FE bgColor="FF00FF" fgColor="FFFFFF" coreType="Peripheral" cBy="CVa" cDate="08/13/2013 05:06:34 PDT Tue" abbrev="" name="Manner" ID="15934">
        <definition>&lt;def-root&gt;Any description of the target word not covered by a more specific FE.&lt;/def-root&gt;</definition>
    </FE>
    <frameRelation type="Inherits from">
        <relatedFrame ID="187">Event</relatedFrame>
    </frameRelation>
    <frameRelation type="Is Inherited by"/>
    <frameRelation type="Perspective on"/>
    <frameRelation type="Is Perspectivized in"/>
    <frameRelation type="Uses"/>
    <frameRelation type="Is Used by"/>
    <frameRelation type="Subframe of"/>
    <frameRelation type="Has Subframe(s)"/>
    <frameRelation type="Precedes"/>
    <frameRelation type="Is Preceded by"/>
    <frameRelation type="Is Inchoative of"/>
    <frameRelation type="Is Causative of"/>
    <frameRelation type="See also"/>
    <lexUnit status="Finished_Initial" POS="N" name="coincidence.n" ID="13632" lemmaID="7122" cBy="RLG" cDate="10/18/2006 11:40:26 PDT Wed">
        <definition>COD: a remarkable concurrence of events or circumstances without apparent causal connection.</definition>
        <sentenceCount annotated="15" total="128"/>
        <lexeme order="1" headword="false" breakBefore="false" POS="N" name="coincidence"/>
    </lexUnit>
    <lexUnit status="Created" POS="N" name="happenstance.n" ID="13633" lemmaID="50461" cBy="RLG" cDate="10/18/2006 11:43:15 PDT Wed">
        <definition>COD: coincidence.</definition>
        <sentenceCount annotated="0" total="0"/>
        <lexeme order="1" headword="true" breakBefore="false" POS="N" name="happenstance"/>
    </lexUnit>
    <lexUnit status="Created" POS="N" name="accident.n" ID="13634" lemmaID="269" cBy="RLG" cDate="10/18/2006 11:43:48 PDT Wed">
        <definition>COD: something that happens by chance or without apparent cause.</definition>
        <sentenceCount annotated="1" total="1"/>
        <lexeme order="1" headword="false" breakBefore="false" POS="N" name="accident"/>
    </lexUnit>
    <lexUnit status="Finished_Initial" POS="V" name="happen.v" ID="13635" lemmaID="17414" cBy="RLG" cDate="10/18/2006 11:44:10 PDT Wed">
        <definition>COD: come about by chance.</definition>
        <sentenceCount annotated="21" total="157"/>
        <lexeme order="1" headword="false" breakBefore="false" POS="V" name="happen"/>
    </lexUnit>
    <lexUnit status="Finished_Initial" POS="N" name="chance.n" ID="15890" lemmaID="51130" cBy="MJE" cDate="07/19/2010 04:00:55 PDT Mon">
        <definition>FN: (esp. with "by" or "due to") a random event.</definition>
        <sentenceCount annotated="8" total="8"/>
        <lexeme order="1" headword="true" breakBefore="false" POS="N" name="chance"/>
    </lexUnit>
    <lexUnit status="Created" POS="A" name="chance.a" ID="15891" lemmaID="6030" cBy="MJE" cDate="07/19/2010 04:29:40 PDT Mon">
        <definition>FN: random</definition>
        <sentenceCount annotated="0" total="0"/>
        <lexeme order="1" headword="false" breakBefore="false" POS="A" name="chance"/>
    </lexUnit>
    <lexUnit status="Created" POS="A" name="random.a" ID="15892" lemmaID="31786" cBy="MJE" cDate="07/19/2010 04:30:03 PDT Mon">
        <definition>FN: occurring unpredictably.</definition>
        <sentenceCount annotated="0" total="0"/>
        <lexeme order="1" headword="false" breakBefore="false" POS="A" name="random"/>
    </lexUnit>
    <lexUnit status="Created" POS="V" name="chance.v" ID="15894" lemmaID="6029" cBy="MJE" cDate="07/19/2010 07:55:53 PDT Mon">
        <definition>FN: occur without any particular expectation.</definition>
        <sentenceCount annotated="0" total="0"/>
        <lexeme order="1" headword="false" breakBefore="false" POS="V" name="chance"/>
    </lexUnit>
    <lexUnit status="Created" POS="ADV" name="randomly.adv" ID="15895" lemmaID="31787" cBy="MJE" cDate="07/19/2010 07:56:52 PDT Mon">
        <definition>FN: without any predictability.</definition>
        <sentenceCount annotated="0" total="0"/>
        <lexeme order="1" headword="false" breakBefore="false" POS="ADV" name="randomly"/>
    </lexUnit>
</frame>