<?xml version="1.0" encoding="UTF-8" standalone="yes"?>
<?xml-stylesheet type="text/xsl" href="frame.xsl"?>
<frame cBy="AlK" cDate="04/05/2010 03:20:16 PDT Mon" name="Color_qualities" ID="2270" xsi:schemaLocation="../schema/frame.xsd" xmlns="http://framenet.icsi.berkeley.edu" xmlns:xsi="http://www.w3.org/2001/XMLSchema-instance">
    <definition>&lt;def-root&gt;This frame contains words that describe specific aspects of a &lt;fen&gt;Color&lt;/fen&gt;. The &lt;fen&gt;Degree&lt;/fen&gt; to which the &lt;fen&gt;Color&lt;/fen&gt; being discussed deviates from the prototype may be marked. The description may also target a specific Aspect of color.

&lt;ex&gt;I love &lt;fex name="Degree"&gt;really&lt;/fex&gt; &lt;t&gt;pale&lt;/t&gt; &lt;fex name="Color"&gt;yellows&lt;/fex&gt;.&lt;/ex&gt;&lt;/def-root&gt;</definition>
    <FE bgColor="FF0000" fgColor="FFFFFF" coreType="Core" cBy="AlK" cDate="04/09/2010 11:31:26 PDT Fri" abbrev="" name="Color" ID="13790">
        <definition>&lt;def-root&gt;The color that is being described.

&lt;ex&gt;I love really &lt;t&gt;pale&lt;/t&gt; &lt;fex name="Color"&gt;yellows&lt;/fex&gt;.&lt;/ex&gt;&lt;/def-root&gt;</definition>
    </FE>
    <FE bgColor="FF00FF" fgColor="FFFFFF" coreType="Peripheral" cBy="AlK" cDate="04/09/2010 11:35:41 PDT Fri" abbrev="" name="Degree" ID="13791">
        <definition>&lt;def-root&gt;The level to which the Color is representative of a specific quality.

&lt;ex&gt;That's a &lt;fex name="Degree"&gt;very&lt;/fex&gt; &lt;t&gt;vivid&lt;/t&gt; red.&lt;/ex&gt;&lt;/def-root&gt;</definition>
    </FE>
    <FE bgColor="800080" fgColor="FFFFFF" coreType="Core" cBy="AlK" cDate="04/12/2010 04:11:28 PDT Mon" abbrev="" name="Described_entity" ID="13795">
        <definition>&lt;def-root&gt;The entity whose &lt;fen&gt;Color&lt;/fen&gt; is being described.

&lt;ex&gt;Fornalutx is a jewel of &lt;t&gt;warm&lt;/t&gt; &lt;fex name="Described_entity"&gt;stone&lt;/fex&gt;. &lt;/ex&gt;

&lt;/def-root&gt;</definition>
    </FE>
    <FEcoreSet>
        <memberFE name="Described_entity" ID="13795"/>
        <memberFE name="Color" ID="13790"/>
    </FEcoreSet>
    <frameRelation type="Inherits from">
        <relatedFrame ID="1015">Gradable_attributes</relatedFrame>
    </frameRelation>
    <frameRelation type="Is Inherited by"/>
    <frameRelation type="Perspective on"/>
    <frameRelation type="Is Perspectivized in"/>
    <frameRelation type="Uses"/>
    <frameRelation type="Is Used by"/>
    <frameRelation type="Subframe of"/>
    <frameRelation type="Has Subframe(s)"/>
    <frameRelation type="Precedes"/>
    <frameRelation type="Is Preceded by"/>
    <frameRelation type="Is Inchoative of"/>
    <frameRelation type="Is Causative of"/>
    <frameRelation type="See also"/>
    <lexUnit status="Finished_Initial" POS="A" name="warm.a" ID="15760" lemmaID="43448" cBy="AlK" cDate="04/09/2010 11:44:43 PDT Fri">
        <definition>FN: reminescent of the colors of something that gives heat</definition>
        <sentenceCount annotated="24" total="286"/>
        <lexeme order="1" headword="false" breakBefore="false" POS="A" name="warm"/>
    </lexUnit>
    <lexUnit status="Created" POS="A" name="vivid.a" ID="15762" lemmaID="43168" cBy="AlK" cDate="04/09/2010 11:49:43 PDT Fri">
        <definition>FN: strong in impression</definition>
        <sentenceCount annotated="0" total="0"/>
        <lexeme order="1" headword="false" breakBefore="false" POS="A" name="vivid"/>
    </lexUnit>
    <lexUnit status="Created" POS="A" name="dull.a" ID="15765" lemmaID="11937" cBy="AlK" cDate="04/12/2010 03:25:34 PDT Mon">
        <definition>FN: low in saturation</definition>
        <sentenceCount annotated="0" total="0"/>
        <lexeme order="1" headword="false" breakBefore="false" POS="A" name="dull"/>
    </lexUnit>
    <lexUnit status="Created" POS="A" name="pale.a" ID="15813" lemmaID="27573" cBy="AnW" cDate="05/14/2010 12:59:48 PDT Fri">
        <definition>FN: lacking intensity (in color)</definition>
        <sentenceCount annotated="0" total="0"/>
        <lexeme order="1" headword="false" breakBefore="false" POS="A" name="pale"/>
    </lexUnit>
    <lexUnit status="Created" POS="A" name="light.a" ID="15830" lemmaID="22298" cBy="AlK" cDate="06/15/2010 12:34:37 PDT Tue">
        <definition>FN: high in brightness or tone</definition>
        <sentenceCount annotated="0" total="0"/>
        <lexeme order="1" headword="false" breakBefore="false" POS="A" name="light"/>
    </lexUnit>
    <lexUnit status="Finished_Initial" POS="A" name="dark.a" ID="16955" lemmaID="9576" cBy="CVa" cDate="03/14/2012 12:17:07 PDT Wed">
        <definition>FN: deep in hue; not light or bright</definition>
        <sentenceCount annotated="55" total="168"/>
        <lexeme order="1" headword="false" breakBefore="false" POS="A" name="dark"/>
    </lexUnit>
    <lexUnit status="Finished_Initial" POS="A" name="bright.a" ID="16986" lemmaID="4608" cBy="CVa" cDate="03/21/2012 01:23:33 PDT Wed">
        <definition>FN: vivid in color</definition>
        <sentenceCount annotated="13" total="120"/>
        <lexeme order="1" headword="false" breakBefore="false" POS="A" name="bright"/>
    </lexUnit>
</frame>