<?xml version="1.0" encoding="UTF-8" standalone="yes"?>
<?xml-stylesheet type="text/xsl" href="frame.xsl"?>
<frame cBy="RLG" cDate="09/27/2006 03:26:42 PDT Wed" name="Colonization" ID="1794" xsi:schemaLocation="../schema/frame.xsd" xmlns="http://framenet.icsi.berkeley.edu" xmlns:xsi="http://www.w3.org/2001/XMLSchema-instance">
    <definition>&lt;def-root&gt;A group of &lt;fen&gt;Colonists&lt;/fen&gt; from a &lt;fen&gt;Homeland&lt;/fen&gt; migrate to and proceed to settle in a &lt;fen&gt;New_area&lt;/fen&gt;. The &lt;fen&gt;New_area&lt;/fen&gt; then becomes their permanent home. The &lt;fen&gt;New_area&lt;/fen&gt; and &lt;fen&gt;Homeland&lt;/fen&gt; are in some way construed as being part of the same organization or system. In the case of (people from) nation-states colonizing other areas, the colony and nation-state are considered a single political entity. In the extended sense of living things in general colonizing or settling a new area, the original &lt;fen&gt;Homeland&lt;/fen&gt; must still inhabited by some of the same group. In this sense Colonization is distinct from migration or exodus.

&lt;ex&gt;&lt;fex name="tim"&gt;In the 7th century BC&lt;/fex&gt;, &lt;fex name="col"&gt;Phoenicians&lt;/fex&gt; &lt;t&gt;colonized&lt;/t&gt; &lt;fex name="new"&gt;the eastern section of Libya&lt;/fex&gt;.&lt;/ex&gt;
&lt;ex&gt;In the 7th century BC, &lt;fex name="hom"&gt;Phoenicians&lt;/fex&gt; &lt;t&gt;colonized&lt;/t&gt; the eastern section of Libya.&lt;/ex&gt;
&lt;ex&gt;&lt;fex name="col"&gt;Finns&lt;/fex&gt; &lt;t&gt;colonized&lt;/t&gt; &lt;fex name="new"&gt;the land&lt;/fex&gt; from the south &lt;fex name="tim"&gt;some 2,000 to 4,000 years ago&lt;/fex&gt;&lt;/ex&gt;
&lt;ex&gt;If a &lt;t&gt;colony&lt;/t&gt; &lt;fex name="new"&gt;from Britain&lt;/fex&gt; was established in that large tract of Country, and if we were at war with Holland or Spain, we might very powerfully annoy either state from our new settlement.&lt;/ex&gt;

This frame also includes metaphorical uses involving animals or plants, or abstract domains such as ideas.

&lt;ex&gt;&lt;fex name="col"&gt;Deciduous trees such as red alder&lt;/fex&gt; &lt;fex name="tim"&gt;subsequently&lt;/fex&gt; &lt;t&gt;colonized&lt;/t&gt; &lt;fex name="new"&gt;the logged area&lt;/fex&gt;.&lt;/ex&gt;

&lt;ex&gt;Conservatives don't get what the left gets, which is that &lt;fex name="col"&gt;the left&lt;/fex&gt; has &lt;fex name="tim"&gt;already&lt;/fex&gt; &lt;t&gt;colonized&lt;/t&gt; and converted &lt;fex name="new"&gt;whole university departments&lt;/fex&gt;.&lt;/ex&gt;

&lt;ex&gt;As the years progressed and adaptations occurred &lt;fex name="col"&gt;new species and subspecies&lt;/fex&gt; began to &lt;t&gt;populate&lt;/t&gt; &lt;fex name="hom"&gt;the islands&lt;/fex&gt;.&lt;/ex&gt;&lt;/def-root&gt;</definition>
    <FE bgColor="FF0000" fgColor="FFFFFF" coreType="Core" cBy="RLG" cDate="09/28/2006 02:12:14 PDT Thu" abbrev="col" name="Colonists" ID="10637">
        <definition>&lt;def-root&gt;A group of people who move together to an area outside their &lt;fen&gt;Homeland&lt;/fen&gt; for the purpose of settling.

&lt;ex&gt;&lt;fex name="col"&gt;Spain&lt;/fex&gt; &lt;t&gt;settled&lt;/t&gt; the northern areas of Mexico through the use of missions, civil settlements, and presidios. &lt;/ex&gt;

Often the phrase expressing the &lt;fen&gt;Colonists&lt;/fen&gt; will also encode the &lt;fen&gt;Homeland&lt;/fen&gt; (e.g., &lt;ment&gt;French people&lt;/ment&gt;, &lt;ment&gt;China&lt;/ment&gt;), which we indicate with second-layer FE annotation.

&lt;ex&gt;In the 7th century BC, &lt;fex name="col"&gt;Phoenicians&lt;/fex&gt; &lt;t&gt;colonized&lt;/t&gt; the eastern section of Libya.&lt;/ex&gt;
&lt;ex&gt;In the 7th century BC, &lt;fex name="hom"&gt;Phoenicians&lt;/fex&gt; &lt;t&gt;colonized&lt;/t&gt; the eastern section of Libya&lt;/ex&gt;&lt;/def-root&gt;</definition>
    </FE>
    <FE bgColor="008000" fgColor="FFFFFF" coreType="Core" cBy="RLG" cDate="09/28/2006 02:17:25 PDT Thu" abbrev="hom" name="Homeland" ID="10638">
        <definition>&lt;def-root&gt;The &lt;fen&gt;Homeland&lt;/fen&gt; is where the &lt;fen&gt;Colonists&lt;/fen&gt; are originally from.&lt;/def-root&gt;</definition>
    </FE>
    <FE bgColor="0000FF" fgColor="FFFFFF" coreType="Core" cBy="RLG" cDate="09/28/2006 02:36:17 PDT Thu" abbrev="new" name="New_area" ID="10639">
        <definition>&lt;def-root&gt;The &lt;fen&gt;Colonists&lt;/fen&gt; move to the &lt;fen&gt;New_area&lt;/fen&gt;, inhabiting it and (in the case of nation-states) extending the control of the &lt;fen&gt;Homeland&lt;/fen&gt;.

&lt;ex&gt;Norse invaders in the 900s &lt;t&gt;colonized&lt;/t&gt; &lt;fex name="new"&gt;the North Midlands&lt;/fex&gt; more densely than any other part of England" &lt;/ex&gt;&lt;/def-root&gt;</definition>
    </FE>
    <FE bgColor="FFA500" fgColor="FFFFFF" coreType="Peripheral" cBy="RLG" cDate="09/28/2006 02:39:02 PDT Thu" abbrev="tim" name="Time" ID="10640">
        <definition>&lt;def-root&gt;The time at which the colonizing takes place.

&lt;ex&gt;The English &lt;t&gt;colonized&lt;/t&gt; the islands &lt;fex name="tim"&gt;in 1632&lt;/fex&gt;.&lt;/ex&gt;&lt;/def-root&gt;</definition>
    </FE>
    <FE bgColor="FF69B4" fgColor="FFFFFF" coreType="Extra-Thematic" cBy="RLG" cDate="09/28/2006 02:42:20 PDT Thu" abbrev="deg" name="Degree" ID="10641">
        <definition>&lt;def-root&gt;The extent to which the group of &lt;fen&gt;Colonists&lt;/fen&gt; spreads across or inhabits the &lt;fen&gt;New_area&lt;/fen&gt;.

&lt;ex&gt;In the reign of Elizabeth, the English strove to &lt;fex name="deg"&gt;thoroughly&lt;/fex&gt; &lt;t&gt;colonize&lt;/t&gt; Ireland, which they had originally invaded in the twelfth century.&lt;/ex&gt;&lt;/def-root&gt;</definition>
    </FE>
    <FE bgColor="800080" fgColor="FFFFFF" coreType="Peripheral" cBy="RLG" cDate="09/28/2006 03:48:13 PDT Thu" abbrev="pur" name="Purpose" ID="10642">
        <definition>&lt;def-root&gt;The purpose for which the colonizing is done.

&lt;ex&gt;Humans in the future may end up &lt;t&gt;colonizing&lt;/t&gt; outer space &lt;fex name="pur"&gt;in order to survive&lt;/fex&gt;.&lt;/ex&gt;&lt;/def-root&gt;</definition>
    </FE>
    <FE bgColor="00BFFF" fgColor="FFFFFF" coreType="Extra-Thematic" cBy="KmG" cDate="08/02/2007 12:06:25 PDT Thu" abbrev="" name="Descriptor" ID="11944">
        <definition>&lt;def-root&gt;A characteristic of the &lt;fen&gt;Colonists&lt;/fen&gt;, &lt;fen&gt;Homeland&lt;/fen&gt;, or &lt;fen&gt;New_area&lt;/fen&gt;. &lt;/def-root&gt;</definition>
    </FE>
    <FE bgColor="A52A2A" fgColor="FFFFFF" coreType="Extra-Thematic" cBy="AnW" cDate="04/21/2010 05:29:03 PDT Wed" abbrev="exp" name="Explanation" ID="13830">
        <definition>&lt;def-root&gt;The &lt;fen&gt;Explanation&lt;/fen&gt; denotes a proposition from which the colonization event logically follows.&lt;/def-root&gt;</definition>
    </FE>
    <frameRelation type="Inherits from"/>
    <frameRelation type="Is Inherited by"/>
    <frameRelation type="Perspective on"/>
    <frameRelation type="Is Perspectivized in"/>
    <frameRelation type="Uses">
        <relatedFrame ID="110">Residence</relatedFrame>
    </frameRelation>
    <frameRelation type="Is Used by"/>
    <frameRelation type="Subframe of"/>
    <frameRelation type="Has Subframe(s)"/>
    <frameRelation type="Precedes"/>
    <frameRelation type="Is Preceded by"/>
    <frameRelation type="Is Inchoative of"/>
    <frameRelation type="Is Causative of"/>
    <frameRelation type="See also"/>
    <lexUnit status="Finished_Initial" POS="V" name="colonize.v" ID="13574" lemmaID="50450" cBy="RLG" cDate="09/27/2006 04:56:03 PDT Wed">
        <definition>FN: extend the territory of a nation-state (or other system) by establishing other land as an area for settlement.</definition>
        <sentenceCount annotated="19" total="135"/>
        <lexeme order="1" headword="true" breakBefore="false" POS="V" name="colonize"/>
    </lexUnit>
    <lexUnit status="Created" POS="N" name="colonist.n" ID="13575" lemmaID="7215" cBy="RLG" cDate="09/28/2006 02:40:57 PDT Thu">
        <definition>COD: a settler in or inhabitant of a colony.</definition>
        <sentenceCount annotated="1" total="1"/>
        <lexeme order="1" headword="false" breakBefore="false" POS="N" name="colonist"/>
    </lexUnit>
    <lexUnit status="Created" POS="N" name="colony.n" ID="13576" lemmaID="7221" cBy="RLG" cDate="09/28/2006 02:41:23 PDT Thu">
        <definition>COD: a country or area under the political control of another country and occupied by settlers from that country.</definition>
        <sentenceCount annotated="2" total="2"/>
        <lexeme order="1" headword="false" breakBefore="false" POS="N" name="colony"/>
    </lexUnit>
    <lexUnit status="Finished_Initial" POS="V" name="settle.v" ID="13578" lemmaID="35234" cBy="RLG" cDate="09/28/2006 03:45:28 PDT Thu">
        <definition>FN: (for a nation-state, or members thereof) go to a new area to live.</definition>
        <sentenceCount annotated="17" total="223"/>
        <lexeme order="1" headword="false" breakBefore="false" POS="V" name="settle"/>
    </lexUnit>
    <lexUnit status="Created" POS="N" name="settlement [act].n" ID="13579" lemmaID="35236" cBy="RLG" cDate="09/28/2006 03:46:33 PDT Thu">
        <definition>COD: the action or process of settling.</definition>
        <sentenceCount annotated="1" total="1"/>
        <lexeme order="1" headword="false" breakBefore="false" POS="N" name="settlement"/>
    </lexUnit>
    <lexUnit status="In_Use" POS="N" name="settlement [entity].n" ID="13580" lemmaID="35236" cBy="RLG" cDate="09/28/2006 03:47:17 PDT Thu">
        <definition>FN: a place where colonists establish a community</definition>
        <sentenceCount annotated="18" total="62"/>
        <lexeme order="1" headword="false" breakBefore="false" POS="N" name="settlement"/>
    </lexUnit>
    <lexUnit status="Created" POS="N" name="settler.n" ID="13581" lemmaID="35237" cBy="RLG" cDate="09/28/2006 03:47:46 PDT Thu">
        <definition>COD: a person who settles in an area, especially one with no or few previous inhabitants.</definition>
        <sentenceCount annotated="4" total="4"/>
        <lexeme order="1" headword="false" breakBefore="false" POS="N" name="settler"/>
    </lexUnit>
    <lexUnit status="New" POS="V" name="people.v" ID="13582" lemmaID="28376" cBy="RLG" cDate="09/29/2006 11:33:17 PDT Fri">
        <definition>FN: come to inhabit.</definition>
        <sentenceCount annotated="0" total="53"/>
        <lexeme order="1" headword="false" breakBefore="false" POS="V" name="people"/>
    </lexUnit>
    <lexUnit status="Created" POS="V" name="populate.v" ID="13583" lemmaID="29775" cBy="RLG" cDate="09/29/2006 11:34:02 PDT Fri">
        <definition>COD: form the population of (a place).</definition>
        <sentenceCount annotated="0" total="0"/>
        <lexeme order="1" headword="false" breakBefore="false" POS="V" name="populate"/>
    </lexUnit>
    <lexUnit status="Created" POS="V" name="repopulate.v" ID="14663" lemmaID="50783" cBy="KmG" cDate="01/16/2008 12:31:44 PST Wed">
        <definition>FN: to grow a population again in an area after previous population that decreased or dispersed. </definition>
        <sentenceCount annotated="1" total="1"/>
        <lexeme order="1" headword="true" breakBefore="false" POS="V" name="repopulate"/>
    </lexUnit>
</frame>