<?xml version="1.0" encoding="UTF-8" standalone="yes"?>
<?xml-stylesheet type="text/xsl" href="frame.xsl"?>
<frame cBy="ACW" cDate="07/22/2003 03:10:07 PDT Tue" name="Come_together" ID="730" xsi:schemaLocation="../schema/frame.xsd" xmlns="http://framenet.icsi.berkeley.edu" xmlns:xsi="http://www.w3.org/2001/XMLSchema-instance">
    <definition>&lt;def-root&gt;In this frame a group of &lt;fen&gt;Individuals&lt;/fen&gt; meet to form a &lt;fen&gt;Configuration&lt;/fen&gt;. The &lt;fen&gt;Individuals&lt;/fen&gt; or the &lt;fen&gt;Configuration&lt;/fen&gt; may be expressed as the external argument of the predicates in this frame. In this frame, it is ambiguous whether or not the &lt;fen&gt;Individuals&lt;/fen&gt; intentionally come together.  In an alternative construal, a grammatically more prominent &lt;fen&gt;Party_1&lt;/fen&gt; congregates with a &lt;fen&gt;Party_2&lt;/fen&gt;, expressed as an oblique phrase. If this asymmetric construal is chosen, &lt;fen&gt;Purpose&lt;/fen&gt; relates only to &lt;fen&gt;Party_1&lt;/fen&gt;.
&lt;ex&gt;&lt;/ex&gt;
The congregating happens in a certain &lt;fen&gt;Place&lt;/fen&gt; and at a certain &lt;fen&gt;Time&lt;/fen&gt;.
&lt;ex&gt;&lt;/ex&gt;
&lt;ex&gt;&lt;fex name="Configuration"&gt;The crowd&lt;/fex&gt; &lt;t&gt;came together&lt;/t&gt; &lt;fex name="Place"&gt;in the courtyard&lt;/fex&gt;.&lt;/ex&gt;
&lt;ex&gt;&lt;fex name="Individuals"&gt;The architects&lt;/fex&gt; &lt;t&gt;amassed&lt;/t&gt; &lt;fex name="Place"&gt;in the lobby&lt;/fex&gt;.&lt;/ex&gt;
&lt;/def-root&gt;</definition>
    <FE bgColor="0000FF" fgColor="FFFFFF" coreType="Core" cBy="ACW" cDate="07/22/2003 03:13:43 PDT Tue" abbrev="" name="Individuals" ID="4811">
        <definition>&lt;def-root&gt;The &lt;fen&gt;Individuals&lt;/fen&gt; are self-movers who come together.&lt;/def-root&gt;</definition>
        <excludesFE name="Party_1" ID="7691"/>
    </FE>
    <FE bgColor="FF0000" fgColor="FFFFFF" coreType="Core" cBy="ACW" cDate="07/22/2003 03:17:29 PDT Tue" abbrev="con" name="Configuration" ID="4812">
        <definition>&lt;def-root&gt;The &lt;fen&gt;Configuration&lt;/fen&gt; describes the resulting formation of the individuals.
&lt;ex&gt;&lt;fex name="con"&gt;The crowd&lt;/fex&gt; &lt;t&gt;gathered&lt;/t&gt; &lt;fex name="Place"&gt;on the streets of Paris&lt;/fex&gt;.&lt;/ex&gt;&lt;/def-root&gt;</definition>
        <excludesFE name="Party_2" ID="7692"/>
    </FE>
    <FE bgColor="A52A2A" fgColor="FFFFFF" coreType="Peripheral" cBy="ACW" cDate="07/22/2003 03:18:45 PDT Tue" abbrev="" name="Means" ID="4813">
        <definition>&lt;def-root&gt;The &lt;fen&gt;Means&lt;/fen&gt; descibes the way in which the &lt;fen&gt;Individuals&lt;/fen&gt; accomplish the congregating.&lt;/def-root&gt;</definition>
        <semType name="State_of_affairs" ID="177"/>
    </FE>
    <FE bgColor="008000" fgColor="FFFFFF" coreType="Peripheral" cBy="ACW" cDate="07/22/2003 03:21:11 PDT Tue" abbrev="" name="Place" ID="4814">
        <definition>&lt;def-root&gt;The &lt;fen&gt;Place&lt;/fen&gt; is where the congregating occurs.&lt;/def-root&gt;</definition>
        <semType name="Locative_relation" ID="182"/>
    </FE>
    <FE bgColor="FFA500" fgColor="FFFFFF" coreType="Peripheral" cBy="ACW" cDate="07/22/2003 03:22:00 PDT Tue" abbrev="" name="Time" ID="4815">
        <definition>&lt;def-root&gt;The &lt;fen&gt;Time&lt;/fen&gt; is when the congregating occurs.&lt;/def-root&gt;</definition>
        <semType name="Time" ID="141"/>
    </FE>
    <FE bgColor="9400D3" fgColor="FFFFFF" coreType="Extra-Thematic" cBy="JKR" cDate="05/25/2004 06:04:16 PDT Tue" abbrev="Pur" name="Purpose" ID="6471">
        <definition>&lt;def-root&gt;An action that the &lt;fen&gt;Configuration&lt;/fen&gt; plans to engage in upon assembly.&lt;/def-root&gt;</definition>
        <semType name="State_of_affairs" ID="177"/>
    </FE>
    <FE bgColor="9F79EE" fgColor="FFFFFF" coreType="Extra-Thematic" cBy="JKR" cDate="05/25/2004 06:36:12 PDT Tue" abbrev="Ite" name="Iterations" ID="6472">
        <definition>&lt;def-root&gt;The position in a series of iterations that the current congregating event occupies .

&lt;ex&gt;The group &lt;t&gt;came&lt;/t&gt; &lt;t&gt;together&lt;/t&gt; &lt;fex name="Iterations"&gt;the first time&lt;/fex&gt; in 1984.&lt;/ex&gt;&lt;/def-root&gt;</definition>
    </FE>
    <FE bgColor="800080" fgColor="FFFFFF" coreType="Extra-Thematic" cBy="KlB" cDate="07/07/2004 03:50:28 PDT Wed" abbrev="Freq" name="Frequency" ID="6731">
        <definition>&lt;def-root&gt;How often the &lt;fen&gt;Individuals&lt;/fen&gt; come together to form an &lt;fen&gt;Configuration&lt;/fen&gt;.&lt;/def-root&gt;</definition>
    </FE>
    <FE bgColor="EEE8AA" fgColor="000000" coreType="Peripheral" cBy="MiL" cDate="09/16/2004 02:16:54 PDT Thu" abbrev="Man" name="Manner" ID="7094">
        <definition>&lt;def-root&gt;Any description of congregating which is not covered by more specific FEs, including secondary effects (&lt;ment&gt;quietly, loudly&lt;/ment&gt;), and general descriptions comparing events (&lt;ment&gt;the same way&lt;/ment&gt;). In addition, it may indicate salient characteristics of the &lt;fen&gt;Individuals&lt;/fen&gt; or &lt;fen&gt;Configuration&lt;/fen&gt; that also affect the action (&lt;ment&gt;presumptuously, coldly, deliberately, eagerly, carefully&lt;/ment&gt;). 

&lt;ex&gt;Retired Sainsbury employees &lt;t&gt;came&lt;/t&gt; &lt;t&gt;together&lt;/t&gt; &lt;fex name="Manner"&gt;in grand style&lt;/fex&gt; in March and April to reminisce and share afternoon tea in the sumptuous surroundings of the Royal Lancaster Hotel .&lt;/ex&gt;&lt;/def-root&gt;</definition>
        <semType name="Manner" ID="173"/>
    </FE>
    <FE bgColor="1E90FF" fgColor="FFFFFF" coreType="Extra-Thematic" cBy="RLG" cDate="04/08/2005 11:27:14 PDT Fri" abbrev="top" name="Topic" ID="7690">
        <definition>&lt;def-root&gt;A &lt;fen&gt;Topic&lt;/fen&gt; of a discussion that may occur between the &lt;fen&gt;Individuals&lt;/fen&gt;.&lt;/def-root&gt;</definition>
    </FE>
    <FE bgColor="00008B" fgColor="FFFFFF" coreType="Core" cBy="RLG" cDate="04/08/2005 11:28:56 PDT Fri" abbrev="pa1" name="Party_1" ID="7691">
        <definition>&lt;def-root&gt;&lt;fen&gt;Party_1&lt;/fen&gt; is the grammatically more prominent participant in the congregating event.

&lt;ex&gt;&lt;fex name="pa1"&gt;Our group&lt;/fex&gt; &lt;t&gt;met&lt;/t&gt; with theirs in the plaza.&lt;/ex&gt;&lt;/def-root&gt;</definition>
        <excludesFE name="Configuration" ID="4812"/>
    </FE>
    <FE bgColor="FFFF00" fgColor="000000" coreType="Core" cBy="RLG" cDate="04/08/2005 11:31:22 PDT Fri" abbrev="pa2" name="Party_2" ID="7692">
        <definition>&lt;def-root&gt;A grammatically less prominent participant in the congregating event.

&lt;ex&gt;Our group &lt;t&gt;met&lt;/t&gt; &lt;fex name="pa2"&gt;with theirs&lt;/fex&gt; in the plaza.&lt;/ex&gt;&lt;/def-root&gt;</definition>
        <excludesFE name="Individuals" ID="4811"/>
    </FE>
    <FE bgColor="7CCD73" fgColor="000000" coreType="Extra-Thematic" cBy="KmG" cDate="04/25/2006 02:05:09 PDT Tue" abbrev="" name="Explanation" ID="10058">
        <definition>&lt;def-root&gt;The Explanation denotes a proposition from which the main clause (headed by the target) logically follows. This often means that the Explanation causes the target's proposition, but not in all cases. &lt;/def-root&gt;</definition>
        <semType name="State_of_affairs" ID="177"/>
    </FE>
    <FE bgColor="7FFF00" fgColor="000000" coreType="Extra-Thematic" cBy="AnW" cDate="03/08/2010 03:23:45 PST Mon" abbrev="" name="Particular_iteration" ID="13685">
        <definition>&lt;def-root&gt;Expressions marked with this extra-thematic FE modify a non-iterative use of the target, and indicate that it is conceived as embedded within an iterated series of similar events or states.&lt;/def-root&gt;</definition>
    </FE>
    <FEcoreSet>
        <memberFE name="Individuals" ID="4811"/>
        <memberFE name="Configuration" ID="4812"/>
    </FEcoreSet>
    <frameRelation type="Inherits from">
        <relatedFrame ID="187">Event</relatedFrame>
    </frameRelation>
    <frameRelation type="Is Inherited by">
        <relatedFrame ID="2237">Assemble</relatedFrame>
        <relatedFrame ID="2249">Encounter</relatedFrame>
    </frameRelation>
    <frameRelation type="Perspective on"/>
    <frameRelation type="Is Perspectivized in"/>
    <frameRelation type="Uses"/>
    <frameRelation type="Is Used by"/>
    <frameRelation type="Subframe of"/>
    <frameRelation type="Has Subframe(s)"/>
    <frameRelation type="Precedes"/>
    <frameRelation type="Is Preceded by"/>
    <frameRelation type="Is Inchoative of">
        <relatedFrame ID="103">Aggregate</relatedFrame>
    </frameRelation>
    <frameRelation type="Is Causative of"/>
    <frameRelation type="See also"/>
    <lexUnit status="Created" POS="V" name="gang together.v" ID="9139" lemmaID="45564" cBy="ACW" cDate="07/24/2003 11:48:14 PDT Thu">
        <definition>COD:  form a group or gang</definition>
        <sentenceCount annotated="3" total="61"/>
        <lexeme order="1" headword="true" breakBefore="false" POS="V" name="gang"/>
        <lexeme order="2" headword="false" breakBefore="true" POS="ADV" name="together"/>
    </lexUnit>
    <lexUnit status="Created" POS="V" name="band together.v" ID="9140" lemmaID="45565" cBy="ACW" cDate="07/24/2003 11:50:05 PDT Thu">
        <definition>FN: people get together to form a group with a single identity</definition>
        <sentenceCount annotated="0" total="0"/>
        <lexeme order="1" headword="true" breakBefore="false" POS="V" name="band"/>
        <lexeme order="2" headword="false" breakBefore="false" POS="ADV" name="together"/>
    </lexUnit>
    <lexUnit status="Finished_Initial" POS="V" name="come together.v" ID="9141" lemmaID="45415" cBy="ACW" cDate="07/24/2003 11:50:50 PDT Thu">
        <definition>FN: converge</definition>
        <sentenceCount annotated="66" total="367"/>
        <lexeme order="2" headword="false" breakBefore="false" POS="ADV" name="together"/>
        <lexeme order="1" headword="true" breakBefore="false" POS="V" name="come"/>
    </lexUnit>
    <lexUnit status="Created" POS="V" name="gather.v" ID="9143" lemmaID="15987" cBy="ACW" cDate="07/24/2003 11:56:27 PDT Thu">
        <definition>FN: assemble; come together</definition>
        <sentenceCount annotated="5" total="5"/>
        <lexeme order="1" headword="false" breakBefore="false" POS="V" name="gather"/>
    </lexUnit>
    <lexUnit status="Created" POS="V" name="throng.v" ID="9153" lemmaID="40290" cBy="ACW" cDate="07/24/2003 02:45:37 PDT Thu">
        <definition>COD:  flock or be present in great numbers. </definition>
        <sentenceCount annotated="3" total="110"/>
        <lexeme order="1" headword="false" breakBefore="false" POS="V" name="throng"/>
    </lexUnit>
    <lexUnit status="Finished_Initial" POS="V" name="meet.v" ID="11780" lemmaID="23890" cBy="RLG" cDate="04/08/2005 11:25:40 PDT Fri">
        <definition>FN: to come into the company of, come together with, possibly unintentionally</definition>
        <sentenceCount annotated="33" total="247"/>
        <lexeme order="1" headword="false" breakBefore="false" POS="V" name="meet"/>
    </lexUnit>
    <lexUnit status="Created" POS="V" name="amass.v" ID="15641" lemmaID="1175" cBy="RLG" cDate="02/22/2010 10:46:57 PST Mon">
        <definition>FN: group together in large number.</definition>
        <sentenceCount annotated="0" total="0"/>
        <lexeme order="1" headword="false" breakBefore="false" POS="V" name="amass"/>
    </lexUnit>
    <lexUnit status="Add_Annotation" POS="V" name="congregate.v" ID="15718" lemmaID="7798" cBy="AnW" cDate="03/19/2010 02:11:07 PDT Fri">
        <definition>FN: to come together, especially in large numbers</definition>
        <sentenceCount annotated="3" total="135"/>
        <lexeme order="1" headword="false" breakBefore="false" POS="V" name="congregate"/>
    </lexUnit>
    <lexUnit status="Created" POS="V" name="band.v" ID="17230" lemmaID="2784" cBy="EGp" cDate="01/10/2013 06:15:50 PST Thu">
        <definition>FN: to form a specified configuration</definition>
        <sentenceCount annotated="1" total="1"/>
        <lexeme order="1" headword="false" breakBefore="false" POS="V" name="band"/>
    </lexUnit>
    <lexUnit status="Created" POS="V" name="assemble.v" ID="17536" lemmaID="2137" cBy="CVa" cDate="07/07/2014 12:22:24 PDT Mon">
        <definition>FN: to come together to form a group</definition>
        <sentenceCount annotated="0" total="0"/>
        <lexeme order="1" headword="false" breakBefore="false" POS="V" name="assemble"/>
    </lexUnit>
    <lexUnit status="Created" POS="V" name="convene.v" ID="17537" lemmaID="8175" cBy="CVa" cDate="07/07/2014 12:28:57 PDT Mon">
        <definition>FN: to come together to form a group</definition>
        <sentenceCount annotated="0" total="0"/>
        <lexeme order="1" headword="false" breakBefore="false" POS="V" name="convene"/>
    </lexUnit>
</frame>