<?xml version="1.0" encoding="UTF-8" standalone="yes"?>
<?xml-stylesheet type="text/xsl" href="frame.xsl"?>
<frame cBy="ChW" cDate="02/07/2001 04:11:54 PST Wed" name="Coming_to_believe" ID="23" xsi:schemaLocation="../schema/frame.xsd" xmlns="http://framenet.icsi.berkeley.edu" xmlns:xsi="http://www.w3.org/2001/XMLSchema-instance">
    <definition>&lt;def-root&gt;A person (the &lt;fen&gt;Cognizer&lt;/fen&gt;) comes to believe something (the &lt;fen&gt;Content&lt;/fen&gt;), sometimes after a process of reasoning. This change in belief is usually initiated by a person or piece of &lt;fen&gt;Evidence&lt;/fen&gt;. Occasionally words in this domain are accompanied by phrases expressing &lt;fen&gt;Topic&lt;/fen&gt;, i.e. that which the mental &lt;fen&gt;Content&lt;/fen&gt; is about. 

&lt;ex&gt;&lt;fex name="Evidence"&gt;Based on the most recent census&lt;/fex&gt; &lt;fex name="Cognizer"&gt;I&lt;/fex&gt; have &lt;t&gt;concluded&lt;/t&gt; &lt;fex name="Content"&gt;that most Americans sleep too much&lt;/fex&gt;.&lt;/ex&gt;    
&lt;/def-root&gt;</definition>
    <FE bgColor="FF0000" fgColor="FFFFFF" coreType="Core" cBy="ChW" cDate="02/07/2001 04:11:54 PST Wed" abbrev="Cog" name="Cognizer" ID="98">
        <definition>&lt;def-root&gt;Cognizer is the person who comes to believe something. 

&lt;ex&gt;&lt;fex name="Cognizer"&gt;Sue&lt;/fex&gt; &lt;t&gt;realized&lt;/t&gt; that Bob was lost.&lt;/ex&gt;&lt;/def-root&gt;</definition>
        <semType name="Sentient" ID="5"/>
    </FE>
    <FE bgColor="006400" fgColor="FFFFFF" coreType="Core" cBy="ChW" cDate="02/07/2001 04:11:54 PST Wed" abbrev="Evid" name="Evidence" ID="99">
        <definition>&lt;def-root&gt;Words in this frame may occur with a PP headed by &lt;ment&gt;from&lt;/ment&gt; which expresses the Evidence on which knowledge or belief is based: 

&lt;ex&gt;I have &lt;t&gt;learned&lt;/t&gt; &lt;fex name="Evidence"&gt;from experience&lt;/fex&gt; that poison oak can be painful.&lt;/ex&gt;&lt;/def-root&gt;</definition>
    </FE>
    <FE bgColor="0000FF" fgColor="FFFFFF" coreType="Core" cBy="ChW" cDate="02/07/2001 04:11:54 PST Wed" abbrev="Cont" name="Content" ID="100">
        <definition>&lt;def-root&gt;With a target verb, the Content is usually expressed as a finite clausal Complement or an Object NP, and may sometimes be expressed by a PP: 
&lt;ex&gt;The President &lt;t&gt;learned&lt;/t&gt; &lt;fex name="Content"&gt;that the reporters were hungry&lt;/fex&gt;.&lt;/ex&gt; 
&lt;ex&gt;The children &lt;t&gt;determined&lt;/t&gt; &lt;fex name="Content"&gt;the answer&lt;/fex&gt;.&lt;/ex&gt;&lt;/def-root&gt;</definition>
        <semType name="Content" ID="55"/>
    </FE>
    <FE bgColor="00008B" fgColor="FFFFFF" coreType="Core" cBy="ChW" cDate="02/07/2001 04:11:54 PST Wed" abbrev="Top" name="Topic" ID="101">
        <definition>&lt;def-root&gt;Some verbs in this frame may occur with postverbal Topic expressions: They &lt;t&gt;found out&lt;/t&gt; &lt;fex name="Topic"&gt;about us&lt;/fex&gt;! More generally verbs in this frame may occur with quantificational nouns followed by Topic expressions: 

&lt;ex&gt;The jury &lt;t&gt;learned&lt;/t&gt; something terrible &lt;fex name="Topic"&gt;about the suspect&lt;/fex&gt;.&lt;/ex&gt;&lt;/def-root&gt;</definition>
    </FE>
    <FE bgColor="FF69B4" fgColor="FFFFFF" coreType="Peripheral" cBy="MJE" cDate="06/23/2001 06:24:53 PDT Sat" abbrev="Degr" name="Degree" ID="988">
        <definition>&lt;def-root&gt;The &lt;fex name=""&gt;Degree&lt;/fex&gt; to which the &lt;fen&gt;Cognizer&lt;/fen&gt; comes to believe the &lt;fen&gt;Content&lt;/fen&gt;.&lt;/def-root&gt;</definition>
        <semType name="Degree" ID="172"/>
    </FE>
    <FE bgColor="9400D3" fgColor="FFFFFF" coreType="Extra-Thematic" cBy="MJE" cDate="06/23/2001 06:24:53 PDT Sat" abbrev="Dep" name="Depictive" ID="989">
        <definition>&lt;def-root&gt;Depictive phrase describing the Cognizer.

&lt;ex&gt;We &lt;t&gt;realized&lt;/t&gt; it &lt;fex name="Dep"&gt;eating dinner&lt;/fex&gt;&lt;/ex&gt;&lt;/def-root&gt;</definition>
    </FE>
    <FE bgColor="FF00FF" fgColor="FFFFFF" coreType="Peripheral" cBy="MJE" cDate="06/23/2001 06:24:54 PDT Sat" abbrev="Manr" name="Manner" ID="992">
        <definition>&lt;def-root&gt;Manner of performing an action&lt;/def-root&gt;</definition>
        <semType name="Manner" ID="173"/>
    </FE>
    <FE bgColor="A52A2A" fgColor="FFFFFF" coreType="Core" cBy="MJE" cDate="06/23/2001 06:24:54 PDT Sat" abbrev="Mns" name="Means" ID="993">
        <definition>&lt;def-root&gt;An act performed by the &lt;fen&gt;Cognizer&lt;/fen&gt; which enables them to figure something out.
&lt;ex&gt;&lt;fex name="Means"&gt;A post-mortem examination&lt;/fex&gt; was unable to &lt;t&gt;ascertain&lt;/t&gt; the cause of death.&lt;/ex&gt;
&lt;/def-root&gt;</definition>
        <semType name="State_of_affairs" ID="177"/>
    </FE>
    <FE bgColor="FFA500" fgColor="FFFFFF" coreType="Peripheral" cBy="MJE" cDate="10/12/2003 06:09:21 PDT Sun" abbrev="" name="Time" ID="5542">
        <definition>&lt;def-root&gt;The time at which the &lt;fen&gt;Cognizer&lt;/fen&gt; discovers the &lt;fen&gt;Content&lt;/fen&gt;.&lt;/def-root&gt;</definition>
        <semType name="Time" ID="141"/>
    </FE>
    <FE bgColor="2E8B57" fgColor="FFFFFF" coreType="Core" cBy="JKR" cDate="10/18/2005 04:20:19 PDT Tue" abbrev="med" name="Medium" ID="9141">
        <definition>&lt;def-root&gt;&lt;fen&gt;Medium&lt;/fen&gt; is the text created by the &lt;fen&gt;Cognizer&lt;/fen&gt; to communicate that they came to believe a specified &lt;fen&gt;Content&lt;/fen&gt;.&lt;/def-root&gt;</definition>
    </FE>
    <FE bgColor="800080" fgColor="FFFFFF" coreType="Peripheral" cBy="MJE" cDate="01/11/2006 02:01:04 PST Wed" abbrev="pla" name="Place" ID="9834">
        <definition>&lt;def-root&gt;The location at which the &lt;fen&gt;Cognizer&lt;/fen&gt; realizes the &lt;fen&gt;Content&lt;/fen&gt;.

&lt;ex&gt;&lt;fex name="pla"&gt;Back at the tailor's shop&lt;/fex&gt;, I &lt;t&gt;deduced&lt;/t&gt; that our murderer was not the owner of the kerchief.&lt;/ex&gt;&lt;/def-root&gt;</definition>
        <semType name="Locative_relation" ID="182"/>
    </FE>
    <FEcoreSet>
        <memberFE name="Content" ID="100"/>
        <memberFE name="Topic" ID="101"/>
    </FEcoreSet>
    <FEcoreSet>
        <memberFE name="Cognizer" ID="98"/>
        <memberFE name="Means" ID="993"/>
        <memberFE name="Medium" ID="9141"/>
    </FEcoreSet>
    <frameRelation type="Inherits from">
        <relatedFrame ID="187">Event</relatedFrame>
    </frameRelation>
    <frameRelation type="Is Inherited by">
        <relatedFrame ID="2574">See_through</relatedFrame>
    </frameRelation>
    <frameRelation type="Perspective on"/>
    <frameRelation type="Is Perspectivized in"/>
    <frameRelation type="Uses">
        <relatedFrame ID="1710">Mental_activity</relatedFrame>
    </frameRelation>
    <frameRelation type="Is Used by">
        <relatedFrame ID="2191">Turning_out</relatedFrame>
        <relatedFrame ID="2572">Fall_for</relatedFrame>
    </frameRelation>
    <frameRelation type="Subframe of"/>
    <frameRelation type="Has Subframe(s)"/>
    <frameRelation type="Precedes"/>
    <frameRelation type="Is Preceded by"/>
    <frameRelation type="Is Inchoative of">
        <relatedFrame ID="19">Awareness</relatedFrame>
    </frameRelation>
    <frameRelation type="Is Causative of"/>
    <frameRelation type="See also"/>
    <lexUnit status="FN1_Sent" POS="V" name="ascertain.v" ID="221" lemmaID="2055" cBy="ChW" cDate="02/08/2001 01:27:47 PST Thu">
        <definition>COD: get to know.</definition>
        <sentenceCount annotated="58" total="185"/>
        <lexeme order="1" headword="false" breakBefore="false" POS="V" name="ascertain"/>
    </lexUnit>
    <lexUnit status="FN1_Sent" POS="V" name="conclude.v" ID="222" lemmaID="7629" cBy="ChW" cDate="02/08/2001 01:27:47 PST Thu">
        <definition>COD: arrive at a judgement or opinion by reasoning.</definition>
        <sentenceCount annotated="46" total="394"/>
        <lexeme order="1" headword="false" breakBefore="false" POS="V" name="conclude"/>
    </lexUnit>
    <lexUnit status="FN1_Sent" POS="N" name="conclusion.n" ID="223" lemmaID="7630" cBy="ChW" cDate="02/08/2001 01:27:47 PST Thu">
        <definition>COD: a judgement or decision reached by reasoning</definition>
        <sentenceCount annotated="61" total="512"/>
        <lexeme order="1" headword="false" breakBefore="false" POS="N" name="conclusion"/>
    </lexUnit>
    <lexUnit status="FN1_Sent" POS="V" name="deduce.v" ID="224" lemmaID="9860" cBy="ChW" cDate="02/08/2001 01:27:47 PST Thu">
        <definition>COD: arrive at (a fact or a conclusion) by reasoning.</definition>
        <sentenceCount annotated="38" total="184"/>
        <lexeme order="1" headword="false" breakBefore="false" POS="V" name="deduce"/>
    </lexUnit>
    <lexUnit status="FN1_Sent" POS="N" name="deduction.n" ID="225" lemmaID="9864" cBy="ChW" cDate="02/08/2001 01:27:47 PST Thu">
        <definition>COD: a conclusion that has been deduced</definition>
        <sentenceCount annotated="13" total="145"/>
        <lexeme order="1" headword="false" breakBefore="false" POS="N" name="deduction"/>
    </lexUnit>
    <lexUnit status="FN1_Sent" POS="N" name="guess.n" ID="226" lemmaID="17004" cBy="ChW" cDate="02/08/2001 01:27:48 PST Thu">
        <definition>COD: an estimate or conjecture</definition>
        <sentenceCount annotated="43" total="143"/>
        <lexeme order="1" headword="false" breakBefore="false" POS="N" name="guess"/>
    </lexUnit>
    <lexUnit status="FN1_Sent" POS="V" name="guess.v" ID="227" lemmaID="17005" cBy="ChW" cDate="02/08/2001 01:27:48 PST Thu">
        <definition>COD: estimate or suppose (something) without sufficient information to be sure of being correct</definition>
        <sentenceCount annotated="87" total="305"/>
        <lexeme order="1" headword="false" breakBefore="false" POS="V" name="guess"/>
    </lexUnit>
    <lexUnit status="FN1_Sent" POS="V" name="infer.v" ID="228" lemmaID="19831" cBy="ChW" cDate="02/08/2001 01:27:48 PST Thu">
        <definition>COD: deduce from evidence and reasoning rather than from explicit statements.</definition>
        <sentenceCount annotated="34" total="184"/>
        <lexeme order="1" headword="false" breakBefore="false" POS="V" name="infer"/>
    </lexUnit>
    <lexUnit status="FN1_Sent" POS="N" name="inference.n" ID="229" lemmaID="19832" cBy="ChW" cDate="02/08/2001 01:27:48 PST Thu">
        <definition>COD: a conclusion reached on the basis of evidence and reasoning.</definition>
        <sentenceCount annotated="44" total="283"/>
        <lexeme order="1" headword="false" breakBefore="false" POS="N" name="inference"/>
    </lexUnit>
    <lexUnit status="FN1_Sent" POS="V" name="learn.v" ID="230" lemmaID="21944" cBy="ChW" cDate="02/08/2001 01:27:48 PST Thu">
        <definition>COD: acquire knowledge of or skill in (something) through study or experience or by being taught</definition>
        <sentenceCount annotated="115" total="572"/>
        <lexeme order="1" headword="false" breakBefore="false" POS="V" name="learn"/>
    </lexUnit>
    <lexUnit status="FN1_Sent" POS="N" name="realization.n" ID="231" lemmaID="41" cBy="ChW" cDate="02/08/2001 01:27:48 PST Thu">
        <definition>COD: realization is a derivative of realize</definition>
        <sentenceCount annotated="32" total="133"/>
        <lexeme order="1" headword="false" breakBefore="false" POS="N" name="realization"/>
    </lexUnit>
    <lexUnit status="FN1_Sent" POS="V" name="realize.v" ID="232" lemmaID="42" cBy="ChW" cDate="02/08/2001 01:27:48 PST Thu">
        <definition>COD: become fully aware of as a fact; understand clearly.</definition>
        <sentenceCount annotated="55" total="313"/>
        <lexeme order="1" headword="false" breakBefore="false" POS="V" name="realize"/>
    </lexUnit>
    <lexUnit status="FN1_Sent" POS="V" name="surmise.v" ID="233" lemmaID="38984" cBy="ChW" cDate="02/08/2001 01:27:48 PST Thu">
        <definition>COD: suppose without having evidence.</definition>
        <sentenceCount annotated="25" total="75"/>
        <lexeme order="1" headword="false" breakBefore="false" POS="V" name="surmise"/>
    </lexUnit>
    <lexUnit status="In_Use" POS="V" name="figure out.v" ID="9731" lemmaID="48453" cBy="MJE" cDate="10/12/2003 06:02:41 PDT Sun">
        <definition>COD: reach an understanding of someone or something</definition>
        <sentenceCount annotated="17" total="20"/>
        <lexeme order="1" headword="true" breakBefore="false" POS="V" name="figure"/>
        <lexeme order="2" headword="false" breakBefore="true" POS="ADV" name="out"/>
    </lexUnit>
    <lexUnit status="Finished_Initial" POS="V" name="find.v" ID="9732" lemmaID="14391" cBy="MJE" cDate="10/12/2003 06:06:26 PDT Sun">
        <definition>FN: to ascertain information or a fact, usually by reasoning because of a piece of evidence</definition>
        <sentenceCount annotated="25" total="41"/>
        <lexeme order="1" headword="false" breakBefore="false" POS="V" name="find"/>
    </lexUnit>
    <lexUnit status="Created" POS="V" name="puzzle out.v" ID="12313" lemmaID="50103" cBy="JKR" cDate="06/22/2005 03:40:00 PDT Wed">
        <definition>FN: figure out</definition>
        <sentenceCount annotated="0" total="0"/>
        <lexeme order="1" headword="true" breakBefore="false" POS="V" name="puzzle"/>
        <lexeme order="2" headword="false" breakBefore="false" POS="ADV" name="out"/>
    </lexUnit>
    <lexUnit status="Created" POS="V" name="work out.v" ID="12314" lemmaID="50104" cBy="JKR" cDate="06/22/2005 03:40:57 PDT Wed">
        <definition>FN: figure out</definition>
        <sentenceCount annotated="0" total="0"/>
        <lexeme order="1" headword="true" breakBefore="false" POS="V" name="work"/>
        <lexeme order="2" headword="false" breakBefore="false" POS="ADV" name="out"/>
    </lexUnit>
    <lexUnit status="In_Use" POS="V" name="determine.v" ID="12688" lemmaID="10437" cBy="MiL" cDate="08/23/2005 02:40:11 PDT Tue">
        <definition>COD: ascertain or establish by research or calculation.</definition>
        <sentenceCount annotated="38" total="110"/>
        <lexeme order="1" headword="false" breakBefore="false" POS="V" name="determine"/>
    </lexUnit>
    <lexUnit status="Created" POS="V" name="speculate.v" ID="13780" lemmaID="37254" cBy="KmG" cDate="02/23/2007 03:56:18 PST Fri">
        <definition>COD: form a theory or conjecture without firm evidence.</definition>
        <sentenceCount annotated="1" total="1"/>
        <lexeme order="1" headword="false" breakBefore="false" POS="V" name="speculate"/>
    </lexUnit>
    <lexUnit status="Created" POS="V" name="strike.v" ID="16258" lemmaID="51294" cBy="MLC" cDate="03/07/2011 04:02:43 PST Mon">
        <definition>FN: coming to a sudden realization. </definition>
        <sentenceCount annotated="0" total="0"/>
        <lexeme order="1" headword="true" breakBefore="false" POS="V" name="strike"/>
    </lexUnit>
    <lexUnit status="Created" POS="V" name="gather.v" ID="17285" lemmaID="15987" cBy="CVa" cDate="01/23/2013 02:16:51 PST Wed">
        <definition>FN: to infer from context</definition>
        <sentenceCount annotated="2" total="2"/>
        <lexeme order="1" headword="false" breakBefore="false" POS="V" name="gather"/>
    </lexUnit>
</frame>