<?xml version="1.0" encoding="UTF-8" standalone="yes"?>
<?xml-stylesheet type="text/xsl" href="frame.xsl"?>
<frame cBy="AlK" cDate="03/08/2010 03:49:09 PST Mon" name="Commutative_process" ID="2243" xsi:schemaLocation="../schema/frame.xsd" xmlns="http://framenet.icsi.berkeley.edu" xmlns:xsi="http://www.w3.org/2001/XMLSchema-instance">
    <definition>&lt;def-root&gt;LUs in this frame describe a commutative operation of arithmetic, e.g. addition and multiplication, involving two numbers, labeled &lt;fen&gt;Term1&lt;/fen&gt; and &lt;fen&gt;Term2&lt;/fen&gt; or, collectively, &lt;fen&gt;Terms&lt;/fen&gt;. When referencing the process, the numbers can be vague and are often omitted through indefinite null instantiation. There may also be a &lt;fen&gt;Calculator&lt;/fen&gt; who applies the operation.

&lt;ex&gt;&lt;t&gt;Add&lt;/t&gt; &lt;fex name="Term1"&gt;three&lt;/fex&gt; &lt;fex name="Term2"&gt;to five&lt;/fex&gt;.&lt;/ex&gt;
&lt;ex&gt;Any kid knows &lt;t&gt;addition&lt;/t&gt;. &lt;fex name="Terms"&gt;INI&lt;/fex&gt;&lt;/ex&gt;&lt;/def-root&gt;</definition>
    <FE bgColor="0000FF" fgColor="FFFFFF" coreType="Core" cBy="AlK" cDate="03/08/2010 04:59:26 PST Mon" abbrev="" name="Term1" ID="13705">
        <definition>&lt;def-root&gt;The grammatically more prominent number involved in a commutative operation.&lt;/def-root&gt;</definition>
    </FE>
    <FE bgColor="FF0000" fgColor="FFFFFF" coreType="Core" cBy="AlK" cDate="03/08/2010 04:59:43 PST Mon" abbrev="" name="Term2" ID="13706">
        <definition>&lt;def-root&gt;The grammatically less prominent number involved in commutative operation.&lt;/def-root&gt;</definition>
    </FE>
    <FE bgColor="800080" fgColor="FFFFFF" coreType="Core" cBy="AlK" cDate="03/08/2010 04:59:45 PST Mon" abbrev="" name="Terms" ID="13707">
        <definition>&lt;def-root&gt;Two more or elements of a commutative arithmetic operation. This frame element may be represented as &lt;fen&gt;Term1&lt;/fen&gt; and &lt;fen&gt;Term2&lt;/fen&gt;.&lt;/def-root&gt;</definition>
    </FE>
    <FE bgColor="008000" fgColor="FFFFFF" coreType="Peripheral" cBy="AlK" cDate="03/08/2010 05:47:11 PST Mon" abbrev="" name="Calculator" ID="13714">
        <definition>&lt;def-root&gt;An entity that uses the arithmetic operation.&lt;/def-root&gt;</definition>
    </FE>
    <FEcoreSet>
        <memberFE name="Term1" ID="13705"/>
        <memberFE name="Term2" ID="13706"/>
        <memberFE name="Terms" ID="13707"/>
    </FEcoreSet>
    <frameRelation type="Inherits from"/>
    <frameRelation type="Is Inherited by"/>
    <frameRelation type="Perspective on">
        <relatedFrame ID="2245">Arithmetic_commutative</relatedFrame>
    </frameRelation>
    <frameRelation type="Is Perspectivized in"/>
    <frameRelation type="Uses"/>
    <frameRelation type="Is Used by"/>
    <frameRelation type="Subframe of"/>
    <frameRelation type="Has Subframe(s)"/>
    <frameRelation type="Precedes"/>
    <frameRelation type="Is Preceded by"/>
    <frameRelation type="Is Inchoative of"/>
    <frameRelation type="Is Causative of"/>
    <frameRelation type="See also"/>
    <lexUnit status="Created" POS="V" name="add.v" ID="15678" lemmaID="450" cBy="AlK" cDate="03/08/2010 06:13:22 PST Mon">
        <definition>FN: combine two terms</definition>
        <sentenceCount annotated="0" total="0"/>
        <lexeme order="1" headword="false" breakBefore="false" POS="V" name="add"/>
    </lexUnit>
    <lexUnit status="Created" POS="V" name="multiply.v" ID="15679" lemmaID="25200" cBy="AlK" cDate="03/08/2010 06:15:14 PST Mon">
        <definition>FN: scale a number by another number</definition>
        <sentenceCount annotated="0" total="0"/>
        <lexeme order="1" headword="false" breakBefore="false" POS="V" name="multiply"/>
    </lexUnit>
    <lexUnit status="Created" POS="N" name="addition.n" ID="15680" lemmaID="51082" cBy="AlK" cDate="03/08/2010 06:18:54 PST Mon">
        <definition>FN: the process of combining two numbers</definition>
        <sentenceCount annotated="0" total="0"/>
        <lexeme order="1" headword="true" breakBefore="false" POS="N" name="addition"/>
    </lexUnit>
    <lexUnit status="Created" POS="N" name="multiplication.n" ID="15681" lemmaID="51083" cBy="AlK" cDate="03/08/2010 06:19:37 PST Mon">
        <definition>FN: the process of scaling one number by another number</definition>
        <sentenceCount annotated="0" total="0"/>
        <lexeme order="1" headword="true" breakBefore="false" POS="N" name="multiplication"/>
    </lexUnit>
</frame>