<?xml version="1.0" encoding="UTF-8" standalone="yes"?>
<?xml-stylesheet type="text/xsl" href="frame.xsl"?>
<frame cBy="ChW" cDate="02/07/2001 04:12:02 PST Wed" name="Communication_manner" ID="38" xsi:schemaLocation="../schema/frame.xsd" xmlns="http://framenet.icsi.berkeley.edu" xmlns:xsi="http://www.w3.org/2001/XMLSchema-instance">
    <definition>&lt;def-root&gt;The words in this frame describe &lt;fen&gt;Manner&lt;/fen&gt;s of verbal communication.  All of them can occur with quoted expressions. 

&lt;ex&gt;&lt;fex name="Speaker"&gt;He&lt;/fex&gt; &lt;t&gt;slurred&lt;/t&gt; &lt;fex name="Message"&gt;his confession&lt;/fex&gt;.&lt;/ex&gt;&lt;/def-root&gt;</definition>
    <FE bgColor="FF0000" fgColor="FFFFFF" coreType="Core" cBy="ChW" cDate="02/07/2001 04:12:02 PST Wed" abbrev="Spkr" name="Speaker" ID="157">
        <definition>&lt;def-root&gt;Speaker is the sentient entity that produces a Message or communicates about a Topic. It is expressed as the External Argument of verbs: 
&lt;ex&gt;&lt;fex name="Speaker"&gt;The boy&lt;/fex&gt; &lt;t&gt;mumbled&lt;/t&gt; an apology. &lt;/ex&gt;&lt;/def-root&gt;</definition>
        <semType name="Sentient" ID="5"/>
    </FE>
    <FE bgColor="006400" fgColor="FFFFFF" coreType="Core" cBy="ChW" cDate="02/07/2001 04:12:02 PST Wed" abbrev="Add" name="Addressee" ID="158">
        <definition>&lt;def-root&gt;Addressee is the person to whom the Speaker  is communicating.  When expressed, the Addressee occurs as a PP Complement:  
&lt;ex&gt;The taxi driver &lt;t&gt;chattered&lt;/t&gt; away &lt;fex name="Addressee"&gt;to me&lt;/fex&gt; about gardening. &lt;/ex&gt;&lt;/def-root&gt;</definition>
        <semType name="Sentient" ID="5"/>
    </FE>
    <FE bgColor="800080" fgColor="FFFFFF" coreType="Core" cBy="ChW" cDate="02/07/2001 04:12:02 PST Wed" abbrev="Msg" name="Message" ID="159">
        <definition>&lt;def-root&gt;Message is the content which is communicated by the Speaker. The Message may be a direct quote, a finite complement clause or an NP Object: 
&lt;ex&gt;&lt;fex name="Message"&gt;"I- It was an accident,"&lt;/fex&gt; Jo &lt;t&gt;stammered&lt;/t&gt;.&lt;/ex&gt;
&lt;ex&gt; Jo &lt;t&gt;stammered&lt;/t&gt; &lt;fex name="Message"&gt;that it was an accident&lt;/fex&gt;.&lt;/ex&gt;
&lt;ex&gt; Jo &lt;t&gt;stammered&lt;/t&gt; &lt;fex name="Message"&gt;an apology&lt;/fex&gt;. &lt;/ex&gt;&lt;/def-root&gt;</definition>
        <semType name="Message" ID="56"/>
    </FE>
    <FE bgColor="0000FF" fgColor="FFFFFF" coreType="Core" cBy="ChW" cDate="02/07/2001 04:12:02 PST Wed" abbrev="Top" name="Topic" ID="160">
        <definition>&lt;def-root&gt;Topic is the subject matter of the communicated Message.  It is normally expressed as a PP Complement headed by &lt;ment&gt;about&lt;/ment&gt; and, in this frame, is frequently preceded by a quantificational noun which is treated as referring to the Message: 
&lt;ex&gt;The actor &lt;t&gt;chattered&lt;/t&gt; &lt;fex name="Topic"&gt;about the difficulties of being famous&lt;/fex&gt;.&lt;/ex&gt;
&lt;ex&gt;The person next to me &lt;t&gt;muttered&lt;/t&gt; something &lt;fex name="Topic"&gt;about pride coming before a fall&lt;/fex&gt;. &lt;/ex&gt;&lt;/def-root&gt;</definition>
    </FE>
    <FE bgColor="9F79EE" fgColor="FFFFFF" coreType="Peripheral" cBy="ChW" cDate="02/07/2001 04:12:02 PST Wed" abbrev="Medium" name="Medium" ID="161">
        <definition>&lt;def-root&gt;This frame element expresses the medium of communication, such as the language used or the specific type of text in which the Message occurs. It is normally expressed as a PP-complement headed by &lt;ment&gt;on&lt;/ment&gt; or &lt;ment&gt;in&lt;/ment&gt;: 
&lt;ex&gt;The Beatles &lt;t&gt;sang&lt;/t&gt; &lt;fex name="Medium"&gt;on the Ed Sullivan show&lt;/fex&gt;.&lt;/ex&gt;
&lt;ex&gt;The drunk man &lt;t&gt;mumbled&lt;/t&gt; &lt;fex name="Medium"&gt;in French&lt;/fex&gt;. &lt;/ex&gt;&lt;/def-root&gt;</definition>
    </FE>
    <FE bgColor="FF00FF" fgColor="FFFFFF" coreType="Peripheral" cBy="BoC" cDate="07/02/2001 09:38:01 PDT Mon" abbrev="Manr" name="Manner" ID="1236">
        <definition>&lt;def-root&gt;Manner of performing an action&lt;/def-root&gt;</definition>
        <semType name="Manner" ID="173"/>
    </FE>
    <FE bgColor="9400D3" fgColor="FFFFFF" coreType="Extra-Thematic" cBy="BoC" cDate="07/02/2001 09:38:03 PDT Mon" abbrev="Depict" name="Depictive" ID="1237">
        <definition>&lt;def-root&gt;&lt;fen&gt;Depictive&lt;/fen&gt; is used for any phrase describing a participant in an action.
&lt;ex&gt;Jo &lt;t&gt;babbled&lt;/t&gt; &lt;fex name="Depictive"&gt;in a tuxedo&lt;/fex&gt;.&lt;/ex&gt;&lt;/def-root&gt;</definition>
    </FE>
    <FE bgColor="FF69B4" fgColor="FFFFFF" coreType="Peripheral" cBy="BoC" cDate="07/02/2001 09:38:08 PDT Mon" abbrev="Degr" name="Degree" ID="1238">
        <definition>&lt;def-root&gt;This FE identifies the &lt;fen&gt;Degree&lt;/fen&gt; to which an event occurs.&lt;/def-root&gt;</definition>
        <semType name="Degree" ID="172"/>
    </FE>
    <FE bgColor="808080" fgColor="FFFFFF" coreType="Extra-Thematic" cBy="BoC" cDate="07/02/2001 09:38:24 PDT Mon" abbrev="Result" name="Result" ID="1240">
        <definition>&lt;def-root&gt;This FE identifies the &lt;fen&gt;Result&lt;/fen&gt; of an event.&lt;/def-root&gt;</definition>
    </FE>
    <FE bgColor="000000" fgColor="FFFF00" coreType="Extra-Thematic" cBy="JKR" cDate="10/27/2003 03:24:56 PST Mon" abbrev="Bac" name="Back" ID="5702">
        <definition>&lt;def-root&gt;This FE indicates that the communication act denoted by the target is in response to an earlier communication act in which the roles of &lt;fen&gt;Speaker&lt;/fen&gt; and &lt;fen&gt;Addressee&lt;/fen&gt; were reversed. This is conceptually akin to the Communication_response frame in which the targets themselves denote the responsive nature of the act.&lt;/def-root&gt;</definition>
    </FE>
    <FE bgColor="00008B" fgColor="FFFFFF" coreType="Peripheral" cBy="TRn" cDate="05/03/2004 01:47:20 PDT Mon" abbrev="dur" name="Duration" ID="6374">
        <definition>&lt;def-root&gt;The amount of time that the communicative event lasts.&lt;/def-root&gt;</definition>
        <semType name="Duration" ID="142"/>
    </FE>
    <FE bgColor="FFA500" fgColor="FFFFFF" coreType="Peripheral" cBy="TRn" cDate="05/03/2004 02:16:30 PDT Mon" abbrev="tim" name="Time" ID="6376">
        <definition>&lt;def-root&gt;The time at which the communication event takes place.&lt;/def-root&gt;</definition>
        <semType name="Time" ID="141"/>
    </FE>
    <FE bgColor="00BFFF" fgColor="FFFFFF" coreType="Peripheral" cBy="TRn" cDate="05/03/2004 02:18:28 PDT Mon" abbrev="pla" name="Place" ID="6377">
        <definition>&lt;def-root&gt;The location at which the communication event takes place.&lt;/def-root&gt;</definition>
        <semType name="Locative_relation" ID="182"/>
    </FE>
    <FE bgColor="FFFF00" fgColor="000000" coreType="Peripheral" cBy="MJE" cDate="11/30/2005 04:23:55 PST Wed" abbrev="mea" name="Means" ID="9482">
        <definition>&lt;def-root&gt;The action that the &lt;fen&gt;Speaker&lt;/fen&gt; performs in order to communicate in the particular way described by the target.

&lt;ex&gt;She could only &lt;t&gt;sing&lt;/t&gt; along &lt;fex name="mea"&gt;by watching others singing&lt;/fex&gt;.&lt;/ex&gt;&lt;/def-root&gt;</definition>
        <semType name="Human_act" ID="69"/>
    </FE>
    <FEcoreSet>
        <memberFE name="Message" ID="159"/>
        <memberFE name="Topic" ID="160"/>
    </FEcoreSet>
    <frameRelation type="Inherits from">
        <relatedFrame ID="6">Communication</relatedFrame>
    </frameRelation>
    <frameRelation type="Is Inherited by"/>
    <frameRelation type="Perspective on"/>
    <frameRelation type="Is Perspectivized in"/>
    <frameRelation type="Uses"/>
    <frameRelation type="Is Used by"/>
    <frameRelation type="Subframe of"/>
    <frameRelation type="Has Subframe(s)"/>
    <frameRelation type="Precedes"/>
    <frameRelation type="Is Preceded by"/>
    <frameRelation type="Is Inchoative of"/>
    <frameRelation type="Is Causative of"/>
    <frameRelation type="See also"/>
    <lexUnit status="FN1_Sent" POS="V" name="babble.v" ID="544" lemmaID="2563" cBy="ChW" cDate="02/08/2001 01:28:19 PST Thu">
        <definition>COD: talk rapidly and continuously in a foolish, excited, or incomprehensible way</definition>
        <sentenceCount annotated="38" total="78"/>
        <lexeme order="1" headword="false" breakBefore="false" POS="V" name="babble"/>
    </lexUnit>
    <lexUnit status="FN1_Sent" POS="V" name="bluster.v" ID="545" lemmaID="3991" cBy="ChW" cDate="02/08/2001 01:28:19 PST Thu">
        <definition>COD: talk in a loud, aggressive, or indignant way with little effect</definition>
        <sentenceCount annotated="19" total="48"/>
        <lexeme order="1" headword="false" breakBefore="false" POS="V" name="bluster"/>
    </lexUnit>
    <lexUnit status="FN1_Sent" POS="V" name="chant.v" ID="546" lemmaID="6053" cBy="ChW" cDate="02/08/2001 01:28:19 PST Thu">
        <definition>COD: say or shout repeatedly in a sing-song tone</definition>
        <sentenceCount annotated="60" total="176"/>
        <lexeme order="1" headword="false" breakBefore="false" POS="V" name="chant"/>
    </lexUnit>
    <lexUnit status="FN1_Sent" POS="V" name="chatter.v" ID="547" lemmaID="6148" cBy="ChW" cDate="02/08/2001 01:28:19 PST Thu">
        <definition>COD: talk rapidly or incessantly about trivial matters</definition>
        <sentenceCount annotated="39" total="142"/>
        <lexeme order="1" headword="false" breakBefore="false" POS="V" name="chatter"/>
    </lexUnit>
    <lexUnit status="FN1_Sent" POS="V" name="drawl.v" ID="548" lemmaID="11721" cBy="ChW" cDate="02/08/2001 01:28:19 PST Thu">
        <definition>COD: speak in a slow, lazy way with prolonged vowel sounds</definition>
        <sentenceCount annotated="40" total="107"/>
        <lexeme order="1" headword="false" breakBefore="false" POS="V" name="drawl"/>
    </lexUnit>
    <lexUnit status="FN1_Sent" POS="V" name="gabble.v" ID="549" lemmaID="15783" cBy="ChW" cDate="02/08/2001 01:28:19 PST Thu">
        <definition>COD: talk rapidly and unintelligibly.</definition>
        <sentenceCount annotated="34" total="71"/>
        <lexeme order="1" headword="false" breakBefore="false" POS="V" name="gabble"/>
    </lexUnit>
    <lexUnit status="FN1_Sent" POS="V" name="gibber.v" ID="550" lemmaID="16199" cBy="ChW" cDate="02/08/2001 01:28:19 PST Thu">
        <definition>COD: speak rapidly and unintelligibly, typically through fear or shock.</definition>
        <sentenceCount annotated="16" total="35"/>
        <lexeme order="1" headword="false" breakBefore="false" POS="V" name="gibber"/>
    </lexUnit>
    <lexUnit status="FN1_Sent" POS="V" name="jabber.v" ID="551" lemmaID="20773" cBy="ChW" cDate="02/08/2001 01:28:19 PST Thu">
        <definition>COD: talk rapidly and excitedly but with little sense.</definition>
        <sentenceCount annotated="14" total="25"/>
        <lexeme order="1" headword="false" breakBefore="false" POS="V" name="jabber"/>
    </lexUnit>
    <lexUnit status="FN1_Sent" POS="V" name="lisp.v" ID="552" lemmaID="22485" cBy="ChW" cDate="02/08/2001 01:28:20 PST Thu">
        <definition>COD: to speak in a manner in which 's' is pronounced like 'th' in 'thick' and 'z' is pronounced like 'th' in 'this'</definition>
        <sentenceCount annotated="10" total="19"/>
        <lexeme order="1" headword="false" breakBefore="false" POS="V" name="lisp"/>
    </lexUnit>
    <lexUnit status="FN1_Sent" POS="V" name="mouth.v" ID="553" lemmaID="25089" cBy="ChW" cDate="02/08/2001 01:28:20 PST Thu">
        <definition>COD: say (something) in an insincere or pompous way</definition>
        <sentenceCount annotated="38" total="114"/>
        <lexeme order="1" headword="false" breakBefore="false" POS="V" name="mouth"/>
    </lexUnit>
    <lexUnit status="FN1_Sent" POS="V" name="mumble.v" ID="554" lemmaID="25212" cBy="ChW" cDate="02/08/2001 01:28:20 PST Thu">
        <definition>COD: say something indistinctly and quietly.</definition>
        <sentenceCount annotated="64" total="187"/>
        <lexeme order="1" headword="false" breakBefore="false" POS="V" name="mumble"/>
    </lexUnit>
    <lexUnit status="FN1_Sent" POS="V" name="mutter.v" ID="555" lemmaID="25323" cBy="ChW" cDate="02/08/2001 01:28:20 PST Thu">
        <definition>COD:  say in a barely audible voice.</definition>
        <sentenceCount annotated="90" total="281"/>
        <lexeme order="1" headword="false" breakBefore="false" POS="V" name="mutter"/>
    </lexUnit>
    <lexUnit status="FN1_Sent" POS="V" name="natter.v" ID="556" lemmaID="25486" cBy="ChW" cDate="02/08/2001 01:28:20 PST Thu">
        <definition>COD: chat casually.</definition>
        <sentenceCount annotated="8" total="20"/>
        <lexeme order="1" headword="false" breakBefore="false" POS="V" name="natter"/>
    </lexUnit>
    <lexUnit status="FN1_Sent" POS="V" name="prattle.v" ID="557" lemmaID="30041" cBy="ChW" cDate="02/08/2001 01:28:20 PST Thu">
        <definition>COD: talk at length in a foolish or inconsequential way.</definition>
        <sentenceCount annotated="19" total="41"/>
        <lexeme order="1" headword="false" breakBefore="false" POS="V" name="prattle"/>
    </lexUnit>
    <lexUnit status="FN1_Sent" POS="V" name="rant.v" ID="558" lemmaID="31809" cBy="ChW" cDate="02/08/2001 01:28:20 PST Thu">
        <definition>COD: speak or shout at length in a wild, impassioned way. </definition>
        <sentenceCount annotated="26" total="56"/>
        <lexeme order="1" headword="false" breakBefore="false" POS="V" name="rant"/>
    </lexUnit>
    <lexUnit status="FN1_Sent" POS="V" name="rave.v" ID="559" lemmaID="31914" cBy="ChW" cDate="02/08/2001 01:28:20 PST Thu">
        <definition>COD: talk wildly or incoherently.</definition>
        <sentenceCount annotated="27" total="140"/>
        <lexeme order="1" headword="false" breakBefore="false" POS="V" name="rave"/>
    </lexUnit>
    <lexUnit status="FN1_Sent" POS="V" name="shout.v" ID="560" lemmaID="35676" cBy="ChW" cDate="02/08/2001 01:28:21 PST Thu">
        <definition>COD: speak or call out very loudly. </definition>
        <sentenceCount annotated="126" total="422"/>
        <lexeme order="1" headword="false" breakBefore="false" POS="V" name="shout"/>
    </lexUnit>
    <lexUnit status="FN1_Sent" POS="V" name="simper.v" ID="561" lemmaID="35944" cBy="ChW" cDate="02/08/2001 01:28:21 PST Thu">
        <definition>FN: to speak with a silly, self-conscious, coy smile.</definition>
        <sentenceCount annotated="11" total="45"/>
        <lexeme order="1" headword="false" breakBefore="false" POS="V" name="simper"/>
    </lexUnit>
    <lexUnit status="FN1_Sent" POS="V" name="sing.v" ID="562" lemmaID="35981" cBy="ChW" cDate="02/08/2001 01:28:21 PST Thu">
        <definition>COD: make musical sounds with the voice, especially words with a set tune.</definition>
        <sentenceCount annotated="82" total="395"/>
        <lexeme order="1" headword="false" breakBefore="false" POS="V" name="sing"/>
    </lexUnit>
    <lexUnit status="FN1_Sent" POS="V" name="slur.v" ID="563" lemmaID="36458" cBy="ChW" cDate="02/08/2001 01:28:21 PST Thu">
        <definition>FN: speak or articulate speech indistinctly.</definition>
        <sentenceCount annotated="19" total="75"/>
        <lexeme order="1" headword="false" breakBefore="false" POS="V" name="slur"/>
    </lexUnit>
    <lexUnit status="FN1_Sent" POS="V" name="stammer.v" ID="564" lemmaID="37766" cBy="ChW" cDate="02/08/2001 01:28:21 PST Thu">
        <definition>COD: speak with sudden involuntary pauses and a tendency to repeat the initial letters of words. </definition>
        <sentenceCount annotated="29" total="76"/>
        <lexeme order="1" headword="false" breakBefore="false" POS="V" name="stammer"/>
    </lexUnit>
    <lexUnit status="FN1_Sent" POS="V" name="stutter.v" ID="565" lemmaID="38470" cBy="ChW" cDate="02/08/2001 01:28:21 PST Thu">
        <definition>COD: talk with continued involuntary repetition of sounds, especially initial consonants. </definition>
        <sentenceCount annotated="19" total="55"/>
        <lexeme order="1" headword="false" breakBefore="false" POS="V" name="stutter"/>
    </lexUnit>
    <lexUnit status="FN1_Sent" POS="V" name="whisper.v" ID="566" lemmaID="44018" cBy="ChW" cDate="02/08/2001 01:28:21 PST Thu">
        <definition>COD: speak very softly using one's breath rather than one's throat. </definition>
        <sentenceCount annotated="73" total="307"/>
        <lexeme order="1" headword="false" breakBefore="false" POS="V" name="whisper"/>
    </lexUnit>
    <lexUnit status="Created" POS="V" name="blabber.v" ID="17599" lemmaID="3710" cBy="CVa" cDate="07/14/2014 04:01:22 PDT Mon">
        <definition>FN: to speak foolishly or excessively </definition>
        <sentenceCount annotated="0" total="0"/>
        <lexeme order="1" headword="false" breakBefore="false" POS="V" name="blabber"/>
    </lexUnit>
</frame>