<?xml version="1.0" encoding="UTF-8" standalone="yes"?>
<?xml-stylesheet type="text/xsl" href="frame.xsl"?>
<frame cBy="ACW" cDate="07/16/2001 03:31:51 PDT Mon" name="Commerce_pay" ID="180" xsi:schemaLocation="../schema/frame.xsd" xmlns="http://framenet.icsi.berkeley.edu" xmlns:xsi="http://www.w3.org/2001/XMLSchema-instance">
    <definition>&lt;def-root&gt;This frame involves &lt;fen&gt;Buyer&lt;/fen&gt;s paying &lt;fen&gt;Money&lt;/fen&gt; for &lt;fen&gt;Goods&lt;/fen&gt;.  In this frame the &lt;fen&gt;Money&lt;/fen&gt; is the direct object, and is mapped to the theme of the transfer.

&lt;ex&gt;&lt;fex name="Buyer"&gt;I&lt;/fex&gt; &lt;t&gt;paid&lt;/t&gt; &lt;fex name="Seller"&gt;her&lt;/fex&gt; &lt;fex name="Money"&gt;$50&lt;/fex&gt; &lt;fex name="Goods"&gt;for a video game&lt;/fex&gt;.&lt;/ex&gt;&lt;/def-root&gt;</definition>
    <FE bgColor="00008B" fgColor="FFFFFF" coreType="Core" cBy="ACW" cDate="07/16/2001 03:35:24 PDT Mon" abbrev="Byr" name="Buyer" ID="1409">
        <definition>&lt;def-root&gt;The &lt;fen&gt;Buyer&lt;/fen&gt; has the &lt;fen&gt;Money&lt;/fen&gt; and wants the &lt;fen&gt;Goods&lt;/fen&gt;.
&lt;ex&gt;&lt;fex name="Byr"&gt;Gem&lt;/fex&gt; &lt;t&gt;paid&lt;/t&gt; fifty dollars for a shirt&lt;/ex&gt;&lt;/def-root&gt;</definition>
    </FE>
    <FE bgColor="006400" fgColor="FFFFFF" coreType="Core" cBy="ACW" cDate="07/16/2001 03:35:24 PDT Mon" abbrev="Gds" name="Goods" ID="1410">
        <definition>&lt;def-root&gt;The FE &lt;fen&gt;Goods&lt;/fen&gt; is anything (including labor or time, for example) which is exchanged for &lt;fen&gt;Money&lt;/fen&gt; in a transaction. 
&lt;ex&gt;Kim &lt;t&gt;paid&lt;/t&gt; fifty dollars &lt;fex name="Gds"&gt;for the shirt&lt;/fex&gt;&lt;/ex&gt;&lt;/def-root&gt;</definition>
    </FE>
    <FE bgColor="FF69B4" fgColor="FFFFFF" coreType="Peripheral" cBy="ACW" cDate="07/16/2001 03:35:24 PDT Mon" abbrev="Mns" name="Means" ID="1411">
        <definition>&lt;def-root&gt;The &lt;fen&gt;Means&lt;/fen&gt; by which a commercial transaction occurs.
Abby &lt;t&gt;bought&lt;/t&gt; the car &lt;fex name="Means"&gt;with cash&lt;/fex&gt;.
Robin &lt;t&gt;paid&lt;/t&gt; for the car &lt;fex name="Means"&gt;by check&lt;/fex&gt;.&lt;/def-root&gt;</definition>
        <semType name="State_of_affairs" ID="177"/>
    </FE>
    <FE bgColor="7CCD73" fgColor="FFFFFF" coreType="Core" cBy="ACW" cDate="07/16/2001 03:35:24 PDT Mon" abbrev="Mny" name="Money" ID="1412">
        <definition>&lt;def-root&gt;&lt;fen&gt;Money&lt;/fen&gt; is the thing given in exchange for &lt;fen&gt;Goods&lt;/fen&gt; in a transaction.
&lt;ex&gt;Pat &lt;t&gt;paid&lt;/t&gt; &lt;fex name="Money"&gt;14 dollars&lt;/fex&gt; for a movie ticket.&lt;/ex&gt;
&lt;/def-root&gt;</definition>
    </FE>
    <FE bgColor="00BFFF" fgColor="FFFFFF" coreType="Core" cBy="ACW" cDate="07/16/2001 03:35:24 PDT Mon" abbrev="Rate" name="Rate" ID="1413">
        <definition>&lt;def-root&gt;In some cases, price or payment is described per unit of &lt;fen&gt;Goods&lt;/fen&gt;.
&lt;ex&gt;The manager &lt;t&gt;pays&lt;/t&gt; the paper boys &lt;fex name="Rate"&gt;five dollars an hour&lt;/fex&gt;. &lt;/ex&gt;&lt;/def-root&gt;</definition>
    </FE>
    <FE bgColor="FF0000" fgColor="FFFFFF" coreType="Core" cBy="ACW" cDate="07/16/2001 03:35:24 PDT Mon" abbrev="Slr" name="Seller" ID="1414">
        <definition>&lt;def-root&gt;The &lt;fen&gt;Seller&lt;/fen&gt; has the &lt;fen&gt;Goods&lt;/fen&gt; and wants the &lt;fen&gt;Money&lt;/fen&gt;.
&lt;ex&gt;&lt;fex name="Slr"&gt;The landlord&lt;/fex&gt; is &lt;t&gt;paid&lt;/t&gt;  $700 a month by the tenants for the apartment.  &lt;/ex&gt;
&lt;/def-root&gt;</definition>
    </FE>
    <FE bgColor="A52A2A" fgColor="FFFFFF" coreType="Peripheral" cBy="ACW" cDate="07/16/2001 03:35:24 PDT Mon" abbrev="Unit" name="Unit" ID="1415">
        <definition>&lt;def-root&gt;This FE is any unit in which goods or services can be measured.
Generally, it occurs in a &lt;ment&gt;by&lt;/ment&gt;-PP. 
&lt;ex&gt;Bob &lt;t&gt;pays&lt;/t&gt; for peppers &lt;fex name="Unit"&gt;by the pound&lt;/fex&gt;. &lt;/ex&gt;&lt;/def-root&gt;</definition>
    </FE>
    <FE bgColor="9F79EE" fgColor="FFFFFF" coreType="Peripheral" cBy="MJE" cDate="08/21/2001 08:30:02 PDT Tue" abbrev="Place" name="Place" ID="1728">
        <definition>&lt;def-root&gt;Where the event takes place.&lt;/def-root&gt;</definition>
        <semType name="Locative_relation" ID="182"/>
    </FE>
    <FE bgColor="800080" fgColor="FFFFFF" coreType="Peripheral" cBy="MJE" cDate="08/21/2001 08:30:02 PDT Tue" abbrev="Purp" name="Purpose" ID="1729">
        <definition>&lt;def-root&gt;The &lt;fen&gt;Purpose&lt;/fen&gt; for which an intentional act is performed.&lt;/def-root&gt;</definition>
        <semType name="State_of_affairs" ID="177"/>
    </FE>
    <FE bgColor="008000" fgColor="FFFFFF" coreType="Extra-Thematic" cBy="MJE" cDate="08/21/2001 08:30:02 PDT Tue" abbrev="Exp" name="Explanation" ID="1730">
        <definition>&lt;def-root&gt;The &lt;fex name="Explanation"&gt;Explanation&lt;/fex&gt; for which an event occurs.&lt;/def-root&gt;</definition>
        <semType name="State_of_affairs" ID="177"/>
    </FE>
    <FE bgColor="FFA500" fgColor="FFFFFF" coreType="Peripheral" cBy="MJE" cDate="08/21/2001 08:30:02 PDT Tue" abbrev="Time" name="Time" ID="1731">
        <definition>&lt;def-root&gt;When the event occurs.&lt;/def-root&gt;</definition>
        <semType name="Time" ID="141"/>
    </FE>
    <FE bgColor="9400D3" fgColor="FFFFFF" coreType="Peripheral" cBy="MJE" cDate="04/25/2003 12:16:15 PDT Fri" abbrev="" name="Manner" ID="4442">
        <definition>&lt;def-root&gt;Any description of the paying event which is not covered by more specific FEs, including secondary effects (&lt;ment&gt;quietly, loudly&lt;/ment&gt;), and general descriptions comparing events (&lt;ment&gt;the same way&lt;/ment&gt;). It may also indicate salient characteristics of the &lt;fen&gt;Buyer&lt;/fen&gt; that affect the action (&lt;ment&gt;presumptuously, coldly, deliberately, eagerly, carefully&lt;/ment&gt;).
&lt;ex&gt;She &lt;fex name="Manner"&gt;quietly&lt;/fex&gt; &lt;t&gt;paid&lt;/t&gt; the bill and left.&lt;/ex&gt;&lt;/def-root&gt;</definition>
        <semType name="Manner" ID="173"/>
    </FE>
    <FE bgColor="FFFF00" fgColor="000000" coreType="Extra-Thematic" cBy="MiL" cDate="11/17/2005 04:39:13 PST Thu" abbrev="Cir" name="Circumstances" ID="9401">
        <definition>&lt;def-root&gt;&lt;fen&gt;Circumstances&lt;/fen&gt; describe the state of the world (at a particular time and place) which is specifically independent of the event itself and any of its participants. 
  

&lt;ex&gt;Worker 's compensation &lt;t&gt;payments&lt;/t&gt; alone &lt;fex name="Circumstances"&gt;in cases involving falls&lt;/fex&gt; , now average more than $8500 per incident in North America .&lt;/ex&gt;&lt;/def-root&gt;</definition>
    </FE>
    <FE bgColor="FF69B4" fgColor="000000" coreType="Extra-Thematic" cBy="MiL" cDate="11/17/2005 04:59:58 PST Thu" abbrev="Fre" name="Frequency" ID="9402">
        <definition>&lt;def-root&gt;This frame element is defined as the number of times an event occurs per some unit of time.

&lt;ex&gt;A good tenant &lt;t&gt;pays&lt;/t&gt; her rent &lt;fex name="Frequency"&gt;regularly&lt;/fex&gt;&lt;/ex&gt;&lt;/def-root&gt;</definition>
    </FE>
    <FEcoreSet>
        <memberFE name="Rate" ID="1413"/>
        <memberFE name="Money" ID="1412"/>
    </FEcoreSet>
    <frameRelation type="Inherits from">
        <relatedFrame ID="139">Giving</relatedFrame>
    </frameRelation>
    <frameRelation type="Is Inherited by"/>
    <frameRelation type="Perspective on">
        <relatedFrame ID="209">Commerce_money-transfer</relatedFrame>
    </frameRelation>
    <frameRelation type="Is Perspectivized in"/>
    <frameRelation type="Uses"/>
    <frameRelation type="Is Used by">
        <relatedFrame ID="1873">Earnings_and_losses</relatedFrame>
    </frameRelation>
    <frameRelation type="Subframe of"/>
    <frameRelation type="Has Subframe(s)"/>
    <frameRelation type="Precedes"/>
    <frameRelation type="Is Preceded by"/>
    <frameRelation type="Is Inchoative of"/>
    <frameRelation type="Is Causative of"/>
    <frameRelation type="See also"/>
    <lexUnit status="Finished_Initial" POS="V" name="pay.v" ID="3083" lemmaID="28128" cBy="ACW" cDate="07/16/2001 03:41:58 PDT Mon">
        <definition>FN: give someone money in exchange for goods.</definition>
        <sentenceCount annotated="69" total="506"/>
        <lexeme order="1" headword="false" breakBefore="false" POS="V" name="pay"/>
    </lexUnit>
    <lexUnit status="Finished_Initial" POS="N" name="payment.n" ID="8742" lemmaID="28137" cBy="MJE" cDate="06/04/2003 07:34:18 PDT Wed">
        <definition>COD: an amount paid or payable. </definition>
        <sentenceCount annotated="69" total="527"/>
        <lexeme order="1" headword="false" breakBefore="false" POS="N" name="payment"/>
    </lexUnit>
    <lexUnit status="Finished_Initial" POS="V" name="disburse.v" ID="8743" lemmaID="10829" cBy="MJE" cDate="06/04/2003 07:42:34 PDT Wed">
        <definition>COD: pay out (money from a fund). </definition>
        <sentenceCount annotated="8" total="49"/>
        <lexeme order="1" headword="false" breakBefore="false" POS="V" name="disburse"/>
    </lexUnit>
    <lexUnit status="Created" POS="N" name="disbursement.n" ID="8744" lemmaID="10830" cBy="MJE" cDate="06/04/2003 07:43:16 PDT Wed">
        <definition>FN: payment (from a fund)</definition>
        <sentenceCount annotated="0" total="0"/>
        <lexeme order="1" headword="false" breakBefore="false" POS="N" name="disbursement"/>
    </lexUnit>
    <lexUnit status="Created" POS="V" name="shell out.v" ID="13473" lemmaID="50423" cBy="RLG" cDate="08/15/2006 04:24:32 PDT Tue">
        <definition>COD: pay a specified amount of money, especially an amount regarded as excessive.</definition>
        <sentenceCount annotated="0" total="0"/>
        <lexeme order="1" headword="true" breakBefore="false" POS="V" name="shell"/>
        <lexeme order="2" headword="false" breakBefore="true" POS="ADV" name="out"/>
    </lexUnit>
    <lexUnit status="Created" POS="N" name="payer.n" ID="17294" lemmaID="28134" cBy="CVa" cDate="01/29/2013 05:47:15 PST Tue">
        <definition>FN: a person who pays money in exchange for goods or services</definition>
        <sentenceCount annotated="1" total="1"/>
        <lexeme order="1" headword="false" breakBefore="false" POS="N" name="payer"/>
    </lexUnit>
</frame>