<?xml version="1.0" encoding="UTF-8" standalone="yes"?>
<?xml-stylesheet type="text/xsl" href="frame.xsl"?>
<frame cBy="ChW" cDate="02/07/2001 04:12:28 PST Wed" name="Commerce_scenario" ID="82" xsi:schemaLocation="../schema/frame.xsd" xmlns="http://framenet.icsi.berkeley.edu" xmlns:xsi="http://www.w3.org/2001/XMLSchema-instance">
    <definition>&lt;def-root&gt;Commerce is a situation in which a &lt;fen&gt;Buyer&lt;/fen&gt; and a &lt;fen&gt;Seller&lt;/fen&gt; have agreed upon an exchange of &lt;fen&gt;Money&lt;/fen&gt; and &lt;fen&gt;Goods&lt;/fen&gt; (possibly after a negotiation), and then perform the exchange, optionally carrying it out with various kinds of direct payment or financing or the giving of change.  

The &lt;fen&gt;Seller&lt;/fen&gt; indicates their willingness to give the &lt;fen&gt;Goods&lt;/fen&gt; in their possession to a &lt;fen&gt;Buyer&lt;/fen&gt; who would give them some amount of &lt;fen&gt;Money&lt;/fen&gt;.  The &lt;fen&gt;Seller&lt;/fen&gt; may have already decided on the amount of money that they would require, in which case it is called the Asking price.  

The &lt;fen&gt;Buyer&lt;/fen&gt; also indicates their willingness to give an amount of money called an Offer to a &lt;fen&gt;Seller&lt;/fen&gt; who would give them the &lt;fen&gt;Goods&lt;/fen&gt;.  

Normally the process is begun by the &lt;fen&gt;Seller&lt;/fen&gt;.  The means by which the &lt;fen&gt;Seller&lt;/fen&gt; indicates their wish to engage in an exchange are various, ranging from putting a price tag on an item on a store shelf, to advertizing, to communicating directly and specifically with a possible &lt;fen&gt;Buyer&lt;/fen&gt;.  In some cases, however, the process may be initiated by the &lt;fen&gt;Buyer&lt;/fen&gt; indicating to a possible &lt;fen&gt;Seller&lt;/fen&gt; that they would like to make an exchange.

&lt;ex&gt;&lt;t&gt;buyer&lt;/t&gt; beware.&lt;/ex&gt;&lt;/def-root&gt;</definition>
    <semType name="Non-perspectivalized_frame" ID="52"/>
    <FE bgColor="00008B" fgColor="FFFFFF" coreType="Core" cBy="ChW" cDate="02/07/2001 04:12:28 PST Wed" abbrev="Byr" name="Buyer" ID="376">
        <definition>&lt;def-root&gt;The &lt;fen&gt;Buyer&lt;/fen&gt; has the &lt;fen&gt;Money&lt;/fen&gt; and wants the &lt;fen&gt;Goods&lt;/fen&gt;.
&lt;ex&gt;She was considered a &lt;t&gt;&lt;fex name="Byr"&gt;purchaser&lt;/fex&gt;&lt;/t&gt; of the finest things&lt;/ex&gt;&lt;/def-root&gt;</definition>
    </FE>
    <FE bgColor="FF0000" fgColor="FFFFFF" coreType="Core" cBy="ChW" cDate="02/07/2001 04:12:29 PST Wed" abbrev="Slr" name="Seller" ID="377">
        <definition>&lt;def-root&gt;The &lt;fen&gt;Seller&lt;/fen&gt; has the &lt;fen&gt;Goods&lt;/fen&gt; and wants the &lt;fen&gt;Money&lt;/fen&gt;.
&lt;ex&gt;&lt;fex name="Slr"&gt;My local grocery store&lt;/fex&gt; raised &lt;t&gt;prices&lt;/t&gt; on meat&lt;/ex&gt;&lt;/def-root&gt;</definition>
    </FE>
    <FE bgColor="9F79EE" fgColor="FFFFFF" coreType="Core" cBy="ChW" cDate="02/07/2001 04:12:29 PST Wed" abbrev="Mny" name="Money" ID="378">
        <definition>&lt;def-root&gt;&lt;fen&gt;Money&lt;/fen&gt; is given in exchange for &lt;fen&gt;Goods&lt;/fen&gt; in a transaction. 
&lt;ex&gt;The &lt;t&gt;price&lt;/t&gt; of the sweater &lt;m&gt;was&lt;/m&gt; &lt;fex name="Mny"&gt; $50&lt;/fex&gt;.&lt;/ex&gt;
&lt;/def-root&gt;</definition>
    </FE>
    <FE bgColor="008000" fgColor="FFFFFF" coreType="Core" cBy="ChW" cDate="02/07/2001 04:12:29 PST Wed" abbrev="Gds" name="Goods" ID="379">
        <definition>&lt;def-root&gt;&lt;fen&gt;Goods&lt;/fen&gt; is anything including labor or time, for example, which is exchanged for &lt;fen&gt;Money&lt;/fen&gt; in a transaction. 
&lt;ex&gt;She was considered a &lt;t&gt;purchaser&lt;/t&gt; &lt;fex name="Gds"&gt;of the finest things&lt;/fex&gt;&lt;/ex&gt;&lt;/def-root&gt;</definition>
    </FE>
    <FE bgColor="00BFFF" fgColor="FFFFFF" coreType="Peripheral" cBy="ChW" cDate="02/07/2001 04:12:29 PST Wed" abbrev="Rate" name="Rate" ID="380">
        <definition>&lt;def-root&gt;In some cases, price or payment is described per unit of Goods.
&lt;ex&gt; The authorities cut tomato &lt;t&gt;prices&lt;/t&gt; &lt;fex name="Rate"&gt; to a dollar per pound&lt;/fex&gt;. &lt;/ex&gt;&lt;/def-root&gt;</definition>
    </FE>
    <FE bgColor="A52A2A" fgColor="FFFFFF" coreType="Peripheral" cBy="ChW" cDate="02/07/2001 04:12:29 PST Wed" abbrev="Unit" name="Unit" ID="381">
        <definition>&lt;def-root&gt;This FE is any unit in which goods or services can be measured. Generally, it occurs in a 	&lt;ment&gt;by&lt;/ment&gt;-PP. 
&lt;ex&gt;The &lt;t&gt;price&lt;/t&gt; of Bob's peppers is determined &lt;fex name="Unit"&gt;by the pound&lt;/fex&gt;.&lt;/ex&gt;
&lt;/def-root&gt;</definition>
    </FE>
    <FE bgColor="FF69B4" fgColor="FFFFFF" coreType="Peripheral" cBy="MRLP" cDate="07/12/2001 01:27:33 PDT Thu" abbrev="Mns" name="Means" ID="1321">
        <definition>&lt;def-root&gt;The means by which a commercial transaction occurs.
&lt;ex&gt;It is efficient to engage in &lt;t&gt;commerce&lt;/t&gt; &lt;fex name="Mns"&gt;by ship&lt;/fex&gt;&lt;/ex&gt;&lt;/def-root&gt;</definition>
        <semType name="State_of_affairs" ID="177"/>
    </FE>
    <FE bgColor="FF00FF" fgColor="FFFFFF" coreType="Peripheral" cBy="MJE" cDate="09/18/2001 01:16:42 PDT Tue" abbrev="Manr" name="Manner" ID="1940">
        <definition>&lt;def-root&gt;Manner of performing an action&lt;/def-root&gt;</definition>
        <semType name="Manner" ID="173"/>
    </FE>
    <FE bgColor="800080" fgColor="FFFFFF" coreType="Peripheral" cBy="MJE" cDate="04/25/2003 01:34:42 PDT Fri" abbrev="" name="Purpose" ID="4446">
        <definition>&lt;def-root&gt;A state of affairs that the agent intends to bring about as a result of participating in the Commercial Transaction.&lt;/def-root&gt;</definition>
        <semType name="State_of_affairs" ID="177"/>
    </FE>
    <frameRelation type="Inherits from"/>
    <frameRelation type="Is Inherited by"/>
    <frameRelation type="Perspective on"/>
    <frameRelation type="Is Perspectivized in"/>
    <frameRelation type="Uses"/>
    <frameRelation type="Is Used by">
        <relatedFrame ID="365">Businesses</relatedFrame>
        <relatedFrame ID="83">Expensiveness</relatedFrame>
        <relatedFrame ID="1184">Exchange_currency</relatedFrame>
    </frameRelation>
    <frameRelation type="Subframe of"/>
    <frameRelation type="Has Subframe(s)">
        <relatedFrame ID="177">Commercial_transaction</relatedFrame>
        <relatedFrame ID="1577">Having_commercial_agreement</relatedFrame>
    </frameRelation>
    <frameRelation type="Precedes"/>
    <frameRelation type="Is Preceded by"/>
    <frameRelation type="Is Inchoative of"/>
    <frameRelation type="Is Causative of"/>
    <frameRelation type="See also"/>
    <lexUnit status="Finished_Initial" POS="N" name="price.n" ID="2894" lemmaID="30400" cBy="HCB" cDate="07/06/2001 11:51:15 PDT Fri">
        <definition>COD: the amount of money expected, required, or given in payment for something. </definition>
        <sentenceCount annotated="90" total="679"/>
        <lexeme order="1" headword="false" breakBefore="false" POS="N" name="price"/>
    </lexUnit>
    <lexUnit status="Created" POS="N" name="goods.n" ID="2899" lemmaID="16543" cBy="HCB" cDate="07/06/2001 12:15:58 PDT Fri">
        <definition>COD: erchandise or possessions. </definition>
        <sentenceCount annotated="9" total="9"/>
        <lexeme order="1" headword="false" breakBefore="false" POS="N" name="goods"/>
    </lexUnit>
    <lexUnit status="Created" POS="N" name="commerce.n" ID="11145" lemmaID="7345" cBy="MiL" cDate="11/12/2004 02:55:14 PST Fri">
        <definition>COD: the activity of buying and selling, especially on a large scale</definition>
        <sentenceCount annotated="2" total="2"/>
        <lexeme order="1" headword="false" breakBefore="false" POS="N" name="commerce"/>
    </lexUnit>
    <lexUnit status="Created" POS="N" name="trafficker.n" ID="11783" lemmaID="40929" cBy="RLG" cDate="04/08/2005 11:39:09 PDT Fri">
        <definition>FN: a person who deals in the commerce of illegal goods (esp. drugs).</definition>
        <sentenceCount annotated="5" total="5"/>
        <lexeme order="1" headword="false" breakBefore="false" POS="N" name="trafficker"/>
        <semType name="Negative_judgment" ID="14"/>
    </lexUnit>
    <lexUnit status="Created" POS="N" name="supply side.n" ID="14394" lemmaID="50666" cBy="MJE" cDate="04/11/2007 03:58:18 PDT Wed">
        <definition>FN: a generic set of sellers involved in transactions</definition>
        <sentenceCount annotated="0" total="0"/>
        <lexeme order="1" headword="false" breakBefore="false" POS="N" name="supply"/>
        <lexeme order="2" headword="true" breakBefore="true" POS="N" name="side"/>
    </lexUnit>
    <lexUnit status="Created" POS="N" name="merchandise.n" ID="16140" lemmaID="24004" cBy="MLC" cDate="11/02/2010 12:32:10 PDT Tue">
        <definition>FN: the inventory of the seller.  </definition>
        <sentenceCount annotated="1" total="2"/>
        <lexeme order="1" headword="false" breakBefore="false" POS="N" name="merchandise"/>
    </lexUnit>
</frame>