<?xml version="1.0" encoding="UTF-8" standalone="yes"?>
<?xml-stylesheet type="text/xsl" href="frame.xsl"?>
<frame cBy="MJE" cDate="08/21/2001 07:47:12 PDT Tue" name="Commerce_collect" ID="210" xsi:schemaLocation="../schema/frame.xsd" xmlns="http://framenet.icsi.berkeley.edu" xmlns:xsi="http://www.w3.org/2001/XMLSchema-instance">
    <definition>&lt;def-root&gt;Subframe of Commerce_money-transfer in which the &lt;fen&gt;Seller&lt;/fen&gt; comes to have the &lt;fen&gt;Money&lt;/fen&gt;.

&lt;ex&gt;&lt;fex name="Seller"&gt;The man at the counter&lt;/fex&gt; &lt;t&gt;collected&lt;/t&gt; &lt;fex name="Money"&gt;payment&lt;/fex&gt; &lt;fex name="Buyer"&gt;from Lee&lt;/fex&gt; &lt;fex name="Goods"&gt;for his dry-cleaning&lt;/fex&gt;.&lt;/ex&gt;&lt;/def-root&gt;</definition>
    <FE bgColor="00008B" fgColor="FFFFFF" coreType="Core" cBy="MJE" cDate="08/21/2001 07:51:24 PDT Tue" abbrev="Byr" name="Buyer" ID="1692">
        <definition>&lt;def-root&gt;The &lt;fen&gt;Buyer&lt;/fen&gt; wants the &lt;fen&gt;Goods&lt;/fen&gt; and offers &lt;fen&gt;Money&lt;/fen&gt; to a &lt;fen&gt;Seller&lt;/fen&gt; in exchange for them.
&lt;ex&gt;The pizza man &lt;t&gt;collected&lt;/t&gt; $35 &lt;fex name="Buyer"&gt;from Lee&lt;/fex&gt; for his order.&lt;/ex&gt;&lt;/def-root&gt;</definition>
        <semType name="Source" ID="151"/>
    </FE>
    <FE bgColor="006400" fgColor="FFFFFF" coreType="Core" cBy="MJE" cDate="08/21/2001 07:51:24 PDT Tue" abbrev="Gds" name="Goods" ID="1693">
        <definition>&lt;def-root&gt;The FE &lt;fen&gt;Goods&lt;/fen&gt; is anything (including labor or time, for example) which is exchanged for &lt;fen&gt;Money&lt;/fen&gt; in a transaction. 
&lt;ex&gt;The man at the counter &lt;t&gt;collected&lt;/t&gt; payment from Lee &lt;fex name="Goods"&gt;for his dry-cleaning&lt;/fex&gt;.&lt;/ex&gt;&lt;/def-root&gt;</definition>
    </FE>
    <FE bgColor="FF69B4" fgColor="FFFFFF" coreType="Peripheral" cBy="MJE" cDate="08/21/2001 07:51:24 PDT Tue" abbrev="Mns" name="Means" ID="1694">
        <definition>&lt;def-root&gt;The means by which a commercial transaction occurs.
&lt;ex&gt;The money was &lt;t&gt;collected&lt;/t&gt; &lt;fex name="Means"&gt;through a credit card transaction&lt;/fex&gt;.&lt;/ex&gt;&lt;/def-root&gt;</definition>
        <semType name="State_of_affairs" ID="177"/>
    </FE>
    <FE bgColor="0000FF" fgColor="FFFFFF" coreType="Core" cBy="MJE" cDate="08/21/2001 07:51:24 PDT Tue" abbrev="Mny" name="Money" ID="1695">
        <definition>&lt;def-root&gt;&lt;fen&gt;Money&lt;/fen&gt; is the thing given in exchange for &lt;fen&gt;Goods&lt;/fen&gt; in a transaction.
&lt;ex&gt;The clerk &lt;t&gt;collected&lt;/t&gt; &lt;fex name="Money"&gt;$49.95&lt;/fex&gt; from the customer for the merchandise.&lt;/ex&gt;&lt;/def-root&gt;</definition>
    </FE>
    <FE bgColor="00BFFF" fgColor="FFFFFF" coreType="Core" cBy="MJE" cDate="08/21/2001 07:51:24 PDT Tue" abbrev="Rate" name="Rate" ID="1696">
        <definition>&lt;def-root&gt;In some cases, price or payment is described per unit of &lt;fen&gt;Goods&lt;/fen&gt;.
&lt;ex&gt;The cleaner &lt;t&gt;collects&lt;/t&gt; &lt;fex name="Rate"&gt;forty dollers per hour&lt;/fex&gt; for his services.&lt;/ex&gt;
&lt;/def-root&gt;</definition>
    </FE>
    <FE bgColor="FF0000" fgColor="FFFFFF" coreType="Core" cBy="MJE" cDate="08/21/2001 07:51:24 PDT Tue" abbrev="Slr" name="Seller" ID="1697">
        <definition>&lt;def-root&gt;The &lt;fen&gt;Seller&lt;/fen&gt; has possession of the &lt;fen&gt;Goods&lt;/fen&gt; and exchanges them for &lt;fen&gt;Money&lt;/fen&gt; from a &lt;fen&gt;Buyer&lt;/fen&gt;.
&lt;ex&gt;&lt;fex name="Seller"&gt;The salesman&lt;/fex&gt; &lt;t&gt;collected&lt;/t&gt; the money from the customer.&lt;/ex&gt;&lt;/def-root&gt;</definition>
    </FE>
    <FE bgColor="A52A2A" fgColor="FFFFFF" coreType="Peripheral" cBy="MJE" cDate="08/21/2001 07:51:24 PDT Tue" abbrev="Unit" name="Unit" ID="1698">
        <definition>&lt;def-root&gt;This FE is any unit in which goods or services can be measured.
Generally, it occurs in a &lt;ment&gt;by&lt;/ment&gt;-PP. 

&lt;/def-root&gt;</definition>
    </FE>
    <FE bgColor="9F79EE" fgColor="FFFFFF" coreType="Peripheral" cBy="MJE" cDate="08/21/2001 08:44:53 PDT Tue" abbrev="Place" name="Place" ID="1738">
        <definition>&lt;def-root&gt;Where the event takes place.&lt;/def-root&gt;</definition>
        <semType name="Locative_relation" ID="182"/>
    </FE>
    <FE bgColor="800080" fgColor="FFFFFF" coreType="Peripheral" cBy="MJE" cDate="08/21/2001 08:44:53 PDT Tue" abbrev="Purp" name="Purpose" ID="1739">
        <definition>&lt;def-root&gt;The purpose for which an intentional act is performed.&lt;/def-root&gt;</definition>
        <semType name="State_of_affairs" ID="177"/>
    </FE>
    <FE bgColor="008000" fgColor="FFFFFF" coreType="Extra-Thematic" cBy="MJE" cDate="08/21/2001 08:44:53 PDT Tue" abbrev="Exp" name="Explanation" ID="1740">
        <definition>&lt;def-root&gt;The &lt;fex name="Explanation"&gt;Explanation&lt;/fex&gt; for which an event occurs.&lt;/def-root&gt;</definition>
        <semType name="State_of_affairs" ID="177"/>
    </FE>
    <FE bgColor="FFA500" fgColor="FFFFFF" coreType="Peripheral" cBy="MJE" cDate="08/21/2001 08:44:53 PDT Tue" abbrev="Time" name="Time" ID="1741">
        <definition>&lt;def-root&gt;When the event occurs.&lt;/def-root&gt;</definition>
        <semType name="Time" ID="141"/>
    </FE>
    <FE bgColor="9400D3" fgColor="FFFFFF" coreType="Peripheral" cBy="MJE" cDate="04/25/2003 12:12:58 PDT Fri" abbrev="" name="Manner" ID="4441">
        <definition>&lt;def-root&gt;Any description of the collection event which is not covered by more specific FEs, including secondary effects (&lt;ment&gt;quietly, loudly&lt;/ment&gt;), and general descriptions comparing events (&lt;ment&gt;the same way&lt;/ment&gt;). It may also indicate salient characteristics of the &lt;fen&gt;Seller&lt;/fen&gt; that affect the action (&lt;ment&gt;presumptuously, coldly, deliberately, eagerly, carefully&lt;/ment&gt;).
&lt;ex&gt;He &lt;fex name="Manner"&gt;carefully&lt;/fex&gt; &lt;t&gt;collected&lt;/t&gt; all his debts.&lt;/ex&gt;&lt;/def-root&gt;</definition>
        <semType name="Manner" ID="173"/>
    </FE>
    <FEcoreSet>
        <memberFE name="Rate" ID="1696"/>
        <memberFE name="Money" ID="1695"/>
    </FEcoreSet>
    <frameRelation type="Inherits from">
        <relatedFrame ID="179">Getting</relatedFrame>
    </frameRelation>
    <frameRelation type="Is Inherited by">
        <relatedFrame ID="1873">Earnings_and_losses</relatedFrame>
    </frameRelation>
    <frameRelation type="Perspective on">
        <relatedFrame ID="209">Commerce_money-transfer</relatedFrame>
    </frameRelation>
    <frameRelation type="Is Perspectivized in"/>
    <frameRelation type="Uses"/>
    <frameRelation type="Is Used by">
        <relatedFrame ID="223">Fining</relatedFrame>
        <relatedFrame ID="1873">Earnings_and_losses</relatedFrame>
        <relatedFrame ID="2983">Billing</relatedFrame>
    </frameRelation>
    <frameRelation type="Subframe of"/>
    <frameRelation type="Has Subframe(s)"/>
    <frameRelation type="Precedes"/>
    <frameRelation type="Is Preceded by"/>
    <frameRelation type="Is Inchoative of"/>
    <frameRelation type="Is Causative of"/>
    <frameRelation type="See also"/>
    <lexUnit status="Created" POS="V" name="collect.v" ID="8740" lemmaID="7171" cBy="MJE" cDate="06/04/2003 03:56:24 PDT Wed">
        <definition>COD: call for and receive (something) as a right or due.</definition>
        <sentenceCount annotated="0" total="0"/>
        <lexeme order="1" headword="false" breakBefore="false" POS="V" name="collect"/>
    </lexUnit>
    <lexUnit status="Problem" POS="V" name="charge.v" ID="8741" lemmaID="6091" cBy="MJE" cDate="06/04/2003 03:57:57 PDT Wed">
        <definition>COD:  demand (an amount) as a price for a service rendered or goods supplied.</definition>
        <sentenceCount annotated="41" total="457"/>
        <lexeme order="1" headword="false" breakBefore="false" POS="V" name="charge"/>
    </lexUnit>
    <lexUnit status="Created" POS="N" name="collection.n" ID="18252" lemmaID="7176" cBy="MJE" cDate="09/01/2015 11:54:20 PDT Tue">
        <definition>FN: receive money in return for goods or services promised or delivered.</definition>
        <sentenceCount annotated="0" total="0"/>
        <lexeme order="1" headword="false" breakBefore="false" POS="N" name="collection"/>
    </lexUnit>
</frame>