<?xml version="1.0" encoding="UTF-8" standalone="yes"?>
<?xml-stylesheet type="text/xsl" href="frame.xsl"?>
<frame cBy="JKR" cDate="08/25/2005 02:46:33 PDT Thu" name="Complaining" ID="1621" xsi:schemaLocation="../schema/frame.xsd" xmlns="http://framenet.icsi.berkeley.edu" xmlns:xsi="http://www.w3.org/2001/XMLSchema-instance">
    <definition>&lt;def-root&gt;A &lt;fen&gt;Complainer&lt;/fen&gt; communicates their negative emotional reaction to some state of affairs in a &lt;fen&gt;Complaint&lt;/fen&gt; to an &lt;fen&gt;Addressee&lt;/fen&gt;. As an alternative to the specific &lt;fen&gt;Complaint&lt;/fen&gt;, the &lt;fen&gt;Topic&lt;/fen&gt; of the speaker's &lt;fen&gt;Complaint&lt;/fen&gt; may be specified. Likewise, instead of (or in addition to) the &lt;fen&gt;Complainer&lt;/fen&gt;, a &lt;fen&gt;Medium&lt;/fen&gt; may be stated. 


&lt;ex&gt;The &lt;fex name="Complainer"&gt;top US commander in Iraq&lt;/fex&gt; &lt;t&gt;complained&lt;/t&gt; &lt;fex name="Add"&gt;to the Pentagon&lt;/fex&gt; &lt;fex name="Time"&gt;last winter&lt;/fex&gt; &lt;fex name="Complaint"&gt;that his supply situation was so poor that it threatened Army troops' ability to fight&lt;/fex&gt;.&lt;/ex&gt;


&lt;ex&gt;He said &lt;fex name="Complainer"&gt;he&lt;/fex&gt; will &lt;m&gt;lodge&lt;/m&gt; a &lt;t&gt;complaint&lt;/t&gt; &lt;fex name="Add"&gt;with the ACCC&lt;/fex&gt;. &lt;fex name="Complaint"&gt;DNI&lt;/fex&gt;&lt;/ex&gt;

&lt;ex&gt;&lt;fex name="Time"&gt;On the rare occasions&lt;/fex&gt; &lt;fex name="Complainer"&gt;I&lt;/fex&gt; &lt;t&gt;complained&lt;/t&gt; &lt;fex name="Add"&gt;to him&lt;/fex&gt; &lt;fex name="Topic"&gt;about media bias&lt;/fex&gt;, Peter immediately ordered up a story that included conservative objections to mainstream reports .&lt;/ex&gt;

&lt;ex&gt;&lt;fex name="Medium"&gt;The Op-Eds&lt;/fex&gt; were full of &lt;t&gt;gripes&lt;/t&gt; &lt;fex name="Top"&gt;about the recent tax hike&lt;/fex&gt;.&lt;/ex&gt;&lt;/def-root&gt;</definition>
    <FE bgColor="FF0000" fgColor="FFFFFF" coreType="Core" cBy="JKR" cDate="08/25/2005 02:46:33 PDT Thu" abbrev="cmplnr" name="Complainer" ID="8975">
        <definition>&lt;def-root&gt;The &lt;fen&gt;Complainer&lt;/fen&gt; is the sentient entity that produces the &lt;fen&gt;Complaint&lt;/fen&gt; (whether spoken or written).  


&lt;ex&gt;&lt;fex name="Complainer"&gt;Peter&lt;/fex&gt; has &lt;t&gt;moaned&lt;/t&gt; about it on another thread but it sure must be nice for him to wallow
again.&lt;/ex&gt;&lt;/def-root&gt;</definition>
        <semType name="Sentient" ID="5"/>
    </FE>
    <FE bgColor="006400" fgColor="FFFFFF" coreType="Peripheral" cBy="JKR" cDate="08/25/2005 02:46:33 PDT Thu" abbrev="Add" name="Addressee" ID="8976">
        <definition>&lt;def-root&gt;The &lt;fen&gt;Addressee&lt;/fen&gt; is the person to whom the &lt;fen&gt;Complaint&lt;/fen&gt; is communicated. 

&lt;ex&gt;Fresh out of prison, Martin &lt;t&gt;whinged&lt;/t&gt; &lt;fex name="Add"&gt;to Sonia&lt;/fex&gt; about his life.&lt;/ex&gt;&lt;/def-root&gt;</definition>
        <semType name="Sentient" ID="5"/>
    </FE>
    <FE bgColor="00BFFF" fgColor="FFFFFF" coreType="Core" cBy="JKR" cDate="08/25/2005 02:46:33 PDT Thu" abbrev="com" name="Complaint" ID="8977">
        <definition>&lt;def-root&gt;The lamentable situation that the &lt;fen&gt;Complainer&lt;/fen&gt; is communicating to the &lt;fen&gt;Addressee&lt;/fen&gt;.  

&lt;ex&gt;One observer &lt;t&gt;groused&lt;/t&gt; &lt;fex name="com"&gt;that Skagway was "little better than hell on earth."&lt;/fex&gt;&lt;/ex&gt;&lt;/def-root&gt;</definition>
    </FE>
    <FE bgColor="0000FF" fgColor="FFFFFF" coreType="Core" cBy="JKR" cDate="08/25/2005 02:46:33 PDT Thu" abbrev="Top" name="Topic" ID="8978">
        <definition>&lt;def-root&gt;The &lt;fen&gt;Topic&lt;/fen&gt; is the subject matter to which the &lt;fen&gt;Complaint&lt;/fen&gt; pertains. 

&lt;ex&gt;Ferdinand attended the reception at the city hall and &lt;t&gt;complained&lt;/t&gt; vociferously &lt;fex name="Topic"&gt;about his reception at the city&lt;/fex&gt;.&lt;/ex&gt;&lt;/def-root&gt;</definition>
    </FE>
    <FE bgColor="FF00FF" fgColor="FFFFFF" coreType="Peripheral" cBy="JKR" cDate="08/25/2005 02:46:33 PDT Thu" abbrev="Manr" name="Manner" ID="8979">
        <definition>&lt;def-root&gt;Any description of the complaining event (or state) which is not covered by more specific FEs, including secondary effects (&lt;ment&gt;quietly&lt;/ment&gt;, &lt;ment&gt;loudly&lt;/ment&gt;), and general descriptions comparing events (&lt;ment&gt;the same way&lt;/ment&gt;). It may also indicate salient characteristics of the &lt;fen&gt;Complainer&lt;/fen&gt; that affect the action (&lt;ment&gt;presumptuously&lt;/ment&gt;, &lt;ment&gt;bitterly&lt;/ment&gt;, &lt;ment&gt;vociferoursly&lt;/ment&gt; ). 

&lt;ex&gt;The crowd &lt;t&gt;complained&lt;/t&gt; &lt;fex name="Manr"&gt;vociferously&lt;/fex&gt; when the other aldermen met Brewer?s proposal with silence.&lt;/ex&gt;&lt;/def-root&gt;</definition>
        <semType name="Manner" ID="173"/>
    </FE>
    <FE bgColor="FF69B4" fgColor="FFFFFF" coreType="Extra-Thematic" cBy="JKR" cDate="08/25/2005 02:46:33 PDT Thu" abbrev="fre" name="Frequency" ID="8980">
        <definition>&lt;def-root&gt;&lt;fen&gt;Frequency&lt;/fen&gt; is defined as the number of times an event occurs per some unit of time. 


&lt;ex&gt;Robert &lt;fex name="fre"&gt;always&lt;/fex&gt; &lt;t&gt;complains&lt;/t&gt; to the neighbor whose children step on his flowers and ride bikes on his lawn.&lt;/ex&gt;&lt;/def-root&gt;</definition>
    </FE>
    <FE bgColor="A52A2A" fgColor="FFFFFF" coreType="Peripheral" cBy="JKR" cDate="08/25/2005 02:46:33 PDT Thu" abbrev="Mns" name="Means" ID="8981">
        <definition>&lt;def-root&gt;An act whereby the &lt;fen&gt;Complainer&lt;/fen&gt; makes a complaint.


&lt;ex&gt;These people shouldn't be &lt;t&gt;belly-aching&lt;/t&gt; about it &lt;fex name="Mns"&gt;by accusing the downfall of their candidate because it was all "whiteys" fault&lt;/fex&gt;!&lt;/ex&gt;&lt;/def-root&gt;</definition>
        <semType name="State_of_affairs" ID="177"/>
    </FE>
    <FE bgColor="7CCD7C" fgColor="FFFFFF" coreType="Extra-Thematic" cBy="JKR" cDate="08/25/2005 02:46:33 PDT Thu" abbrev="ica" name="Internal_cause" ID="8982">
        <definition>&lt;def-root&gt;The emotional or physical state of the &lt;fen&gt;Complainer&lt;/fen&gt; that leads to their complaining.

&lt;ex&gt;'Oooh,' he &lt;t&gt;moaned&lt;/t&gt; &lt;fex name="Internal_cause"&gt;in frustration&lt;/fex&gt;.&lt;/ex&gt;
&lt;/def-root&gt;</definition>
    </FE>
    <FE bgColor="808080" fgColor="FFFFFF" coreType="Core" cBy="JKR" cDate="08/25/2005 02:46:33 PDT Thu" abbrev="Medium" name="Medium" ID="8983">
        <definition>&lt;def-root&gt;&lt;fen&gt;Medium&lt;/fen&gt; is the physical entity or channel used by the &lt;fen&gt;Complainer&lt;/fen&gt; to transmit the &lt;fen&gt;Complaint&lt;/fen&gt;.


&lt;ex&gt;I don't mean to discount any of what he has &lt;t&gt;bitched&lt;/t&gt; about &lt;fex name="Medium"&gt;in his article&lt;/fex&gt;, because most of his points are actually valid. &lt;/ex&gt;&lt;/def-root&gt;</definition>
    </FE>
    <FE bgColor="9400D3" fgColor="FFFFFF" coreType="Extra-Thematic" cBy="JKR" cDate="08/25/2005 02:46:33 PDT Thu" abbrev="Dep" name="Depictive" ID="8984">
        <definition>&lt;def-root&gt;The state of the &lt;fen&gt;Complainer&lt;/fen&gt; while making the &lt;fen&gt;Complaint&lt;/fen&gt;.


&lt;ex&gt;&lt;fex name="Dep"&gt;Pacing the floor at the American Club and getting increasingly drunk&lt;/fex&gt;, he &lt;t&gt;lamented&lt;/t&gt;, "I want to evacuate but my country won't let me leave." &lt;/ex&gt;&lt;/def-root&gt;</definition>
    </FE>
    <FE bgColor="FFA500" fgColor="FFFFFF" coreType="Peripheral" cBy="JKR" cDate="08/25/2005 02:46:33 PDT Thu" abbrev="Time" name="Time" ID="8985">
        <definition>&lt;def-root&gt;The &lt;fen&gt;Time&lt;/fen&gt; when the complaint is made.

&lt;ex&gt;Now &lt;fex name="Time"&gt;yesterday&lt;/fex&gt; I &lt;t&gt;pissed&lt;/t&gt; &lt;t&gt;and&lt;/t&gt; &lt;t&gt;moaned&lt;/t&gt; about Rolling Stone magazines choice for the number 1 song of all time. &lt;/ex&gt;&lt;/def-root&gt;</definition>
        <semType name="Time" ID="141"/>
    </FE>
    <FE bgColor="008000" fgColor="FFFFFF" coreType="Peripheral" cBy="JKR" cDate="08/25/2005 02:46:33 PDT Thu" abbrev="" name="Place" ID="8986">
        <definition>&lt;def-root&gt;This FE specifies the location where the complaining takes place.


&lt;ex&gt;Guest Relations actually refunded the full eighty-five dollar price of the event to many event attendees who &lt;t&gt;complained&lt;/t&gt; &lt;fex name="Place"&gt;at City Hall&lt;/fex&gt;.&lt;/ex&gt;&lt;/def-root&gt;</definition>
        <semType name="Locative_relation" ID="182"/>
    </FE>
    <FE bgColor="90876C" fgColor="FFFFFF" coreType="Extra-Thematic" cBy="JKR" cDate="08/25/2005 02:46:33 PDT Thu" abbrev="par" name="Particular_iteration" ID="8988">
        <definition>&lt;def-root&gt;Expressions marked with this extra-thematic FE indicate that the particular complaining event referred to  is conceived as embedded within an iterated series of similar events or states. Most expressions of &lt;fen&gt;Particular_iteration&lt;/fen&gt; indicate which instance of the series is being referred to.

&lt;ex&gt;This is the &lt;fex name="par"&gt;third&lt;/fex&gt; &lt;t&gt;complaint&lt;/t&gt; of a similar nature filed by Naber against CN.&lt;/ex&gt;&lt;/def-root&gt;</definition>
    </FE>
    <FE bgColor="2E8B57" fgColor="FFFFFF" coreType="Peripheral" cBy="JKR" cDate="09/03/2005 02:10:44 PDT Sat" abbrev="deg" name="Degree" ID="9060">
        <definition>&lt;def-root&gt;&lt;fen&gt;Degree&lt;/fen&gt; selects some gradable attribute and modifies the expected value for it. &lt;/def-root&gt;</definition>
        <semType name="Degree" ID="172"/>
    </FE>
    <FE bgColor="FFFF00" fgColor="000000" coreType="Peripheral" cBy="JKR" cDate="09/03/2005 02:11:08 PDT Sat" abbrev="occ" name="Occasion" ID="9061">
        <definition>&lt;def-root&gt;The &lt;fen&gt;Occasion&lt;/fen&gt; is the reason a public statement is given.&lt;/def-root&gt;</definition>
    </FE>
    <FE bgColor="00008B" fgColor="FFFFFF" coreType="Extra-Thematic" cBy="KmG" cDate="04/17/2006 10:21:55 PDT Mon" abbrev="" name="Explanation" ID="10042">
        <definition>&lt;def-root&gt;Denotes a proposition from which the main clause (headed by the target) logically followes. This often means that the &lt;fen&gt;Explanation&lt;/fen&gt; causes the complaint, but not in all cases. In particular, there are cases when the connection is a bit weaker than normal for causation. In these instances,  cause is mediated by some actor responding in a complex way to the situation. Such cases are not paraphrasable in the language of direct causation. &lt;/def-root&gt;</definition>
        <semType name="State_of_affairs" ID="177"/>
    </FE>
    <FE bgColor="7CCD73" fgColor="000000" coreType="Extra-Thematic" cBy="KmG" cDate="04/18/2006 11:20:56 PDT Tue" abbrev="" name="Result" ID="10043">
        <definition>&lt;def-root&gt;An event or state which results from the complaining.&lt;/def-root&gt;</definition>
    </FE>
    <FEcoreSet>
        <memberFE name="Complaint" ID="8977"/>
        <memberFE name="Topic" ID="8978"/>
    </FEcoreSet>
    <FEcoreSet>
        <memberFE name="Medium" ID="8983"/>
        <memberFE name="Complainer" ID="8975"/>
    </FEcoreSet>
    <frameRelation type="Inherits from">
        <relatedFrame ID="43">Statement</relatedFrame>
    </frameRelation>
    <frameRelation type="Is Inherited by"/>
    <frameRelation type="Perspective on"/>
    <frameRelation type="Is Perspectivized in"/>
    <frameRelation type="Uses"/>
    <frameRelation type="Is Used by"/>
    <frameRelation type="Subframe of"/>
    <frameRelation type="Has Subframe(s)"/>
    <frameRelation type="Precedes"/>
    <frameRelation type="Is Preceded by"/>
    <frameRelation type="Is Inchoative of"/>
    <frameRelation type="Is Causative of"/>
    <frameRelation type="See also"/>
    <lexUnit status="Finished_Initial" POS="V" name="whinge.v" ID="12721" lemmaID="47806" cBy="JKR" cDate="08/25/2005 04:36:08 PDT Thu">
        <definition>COD: complain persistently and peevishly</definition>
        <sentenceCount annotated="9" total="43"/>
        <lexeme order="1" headword="true" breakBefore="false" POS="V" name="whinge"/>
    </lexUnit>
    <lexUnit status="Created" POS="V" name="whine.v" ID="12722" lemmaID="43986" cBy="JKR" cDate="08/25/2005 04:37:37 PDT Thu">
        <definition>COD: complain in a feeble or petulant way</definition>
        <sentenceCount annotated="0" total="0"/>
        <lexeme order="1" headword="false" breakBefore="false" POS="V" name="whine"/>
    </lexUnit>
    <lexUnit status="Finished_Initial" POS="V" name="complain.v" ID="12723" lemmaID="7481" cBy="JKR" cDate="08/25/2005 04:37:54 PDT Thu">
        <definition>COD: express dissatisfaction or annoyance.</definition>
        <sentenceCount annotated="46" total="295"/>
        <lexeme order="1" headword="false" breakBefore="false" POS="V" name="complain"/>
    </lexUnit>
    <lexUnit status="Created" POS="V" name="moan.v" ID="12724" lemmaID="24633" cBy="JKR" cDate="08/25/2005 04:38:24 PDT Thu">
        <definition>COD: complain or grumble</definition>
        <sentenceCount annotated="0" total="0"/>
        <lexeme order="1" headword="false" breakBefore="false" POS="V" name="moan"/>
    </lexUnit>
    <lexUnit status="Finished_Initial" POS="V" name="bitch.v" ID="12725" lemmaID="3681" cBy="JKR" cDate="08/25/2005 04:39:14 PDT Thu">
        <definition>COD: make malicious or spitefully critical comments.</definition>
        <sentenceCount annotated="6" total="33"/>
        <lexeme order="1" headword="false" breakBefore="false" POS="V" name="bitch"/>
    </lexUnit>
    <lexUnit status="Finished_Initial" POS="N" name="complaint.n" ID="12726" lemmaID="7486" cBy="JKR" cDate="08/25/2005 04:39:58 PDT Thu">
        <definition>COD: an act or the action of complaining</definition>
        <sentenceCount annotated="66" total="679"/>
        <lexeme order="1" headword="false" breakBefore="false" POS="N" name="complaint"/>
    </lexUnit>
    <lexUnit status="Finished_Initial" POS="V" name="grouse.v" ID="12727" lemmaID="16934" cBy="JKR" cDate="08/25/2005 04:40:30 PDT Thu">
        <definition>COD: complain pettily; grumble.</definition>
        <sentenceCount annotated="7" total="34"/>
        <lexeme order="1" headword="false" breakBefore="false" POS="V" name="grouse"/>
    </lexUnit>
    <lexUnit status="Finished_Initial" POS="V" name="lament.v" ID="12728" lemmaID="21622" cBy="JKR" cDate="08/25/2005 04:41:11 PDT Thu">
        <definition>COD: express regret or disappointment about.</definition>
        <sentenceCount annotated="36" total="323"/>
        <lexeme order="1" headword="false" breakBefore="false" POS="V" name="lament"/>
    </lexUnit>
    <lexUnit status="Needs_SCs" POS="V" name="gripe.v" ID="12729" lemmaID="16859" cBy="JKR" cDate="08/25/2005 04:42:26 PDT Thu">
        <definition>COD: express a trivial complaint; grumble.  </definition>
        <sentenceCount annotated="12" total="31"/>
        <lexeme order="1" headword="false" breakBefore="false" POS="V" name="gripe"/>
    </lexUnit>
    <lexUnit status="Rules_Defined" POS="V" name="belly-ache.v" ID="12730" lemmaID="50243" cBy="JKR" cDate="08/25/2005 04:44:23 PDT Thu">
        <definition>COD: complain noisily or persistently.</definition>
        <sentenceCount annotated="0" total="4"/>
        <lexeme order="1" headword="true" breakBefore="false" POS="V" name="belly-ache"/>
    </lexUnit>
    <lexUnit status="Created" POS="N" name="gripe.n" ID="12763" lemmaID="16858" cBy="JKR" cDate="09/03/2005 02:23:10 PDT Sat">
        <definition>COD:  a trivial complaint.</definition>
        <sentenceCount annotated="0" total="0"/>
        <lexeme order="1" headword="false" breakBefore="false" POS="N" name="gripe"/>
    </lexUnit>
    <lexUnit status="Created" POS="V" name="piss and moan.v" ID="12847" lemmaID="50272" cBy="Amy" cDate="10/19/2005 04:59:32 PDT Wed">
        <definition>FN: to whine or bitch about something in an annoying and persistent manner.</definition>
        <sentenceCount annotated="0" total="0"/>
        <lexeme order="1" headword="true" breakBefore="false" POS="V" name="piss"/>
        <lexeme order="2" headword="false" breakBefore="false" POS="C" name="and"/>
        <lexeme order="3" headword="false" breakBefore="false" POS="V" name="moan"/>
        <semType name="Negative_judgment" ID="14"/>
    </lexUnit>
    <lexUnit status="FN1_Sent" POS="V" name="grumble.v" ID="13002" lemmaID="16966" cBy="JKR" cDate="11/30/2005 04:08:05 PST Wed">
        <definition>COD: complain or protest in a bad-tempered but muted way</definition>
        <sentenceCount annotated="35" total="187"/>
        <lexeme order="1" headword="false" breakBefore="false" POS="V" name="grumble"/>
    </lexUnit>
    <lexUnit status="Created" POS="N" name="grousing.n" ID="13176" lemmaID="50350" cBy="KmG" cDate="04/18/2006 04:57:46 PDT Tue">
        <definition>FN: the general act of complaining. </definition>
        <sentenceCount annotated="0" total="0"/>
        <lexeme order="1" headword="true" breakBefore="false" POS="N" name="grousing"/>
    </lexUnit>
    <lexUnit status="Created" POS="N" name="grievance.n" ID="17324" lemmaID="16829" cBy="CVa" cDate="02/12/2013 05:22:03 PST Tue">
        <definition>FN: an injustice (real or imagined) </definition>
        <sentenceCount annotated="1" total="1"/>
        <lexeme order="1" headword="false" breakBefore="false" POS="N" name="grievance"/>
    </lexUnit>
</frame>