<?xml version="1.0" encoding="UTF-8" standalone="yes"?>
<?xml-stylesheet type="text/xsl" href="frame.xsl"?>
<frame cBy="MJE" cDate="02/20/2015 11:58:26 PST Fri" name="Conditional_occurrence" ID="2903" xsi:schemaLocation="../schema/frame.xsd" xmlns="http://framenet.icsi.berkeley.edu" xmlns:xsi="http://www.w3.org/2001/XMLSchema-instance">
    <definition>&lt;def-root&gt;A &lt;fen&gt;Consequence&lt;/fen&gt; is presented as occurring if the &lt;fen&gt;Profiled_possibility&lt;/fen&gt; occurs.  See Conditional_scenario for further information.  

&lt;ex&gt;&lt;t&gt;If&lt;/t&gt; &lt;fex name="Profiled_possibility"&gt;you take too long&lt;/fex&gt; , &lt;fex name="Consequence"&gt;the train will leave without you&lt;/fex&gt; .&lt;/ex&gt;&lt;/def-root&gt;</definition>
    <FE bgColor="00008B" fgColor="FFFFFF" coreType="Core" cBy="MJE" cDate="02/20/2015 11:58:26 PST Fri" abbrev="" name="Profiled_possibility" ID="16290">
        <definition>&lt;def-root&gt;The situation presented explicitly as a possibility, contrasting with the implicit Negated_possibility.&lt;/def-root&gt;</definition>
    </FE>
    <FE bgColor="800080" fgColor="FFFFFF" coreType="Core" cBy="MJE" cDate="02/20/2015 11:58:27 PST Fri" abbrev="" name="Consequence" ID="16292">
        <definition>&lt;def-root&gt;The situation that follows from the &lt;fen&gt;Profiled_possibility&lt;/fen&gt;.&lt;/def-root&gt;</definition>
    </FE>
    <FE bgColor="2E8B57" fgColor="FFFFFF" coreType="Extra-Thematic" cBy="HPh" cDate="08/04/2015 02:40:00 PDT Tue" abbrev="" name="Pragmatic_marker" ID="16569">
        <definition>&lt;def-root&gt;Pragmatically emphasizes a speaker's assumption of the truth of the &lt;fen&gt;Profiled_possibility&lt;/fen&gt; for the conversation's duration. This FE does not occur for all LUs in the frame, and is closed-class, limited to the word 'always'. &lt;/def-root&gt;</definition>
    </FE>
    <frameRelation type="Inherits from"/>
    <frameRelation type="Is Inherited by"/>
    <frameRelation type="Perspective on">
        <relatedFrame ID="2902">Conditional_scenario</relatedFrame>
    </frameRelation>
    <frameRelation type="Is Perspectivized in"/>
    <frameRelation type="Uses"/>
    <frameRelation type="Is Used by"/>
    <frameRelation type="Subframe of"/>
    <frameRelation type="Has Subframe(s)"/>
    <frameRelation type="Precedes"/>
    <frameRelation type="Is Preceded by"/>
    <frameRelation type="Is Inchoative of"/>
    <frameRelation type="Is Causative of"/>
    <frameRelation type="See also"/>
    <lexUnit status="Finished_Initial" POS="SCON" name="if.scon" ID="17833" lemmaID="51811" cBy="MJE" cDate="02/21/2015 12:04:28 PST Sat">
        <definition>FN: (of a situation) depending on (an uncertain situation).</definition>
        <sentenceCount annotated="166" total="1666"/>
        <lexeme order="1" headword="true" breakBefore="false" POS="SCON" name="if"/>
    </lexUnit>
    <lexUnit status="Finished_Initial" POS="PREP" name="in the event.prep" ID="18020" lemmaID="51890" cBy="MJE" cDate="05/15/2015 07:59:21 PDT Fri">
        <definition>FN: if (of a somewhat unlikely situation).</definition>
        <sentenceCount annotated="105" total="273"/>
        <lexeme order="1" headword="true" breakBefore="false" POS="PREP" name="in"/>
        <lexeme order="2" headword="false" breakBefore="false" POS="ART" name="the"/>
        <lexeme order="3" headword="false" breakBefore="true" POS="N" name="event"/>
    </lexUnit>
    <lexUnit status="Finished_Initial" POS="SCON" name="assuming.scon" ID="18021" lemmaID="51891" cBy="MJE" cDate="05/15/2015 08:20:53 PDT Fri">
        <definition>FN: if.</definition>
        <sentenceCount annotated="68" total="319"/>
        <lexeme order="1" headword="true" breakBefore="false" POS="SCON" name="assuming"/>
    </lexUnit>
    <lexUnit status="Finished_Initial" POS="SCON" name="supposing.scon" ID="18023" lemmaID="51892" cBy="MJE" cDate="05/15/2015 09:13:08 PDT Fri">
        <definition>FN: (very informal) if (of an unlikely situation).</definition>
        <sentenceCount annotated="67" total="173"/>
        <lexeme order="1" headword="true" breakBefore="false" POS="SCON" name="supposing"/>
    </lexUnit>
    <lexUnit status="Finished_Initial" POS="SCON" name="provided.scon" ID="18050" lemmaID="51910" cBy="HPh" cDate="06/11/2015 05:54:26 PDT Thu">
        <definition>FN: if (of a likely situation).</definition>
        <sentenceCount annotated="63" total="399"/>
        <lexeme order="1" headword="true" breakBefore="false" POS="SCON" name="provided"/>
    </lexUnit>
    <lexUnit status="Finished_Initial" POS="SCON" name="in case.scon" ID="18191" lemmaID="51931" cBy="WMcQ" cDate="07/07/2015 05:39:06 PDT Tue">
        <definition>FN: (of an uncertain situation) occurring dependent on (an unlikely or undesirable possibility).</definition>
        <sentenceCount annotated="17" total="433"/>
        <lexeme order="1" headword="true" breakBefore="false" POS="PREP" name="in"/>
        <lexeme order="2" headword="false" breakBefore="false" POS="N" name="case"/>
    </lexUnit>
    <lexUnit status="Finished_Initial" POS="SCON" name="as long as.scon" ID="18192" lemmaID="51932" cBy="HPh" cDate="07/07/2015 05:46:56 PDT Tue">
        <definition>FN: if / provided that (of a likely situation).</definition>
        <sentenceCount annotated="125" total="436"/>
        <lexeme order="1" headword="true" breakBefore="false" POS="ADV" name="as"/>
        <lexeme order="2" headword="false" breakBefore="false" POS="A" name="long"/>
        <lexeme order="3" headword="false" breakBefore="false" POS="SCON" name="as"/>
    </lexUnit>
    <lexUnit status="Finished_Initial" incorporatedFE="Consequence" POS="SCON" name="what if.scon" ID="18210" lemmaID="51942" cBy="HPh" cDate="08/04/2015 04:26:51 PDT Tue">
        <definition>FN: hypothesizing an uncertain situation (where the dependent consequence of the uncertain situation is incorporated by "what").</definition>
        <sentenceCount annotated="34" total="230"/>
        <lexeme order="1" headword="false" breakBefore="false" POS="PRON" name="what"/>
        <lexeme order="2" headword="true" breakBefore="false" POS="SCON" name="if"/>
        <semType name="Interrogative" ID="21"/>
    </lexUnit>
</frame>