<?xml version="1.0" encoding="UTF-8" standalone="yes"?>
<?xml-stylesheet type="text/xsl" href="frame.xsl"?>
<frame cBy="RyC" cDate="04/17/2012 01:29:57 PDT Tue" name="Conferring_benefit" ID="2721" xsi:schemaLocation="../schema/frame.xsd" xmlns="http://framenet.icsi.berkeley.edu" xmlns:xsi="http://www.w3.org/2001/XMLSchema-instance">
    <definition>&lt;def-root&gt;A &lt;fen&gt;Benefactor&lt;/fen&gt; confers a &lt;fen&gt;Beneficial_situation&lt;/fen&gt; to a &lt;fen&gt;Beneficiary&lt;/fen&gt;.  Unlike in Commerce_scenario, the recipient is not necessarily required to pay for the good or service that they receive.  Therefore, the element of benevolence is profiled.

Dual FE-layer annotation:

&lt;ex&gt;&lt;fex name="Beneficial_situation"&gt;His presence&lt;/fex&gt; at the summit did not &lt;t&gt;BENEFIT&lt;/t&gt; &lt;fex name="Beneficiary"&gt;diplomatic relations&lt;/fex&gt; &lt;fex name="Degree"&gt;in the slightest&lt;/fex&gt;.&lt;/ex&gt;
&lt;ex&gt;&lt;fex name="Benefactor"&gt;His&lt;/fex&gt;&lt;/ex&gt;

&lt;ex&gt;&lt;fex name="Beneficial_situation"&gt;The foundation's 50m donation&lt;/fex&gt; &lt;t&gt;BENEFITS&lt;/t&gt; the &lt;fex name="Beneficiary"&gt;country's educational system&lt;/fex&gt; &lt;fex name="Degree"&gt;immensely&lt;/fex&gt;.&lt;/ex&gt;
&lt;ex&gt;&lt;fex name="Benefactor"&gt;The foundation's&lt;/fex&gt;&lt;/ex&gt;&lt;/def-root&gt;</definition>
    <FE bgColor="FF0000" fgColor="FFFFFF" coreType="Core" cBy="RyC" cDate="04/17/2012 01:36:52 PDT Tue" abbrev="" name="Benefactor" ID="15602">
        <definition>&lt;def-root&gt;The &lt;fen&gt;Benefactor&lt;/fen&gt; is the person or thing that gives an advantage to the &lt;fen&gt;Beneficiary&lt;/fen&gt;.&lt;/def-root&gt;</definition>
    </FE>
    <FE bgColor="0000FF" fgColor="FFFFFF" coreType="Core" cBy="RyC" cDate="04/17/2012 01:43:14 PDT Tue" abbrev="" name="Beneficiary" ID="15603">
        <definition>&lt;def-root&gt;The &lt;fen&gt;Beneficiary&lt;/fen&gt; is person or thing that receives an advantage from the &lt;fen&gt;Benefactor&lt;/fen&gt;.&lt;/def-root&gt;</definition>
    </FE>
    <FE bgColor="008000" fgColor="FFFFFF" coreType="Core" cBy="RyC" cDate="04/17/2012 01:51:59 PDT Tue" abbrev="" name="Beneficial_situation" ID="15604">
        <definition>&lt;def-root&gt;The &lt;fen&gt;Beneficial_situation&lt;/fen&gt; is the item or action that is given to or done for the &lt;fen&gt;Beneficiary&lt;/fen&gt; by the &lt;fen&gt;Benefactor&lt;/fen&gt;.  A change of possession can, but does not have to occur.&lt;/def-root&gt;</definition>
    </FE>
    <FE bgColor="A9A9A9" fgColor="000000" coreType="Peripheral" cBy="RyC" cDate="04/17/2012 01:55:13 PDT Tue" abbrev="" name="Degree" ID="15605">
        <definition>&lt;def-root&gt;The degree to which the &lt;fen&gt;Beneficiary&lt;/fen&gt; gains an advantage from the &lt;fen&gt;Benefactor&lt;/fen&gt;.&lt;/def-root&gt;</definition>
    </FE>
    <FE bgColor="00008B" fgColor="FFFFFF" coreType="Peripheral" cBy="RyC" cDate="04/17/2012 02:32:14 PDT Tue" abbrev="" name="Domain" ID="15606">
        <definition>&lt;def-root&gt;The &lt;fen&gt;Domain&lt;/fen&gt; describes the type of advantage that is conferred.

&lt;ex&gt;&lt;fex name="Domain"&gt;immigration&lt;/fex&gt; &lt;t&gt;BENEFITS&lt;/t&gt;&lt;/ex&gt;
&lt;ex&gt;&lt;fex name="Domain"&gt;work&lt;/fex&gt; &lt;t&gt;BENEFITS&lt;/t&gt;&lt;/ex&gt;&lt;/def-root&gt;</definition>
    </FE>
    <FE bgColor="2E8B57" fgColor="FFFFFF" coreType="Extra-Thematic" cBy="RyC" cDate="04/20/2012 06:11:06 PDT Fri" abbrev="" name="Subset" ID="15631">
        <definition>&lt;def-root&gt;A &lt;fen&gt;Subset&lt;/fen&gt; of beneficial situations is selected from the set of beneficial situations in a specific domain, though the domain need not be explicitly named.

&lt;ex&gt;&lt;fex name="Subset"&gt;certain&lt;/fex&gt; &lt;fex name="Domain"&gt;immigration&lt;/fex&gt; &lt;t&gt;BENEFITS&lt;/t&gt;&lt;/ex&gt;
&lt;ex&gt;&lt;fex name="Subset"&gt;hardly any&lt;/fex&gt; &lt;fex name="Domain"&gt;monetary&lt;/fex&gt; &lt;t&gt;BENEFITS&lt;/t&gt;&lt;/ex&gt;
&lt;ex&gt;&lt;fex name="Subset"&gt;most&lt;/fex&gt; &lt;t&gt;BENEFITS&lt;/t&gt;&lt;/ex&gt;&lt;/def-root&gt;</definition>
    </FE>
    <frameRelation type="Inherits from"/>
    <frameRelation type="Is Inherited by"/>
    <frameRelation type="Perspective on"/>
    <frameRelation type="Is Perspectivized in"/>
    <frameRelation type="Uses">
        <relatedFrame ID="139">Giving</relatedFrame>
    </frameRelation>
    <frameRelation type="Is Used by"/>
    <frameRelation type="Subframe of"/>
    <frameRelation type="Has Subframe(s)"/>
    <frameRelation type="Precedes"/>
    <frameRelation type="Is Preceded by"/>
    <frameRelation type="Is Inchoative of"/>
    <frameRelation type="Is Causative of"/>
    <frameRelation type="See also"/>
    <lexUnit status="Created" POS="N" name="benefit.n" ID="17025" lemmaID="3372" cBy="RyC" cDate="04/17/2012 01:33:07 PDT Tue">
        <definition>COD: an advantage or profit gained from something</definition>
        <sentenceCount annotated="83" total="86"/>
        <lexeme order="1" headword="false" breakBefore="false" POS="N" name="benefit"/>
    </lexUnit>
    <lexUnit status="Created" POS="V" name="benefit.v" ID="17026" lemmaID="3373" cBy="RyC" cDate="04/17/2012 01:33:49 PDT Tue">
        <definition>COD: receive an advantage; profit</definition>
        <sentenceCount annotated="0" total="0"/>
        <lexeme order="1" headword="false" breakBefore="false" POS="V" name="benefit"/>
    </lexUnit>
</frame>