<?xml version="1.0" encoding="UTF-8" standalone="yes"?>
<?xml-stylesheet type="text/xsl" href="frame.xsl"?>
<frame cBy="MJE" cDate="10/25/2002 01:28:49 PDT Fri" name="Connectors" ID="419" xsi:schemaLocation="../schema/frame.xsd" xmlns="http://framenet.icsi.berkeley.edu" xmlns:xsi="http://www.w3.org/2001/XMLSchema-instance">
    <definition>&lt;def-root&gt;The &lt;fen&gt;Connector&lt;/fen&gt; is an artifact created to affix a &lt;fen&gt;Connected_item&lt;/fen&gt; or to bind onto a &lt;fen&gt;Fixed_location&lt;/fen&gt; and is primarily so used.  A more specific &lt;fen&gt;Use&lt;/fen&gt; may also be specified.  Certain words in this frame (e.g. &lt;ment&gt;bond, chain&lt;/ment&gt; in the phrase &lt;ment&gt;in chains&lt;/ment&gt;) indicate specifically that the &lt;fen&gt;Connector&lt;/fen&gt; is being used to immobilize something.  &lt;fen&gt;Connector&lt;/fen&gt;s have a wide variety of physical forms:  long, thin, and flexible for tying (&lt;ment&gt;ropes, bonds, withies&lt;/ment&gt;); solid, with a shape corresponding to holes in the entities to be connected (&lt;ment&gt;bolts, nails, pegs&lt;/ment&gt;); and liquid (&lt;ment&gt;glues, adhesives, pastes&lt;/ment&gt;).
&lt;ex&gt;A waterproof &lt;fex name="Connector"&gt;&lt;t&gt;adhesive&lt;/t&gt;&lt;/fex&gt; should be used for this exterior job.&lt;/ex&gt;
&lt;ex&gt;&lt;x&gt;&lt;fex name="Item"&gt;His&lt;/fex&gt; &lt;t&gt;&lt;fex name="Connector"&gt;bonds&lt;/fex&gt;&lt;/t&gt;&lt;/x&gt; had to be &lt;gov&gt;loosened&lt;/gov&gt; before they could be cut.&lt;/ex&gt;
&lt;ex&gt;She &lt;gov&gt;jerked&lt;/gov&gt; &lt;x&gt;on &lt;fex name="Connected_item"&gt;His&lt;/fex&gt; &lt;fex name="Loc"&gt;neck&lt;/fex&gt; &lt;fex name="Connector"&gt;&lt;t&gt;rope&lt;/t&gt;&lt;/fex&gt;&lt;/x&gt; again, to keep his attention.&lt;/ex&gt;
&lt;ex&gt;I think they &lt;gov&gt;cut&lt;/gov&gt; &lt;x&gt;his &lt;fex name="Use"&gt;bike&lt;/fex&gt; &lt;fex name="Connector"&gt;&lt;t&gt;chain&lt;/t&gt;&lt;/fex&gt;&lt;/x&gt; with bolt cutters.&lt;/ex&gt;&lt;/def-root&gt;</definition>
    <semType name="Artifact" ID="61"/>
    <FE bgColor="FF00FF" fgColor="FFFFFF" coreType="Core" cBy="MJE" cDate="10/25/2002 07:00:02 PDT Fri" abbrev="Conn" name="Connector" ID="3861">
        <definition>&lt;def-root&gt;&lt;fen&gt;Connector&lt;/fen&gt; identifies the entity or substance that forms the bond that maintains the &lt;fen&gt;Item&lt;/fen&gt; in a fixed position; it is usually expressed in a "with"-PP.
&lt;ex&gt;The robber tied Harry to the chair with a &lt;fex name="Connector"&gt;&lt;t&gt;rope&lt;/t&gt;&lt;/fex&gt;.&lt;/ex&gt;&lt;/def-root&gt;</definition>
        <semType name="Artifact" ID="61"/>
    </FE>
    <FE bgColor="0000FF" fgColor="FFFFFF" coreType="Peripheral" cBy="MJE" cDate="10/25/2002 07:00:02 PDT Fri" abbrev="Item" name="Connected_item" ID="3864">
        <definition>&lt;def-root&gt;This FE identifies the entity that is attached to the &lt;fen&gt;Connector&lt;/fen&gt; in such a way as to stabilize their position or to immobilize them.
&lt;ex&gt;The robber tied &lt;fex name="Item"&gt;Harry 's&lt;/fex&gt; &lt;t&gt;bonds&lt;/t&gt; very tight.&lt;/ex&gt;
&lt;ex&gt;&lt;fex name="Item"&gt;Her&lt;/fex&gt; &lt;t&gt;rope&lt;/t&gt; was stuck between two rocks and she couldn't move far.&lt;/ex&gt;&lt;/def-root&gt;</definition>
    </FE>
    <FE bgColor="008000" fgColor="FFFFFF" coreType="Peripheral" cBy="MJE" cDate="10/25/2002 07:00:02 PDT Fri" abbrev="Loc" name="Fixed_location" ID="3866">
        <definition>&lt;def-root&gt;This FE identifies the location to which the &lt;fen&gt;Connector&lt;/fen&gt; is attached.
&lt;ex&gt;The &lt;t&gt;rope&lt;/t&gt; &lt;fex name="Loc"&gt;around his neck&lt;/fex&gt; was like a noose, but it hung down as if it were a macabre necktie.&lt;/ex&gt;
&lt;/def-root&gt;</definition>
    </FE>
    <FE bgColor="9400D3" fgColor="FFFFFF" coreType="Peripheral" cBy="MJE" cDate="11/01/2002 05:03:35 PST Fri" abbrev="Use" name="Use" ID="3873">
        <definition>&lt;def-root&gt;The items that a &lt;fen&gt;Connector&lt;/fen&gt; usually attaches or the type of activity the attaching is generally for.
&lt;ex&gt;If the &lt;fex name="Use"&gt;safety&lt;/fex&gt; &lt;t&gt;rope&lt;/t&gt; snaps, you're done for.&lt;/ex&gt;&lt;/def-root&gt;</definition>
    </FE>
    <FE bgColor="808080" fgColor="FFFFFF" coreType="Peripheral" cBy="MJE" cDate="11/04/2002 07:09:11 PST Mon" abbrev="Mat" name="Material" ID="3877">
        <definition>&lt;def-root&gt;&lt;fen&gt;Material&lt;/fen&gt; identifies the material of which the &lt;fen&gt;Connector&lt;/fen&gt; is made.

&lt;ex&gt;&lt;fex name="Mat"&gt;Silk&lt;/fex&gt; &lt;t&gt;rope&lt;/t&gt; is surprisingly strong for its diameter.&lt;/ex&gt;&lt;/def-root&gt;</definition>
    </FE>
    <FE bgColor="800080" fgColor="FFFFFF" coreType="Peripheral" cBy="MJE" cDate="11/04/2002 07:10:34 PST Mon" abbrev="Type" name="Type" ID="3878">
        <definition>&lt;def-root&gt;&lt;fen&gt;Type&lt;/fen&gt; designates the type of &lt;fen&gt;Connector&lt;/fen&gt;.  Often the &lt;fen&gt;Type&lt;/fen&gt; labels part of a multi-word or compound word target.

&lt;/def-root&gt;</definition>
    </FE>
    <FE bgColor="00BFFF" fgColor="FFFFFF" coreType="Peripheral" cBy="MJE" cDate="11/04/2004 05:43:24 PST Thu" abbrev="nam" name="Name" ID="7210">
        <definition>&lt;def-root&gt;The term used to refer to a &lt;fen&gt;Connector&lt;/fen&gt;.

&lt;ex&gt;Remove &lt;t&gt;peg&lt;/t&gt; &lt;fex name="nam"&gt;3-B&lt;/fex&gt;, if possible.&lt;/ex&gt;&lt;/def-root&gt;</definition>
    </FE>
    <FE bgColor="FF0000" fgColor="FFFFFF" coreType="Peripheral" cBy="MJE" cDate="11/04/2004 06:00:57 PST Thu" abbrev="cre" name="Creator" ID="7211">
        <definition>&lt;def-root&gt;The individual or group that creates a &lt;fen&gt;Connector&lt;/fen&gt;.

&lt;ex&gt;I tried to find the &lt;fex name="cre"&gt;DuPont&lt;/fex&gt; &lt;t&gt;adhesive&lt;/t&gt; , but they did n't have any .&lt;/ex&gt;&lt;/def-root&gt;</definition>
    </FE>
    <FE bgColor="9F79EE" fgColor="FFFFFF" coreType="Peripheral" cBy="MJE" cDate="11/04/2004 06:12:32 PST Thu" abbrev="tim" name="Time_of_creation" ID="7212">
        <definition>&lt;def-root&gt;The time at which the &lt;fen&gt;Connector&lt;/fen&gt; comes to be.

&lt;ex&gt;The &lt;t&gt;bolts&lt;/t&gt; &lt;fex name="tim"&gt;of the 19th century&lt;/fex&gt; had non-standardized thread widths.&lt;/ex&gt;&lt;/def-root&gt;</definition>
    </FE>
    <FE bgColor="FFA500" fgColor="FFFFFF" coreType="Extra-Thematic" cBy="KmG" cDate="10/15/2007 01:27:19 PDT Mon" abbrev="" name="Descriptor" ID="11993">
        <definition>&lt;def-root&gt;A characteristic of the &lt;fen&gt;Connector&lt;/fen&gt;.&lt;/def-root&gt;</definition>
    </FE>
    <frameRelation type="Inherits from">
        <relatedFrame ID="421">Artifact</relatedFrame>
    </frameRelation>
    <frameRelation type="Is Inherited by"/>
    <frameRelation type="Perspective on"/>
    <frameRelation type="Is Perspectivized in"/>
    <frameRelation type="Uses">
        <relatedFrame ID="197">Attaching</relatedFrame>
    </frameRelation>
    <frameRelation type="Is Used by"/>
    <frameRelation type="Subframe of"/>
    <frameRelation type="Has Subframe(s)"/>
    <frameRelation type="Precedes"/>
    <frameRelation type="Is Preceded by"/>
    <frameRelation type="Is Inchoative of"/>
    <frameRelation type="Is Causative of"/>
    <frameRelation type="See also"/>
    <lexUnit status="Finished_Initial" POS="N" name="ribbon.n" ID="7668" lemmaID="33197" cBy="MJE" cDate="11/01/2002 04:17:36 PST Fri">
        <definition>COD: a long, narrow strip of fabric, used for tying something or for decoration.</definition>
        <sentenceCount annotated="40" total="282"/>
        <lexeme order="1" headword="false" breakBefore="false" POS="N" name="ribbon"/>
    </lexUnit>
    <lexUnit status="Finished_Initial" POS="N" name="rope.n" ID="7669" lemmaID="33527" cBy="MJE" cDate="11/01/2002 04:17:50 PST Fri">
        <definition>COD: a length of stout cord made by twisting together strands of hemp, sisal, nylon, etc.</definition>
        <sentenceCount annotated="48" total="450"/>
        <lexeme order="1" headword="false" breakBefore="false" POS="N" name="rope"/>
    </lexUnit>
    <lexUnit status="Created" POS="N" name="thread.n" ID="7670" lemmaID="40229" cBy="MJE" cDate="11/01/2002 04:18:02 PST Fri">
        <definition>COD: a long, thin strand of cotton, nylon, or other fibres used in sewing or weaving.</definition>
        <sentenceCount annotated="0" total="0"/>
        <lexeme order="1" headword="false" breakBefore="false" POS="N" name="thread"/>
    </lexUnit>
    <lexUnit status="Finished_Initial" POS="N" name="string.n" ID="7671" lemmaID="38358" cBy="MJE" cDate="11/01/2002 04:18:13 PST Fri">
        <definition>COD: material consisting of threads of cotton, hemp, etc. twisted together to form a thin leng</definition>
        <sentenceCount annotated="7" total="405"/>
        <lexeme order="1" headword="false" breakBefore="false" POS="N" name="string"/>
    </lexUnit>
    <lexUnit status="Finished_Initial" POS="N" name="cord.n" ID="7672" lemmaID="8346" cBy="MJE" cDate="11/01/2002 04:18:24 PST Fri">
        <definition>COD: long thin string or rope made from several twisted strands.</definition>
        <sentenceCount annotated="37" total="275"/>
        <lexeme order="1" headword="false" breakBefore="false" POS="N" name="cord"/>
    </lexUnit>
    <lexUnit status="Finished_Initial" POS="N" name="chain.n" ID="7673" lemmaID="5986" cBy="MJE" cDate="11/01/2002 04:18:37 PST Fri">
        <definition>COD:  a connected flexible series of metal links used for fastening, pulling, etc., or in jewellery.</definition>
        <sentenceCount annotated="48" total="526"/>
        <lexeme order="1" headword="false" breakBefore="false" POS="N" name="chain"/>
    </lexUnit>
    <lexUnit status="Finished_Initial" POS="N" name="bond.n" ID="7674" lemmaID="4112" cBy="MJE" cDate="11/01/2002 04:18:50 PST Fri">
        <definition>COD:  physical restraints used to hold someone prisoner.</definition>
        <sentenceCount annotated="9" total="124"/>
        <lexeme order="1" headword="false" breakBefore="false" POS="N" name="bond"/>
    </lexUnit>
    <lexUnit status="Finished_Initial" POS="N" name="adhesive.n" ID="7676" lemmaID="487" cBy="MJE" cDate="11/01/2002 04:20:42 PST Fri">
        <definition>FN: a malleable or liquid substance which can be applied to points of contact between objects to join them.</definition>
        <sentenceCount annotated="26" total="111"/>
        <lexeme order="1" headword="false" breakBefore="false" POS="N" name="adhesive"/>
    </lexUnit>
    <lexUnit status="Created" POS="N" name="tape.n" ID="7677" lemmaID="39522" cBy="MJE" cDate="11/01/2002 04:20:52 PST Fri">
        <definition>COD: a strip of paper or plastic coated with adhesive, used to stick things together.</definition>
        <sentenceCount annotated="0" total="0"/>
        <lexeme order="1" headword="false" breakBefore="false" POS="N" name="tape"/>
    </lexUnit>
    <lexUnit status="Created" POS="N" name="glue.n" ID="7678" lemmaID="16397" cBy="MJE" cDate="11/01/2002 04:21:04 PST Fri">
        <definition>COD: an adhesive substance used for sticking objects or materials together.</definition>
        <sentenceCount annotated="0" total="0"/>
        <lexeme order="1" headword="false" breakBefore="false" POS="N" name="glue"/>
    </lexUnit>
    <lexUnit status="Finished_Initial" POS="N" name="bolt.n" ID="7679" lemmaID="4093" cBy="MJE" cDate="11/01/2002 04:21:26 PST Fri">
        <definition>COD:  a long pin with a head that screws into a nut, used to fasten things together, a bar that slides into a socket to fasten a door or window</definition>
        <sentenceCount annotated="29" total="277"/>
        <lexeme order="1" headword="false" breakBefore="false" POS="N" name="bolt"/>
    </lexUnit>
    <lexUnit status="Created" POS="N" name="nut.n" ID="7680" lemmaID="26302" cBy="MJE" cDate="11/01/2002 04:21:46 PST Fri">
        <definition>COD: a small flat piece of metal or other material, typically square or hexagonal, with a threaded hole through it for screwing on to a bolt.</definition>
        <sentenceCount annotated="0" total="0"/>
        <lexeme order="1" headword="false" breakBefore="false" POS="N" name="nut"/>
    </lexUnit>
    <lexUnit status="Created" POS="N" name="nail.n" ID="7681" lemmaID="25388" cBy="MJE" cDate="11/01/2002 04:22:06 PST Fri">
        <definition>COD: a small metal spike with a broadened flat head, driven typically into wood to join things together or to serve as a hook.</definition>
        <sentenceCount annotated="1" total="1"/>
        <lexeme order="1" headword="false" breakBefore="false" POS="N" name="nail"/>
    </lexUnit>
    <lexUnit status="Created" POS="N" name="peg.n" ID="7682" lemmaID="28262" cBy="MJE" cDate="11/01/2002 04:22:19 PST Fri">
        <definition>COD: a short projecting pin or bolt used for hanging things on, securing something in place, or marking a position.</definition>
        <sentenceCount annotated="0" total="0"/>
        <lexeme order="1" headword="false" breakBefore="false" POS="N" name="peg"/>
    </lexUnit>
    <lexUnit status="Created" POS="N" name="strap.n" ID="7683" lemmaID="38272" cBy="MJE" cDate="11/01/2002 04:22:44 PST Fri">
        <definition>COD: a strip of leather, cloth, or other flexible material, used for fastening, securing, carrying, or holding on to.</definition>
        <sentenceCount annotated="0" total="0"/>
        <lexeme order="1" headword="false" breakBefore="false" POS="N" name="strap"/>
    </lexUnit>
    <lexUnit status="Finished_Initial" POS="N" name="tack.n" ID="7684" lemmaID="39363" cBy="MJE" cDate="11/01/2002 04:23:24 PST Fri">
        <definition>COD: a small, sharp broad-headed nail, a drawing pin</definition>
        <sentenceCount annotated="8" total="137"/>
        <lexeme order="1" headword="false" breakBefore="false" POS="N" name="tack"/>
    </lexUnit>
    <lexUnit status="Finished_Initial" POS="N" name="staple.n" ID="7690" lemmaID="37805" cBy="MJE" cDate="11/01/2002 05:04:34 PST Fri">
        <definition>FN: a U-shaped piece of wire or metal, usually sharpened at both ends, used to attach objects (with the help of a device) by piercing and immobilizing them at some point(s).</definition>
        <sentenceCount annotated="18" total="102"/>
        <lexeme order="1" headword="false" breakBefore="false" POS="N" name="staple"/>
    </lexUnit>
    <lexUnit status="Needs_SCs" POS="N" name="withy.n" ID="7691" lemmaID="44336" cBy="MJE" cDate="11/01/2002 06:22:59 PST Fri">
        <definition>COD: a tough flexible branch of an osier or other willow, used for tying, binding, or basketry.</definition>
        <sentenceCount annotated="3" total="4"/>
        <lexeme order="1" headword="false" breakBefore="false" POS="N" name="withy"/>
    </lexUnit>
    <lexUnit status="Created" POS="N" name="tie.n" ID="7693" lemmaID="40393" cBy="MJE" cDate="11/04/2002 03:33:53 PST Mon">
        <definition>COD:  a thing that ties.</definition>
        <sentenceCount annotated="0" total="0"/>
        <lexeme order="1" headword="false" breakBefore="false" POS="N" name="tie"/>
    </lexUnit>
    <lexUnit status="Created" POS="N" name="lace.n" ID="7694" lemmaID="21539" cBy="MJE" cDate="11/04/2002 03:41:15 PST Mon">
        <definition>COD: a cord or leather strip passed through eyelets or hooks to fasten a shoe or garment.</definition>
        <sentenceCount annotated="0" total="0"/>
        <lexeme order="1" headword="false" breakBefore="false" POS="N" name="lace"/>
    </lexUnit>
    <lexUnit status="Finished_Initial" POS="N" name="shoelace.n" ID="7695" lemmaID="35604" cBy="MJE" cDate="11/04/2002 03:41:31 PST Mon">
        <definition>COD: a cord or leather strip passed through eyelets or hooks on opposite sides of a shoe and pulled tight and fastened.</definition>
        <sentenceCount annotated="5" total="45"/>
        <lexeme order="1" headword="false" breakBefore="false" POS="N" name="shoelace"/>
    </lexUnit>
    <lexUnit status="Created" POS="N" name="wire.n" ID="7696" lemmaID="44275" cBy="MJE" cDate="11/04/2002 04:09:17 PST Mon">
        <definition>COD:  metal drawn out into a thin flexible thread or rod.</definition>
        <sentenceCount annotated="3" total="3"/>
        <lexeme order="1" headword="false" breakBefore="false" POS="N" name="wire"/>
    </lexUnit>
    <lexUnit status="Created" POS="N" name="screw.n" ID="7697" lemmaID="34563" cBy="MJE" cDate="11/04/2002 06:00:27 PST Mon">
        <definition>COD: a short, slender, sharp-pointed metal pin with a raised helical thread running around it and a slotted head, used to join things together by being rotated in under pressure.</definition>
        <sentenceCount annotated="0" total="0"/>
        <lexeme order="1" headword="false" breakBefore="false" POS="N" name="screw"/>
    </lexUnit>
    <lexUnit status="Created" POS="N" name="link.n" ID="13666" lemmaID="22440" cBy="RLG" cDate="11/08/2006 01:24:20 PST Wed">
        <definition>FN: something that connects.</definition>
        <sentenceCount annotated="1" total="1"/>
        <lexeme order="1" headword="false" breakBefore="false" POS="N" name="link"/>
    </lexUnit>
    <lexUnit status="Created" POS="N" name="connector.n" ID="13667" lemmaID="50470" cBy="RLG" cDate="11/08/2006 01:26:42 PST Wed">
        <definition>FN: something that serves to connect items together.</definition>
        <sentenceCount annotated="0" total="0"/>
        <lexeme order="1" headword="true" breakBefore="false" POS="N" name="connector"/>
    </lexUnit>
    <lexUnit status="Created" POS="N" name="trace.n" ID="16250" lemmaID="40889" cBy="AlK" cDate="03/02/2011 04:39:40 PST Wed">
        <definition>FN: the lines used to attach a horse's harness to a wagon or other horse-drawn vehicle</definition>
        <sentenceCount annotated="0" total="0"/>
        <lexeme order="1" headword="false" breakBefore="false" POS="N" name="trace"/>
    </lexUnit>
</frame>