<?xml version="1.0" encoding="UTF-8" standalone="yes"?>
<?xml-stylesheet type="text/xsl" href="frame.xsl"?>
<frame cBy="KmG" cDate="02/27/2008 03:03:56 PST Wed" name="Conquering" ID="2021" xsi:schemaLocation="../schema/frame.xsd" xmlns="http://framenet.icsi.berkeley.edu" xmlns:xsi="http://www.w3.org/2001/XMLSchema-instance">
    <definition>&lt;def-root&gt;This frame describes a &lt;fen&gt;Theme&lt;/fen&gt; losing its autonomy and perhaps sustaining material damage as the result of a successful invasion on the behalf of a &lt;fen&gt;Conqueror&lt;/fen&gt;.

&lt;ex&gt;&lt;fex name="Conqueror"&gt;The Spaniards&lt;/fex&gt; &lt;t&gt;conquered&lt;/t&gt; &lt;fex name="Theme"&gt;the Incas&lt;/fex&gt; &lt;fex name="Instrument"&gt;with both the Cross and the arquebus&lt;/fex&gt;&lt;/ex&gt;

&lt;ex&gt;He said that the aim had been the &lt;t&gt;takeover&lt;/t&gt; &lt;fex name="Theme"&gt;of the Soviet government&lt;/fex&gt; &lt;fex name="Conqueror"&gt;by "advocates of swift privatization"&lt;/fex&gt;&lt;/ex&gt;

&lt;ex&gt;&lt;fex name="Theme"&gt;The Romans&lt;/fex&gt; &lt;t&gt;fell&lt;/t&gt; &lt;fex name="Conqueror"&gt;to the Goths&lt;/fex&gt; &lt;fex name="Time"&gt;in 410 AD&lt;/fex&gt;.&lt;/ex&gt;

&lt;ex&gt;&lt;fex name="Conqueror"&gt;Bright Star campaign forces&lt;/fex&gt; &lt;t&gt;captured&lt;/t&gt; &lt;fex name="Theme"&gt;the garrison town of Kajo Kaji&lt;/fex&gt;&lt;/ex&gt;
&lt;/def-root&gt;</definition>
    <FE bgColor="FF0000" fgColor="FFFFFF" coreType="Core" cBy="KmG" cDate="02/27/2008 03:13:09 PST Wed" abbrev="Con" name="Conqueror" ID="12265">
        <definition>&lt;def-root&gt;The &lt;fen&gt;Conqueror&lt;/fen&gt; is the entity that overtakes the &lt;fen&gt;Theme&lt;/fen&gt;.

&lt;ex&gt;&lt;fex name="Conqueror"&gt;The Achaemenid monarch Cambyses&lt;/fex&gt; &lt;t&gt;conquered&lt;/t&gt; Egypt in the year 525 BC&lt;/ex&gt;&lt;/def-root&gt;</definition>
    </FE>
    <FE bgColor="0000FF" fgColor="FFFFFF" coreType="Core" cBy="KmG" cDate="02/27/2008 03:18:44 PST Wed" abbrev="The" name="Theme" ID="12266">
        <definition>&lt;def-root&gt;The &lt;fen&gt;Theme&lt;/fen&gt; is the land, government, and its people that is seized by the &lt;fen&gt;Conqueror&lt;/fen&gt;.

&lt;ex&gt;Britain had an opportunity to &lt;t&gt;conquer&lt;/t&gt; &lt;fex name="Theme"&gt;Europe&lt;/fex&gt;.&lt;/ex&gt;&lt;/def-root&gt;</definition>
    </FE>
    <FE bgColor="1E90FF" fgColor="FFFFFF" coreType="Peripheral" cBy="KmG" cDate="02/27/2008 03:20:41 PST Wed" abbrev="Deg" name="Degree" ID="12267">
        <definition>&lt;def-root&gt;This FE describes the intensity and extent of the conquering event.

&lt;ex&gt;Britain had been ` &lt;fex name="Degree"&gt;completely&lt;/fex&gt; &lt;t&gt;conquered&lt;/t&gt; and immediately thrown away '&lt;/ex&gt;&lt;/def-root&gt;</definition>
    </FE>
    <FE bgColor="FF00FF" fgColor="FFFFFF" coreType="Peripheral" cBy="KmG" cDate="02/27/2008 03:22:34 PST Wed" abbrev="Man" name="Manner" ID="12269">
        <definition>&lt;def-root&gt;The manner in which the &lt;fen&gt;Conqueror&lt;/fen&gt; takes over the &lt;fen&gt;Theme&lt;/fen&gt;.

&lt;ex&gt;He &lt;fex name="Manner"&gt;violently&lt;/fex&gt; &lt;t&gt;captured&lt;/t&gt; the castles of La Haye , Preuilly and Champigny&lt;/ex&gt;&lt;/def-root&gt;</definition>
        <semType name="Manner" ID="173"/>
    </FE>
    <FE bgColor="A52A2A" fgColor="FFFFFF" coreType="Peripheral" cBy="KmG" cDate="02/27/2008 03:23:29 PST Wed" abbrev="Mea" name="Means" ID="12270">
        <definition>&lt;def-root&gt;The action by which the conquering event is made possible through the efforts of the &lt;fen&gt;Conqueror&lt;/fen&gt;.

&lt;ex&gt;They &lt;t&gt;captured&lt;/t&gt; the haunted castle &lt;fex name="Means"&gt;by bombarding it with low-energy x-rays&lt;/fex&gt;.&lt;/ex&gt;&lt;/def-root&gt;</definition>
        <semType name="State_of_affairs" ID="177"/>
    </FE>
    <FE bgColor="008000" fgColor="FFFFFF" coreType="Peripheral" cBy="KmG" cDate="02/27/2008 03:24:46 PST Wed" abbrev="Pla" name="Place" ID="12271">
        <definition>&lt;def-root&gt;The location where the &lt;fen&gt;Conqueror&lt;/fen&gt; takes over the &lt;fen&gt;Theme&lt;/fen&gt;.

&lt;ex&gt;&lt;fex name="Place"&gt;On Planet Earth&lt;/fex&gt;, humans prefer to &lt;t&gt;conquer&lt;/t&gt; those lands whose acquistion offers some economic benefit or advantage.&lt;/ex&gt;&lt;/def-root&gt;</definition>
    </FE>
    <FE bgColor="FFA500" fgColor="FFFFFF" coreType="Peripheral" cBy="KmG" cDate="02/27/2008 03:25:45 PST Wed" abbrev="Tim" name="Time" ID="12272">
        <definition>&lt;def-root&gt;The &lt;fen&gt;Time&lt;/fen&gt; at which the &lt;fen&gt;Conqueror&lt;/fen&gt; seizes the &lt;fen&gt;Theme&lt;/fen&gt;.

&lt;ex&gt;China 's &lt;fex name="Time"&gt;1997&lt;/fex&gt; &lt;t&gt;takeover&lt;/t&gt; would push over 10 per cent of the population out of the colony&lt;/ex&gt;.&lt;/def-root&gt;</definition>
    </FE>
    <FE bgColor="800080" fgColor="FFFFFF" coreType="Extra-Thematic" cBy="KmG" cDate="02/27/2008 03:26:28 PST Wed" abbrev="Pur" name="Purpose" ID="12273">
        <definition>&lt;def-root&gt;The reason why the &lt;fen&gt;Conqueror&lt;/fen&gt; seized the &lt;fen&gt;Theme&lt;/fen&gt;.

&lt;ex&gt;Rome initially &lt;t&gt;conquered&lt;/t&gt; lands &lt;fex name="Purpose"&gt;in order to enrich itself&lt;/fex&gt;.&lt;/ex&gt;&lt;/def-root&gt;</definition>
    </FE>
    <FE bgColor="808080" fgColor="FFFFFF" coreType="Peripheral" cBy="KmG" cDate="02/27/2008 03:33:48 PST Wed" abbrev="Ins" name="Instrument" ID="12274">
        <definition>&lt;def-root&gt;The tool used by the &lt;fen&gt;Conqueror&lt;/fen&gt; to seize the &lt;fen&gt;Theme&lt;/fen&gt;.

&lt;ex&gt;The army will &lt;t&gt;conquer&lt;/t&gt; the far-away lands &lt;fex name="Instrument"&gt;with the most sophisticated weapons ever made&lt;/fex&gt;.&lt;/ex&gt;&lt;/def-root&gt;</definition>
    </FE>
    <FE bgColor="7CCD73" fgColor="FFFFFF" coreType="Extra-Thematic" cBy="KmG" cDate="04/22/2008 03:33:52 PDT Tue" abbrev="Dep" name="Depictive" ID="12577">
        <definition>&lt;def-root&gt;This FE describes a participant of the state of affairs introduced by the target as being in some state during the action. &lt;/def-root&gt;</definition>
    </FE>
    <FE bgColor="FFD700" fgColor="000000" coreType="Extra-Thematic" cBy="AnW" cDate="06/23/2010 03:48:01 PDT Wed" abbrev="freq" name="Frequency" ID="13970">
        <definition>&lt;def-root&gt;&lt;fen&gt;Frequency&lt;/fen&gt; is the number of times the Conquering event occurs per some unit of time.&lt;/def-root&gt;</definition>
    </FE>
    <frameRelation type="Inherits from"/>
    <frameRelation type="Is Inherited by"/>
    <frameRelation type="Perspective on"/>
    <frameRelation type="Is Perspectivized in"/>
    <frameRelation type="Uses"/>
    <frameRelation type="Is Used by"/>
    <frameRelation type="Subframe of">
        <relatedFrame ID="2025">Invasion_scenario</relatedFrame>
    </frameRelation>
    <frameRelation type="Has Subframe(s)"/>
    <frameRelation type="Precedes"/>
    <frameRelation type="Is Preceded by">
        <relatedFrame ID="2022">Invading</relatedFrame>
    </frameRelation>
    <frameRelation type="Is Inchoative of"/>
    <frameRelation type="Is Causative of"/>
    <frameRelation type="See also"/>
    <lexUnit status="Finished_Initial" POS="V" name="conquer.v" ID="14800" lemmaID="7863" cBy="KmG" cDate="02/27/2008 03:04:21 PST Wed">
        <definition>FN: seize a land and its government by force</definition>
        <sentenceCount annotated="25" total="165"/>
        <lexeme order="1" headword="false" breakBefore="false" POS="V" name="conquer"/>
    </lexUnit>
    <lexUnit status="Finished_Initial" POS="N" name="takeover.n" ID="14804" lemmaID="50831" cBy="KmG" cDate="02/27/2008 03:37:44 PST Wed">
        <definition>FN: The seizing of a land, its people, and its goverment by force.</definition>
        <sentenceCount annotated="6" total="174"/>
        <lexeme order="1" headword="true" breakBefore="false" POS="N" name="take_over"/>
    </lexUnit>
    <lexUnit status="Finished_Initial" POS="V" name="capture.v" ID="14805" lemmaID="5485" cBy="KmG" cDate="02/27/2008 03:47:00 PST Wed">
        <definition>FN: forcibly taking over a land, its people, and its governement.</definition>
        <sentenceCount annotated="22" total="212"/>
        <lexeme order="1" headword="false" breakBefore="false" POS="V" name="capture"/>
    </lexUnit>
    <lexUnit status="Finished_Initial" POS="V" name="fall.v" ID="14962" lemmaID="13870" cBy="KmG" cDate="04/22/2008 02:42:01 PDT Tue">
        <definition>FN: to be taken over and potentially destroyed by an army</definition>
        <sentenceCount annotated="8" total="31"/>
        <lexeme order="1" headword="false" breakBefore="false" POS="V" name="fall"/>
    </lexUnit>
    <lexUnit status="Created" POS="V" name="take.v" ID="15049" lemmaID="39414" cBy="KmG" cDate="06/05/2008 05:30:17 PDT Thu">
        <definition>FN: to occupy and have authority over a locale and its people. </definition>
        <sentenceCount annotated="3" total="3"/>
        <lexeme order="1" headword="false" breakBefore="false" POS="V" name="take"/>
    </lexUnit>
    <lexUnit status="Created" POS="V" name="reduce.v" ID="17497" lemmaID="32265" cBy="WMcQ" cDate="06/26/2014 02:24:20 PDT Thu">
        <definition>FN: To acquire and exercise control over, metaphorically.</definition>
        <sentenceCount annotated="0" total="0"/>
        <lexeme order="1" headword="false" breakBefore="false" POS="V" name="reduce"/>
    </lexUnit>
    <lexUnit status="Created" POS="V" name="overcome.v" ID="18537" lemmaID="27236" cBy="HPh" cDate="12/17/2015 05:12:27 PST Thu">
        <definition>FN: to conquer or defeat in a conflict</definition>
        <sentenceCount annotated="0" total="0"/>
        <lexeme order="1" headword="false" breakBefore="false" POS="V" name="overcome"/>
    </lexUnit>
</frame>