<?xml version="1.0" encoding="UTF-8" standalone="yes"?>
<?xml-stylesheet type="text/xsl" href="frame.xsl"?>
<frame cBy="MJE" cDate="03/19/2002 01:20:13 PST Tue" name="Contacting" ID="286" xsi:schemaLocation="../schema/frame.xsd" xmlns="http://framenet.icsi.berkeley.edu" xmlns:xsi="http://www.w3.org/2001/XMLSchema-instance">
    <definition>&lt;def-root&gt;A &lt;fen&gt;Communicator&lt;/fen&gt; (whose Location may be indicated) directs a &lt;fen&gt;Communication&lt;/fen&gt; to an &lt;fen&gt;Addressee&lt;/fen&gt; at a particular &lt;fen&gt;Address&lt;/fen&gt;.  Note that no actual successful communicative act is implied, only the successful completion of acts which would establish the communication.  (In other words, Mari can e-mail Jon without Jon ever reading it.) NB:  The &lt;fen&gt;Address&lt;/fen&gt; or &lt;fen&gt;Location_of_communicator&lt;/fen&gt; may be a virtual address, such as an e-mail or telephone number.&lt;ex&gt;&lt;fex name="Com"&gt;Disgruntled voters&lt;/fex&gt; &lt;t&gt;phoned&lt;/t&gt; &lt;fex name="Add"&gt;Congressman Neil&lt;/fex&gt; &lt;fex name="Address"&gt;at his Washington residence&lt;/fex&gt; &lt;fex name="Communication"&gt;with complaints about the recent increases in corporate welfare&lt;/fex&gt;.&lt;/ex&gt;&lt;ex&gt;&lt;fex name="Com"&gt;She&lt;/fex&gt; tried to &lt;t&gt;call&lt;/t&gt; &lt;fex name="Src"&gt;from the payphone down the street&lt;/fex&gt;.&lt;/ex&gt;
&lt;/def-root&gt;</definition>
    <FE bgColor="FF0000" fgColor="FFFFFF" coreType="Core" cBy="MJE" cDate="03/19/2002 02:28:24 PST Tue" abbrev="Com" name="Communicator" ID="2481">
        <definition>&lt;def-root&gt;The person who uses language in the written or spoken modality to convey a message to another person.&lt;ex&gt;&lt;fex name="Com"&gt;He&lt;/fex&gt;  &lt;t&gt;wrote&lt;/t&gt; &lt;fex name="Addressee"&gt;to John&lt;/fex&gt;.&lt;/ex&gt;&lt;/def-root&gt;</definition>
        <semType name="Sentient" ID="5"/>
    </FE>
    <FE bgColor="FF00FF" fgColor="FFFFFF" coreType="Peripheral" cBy="MJE" cDate="03/19/2002 02:28:26 PST Tue" abbrev="Medium" name="Medium" ID="2482">
        <definition>&lt;def-root&gt;The physical or abstract setting in which the message is conveyed.&lt;ex&gt;Opinions are usually &lt;t&gt;called&lt;/t&gt; &lt;t&gt;in&lt;/t&gt; &lt;fex name="Medium"&gt;over the telephone&lt;/fex&gt; and are often given within 24 hours.&lt;/ex&gt; &lt;/def-root&gt;</definition>
    </FE>
    <FE bgColor="0000FF" fgColor="FFFFFF" coreType="Core" cBy="MJE" cDate="03/19/2002 02:28:30 PST Tue" abbrev="Add" name="Addressee" ID="2483">
        <definition>&lt;def-root&gt;The person that receives the message from the &lt;fen&gt;Communicator&lt;/fen&gt;.&lt;ex&gt;&lt;fex name="Communicator"&gt;The company&lt;/fex&gt; must be able to &lt;t&gt;call&lt;/t&gt; &lt;fex name="Add"&gt; potential customers&lt;/fex&gt;.&lt;/ex&gt; &lt;/def-root&gt;</definition>
        <semType name="Sentient" ID="5"/>
    </FE>
    <FE bgColor="808080" fgColor="FFFFFF" coreType="Core" cBy="MJE" cDate="03/19/2002 02:39:58 PST Tue" abbrev="Address" name="Address" ID="2485">
        <definition>&lt;def-root&gt;This FE is used for a (metaphorical) place in a system of communication where &lt;fen&gt;Communicator&lt;/fen&gt;s and &lt;fen&gt;Addressee&lt;/fen&gt;s can access the system. &lt;ex&gt;&lt;fex name="Communicator"&gt;You&lt;/fex&gt; can &lt;t&gt;telephone&lt;/t&gt; &lt;fex name="Addressee"&gt;your senator&lt;/fex&gt; &lt;fex name="Address"&gt;at 555-5555&lt;/fex&gt;.&lt;/ex&gt; &lt;/def-root&gt;</definition>
    </FE>
    <FE bgColor="00BFFF" fgColor="FFFFFF" coreType="Core" cBy="MJE" cDate="03/19/2002 02:40:03 PST Tue" abbrev="Communication" name="Communication" ID="2486">
        <definition>&lt;def-root&gt;The information that the &lt;fen&gt;Communicator&lt;/fen&gt; wishes to impart to the &lt;fen&gt;Addressee&lt;/fen&gt;, often to get a particular response. In this frame the &lt;fen&gt;Communication&lt;/fen&gt; is not necessarily received by the &lt;fen&gt;Addressee&lt;/fen&gt;. &lt;ex&gt;&lt;fex name="Communicator"&gt;Patients&lt;/fex&gt; continually &lt;t&gt;call&lt;/t&gt; &lt;t&gt;in&lt;/t&gt; &lt;fex name="Communication"&gt;with questions&lt;/fex&gt;.&lt;/ex&gt;&lt;/def-root&gt;</definition>
    </FE>
    <FE bgColor="800080" fgColor="FFFFFF" coreType="Peripheral" cBy="MJE" cDate="03/19/2002 02:40:08 PST Tue" abbrev="Pur" name="Purpose" ID="2487">
        <definition>&lt;def-root&gt;This FE identifies the &lt;fen&gt;Purpose&lt;/fen&gt; for the &lt;fen&gt;Communicator&lt;/fen&gt; contacting the &lt;fen&gt;Addressee&lt;/fen&gt;.
Often, this FE is used to identify a PP-for which indicates what the &lt;fen&gt;Communicator&lt;/fen&gt; is attempting to obtain.
&lt;ex&gt;Pat &lt;t&gt;phoned&lt;/t&gt; &lt;fex name="Purpose"&gt;to talk about the party&lt;/fex&gt;.&lt;/ex&gt;
&lt;ex&gt;&lt;fex name="Purpose"&gt;For more information&lt;/fex&gt;, call &lt;fex name="Address"&gt;1-EVANGELIST&lt;/fex&gt;.&lt;/ex&gt;&lt;/def-root&gt;</definition>
        <semType name="State_of_affairs" ID="177"/>
    </FE>
    <FE bgColor="9F79EE" fgColor="FFFFFF" coreType="Core" cBy="MJE" cDate="03/19/2002 02:40:13 PST Tue" abbrev="Topic" name="Topic" ID="2488">
        <definition>&lt;def-root&gt;This is the subject matter to which the message pertains. It is typically expressed as a PP Complement headed by "about".
&lt;ex&gt;&lt;t&gt;Call&lt;/t&gt; &lt;fex name="Addressee"&gt;John&lt;/fex&gt; &lt;fex name="Topic"&gt;about the party&lt;/fex&gt;.&lt;/ex&gt;&lt;/def-root&gt;</definition>
    </FE>
    <FE bgColor="00008B" fgColor="FFFFFF" coreType="Extra-Thematic" cBy="MJE" cDate="03/19/2002 03:26:23 PST Tue" abbrev="Loc" name="Location_of_protagonist" ID="2489">
        <definition>&lt;def-root&gt;The location occupied by the &lt;fen&gt;Communicator&lt;/fen&gt;.&lt;ex&gt;Does anyone &lt;t&gt;e-mail&lt;/t&gt; the office &lt;fex name="Location_of_protagonist"&gt;from a phone booth&lt;/fex&gt;?&lt;/ex&gt;&lt;/def-root&gt;</definition>
    </FE>
    <FE bgColor="008000" fgColor="FFFFFF" coreType="Peripheral" cBy="MJE" cDate="06/03/2002 04:16:00 PDT Mon" abbrev="Place" name="Place" ID="2929">
        <definition>&lt;def-root&gt;This FE identifies the place where the intentional act occurs.&lt;/def-root&gt;</definition>
        <semType name="Locative_relation" ID="182"/>
    </FE>
    <FE bgColor="FFA500" fgColor="FFFFFF" coreType="Peripheral" cBy="MJE" cDate="06/03/2002 04:16:02 PDT Mon" abbrev="Time" name="Time" ID="2930">
        <definition>&lt;def-root&gt;This FE identifies the time when the Agent acts intentionally.&lt;/def-root&gt;</definition>
        <semType name="Time" ID="141"/>
    </FE>
    <FE bgColor="A52A2A" fgColor="FFFFFF" coreType="Peripheral" cBy="ACW" cDate="06/04/2002 09:45:33 PDT Tue" abbrev="Intm" name="Intermediary" ID="2940">
        <definition>&lt;def-root&gt;The &lt;fen&gt;Intermediary&lt;/fen&gt; is the person who facilitates the contact.
&lt;ex&gt; We &lt;t&gt;contacted&lt;/t&gt; her &lt;fex name="Intermediary"&gt; through her employer &lt;/fex&gt; .&lt;/ex&gt;&lt;/def-root&gt;</definition>
    </FE>
    <FE bgColor="9400D3" fgColor="FFFFFF" coreType="Extra-Thematic" cBy="RLG" cDate="08/19/2003 11:32:24 PDT Tue" abbrev="" name="Depictive" ID="4945">
        <definition>&lt;def-root&gt;The &lt;fen&gt;Depictive&lt;/fen&gt; notes the state of one of the participants in the contacting event.&lt;/def-root&gt;</definition>
    </FE>
    <FE bgColor="7FFF00" fgColor="000000" coreType="Extra-Thematic" cBy="JKs" cDate="11/06/2008 02:04:21 PST Thu" abbrev="" name="Frequency" ID="13092">
        <definition>&lt;def-root&gt;The number of times a &lt;fen&gt;Communicator&lt;/fen&gt; contacts the &lt;fen&gt;Addressee&lt;/fen&gt; per unit of time.&lt;/def-root&gt;</definition>
    </FE>
    <FE bgColor="1E90FF" fgColor="FFFFFF" coreType="Peripheral" cBy="MJE" cDate="05/11/2015 06:05:18 PDT Mon" abbrev="" name="Manner" ID="16446">
        <definition>&lt;def-root&gt;Any description of the nature of the action (e.g. "the same way"), including especially internal states of the &lt;fen&gt;Communicator&lt;/fen&gt; that also influence the way the action is carried out.&lt;/def-root&gt;</definition>
    </FE>
    <FE bgColor="2E8B57" fgColor="FFFFFF" coreType="Peripheral" cBy="MJE" cDate="05/11/2015 06:10:13 PDT Mon" abbrev="" name="Means" ID="16447">
        <definition>&lt;def-root&gt;An action of the &lt;fen&gt;Communicator&lt;/fen&gt; that enables them to make contact.&lt;/def-root&gt;</definition>
    </FE>
    <FEcoreSet>
        <memberFE name="Topic" ID="2488"/>
        <memberFE name="Communication" ID="2486"/>
        <memberFE name="Purpose" ID="2487"/>
    </FEcoreSet>
    <FEcoreSet>
        <memberFE name="Addressee" ID="2483"/>
        <memberFE name="Address" ID="2485"/>
    </FEcoreSet>
    <frameRelation type="Inherits from">
        <relatedFrame ID="198">Intentionally_act</relatedFrame>
    </frameRelation>
    <frameRelation type="Is Inherited by"/>
    <frameRelation type="Perspective on"/>
    <frameRelation type="Is Perspectivized in"/>
    <frameRelation type="Uses">
        <relatedFrame ID="6">Communication</relatedFrame>
    </frameRelation>
    <frameRelation type="Is Used by"/>
    <frameRelation type="Subframe of"/>
    <frameRelation type="Has Subframe(s)"/>
    <frameRelation type="Precedes"/>
    <frameRelation type="Is Preceded by"/>
    <frameRelation type="Is Inchoative of"/>
    <frameRelation type="Is Causative of"/>
    <frameRelation type="See also"/>
    <lexUnit status="Finished_Initial" POS="V" name="reach.v" ID="5257" lemmaID="31956" cBy="MJE" cDate="03/19/2002 01:51:12 PST Tue">
        <definition>COD:  make contact with. </definition>
        <sentenceCount annotated="8" total="639"/>
        <lexeme order="1" headword="false" breakBefore="false" POS="V" name="reach"/>
    </lexUnit>
    <lexUnit status="Finished_Initial" POS="V" name="contact.v" ID="5258" lemmaID="8016" cBy="MJE" cDate="03/19/2002 01:52:15 PST Tue">
        <definition>COD: get in touch or communication with.</definition>
        <sentenceCount annotated="66" total="396"/>
        <lexeme order="1" headword="false" breakBefore="false" POS="V" name="contact"/>
    </lexUnit>
    <lexUnit status="New" POS="N" name="contact.n" ID="5259" lemmaID="45542" cBy="MJE" cDate="03/19/2002 01:52:51 PST Tue">
        <definition>COD: the state or condition of communicating or meeting</definition>
        <sentenceCount annotated="15" total="416"/>
        <lexeme order="1" headword="false" breakBefore="false" POS="N" name="contact"/>
    </lexUnit>
    <lexUnit status="Created" POS="V" name="write in.v" ID="5260" lemmaID="45522" cBy="MJE" cDate="03/19/2002 01:57:08 PST Tue">
        <definition>FN: contact by letter</definition>
        <sentenceCount annotated="1" total="1"/>
        <lexeme order="2" headword="false" breakBefore="true" POS="PREP" name="in"/>
        <lexeme order="1" headword="true" breakBefore="false" POS="V" name="write"/>
    </lexUnit>
    <lexUnit status="Created" POS="V" name="write.v" ID="5261" lemmaID="44595" cBy="MJE" cDate="03/19/2002 01:57:38 PST Tue">
        <definition>COD: write and send (a letter) to someone. </definition>
        <sentenceCount annotated="7" total="8"/>
        <lexeme order="1" headword="false" breakBefore="false" POS="V" name="write"/>
    </lexUnit>
    <lexUnit status="Needs_SCs" POS="V" name="e-mail.v" ID="5262" lemmaID="45544" cBy="MJE" cDate="03/19/2002 01:59:40 PST Tue">
        <definition>COD: mail or send using email. </definition>
        <sentenceCount annotated="2" total="4"/>
        <lexeme order="1" headword="false" breakBefore="false" POS="V" name="e-mail"/>
    </lexUnit>
    <lexUnit status="Finished_Initial" POS="V" name="call.v" ID="5264" lemmaID="5229" cBy="MJE" cDate="03/19/2002 02:06:42 PST Tue">
        <definition>FN: to use a telephone to contact. </definition>
        <sentenceCount annotated="31" total="762"/>
        <lexeme order="1" headword="false" breakBefore="false" POS="V" name="call"/>
    </lexUnit>
    <lexUnit status="Finished_Initial" POS="V" name="call up.v" ID="5265" lemmaID="45546" cBy="MJE" cDate="03/19/2002 02:10:14 PST Tue">
        <definition>FN: contact personally by phone</definition>
        <sentenceCount annotated="9" total="294"/>
        <lexeme order="1" headword="true" breakBefore="false" POS="V" name="call"/>
        <lexeme order="2" headword="false" breakBefore="true" POS="ADV" name="up"/>
    </lexUnit>
    <lexUnit status="Finished_Initial" POS="V" name="phone.v" ID="5267" lemmaID="28785" cBy="MJE" cDate="03/19/2002 02:17:45 PST Tue">
        <definition>FN: to use a telephone to contact. </definition>
        <sentenceCount annotated="160" total="799"/>
        <lexeme order="1" headword="false" breakBefore="false" POS="V" name="phone"/>
    </lexUnit>
    <lexUnit status="Created" POS="V" name="phone in.v" ID="5268" lemmaID="45549" cBy="MJE" cDate="03/19/2002 02:18:41 PST Tue">
        <definition>FN: contact by phone</definition>
        <sentenceCount annotated="0" total="0"/>
        <lexeme order="1" headword="true" breakBefore="false" POS="V" name="phone"/>
        <lexeme order="2" headword="false" breakBefore="false" POS="PREP" name="in"/>
    </lexUnit>
    <lexUnit status="Finished_Initial" POS="V" name="ring.v" ID="5269" lemmaID="33295" cBy="MJE" cDate="03/19/2002 02:21:08 PST Tue">
        <definition>COD:  call by telephone</definition>
        <sentenceCount annotated="75" total="652"/>
        <lexeme order="1" headword="false" breakBefore="false" POS="V" name="ring"/>
    </lexUnit>
    <lexUnit status="Created" POS="V" name="ring up.v" ID="5270" lemmaID="45550" cBy="MJE" cDate="03/19/2002 02:24:14 PST Tue">
        <definition>FN: contact personally by phone.</definition>
        <sentenceCount annotated="0" total="0"/>
        <lexeme order="1" headword="true" breakBefore="false" POS="V" name="ring"/>
        <lexeme order="2" headword="false" breakBefore="true" POS="ADV" name="up"/>
    </lexUnit>
    <lexUnit status="Created" POS="V" name="get in touch.v" ID="5271" lemmaID="45551" cBy="MJE" cDate="03/19/2002 02:27:18 PST Tue">
        <definition>FN: manage to start communication with someone</definition>
        <sentenceCount annotated="0" total="0"/>
        <lexeme order="1" headword="true" breakBefore="false" POS="V" name="get"/>
        <lexeme order="2" headword="false" breakBefore="false" POS="PREP" name="in"/>
        <lexeme order="3" headword="false" breakBefore="false" POS="N" name="touch"/>
    </lexUnit>
    <lexUnit status="Finished_Initial" POS="V" name="telephone.v" ID="5272" lemmaID="39754" cBy="MJE" cDate="03/19/2002 03:20:00 PST Tue">
        <definition>COD: ring or speak to (someone) using the telephone.</definition>
        <sentenceCount annotated="30" total="210"/>
        <lexeme order="1" headword="false" breakBefore="false" POS="V" name="telephone"/>
    </lexUnit>
    <lexUnit status="Finished_Initial" POS="N" name="call.n" ID="5273" lemmaID="5228" cBy="MJE" cDate="03/19/2002 03:22:25 PST Tue">
        <definition>COD: a telephone communication. </definition>
        <sentenceCount annotated="50" total="551"/>
        <lexeme order="1" headword="false" breakBefore="false" POS="N" name="call"/>
    </lexUnit>
    <lexUnit status="Created" POS="V" name="mail.v" ID="5297" lemmaID="23177" cBy="ACW" cDate="03/20/2002 11:28:44 PST Wed">
        <definition>FN: contact with information via the postal service</definition>
        <sentenceCount annotated="0" total="0"/>
        <lexeme order="1" headword="false" breakBefore="false" POS="V" name="mail"/>
    </lexUnit>
    <lexUnit status="Finished_Initial" POS="V" name="telex.v" ID="9002" lemmaID="39771" cBy="ACW" cDate="07/09/2003 12:09:08 PDT Wed">
        <definition>COD: communicate with by telex.</definition>
        <sentenceCount annotated="4" total="4"/>
        <lexeme order="1" headword="false" breakBefore="false" POS="V" name="telex"/>
    </lexUnit>
    <lexUnit status="Created" POS="V" name="fax.v" ID="9003" lemmaID="48100" cBy="ACW" cDate="07/09/2003 12:09:46 PDT Wed">
        <definition>COD: contact by fax</definition>
        <sentenceCount annotated="0" total="0"/>
        <lexeme order="1" headword="true" breakBefore="false" POS="V" name="fax"/>
    </lexUnit>
    <lexUnit status="Finished_Initial" POS="V" name="cable.v" ID="9004" lemmaID="5132" cBy="ACW" cDate="07/09/2003 12:26:40 PDT Wed">
        <definition>FN: contact via cablegram</definition>
        <sentenceCount annotated="5" total="5"/>
        <lexeme order="1" headword="false" breakBefore="false" POS="V" name="cable"/>
    </lexUnit>
    <lexUnit status="Finished_Initial" POS="V" name="page.v" ID="9005" lemmaID="27518" cBy="ACW" cDate="07/09/2003 12:37:07 PDT Wed">
        <definition>COD: contact by means of a pager. </definition>
        <sentenceCount annotated="6" total="23"/>
        <lexeme order="1" headword="false" breakBefore="false" POS="V" name="page"/>
    </lexUnit>
    <lexUnit status="Finished_Initial" POS="V" name="radio.v" ID="9006" lemmaID="31660" cBy="ACW" cDate="07/09/2003 12:52:15 PDT Wed">
        <definition>COD:  communicate with by radio. </definition>
        <sentenceCount annotated="5" total="5"/>
        <lexeme order="1" headword="false" breakBefore="false" POS="V" name="radio"/>
    </lexUnit>
    <lexUnit status="Finished_Initial" POS="V" name="telegraph.v" ID="9007" lemmaID="39734" cBy="ACW" cDate="07/09/2003 01:11:04 PDT Wed">
        <definition>COD: send (someone) a message by telegraph. </definition>
        <sentenceCount annotated="5" total="5"/>
        <lexeme order="1" headword="false" breakBefore="false" POS="V" name="telegraph"/>
    </lexUnit>
    <lexUnit status="Created" POS="V" name="call in.v" ID="11154" lemmaID="49682" cBy="MiL" cDate="11/16/2004 03:27:24 PST Tue">
        <definition>FN: contact by telephone</definition>
        <sentenceCount annotated="0" total="0"/>
        <lexeme order="1" headword="true" breakBefore="false" POS="V" name="call"/>
        <lexeme order="2" headword="false" breakBefore="false" POS="PREP" name="in"/>
    </lexUnit>
    <lexUnit status="Created" POS="V" name="get through.v" ID="17431" lemmaID="50290" cBy="MJE" cDate="02/03/2014 01:55:02 PST Mon">
        <definition>FN: manage to establish communication with.</definition>
        <sentenceCount annotated="0" total="0"/>
        <lexeme order="1" headword="true" breakBefore="false" POS="V" name="get"/>
        <lexeme order="2" headword="false" breakBefore="true" POS="ADV" name="through"/>
    </lexUnit>
</frame>