<?xml version="1.0" encoding="UTF-8" standalone="yes"?>
<?xml-stylesheet type="text/xsl" href="frame.xsl"?>
<frame cBy="PKe" cDate="09/19/2011 05:59:29 PDT Mon" name="Controller_object" ID="2654" xsi:schemaLocation="../schema/frame.xsd" xmlns="http://framenet.icsi.berkeley.edu" xmlns:xsi="http://www.w3.org/2001/XMLSchema-instance">
    <definition>&lt;def-root&gt;This frame contains items which, when manipulated, alter the function of some device, internal or external.

&lt;ex&gt;This &lt;fex name="Control"&gt;&lt;t&gt;button&lt;/t&gt;&lt;/fex&gt; &lt;fex name="Use"&gt;makes the radio turn on&lt;/fex&gt;.&lt;/ex&gt;&lt;/def-root&gt;</definition>
    <FE bgColor="FF69B4" fgColor="FFFFFF" coreType="Core" cBy="PKe" cDate="09/19/2011 05:59:29 PDT Mon" abbrev="Artifact" name="Control" ID="14998">
        <definition>&lt;def-root&gt;This FE identifies the entity or substance that is designed to have a particular &lt;fen&gt;Use&lt;/fen&gt;. This is often an incorporated FE.&lt;/def-root&gt;</definition>
        <semType name="Physical_entity" ID="70"/>
    </FE>
    <FE bgColor="9400D3" fgColor="FFFFFF" coreType="Peripheral" cBy="PKe" cDate="09/19/2011 05:59:29 PDT Mon" abbrev="Use" name="Use" ID="14999">
        <definition>&lt;def-root&gt;The use for which an control is intended.
&lt;ex&gt;&lt;t&gt;knob&lt;/t&gt; &lt;fex name="Use"&gt;for volume control&lt;/fex&gt;.&lt;/ex&gt;&lt;/def-root&gt;</definition>
    </FE>
    <FE bgColor="FF0000" fgColor="FFFFFF" coreType="Extra-Thematic" cBy="PKe" cDate="09/19/2011 05:59:29 PDT Mon" abbrev="" name="Creator" ID="15000">
        <definition>&lt;def-root&gt;An individual or individuals that bring the &lt;fen&gt;Control&lt;/fen&gt; into existence.&lt;/def-root&gt;</definition>
    </FE>
    <FE bgColor="FFA500" fgColor="FFFFFF" coreType="Extra-Thematic" cBy="PKe" cDate="09/19/2011 05:59:29 PDT Mon" abbrev="" name="Time_of_creation" ID="15001">
        <definition>&lt;def-root&gt;The time at which an &lt;fen&gt;Control&lt;/fen&gt; comes into existence.&lt;/def-root&gt;</definition>
    </FE>
    <FE bgColor="008000" fgColor="FFFFFF" coreType="Extra-Thematic" cBy="PKe" cDate="09/19/2011 05:59:29 PDT Mon" abbrev="" name="Name" ID="15002">
        <definition>&lt;def-root&gt;The term used to refer to an &lt;fen&gt;Control&lt;/fen&gt;.&lt;/def-root&gt;</definition>
    </FE>
    <FE bgColor="00008B" fgColor="FFFFFF" coreType="Extra-Thematic" cBy="PKe" cDate="09/19/2011 05:59:29 PDT Mon" abbrev="typ" name="Type" ID="15003">
        <definition>&lt;def-root&gt;An indication of the subtype of &lt;fen&gt;Artifact&lt;/fen&gt;.

&lt;ex&gt;Flip the &lt;fex name="Type"&gt;three-way&lt;/fex&gt; &lt;t&gt;switch&lt;/t&gt;.&lt;/ex&gt;&lt;/def-root&gt;</definition>
    </FE>
    <FE bgColor="A9A9A9" fgColor="FFFFFF" coreType="Extra-Thematic" cBy="PKe" cDate="09/19/2011 05:59:29 PDT Mon" abbrev="" name="Material" ID="15004">
        <definition>&lt;def-root&gt;Any indication of what makes up the &lt;fen&gt;Control&lt;/fen&gt;, including components, ingredients, etc.&lt;/def-root&gt;</definition>
    </FE>
    <FE bgColor="00BFFF" fgColor="FFFFFF" coreType="Peripheral" cBy="CVa" cDate="10/26/2011 06:06:06 PDT Wed" abbrev="" name="Controlled_entity" ID="15268">
        <definition>&lt;def-root&gt;The entity which the &lt;fen&gt;Control&lt;/fen&gt; controls.
&lt;ex&gt;The &lt;fex name="Controlled_entity"&gt;radio&lt;/fex&gt; &lt;t&gt;knob&lt;/t&gt; was broken.&lt;/ex&gt;&lt;/def-root&gt;</definition>
    </FE>
    <frameRelation type="Inherits from">
        <relatedFrame ID="421">Artifact</relatedFrame>
    </frameRelation>
    <frameRelation type="Is Inherited by"/>
    <frameRelation type="Perspective on"/>
    <frameRelation type="Is Perspectivized in"/>
    <frameRelation type="Uses"/>
    <frameRelation type="Is Used by"/>
    <frameRelation type="Subframe of"/>
    <frameRelation type="Has Subframe(s)"/>
    <frameRelation type="Precedes"/>
    <frameRelation type="Is Preceded by"/>
    <frameRelation type="Is Inchoative of"/>
    <frameRelation type="Is Causative of"/>
    <frameRelation type="See also"/>
    <lexUnit status="Finished_Initial" incorporatedFE="Control" POS="N" name="button.n" ID="16618" lemmaID="5075" cBy="PKe" cDate="09/19/2011 06:05:08 PDT Mon">
        <definition>FN: An object, physical or digital, which is maniplulated (by pressing or clicking) in order to bring about some change in a device or program.</definition>
        <sentenceCount annotated="12" total="50"/>
        <lexeme order="1" headword="false" breakBefore="false" POS="N" name="button"/>
    </lexUnit>
    <lexUnit status="New" POS="N" name="board.n" ID="16619" lemmaID="3998" cBy="PKe" cDate="09/19/2011 06:06:55 PDT Mon">
        <definition>FN: A device containing electrical switches and other controls and designed to control lights, sound, telephone connections, etc.</definition>
        <sentenceCount annotated="1" total="50"/>
        <lexeme order="1" headword="false" breakBefore="false" POS="N" name="board"/>
    </lexUnit>
    <lexUnit status="Finished_Initial" incorporatedFE="Control" POS="N" name="knob.n" ID="16679" lemmaID="21432" cBy="PKe" cDate="10/06/2011 05:15:20 PDT Thu">
        <definition>FN: A protruding, often round object connected to some larger entity which, when rotated, causes a change in the entity.</definition>
        <sentenceCount annotated="11" total="100"/>
        <lexeme order="1" headword="false" breakBefore="false" POS="N" name="knob"/>
    </lexUnit>
    <lexUnit status="Finished_Initial" incorporatedFE="Control" POS="N" name="switch.n" ID="16680" lemmaID="39190" cBy="PKe" cDate="10/06/2011 05:16:51 PDT Thu">
        <definition>FN: An object that typically has only two modes (on/off) and is manipulated to alter a state in an entity.</definition>
        <sentenceCount annotated="13" total="50"/>
        <lexeme order="1" headword="false" breakBefore="false" POS="N" name="switch"/>
    </lexUnit>
    <lexUnit status="New" incorporatedFE="Control" POS="N" name="control.n" ID="16754" lemmaID="8148" cBy="CVa" cDate="10/26/2011 05:49:48 PDT Wed">
        <definition>FN: a device used for guiding a machine</definition>
        <sentenceCount annotated="10" total="60"/>
        <lexeme order="1" headword="false" breakBefore="false" POS="N" name="control"/>
    </lexUnit>
    <lexUnit status="Finished_Initial" POS="N" name="switchboard.n" ID="16817" lemmaID="39195" cBy="CVa" cDate="12/06/2011 04:36:10 PST Tue">
        <definition>FN: A device that directs electricity from one source to another.</definition>
        <sentenceCount annotated="17" total="50"/>
        <lexeme order="1" headword="false" breakBefore="false" POS="N" name="switchboard"/>
    </lexUnit>
</frame>