<?xml version="1.0" encoding="UTF-8" standalone="yes"?>
<?xml-stylesheet type="text/xsl" href="frame.xsl"?>
<frame cBy="RLG" cDate="06/21/2005 05:58:56 PDT Tue" name="Correctness" ID="1512" xsi:schemaLocation="../schema/frame.xsd" xmlns="http://framenet.icsi.berkeley.edu" xmlns:xsi="http://www.w3.org/2001/XMLSchema-instance">
    <definition>&lt;def-root&gt;A particular piece of &lt;fen&gt;Information&lt;/fen&gt; is evaluated for its accuracy.  The &lt;fen&gt;Degree&lt;/fen&gt; of correctness may also be expressed.  The &lt;fen&gt;Source&lt;/fen&gt; of information may also metonymically stand in for the &lt;fen&gt;Information&lt;/fen&gt;.

&lt;ex&gt;Is your reputation at risk due to &lt;t&gt;incorrect&lt;/t&gt; &lt;fex name="inf"&gt;information&lt;/fex&gt;?&lt;/ex&gt;
&lt;ex&gt;If your dealership service people make such &lt;fex name="deg"&gt;totally&lt;/fex&gt; &lt;t&gt;wrong&lt;/t&gt; &lt;fex name="inf"&gt;claims&lt;/fex&gt;, I would be uncomfortable trusting their warranty claims too.&lt;/ex&gt;
&lt;ex&gt;All users must verify the &lt;t&gt;correctness&lt;/t&gt; &lt;fex name="inf"&gt;of their own information.&lt;/fex&gt;&lt;/ex&gt;
&lt;ex&gt;We found &lt;fex name="inf"&gt;all of his information&lt;/fex&gt; to &lt;m&gt;be&lt;/m&gt; &lt;t&gt;right&lt;/t&gt;.&lt;/ex&gt;&lt;/def-root&gt;</definition>
    <FE bgColor="FF0000" fgColor="FFFFFF" coreType="Core" cBy="RLG" cDate="06/21/2005 06:05:10 PDT Tue" abbrev="inf" name="Information" ID="8230">
        <definition>&lt;def-root&gt;The &lt;fen&gt;Information&lt;/fen&gt; matches or does not match the facts of the world.

&lt;ex&gt;&lt;fex name="inf"&gt;That statement&lt;/fex&gt; is totally &lt;t&gt;incorrect&lt;/t&gt;.&lt;/ex&gt;&lt;/def-root&gt;</definition>
    </FE>
    <FE bgColor="FF69B4" fgColor="FFFFFF" coreType="Peripheral" cBy="RLG" cDate="06/21/2005 06:08:11 PDT Tue" abbrev="deg" name="Degree" ID="8231">
        <definition>&lt;def-root&gt;The degree to which the &lt;fen&gt;Information&lt;/fen&gt; matches or does not match the facts of the world.

&lt;ex&gt;Vague prophecies, interpreted with maximum latitude, are likely to appear &lt;fex name="deg"&gt;at least somewhat&lt;/fex&gt; &lt;t&gt;accurate&lt;/t&gt;.&lt;/ex&gt;&lt;/def-root&gt;</definition>
        <semType name="Degree" ID="172"/>
    </FE>
    <FE bgColor="FFA500" fgColor="FFFFFF" coreType="Extra-Thematic" cBy="RLG" cDate="06/21/2005 06:13:37 PDT Tue" abbrev="dom" name="Domain" ID="8232">
        <definition>&lt;def-root&gt;The aspect of reality which is accurately modeled by the &lt;fen&gt;Information&lt;/fen&gt;.

&lt;ex&gt;That claim may be factually &lt;t&gt;accurate&lt;/t&gt; &lt;fex name="dom"&gt;in terms of in vitro pharmacology&lt;/fex&gt; but that may have no clinical relevance.&lt;/ex&gt;&lt;/def-root&gt;</definition>
    </FE>
    <FE bgColor="9400D3" fgColor="FFFFFF" coreType="Extra-Thematic" cBy="RLG" cDate="06/21/2005 06:15:27 PDT Tue" abbrev="par" name="Parameter" ID="8233">
        <definition>&lt;def-root&gt;The aspect of the &lt;fen&gt;Information&lt;/fen&gt; which accurately models reality.

&lt;ex&gt;Don't select an option just because it contains &lt;fex name="par"&gt;factually&lt;/fex&gt; &lt;t&gt;correct&lt;/t&gt; information about the clinical situation.&lt;/ex&gt;&lt;/def-root&gt;</definition>
    </FE>
    <FE bgColor="2E8B57" fgColor="FFFFFF" coreType="Extra-Thematic" cBy="KmG" cDate="05/14/2007 07:11:59 PDT Mon" abbrev="fre" name="Frequency" ID="11733">
        <definition>&lt;def-root&gt;How often the &lt;fen&gt;Information&lt;/fen&gt; is correct. &lt;/def-root&gt;</definition>
    </FE>
    <FE bgColor="A52A2A" fgColor="FFFFFF" coreType="Extra-Thematic" cBy="KmG" cDate="05/14/2007 07:26:20 PDT Mon" abbrev="Cir" name="Circumstances" ID="11734">
        <definition>&lt;def-root&gt;Circumstances describe the state of the world (at a particular time and place) which is specifically independent of the event itself and any of its participants.&lt;/def-root&gt;</definition>
    </FE>
    <FE bgColor="008000" fgColor="FFFFFF" coreType="Core" cBy="KmG" cDate="05/16/2007 04:04:51 PDT Wed" abbrev="sou" name="Source" ID="11735">
        <definition>&lt;def-root&gt;The &lt;fen&gt;Source&lt;/fen&gt; is the agent who holds the correct/incorrect information. 

&lt;ex&gt;&lt;fex name="Source"&gt;He&lt;/fex&gt; is correct&lt;/ex&gt;&lt;/def-root&gt;</definition>
        <excludesFE name="Topic" ID="13452"/>
    </FE>
    <FE bgColor="0000FF" fgColor="FFFFFF" coreType="Extra-Thematic" cBy="KmG" cDate="05/16/2007 04:15:26 PDT Wed" abbrev="re-e" name="Re-encoding" ID="11736">
        <definition>&lt;def-root&gt;This FE presents the current frame as an integral part of a larger conceptualization expressed by another frame, which typically corresponds to a Means action within the frame.&lt;/def-root&gt;</definition>
    </FE>
    <FE bgColor="FF00FF" fgColor="FFFFFF" coreType="Peripheral" cBy="KmG" cDate="05/16/2007 04:18:08 PDT Wed" abbrev="Man" name="Manner" ID="11737">
        <definition>&lt;def-root&gt;The way in which the &lt;fen&gt;Source&lt;/fen&gt; is correct/incorrect.&lt;/def-root&gt;</definition>
    </FE>
    <FE bgColor="00BFFF" fgColor="FFFFFF" coreType="Peripheral" cBy="KmG" cDate="05/16/2007 07:18:14 PDT Wed" abbrev="tim" name="Time" ID="11738">
        <definition>&lt;def-root&gt;The &lt;fen&gt;Time&lt;/fen&gt; at which the &lt;fen&gt;Information&lt;/fen&gt; or the &lt;fen&gt;Source&lt;/fen&gt; is correct.&lt;/def-root&gt;</definition>
    </FE>
    <FE bgColor="7CCD73" fgColor="FFFFFF" coreType="Peripheral" cBy="KmG" cDate="05/14/2008 03:17:05 PDT Wed" abbrev="Med" name="Medium" ID="12644">
        <definition>&lt;def-root&gt;The physcial context that the &lt;fen&gt;Information&lt;/fen&gt; is found in.&lt;/def-root&gt;</definition>
    </FE>
    <FE bgColor="EEE8AA" fgColor="00008B" coreType="Extra-Thematic" cBy="KmG" cDate="05/14/2008 03:20:49 PDT Wed" abbrev="Cf" name="Communicative_force" ID="12645">
        <definition>&lt;def-root&gt;This FE indicates the &lt;fen&gt;Communicative_force&lt;/fen&gt; or authority with which the target operates (often denoted by words such as "officially," "formally," "technically," etc.).  &lt;/def-root&gt;</definition>
    </FE>
    <FE bgColor="9F79EE" fgColor="FFFFFF" coreType="Extra-Thematic" cBy="KmG" cDate="05/14/2008 03:23:08 PDT Wed" abbrev="Res" name="Result" ID="12646">
        <definition>&lt;def-root&gt;The outcome of the correctness if the &lt;fen&gt;Source&lt;/fen&gt; or &lt;fen&gt;Information&lt;/fen&gt;.&lt;/def-root&gt;</definition>
    </FE>
    <FE bgColor="A9A9A9" fgColor="FFFFFF" coreType="Core" cBy="AlK" cDate="10/16/2008 05:34:30 PDT Thu" abbrev="" name="Communicative_act" ID="13088">
        <definition>&lt;def-root&gt;The event which communicates the &lt;fen&gt;Information&lt;/fen&gt;.&lt;/def-root&gt;</definition>
    </FE>
    <FE bgColor="FFD700" fgColor="000000" coreType="Core" cBy="RLG" cDate="09/14/2009 09:19:49 PDT Mon" abbrev="top" name="Topic" ID="13452">
        <definition>&lt;def-root&gt;The Topic about which the Source has accurate information.&lt;/def-root&gt;</definition>
    </FE>
    <FEcoreSet>
        <memberFE name="Source" ID="11735"/>
        <memberFE name="Information" ID="8230"/>
        <memberFE name="Communicative_act" ID="13088"/>
        <memberFE name="Topic" ID="13452"/>
    </FEcoreSet>
    <frameRelation type="Inherits from">
        <relatedFrame ID="1015">Gradable_attributes</relatedFrame>
    </frameRelation>
    <frameRelation type="Is Inherited by"/>
    <frameRelation type="Perspective on"/>
    <frameRelation type="Is Perspectivized in"/>
    <frameRelation type="Uses">
        <relatedFrame ID="481">Similarity</relatedFrame>
        <relatedFrame ID="1591">Information</relatedFrame>
    </frameRelation>
    <frameRelation type="Is Used by">
        <relatedFrame ID="1230">Verification</relatedFrame>
    </frameRelation>
    <frameRelation type="Subframe of"/>
    <frameRelation type="Has Subframe(s)"/>
    <frameRelation type="Precedes"/>
    <frameRelation type="Is Preceded by"/>
    <frameRelation type="Is Inchoative of"/>
    <frameRelation type="Is Causative of"/>
    <frameRelation type="See also"/>
    <lexUnit status="Finished_Initial" POS="A" name="correct.a" ID="12270" lemmaID="8425" cBy="RLG" cDate="06/21/2005 06:00:29 PDT Tue">
        <definition>COD: free from error; true; right.</definition>
        <sentenceCount annotated="23" total="304"/>
        <lexeme order="1" headword="false" breakBefore="false" POS="A" name="correct"/>
    </lexUnit>
    <lexUnit status="Finished_Initial" POS="A" name="incorrect.a" ID="12271" lemmaID="19524" cBy="RLG" cDate="06/21/2005 06:01:50 PDT Tue">
        <definition>COD: not in accordance with fact or particular standards; wrong.</definition>
        <sentenceCount annotated="26" total="231"/>
        <lexeme order="1" headword="false" breakBefore="false" POS="A" name="incorrect"/>
        <semType name="Negative" ID="99"/>
    </lexUnit>
    <lexUnit status="Created" POS="A" name="wrong.a" ID="12272" lemmaID="44606" cBy="RLG" cDate="06/21/2005 06:02:16 PDT Tue">
        <definition>COD: not correct or true.</definition>
        <sentenceCount annotated="0" total="0"/>
        <lexeme order="1" headword="false" breakBefore="false" POS="A" name="wrong"/>
        <semType name="Negative" ID="99"/>
    </lexUnit>
    <lexUnit status="Rules_Defined" POS="A" name="right.a" ID="12273" lemmaID="33250" cBy="RLG" cDate="06/21/2005 06:03:02 PDT Tue">
        <definition>COD: factually correct.</definition>
        <sentenceCount annotated="9" total="9"/>
        <lexeme order="1" headword="false" breakBefore="false" POS="A" name="right"/>
    </lexUnit>
    <lexUnit status="Finished_Initial" POS="A" name="accurate.a" ID="12274" lemmaID="319" cBy="RLG" cDate="06/21/2005 06:03:15 PDT Tue">
        <definition>COD: correct in all details.</definition>
        <sentenceCount annotated="37" total="387"/>
        <lexeme order="1" headword="false" breakBefore="false" POS="A" name="accurate"/>
    </lexUnit>
    <lexUnit status="Created" POS="N" name="correctness.n" ID="12275" lemmaID="8432" cBy="RLG" cDate="06/21/2005 06:04:07 PDT Tue">
        <definition>FN: the state or quality of correctness.</definition>
        <sentenceCount annotated="2" total="2"/>
        <lexeme order="1" headword="false" breakBefore="false" POS="N" name="correctness"/>
    </lexUnit>
    <lexUnit status="Created" POS="A" name="exact.a" ID="13268" lemmaID="13314" cBy="MiL" cDate="06/19/2006 05:20:20 PDT Mon">
        <definition>COD: not approximated in any way; precise.</definition>
        <sentenceCount annotated="0" total="0"/>
        <lexeme order="1" headword="false" breakBefore="false" POS="A" name="exact"/>
    </lexUnit>
    <lexUnit status="Created" POS="A" name="true.a" ID="17052" lemmaID="41367" cBy="PKe" cDate="05/03/2012 02:59:58 PDT Thu">
        <definition>FN: tautologically correct, or correct within an ascribed framework.</definition>
        <sentenceCount annotated="56" total="56"/>
        <lexeme order="1" headword="false" breakBefore="false" POS="A" name="true"/>
    </lexUnit>
</frame>