<?xml version="1.0" encoding="UTF-8" standalone="yes"?>
<?xml-stylesheet type="text/xsl" href="frame.xsl"?>
<frame cBy="ChW" cDate="02/07/2001 04:12:11 PST Wed" name="Cotheme" ID="56" xsi:schemaLocation="../schema/frame.xsd" xmlns="http://framenet.icsi.berkeley.edu" xmlns:xsi="http://www.w3.org/2001/XMLSchema-instance">
    <definition>&lt;def-root&gt;This frame contains words that necessarily indicate the motion of two distinct objects. The &lt;fen&gt;Theme&lt;/fen&gt; is typically animate and is expressed the same way a Self-mover is expressed in the Self-motion frame--i.e. as the subject of a target verb. The &lt;fen&gt;Cotheme&lt;/fen&gt; may or may not be animate and is typically expressed as a direct object or an oblique. &lt;fen&gt;Source&lt;/fen&gt;, &lt;fen&gt;Path&lt;/fen&gt;, &lt;fen&gt;Goal&lt;/fen&gt;, and the other frame elements common to motion words also regularly occur with the words in this frame. 
&lt;ex&gt;&lt;/ex&gt;
&lt;ex&gt;&lt;fex name="Theme"&gt;She&lt;/fex&gt; &lt;t&gt;accompanied&lt;/t&gt; &lt;fex name="Cotheme"&gt;him&lt;/fex&gt; &lt;fex name="Mode_of_transportation"&gt;in the ambulance&lt;/fex&gt; &lt;fex name="Goal"&gt;to Hollywood Memorial Hospital&lt;/fex&gt;.&lt;/ex&gt;

&lt;ex&gt;&lt;fex name="Theme"&gt;Police&lt;/fex&gt; &lt;t&gt;persue&lt;/t&gt; &lt;fex name="Cotheme"&gt;teenage joyrider&lt;/fex&gt; &lt;fex name="Path"&gt;across three counties&lt;/fex&gt;.&lt;/ex&gt;

&lt;ex&gt;&lt;fex name="Theme"&gt;My&lt;/fex&gt; &lt;t&gt;pursuit&lt;/t&gt; &lt;fex name="Cotheme"&gt;of academic superiority&lt;/fex&gt; shows that I was still striving to be the person my parents wanted me to be.&lt;/ex&gt;&lt;/def-root&gt;</definition>
    <FE bgColor="FF0000" fgColor="FFFFFF" coreType="Core" cBy="ChW" cDate="02/07/2001 04:12:11 PST Wed" abbrev="Thm" name="Theme" ID="235">
        <definition>&lt;def-root&gt;This is the entity, frequently a living being, which moves in relation to the &lt;fen&gt;Cotheme&lt;/fen&gt;. Normally the &lt;fen&gt;Theme&lt;/fen&gt; frame element is expressed as an external argument. 
&lt;ex&gt;&lt;fex name="Theme"&gt;Pat&lt;/fex&gt; &lt;t&gt;accompanied&lt;/t&gt; me for five miles in a blue Toyota.&lt;/ex&gt;&lt;ex&gt; &lt;fex name="Theme"&gt;The squirrel&lt;/fex&gt; &lt;t&gt;chased&lt;/t&gt; the nut across the road.&lt;/ex&gt; &lt;/def-root&gt;</definition>
        <semType name="Physical_object" ID="68"/>
    </FE>
    <FE bgColor="1E90FF" fgColor="FFFFFF" coreType="Core" cBy="ChW" cDate="02/07/2001 04:12:11 PST Wed" abbrev="Thm_c" name="Cotheme" ID="236">
        <definition>&lt;def-root&gt;This frame element is the second moving object, expressed as a direct object or an oblique: 

&lt;ex&gt;Pat &lt;t&gt;accompanied&lt;/t&gt;  &lt;fex name="Cotheme"&gt;me&lt;/fex&gt; down the street.&lt;/ex&gt; 
&lt;ex&gt;The squirrel &lt;t&gt;chased&lt;/t&gt; &lt;fex name="Cotheme"&gt; after the nut &lt;/fex&gt;. &lt;/ex&gt;&lt;/def-root&gt;</definition>
        <semType name="Physical_object" ID="68"/>
    </FE>
    <FE bgColor="006400" fgColor="FFFFFF" coreType="Core" cBy="ChW" cDate="02/07/2001 04:12:11 PST Wed" abbrev="Src" name="Source" ID="237">
        <definition>&lt;def-root&gt;&lt;fen&gt;Source&lt;/fen&gt; marks any expression which implies a definite starting-point of the motion of the &lt;fen&gt;Cotheme&lt;/fen&gt;. In prepositional phrases, the  object expresses the starting point of motion. With particles, the starting point of motion is understood from context. 
&lt;ex&gt;The cat &lt;t&gt;chased&lt;/t&gt; the mouse &lt;fex name="Source"&gt;out of the house&lt;/fex&gt;.&lt;/ex&gt; 
&lt;ex&gt;The cat &lt;t&gt;chased&lt;/t&gt; the mouse &lt;fex name="Source"&gt;out&lt;/fex&gt;.&lt;/ex&gt; &lt;/def-root&gt;</definition>
        <semType name="Source" ID="151"/>
        <excludesFE name="Area" ID="242"/>
    </FE>
    <FE bgColor="0000FF" fgColor="FFFFFF" coreType="Core" cBy="ChW" cDate="02/07/2001 04:12:12 PST Wed" abbrev="Path" name="Path" ID="238">
        <definition>&lt;def-root&gt;&lt;fen&gt;Path&lt;/fen&gt; marks phrases that describe the &lt;fen&gt;Theme&lt;/fen&gt; and &lt;fen&gt;Cotheme&lt;/fen&gt;'s trajectory of motion and which are neither expressions of the  &lt;fen&gt;Source&lt;/fen&gt; nor the &lt;fen&gt;Goal&lt;/fen&gt; of motion. The notion &lt;fen&gt;Path&lt;/fen&gt; also includes directional expressions.
&lt;ex&gt; The bikers &lt;t&gt;followed&lt;/t&gt; the truck &lt;fex name="Path"&gt;west&lt;/fex&gt;.&lt;/ex&gt; 
&lt;ex&gt;The bikers &lt;t&gt;followed&lt;/t&gt; the truck &lt;fex name="Path"&gt;through the desert&lt;/fex&gt;. &lt;/ex&gt;&lt;/def-root&gt;</definition>
        <semType name="Path" ID="152"/>
        <excludesFE name="Area" ID="242"/>
    </FE>
    <FE bgColor="00BFFF" fgColor="FFFFFF" coreType="Core" cBy="ChW" cDate="02/07/2001 04:12:12 PST Wed" abbrev="Goal" name="Goal" ID="239">
        <definition>&lt;def-root&gt;Any expression which tells where the &lt;fen&gt;Cotheme&lt;/fen&gt; ends up as a result of the motion expresses the frame element &lt;fen&gt;Goal&lt;/fen&gt;. Note that if the &lt;fen&gt;Cotheme&lt;/fen&gt; is animate, the &lt;fen&gt;Theme&lt;/fen&gt; need not also end up in the same place. Some particles imply the existence of a &lt;fen&gt;Goal&lt;/fen&gt; which is understood in the context of utterance. 
&lt;ex&gt;The children &lt;t&gt;chased&lt;/t&gt; the ball &lt;fex name="Goal"&gt;into the park&lt;/fex&gt;. (The children end up in the park.)&lt;/ex&gt;
&lt;ex&gt;The children &lt;t&gt;chased&lt;/t&gt; the dog &lt;fex name="Goal"&gt;into the park&lt;/fex&gt;.  (The dog ends up in the park; the children may not have entered the park.) &lt;/ex&gt;&lt;/def-root&gt;</definition>
        <semType name="Goal" ID="153"/>
        <excludesFE name="Area" ID="242"/>
    </FE>
    <FE bgColor="FF00FF" fgColor="FFFFFF" coreType="Peripheral" cBy="ChW" cDate="02/07/2001 04:12:12 PST Wed" abbrev="Manr" name="Manner" ID="240">
        <definition>&lt;def-root&gt;Phrases marked with this frame element  describe a property of motion which is not directly related to the trajectory of the &lt;fen&gt;Theme&lt;/fen&gt;'s motion. Descriptions of steadiness, grace, and other things count as &lt;fen&gt;Manner&lt;/fen&gt; expressions. 

&lt;ex&gt;The bikers &lt;t&gt;followed&lt;/t&gt; the truck &lt;fex name="Manner"&gt;furiously&lt;/fex&gt;. &lt;/ex&gt;&lt;/def-root&gt;</definition>
        <semType name="Manner" ID="173"/>
    </FE>
    <FE bgColor="FFFF00" fgColor="000000" coreType="Peripheral" cBy="ChW" cDate="02/07/2001 04:12:12 PST Wed" abbrev="Dist" name="Distance" ID="241">
        <definition>&lt;def-root&gt;Any expression which characterizes the extent of the motion of the &lt;fen&gt;Theme&lt;/fen&gt; and &lt;fen&gt;Cotheme&lt;/fen&gt; expresses the frame element &lt;fen&gt;Distance&lt;/fen&gt;. 
&lt;ex&gt;The police &lt;t&gt;tailed&lt;/t&gt; the suspects &lt;fex name="Distance"&gt;for several miles&lt;/fex&gt;. &lt;/ex&gt;&lt;/def-root&gt;</definition>
        <semType name="Quantity" ID="59"/>
    </FE>
    <FE bgColor="808080" fgColor="FFFFFF" coreType="Core" cBy="ChW" cDate="02/07/2001 04:12:12 PST Wed" abbrev="Area" name="Area" ID="242">
        <definition>&lt;def-root&gt;&lt;fen&gt;Area&lt;/fen&gt; marks expressions which describe a general area in which the motion of &lt;fen&gt;Theme&lt;/fen&gt; and &lt;fen&gt;Cotheme&lt;/fen&gt; takes place when the motion is understood to be irregular and not to consist of a single linear path. Locative setting adjuncts of motion expressions may also be assigned this frame element.
&lt;ex&gt;The police &lt;t&gt;followed&lt;/t&gt; the suspects &lt;fex name="Area"&gt;all around town&lt;/fex&gt;. &lt;/ex&gt;&lt;/def-root&gt;</definition>
        <semType name="Location" ID="54"/>
    </FE>
    <FE bgColor="9400D3" fgColor="FFFFFF" coreType="Extra-Thematic" cBy="MJE" cDate="09/17/2001 04:22:12 PDT Mon" abbrev="Dep" name="Depictive" ID="1873">
        <definition>&lt;def-root&gt;This frame element marks a depictive phrase describing the &lt;fen&gt;Theme&lt;/fen&gt;.

&lt;ex&gt;John &lt;t&gt;escorted&lt;/t&gt; his mother around &lt;fex name="Depictive"&gt;naked&lt;/fex&gt;&lt;/ex&gt;
&lt;/def-root&gt;</definition>
        <semType name="State" ID="77"/>
    </FE>
    <FE bgColor="006400" fgColor="FFFFFF" coreType="Extra-Thematic" cBy="MJE" cDate="09/17/2001 04:22:12 PDT Mon" abbrev="Evnt" name="Event" ID="1874">
        <definition>&lt;def-root&gt;An Event in which the &lt;fen&gt;Cotheme&lt;/fen&gt; is involved. Usually this is some kind of travel.

&lt;ex&gt;Paul Simon &lt;t&gt;accompanied&lt;/t&gt; the President &lt;fex name="Event"&gt;on his trip to Japan&lt;/fex&gt;&lt;/ex&gt;&lt;/def-root&gt;</definition>
        <semType name="State_of_affairs" ID="177"/>
    </FE>
    <FE bgColor="A52A2A" fgColor="FFFFFF" coreType="Peripheral" cBy="MJE" cDate="09/17/2001 04:22:12 PDT Mon" abbrev="Mns" name="Means" ID="1875">
        <definition>&lt;def-root&gt;This frame element expresses the &lt;fen&gt;Means&lt;/fen&gt; by which a (volitional) &lt;fen&gt;Theme&lt;/fen&gt; moves in relation to the &lt;fen&gt;Cotheme&lt;/fen&gt;.
&lt;ex&gt;The policemen &lt;t&gt;chased&lt;/t&gt; the suspect &lt;fex name="Means"&gt;by running after him&lt;/fex&gt;.&lt;/ex&gt;&lt;/def-root&gt;</definition>
        <semType name="Human_act" ID="69"/>
    </FE>
    <FE bgColor="90876C" fgColor="FFFFFF" coreType="Extra-Thematic" cBy="MJE" cDate="09/17/2001 04:22:12 PDT Mon" abbrev="Result" name="Result" ID="1876">
        <definition>&lt;def-root&gt;Phrases marked with this frame element mark resultant states that the &lt;fen&gt;Cotheme&lt;/fen&gt; can reach due to the motion event.&lt;ex&gt;The dogs &lt;t&gt;hounded&lt;/t&gt; their prey &lt;fex name="Result"&gt;to death&lt;/fex&gt;.&lt;/ex&gt;&lt;/def-root&gt;</definition>
        <semType name="Event" ID="75"/>
    </FE>
    <FE bgColor="00008B" fgColor="FFFFFF" coreType="Peripheral" cBy="MJE" cDate="09/17/2001 04:28:35 PDT Mon" abbrev="MoT" name="Mode_of_transportation" ID="1878">
        <definition>&lt;def-root&gt;This frame element denotes the means of conveyance on which the &lt;fen&gt;Theme&lt;/fen&gt; is traveling. The &lt;fen&gt;Mode_of_Transportation&lt;/fen&gt; can be the &lt;fen&gt;Theme&lt;/fen&gt;'s  own body or a vehicle. Vehicles can move in any way and in any medium.

&lt;ex&gt;The husband &lt;t&gt;accompanied&lt;/t&gt; his wife to the hospital &lt;fex name="Mode_of_Transportation"&gt;in the ambulance&lt;/fex&gt;&lt;/ex&gt; 
&lt;ex&gt;Lily &lt;t&gt;accompanied&lt;/t&gt; me to the store &lt;fex name="Mode_of_Transportation"&gt;on foot&lt;/fex&gt;&lt;/ex&gt;&lt;/def-root&gt;</definition>
    </FE>
    <FE bgColor="2E8B57" fgColor="FFFFFF" coreType="Peripheral" cBy="MJE" cDate="09/17/2001 04:32:04 PDT Mon" abbrev="Spd" name="Speed" ID="1880">
        <definition>&lt;def-root&gt;Phrases that describe the rate of motion of the &lt;fen&gt;Theme&lt;/fen&gt; are marked &lt;fen&gt;Speed&lt;/fen&gt;.
&lt;ex&gt;The detective &lt;t&gt;followed&lt;/t&gt; the suspect &lt;fex name="Speed"&gt;at a leisurely pace&lt;/fex&gt;.&lt;/ex&gt;&lt;/def-root&gt;</definition>
        <semType name="Speed" ID="234"/>
    </FE>
    <FE bgColor="EEE8AA" fgColor="000000" coreType="Core" cBy="MJE" cDate="09/17/2001 04:35:19 PDT Mon" abbrev="Road" name="Road" ID="1881">
        <definition>&lt;def-root&gt;Phrases that denote a physical path on which the motion of &lt;fen&gt;Theme&lt;/fen&gt; and &lt;fen&gt;Cotheme&lt;/fen&gt; takes place are marked &lt;fen&gt;Road&lt;/fen&gt;.&lt;ex&gt;The police &lt;t&gt;followed&lt;/t&gt; the suspect &lt;fex name="Road"&gt;on the interstate&lt;/fex&gt; for several miles.&lt;/ex&gt;&lt;/def-root&gt;</definition>
        <excludesFE name="Cotheme" ID="236"/>
    </FE>
    <FE bgColor="9F79EE" fgColor="FFFFFF" coreType="Peripheral" cBy="ACW" cDate="07/09/2002 08:30:47 PDT Tue" abbrev="Dur" name="Duration" ID="3333">
        <definition>&lt;def-root&gt;The amount of time for which motion occurs.&lt;/def-root&gt;</definition>
        <semType name="Duration" ID="142"/>
    </FE>
    <FE bgColor="FFA500" fgColor="FFFFFF" coreType="Peripheral" cBy="ACW" cDate="07/09/2002 08:30:51 PDT Tue" abbrev="Time" name="Time" ID="3334">
        <definition>&lt;def-root&gt;This FE identifies the &lt;fen&gt;Time&lt;/fen&gt; when the motion occurs.&lt;/def-root&gt;</definition>
        <semType name="Time" ID="141"/>
    </FE>
    <FE bgColor="800080" fgColor="FFFFFF" coreType="Peripheral" cBy="ACW" cDate="07/09/2002 08:31:02 PDT Tue" abbrev="Purp" name="Purpose" ID="3335">
        <definition>&lt;def-root&gt;This FE identifies the &lt;fen&gt;Purpose&lt;/fen&gt; for which a &lt;fen&gt;Theme&lt;/fen&gt; moves.
&lt;ex&gt;John &lt;t&gt;stalked&lt;/t&gt; her every day &lt;fex name="Purpose"&gt;to relieve his obsessions&lt;/fex&gt;.&lt;/ex&gt;&lt;/def-root&gt;</definition>
        <semType name="Human_act" ID="69"/>
    </FE>
    <FE bgColor="FF69B4" fgColor="FFFFFF" coreType="Peripheral" cBy="ACW" cDate="06/05/2003 12:49:28 PDT Thu" abbrev="F_d" name="Following_distance" ID="4535">
        <definition>&lt;def-root&gt;The &lt;fen&gt;Following_distance&lt;/fen&gt; is the distance between the &lt;fen&gt;Theme&lt;/fen&gt; and &lt;fen&gt;Cotheme&lt;/fen&gt;.
&lt;ex&gt;&lt;fex name="Theme"&gt;I&lt;/fex&gt; &lt;t&gt;followed&lt;/t&gt; &lt;fex name="Cotheme"&gt;him&lt;/fex&gt; &lt;fex name="Following_distance"&gt;at a distance of 30 yards&lt;/fex&gt;.&lt;/ex&gt;&lt;/def-root&gt;</definition>
    </FE>
    <FE bgColor="7CCD73" fgColor="FFFFFF" coreType="Extra-Thematic" cBy="ACW" cDate="06/05/2003 01:00:36 PDT Thu" abbrev="Hand" name="Handle" ID="4536">
        <definition>&lt;def-root&gt;The &lt;fen&gt;Handle&lt;/fen&gt; is active zone of the &lt;fen&gt;Cotheme&lt;/fen&gt;.
&lt;ex&gt;&lt;fex name="Theme"&gt;Mark &lt;/fex&gt;&lt;t&gt;led&lt;/t&gt; &lt;fex name="Cotheme"&gt;Sara&lt;/fex&gt; &lt;fex name="Handle"&gt;by the hand&lt;/fex&gt;.&lt;/ex&gt;&lt;/def-root&gt;</definition>
    </FE>
    <FE bgColor="008000" fgColor="FFFFFF" coreType="Peripheral" cBy="Hay" cDate="10/02/2003 11:36:46 PDT Thu" abbrev="Place" name="Place" ID="5315">
        <definition>&lt;def-root&gt;The &lt;fen&gt;Place&lt;/fen&gt; is the location which provides a setting for a defined motion (that is one with &lt;fen&gt;Source&lt;/fen&gt;, &lt;fen&gt;Path&lt;/fen&gt; or &lt;fen&gt;Goal&lt;/fen&gt;).
&lt;/def-root&gt;</definition>
        <semType name="Locative_relation" ID="182"/>
    </FE>
    <FE bgColor="A9A9A9" fgColor="FFFFFF" coreType="Extra-Thematic" cBy="Hay" cDate="10/02/2003 11:36:50 PDT Thu" abbrev="" name="Explanation" ID="5337">
        <definition>&lt;def-root&gt;Some event or state of affairs that leads to the &lt;fen&gt;Theme&lt;/fen&gt; following the &lt;fen&gt;Cotheme&lt;/fen&gt;.&lt;/def-root&gt;</definition>
        <semType name="State_of_affairs" ID="177"/>
    </FE>
    <FE bgColor="d0d0d0" fgColor="000000" coreType="Core" cBy="RLG" cDate="12/16/2005 10:14:05 PST Fri" abbrev="dir" name="Direction" ID="9785">
        <definition>&lt;def-root&gt;The direction in which the &lt;fen&gt;Theme&lt;/fen&gt; and &lt;fen&gt;Cotheme&lt;/fen&gt; move.

&lt;ex&gt;The tracking dogs &lt;t&gt;chased&lt;/t&gt; their target &lt;fex name="Direction"&gt;towards the river&lt;/fex&gt;, where they lost it.&lt;/ex&gt;&lt;/def-root&gt;</definition>
        <excludesFE name="Area" ID="242"/>
    </FE>
    <FEcoreSet>
        <memberFE name="Goal" ID="239"/>
        <memberFE name="Path" ID="238"/>
        <memberFE name="Source" ID="237"/>
        <memberFE name="Direction" ID="9785"/>
    </FEcoreSet>
    <frameRelation type="Inherits from">
        <relatedFrame ID="64">Self_motion</relatedFrame>
    </frameRelation>
    <frameRelation type="Is Inherited by"/>
    <frameRelation type="Perspective on"/>
    <frameRelation type="Is Perspectivized in"/>
    <frameRelation type="Uses">
        <relatedFrame ID="7">Motion</relatedFrame>
    </frameRelation>
    <frameRelation type="Is Used by">
        <relatedFrame ID="2591">Entourage</relatedFrame>
    </frameRelation>
    <frameRelation type="Subframe of"/>
    <frameRelation type="Has Subframe(s)"/>
    <frameRelation type="Precedes"/>
    <frameRelation type="Is Preceded by"/>
    <frameRelation type="Is Inchoative of"/>
    <frameRelation type="Is Causative of"/>
    <frameRelation type="See also"/>
    <lexUnit status="FN1_Sent" POS="V" name="accompany.v" ID="965" lemmaID="289" cBy="ChW" cDate="02/08/2001 01:28:58 PST Thu">
        <definition>COD: go somewhere with</definition>
        <sentenceCount annotated="42" total="321"/>
        <lexeme order="1" headword="false" breakBefore="false" POS="V" name="accompany"/>
    </lexUnit>
    <lexUnit status="FN1_Sent" POS="V" name="chase.v" ID="966" lemmaID="6131" cBy="ChW" cDate="02/08/2001 01:28:58 PST Thu">
        <definition>COD: pursue in order to catch or catch up with.</definition>
        <sentenceCount annotated="62" total="527"/>
        <lexeme order="1" headword="false" breakBefore="false" POS="V" name="chase"/>
    </lexUnit>
    <lexUnit status="FN1_Sent" POS="V" name="conduct.v" ID="967" lemmaID="7687" cBy="ChW" cDate="02/08/2001 01:28:58 PST Thu">
        <definition>COD:  guide to or around a place</definition>
        <sentenceCount annotated="17" total="468"/>
        <lexeme order="1" headword="false" breakBefore="false" POS="V" name="conduct"/>
    </lexUnit>
    <lexUnit status="FN1_Sent" POS="V" name="escort.v" ID="968" lemmaID="13102" cBy="ChW" cDate="02/08/2001 01:28:59 PST Thu">
        <definition>COD: accompany as an escort.</definition>
        <sentenceCount annotated="51" total="296"/>
        <lexeme order="1" headword="false" breakBefore="false" POS="V" name="escort"/>
    </lexUnit>
    <lexUnit status="FN1_Sent" POS="V" name="follow.v" ID="970" lemmaID="14927" cBy="ChW" cDate="02/08/2001 01:28:59 PST Thu">
        <definition>COD: move or travel behind.</definition>
        <sentenceCount annotated="83" total="1043"/>
        <lexeme order="1" headword="false" breakBefore="false" POS="V" name="follow"/>
    </lexUnit>
    <lexUnit status="FN1_Sent" POS="V" name="guide.v" ID="971" lemmaID="17016" cBy="ChW" cDate="02/08/2001 01:28:59 PST Thu">
        <definition>COD: show or indicate the way to.</definition>
        <sentenceCount annotated="37" total="519"/>
        <lexeme order="1" headword="false" breakBefore="false" POS="V" name="guide"/>
    </lexUnit>
    <lexUnit status="FN1_Sent" POS="V" name="hound.v" ID="972" lemmaID="18501" cBy="ChW" cDate="02/08/2001 01:28:59 PST Thu">
        <definition>COD: harass or pursue relentlessly.</definition>
        <sentenceCount annotated="30" total="144"/>
        <lexeme order="1" headword="false" breakBefore="false" POS="V" name="hound"/>
    </lexUnit>
    <lexUnit status="FN1_Sent" POS="V" name="lead.v" ID="973" lemmaID="21907" cBy="ChW" cDate="02/08/2001 01:28:59 PST Thu">
        <definition>COD: show (someone) the way to a destination by preceding or accompanying them.</definition>
        <sentenceCount annotated="67" total="1231"/>
        <lexeme order="1" headword="false" breakBefore="false" POS="V" name="lead"/>
    </lexUnit>
    <lexUnit status="FN1_Sent" POS="V" name="pursue.v" ID="974" lemmaID="31259" cBy="ChW" cDate="02/08/2001 01:28:59 PST Thu">
        <definition>COD: follow in order to catch or attack.</definition>
        <sentenceCount annotated="44" total="416"/>
        <lexeme order="1" headword="false" breakBefore="false" POS="V" name="pursue"/>
    </lexUnit>
    <lexUnit status="FN1_Sent" POS="V" name="shadow.v" ID="975" lemmaID="35318" cBy="ChW" cDate="02/08/2001 01:28:59 PST Thu">
        <definition>COD:  follow and observe secretly</definition>
        <sentenceCount annotated="22" total="282"/>
        <lexeme order="1" headword="false" breakBefore="false" POS="V" name="shadow"/>
    </lexUnit>
    <lexUnit status="FN1_Sent" POS="V" name="shepherd.v" ID="976" lemmaID="35489" cBy="ChW" cDate="02/08/2001 01:28:59 PST Thu">
        <definition>COD: guide or direct somewhere.</definition>
        <sentenceCount annotated="19" total="74"/>
        <lexeme order="1" headword="false" breakBefore="false" POS="V" name="shepherd"/>
    </lexUnit>
    <lexUnit status="FN1_Sent" POS="V" name="tail.v" ID="977" lemmaID="39393" cBy="ChW" cDate="02/08/2001 01:28:59 PST Thu">
        <definition>COD: secretly follow and observe (someone).</definition>
        <sentenceCount annotated="15" total="186"/>
        <lexeme order="1" headword="false" breakBefore="false" POS="V" name="tail"/>
    </lexUnit>
    <lexUnit status="FN1_Sent" POS="V" name="track.v" ID="978" lemmaID="40898" cBy="ChW" cDate="02/08/2001 01:28:59 PST Thu">
        <definition>COD: follow the course or movements of</definition>
        <sentenceCount annotated="20" total="350"/>
        <lexeme order="1" headword="false" breakBefore="false" POS="V" name="track"/>
    </lexUnit>
    <lexUnit status="FN1_Sent" POS="V" name="trail.v" ID="979" lemmaID="40939" cBy="ChW" cDate="02/08/2001 01:28:59 PST Thu">
        <definition>FN: follow the trail of</definition>
        <sentenceCount annotated="33" total="556"/>
        <lexeme order="1" headword="false" breakBefore="false" POS="V" name="trail"/>
    </lexUnit>
    <lexUnit status="Finished_Initial" POS="N" name="pursuit.n" ID="4124" lemmaID="31261" cBy="JKR" cDate="10/01/2001 01:08:38 PDT Mon">
        <definition>COD: mass noun the action of pursuing.</definition>
        <sentenceCount annotated="50" total="231"/>
        <lexeme order="1" headword="false" breakBefore="false" POS="N" name="pursuit"/>
    </lexUnit>
    <lexUnit status="Finished_Initial" POS="N" name="pursuer.n" ID="4125" lemmaID="31260" cBy="JKR" cDate="10/01/2001 01:45:53 PDT Mon">
        <definition>FN: somebody who follows another person in order to catch or attack</definition>
        <sentenceCount annotated="15" total="78"/>
        <lexeme order="1" headword="false" breakBefore="false" POS="N" name="pursuer"/>
    </lexUnit>
    <lexUnit status="Finished_Initial" POS="V" name="usher.v" ID="4126" lemmaID="42570" cBy="JKR" cDate="10/01/2001 01:52:15 PDT Mon">
        <definition>COD: show or guide somewhere.</definition>
        <sentenceCount annotated="46" total="270"/>
        <lexeme order="1" headword="false" breakBefore="false" POS="V" name="usher"/>
    </lexUnit>
    <lexUnit status="Finished_Initial" POS="V" name="stalk.v" ID="6442" lemmaID="37751" cBy="JKR" cDate="07/05/2002 03:39:43 PDT Fri">
        <definition>COD: pursue or approach stealthily. </definition>
        <sentenceCount annotated="19" total="144"/>
        <lexeme order="1" headword="false" breakBefore="false" POS="V" name="stalk"/>
    </lexUnit>
    <lexUnit status="Created" POS="V" name="tag along.v" ID="7659" lemmaID="46181" cBy="JKR" cDate="10/31/2002 05:32:44 PST Thu">
        <definition>COD: accompany someone without invitation</definition>
        <sentenceCount annotated="0" total="0"/>
        <lexeme order="1" headword="true" breakBefore="false" POS="V" name="tag"/>
        <lexeme order="2" headword="false" breakBefore="true" POS="ADV" name="along"/>
    </lexUnit>
    <lexUnit status="Created" POS="V" name="walk.v" ID="10617" lemmaID="43363" cBy="JKR" cDate="06/28/2004 03:26:44 PDT Mon">
        <definition>COD: guide, accompany, or escort (someone) on foot.</definition>
        <sentenceCount annotated="0" total="0"/>
        <lexeme order="1" headword="false" breakBefore="false" POS="V" name="walk"/>
    </lexUnit>
    <lexUnit status="Created" POS="A" name="guided.a" ID="14365" lemmaID="50654" cBy="KmG" cDate="04/06/2007 04:45:43 PDT Fri">
        <definition>FN: led by (someone or something) through an area. </definition>
        <sentenceCount annotated="1" total="1"/>
        <lexeme order="1" headword="true" breakBefore="false" POS="A" name="guided"/>
    </lexUnit>
    <lexUnit status="Created" POS="V" name="dog.v" ID="15138" lemmaID="11393" cBy="MJE" cDate="06/23/2008 04:15:19 PDT Mon">
        <definition>FN: to follow in a determined and distressing way.</definition>
        <sentenceCount annotated="0" total="0"/>
        <lexeme order="1" headword="false" breakBefore="false" POS="V" name="dog"/>
    </lexUnit>
    <lexUnit status="Created" POS="IDIO" name="dog (someone's) steps.idio" ID="15139" lemmaID="50914" cBy="MJE" cDate="06/23/2008 04:16:03 PDT Mon">
        <definition>FN: to follow in a disturbingly determined fashion.</definition>
        <sentenceCount annotated="0" total="0"/>
        <lexeme order="1" headword="true" breakBefore="false" POS="V" name="dog"/>
        <lexeme order="2" headword="false" breakBefore="true" POS="N" name="steps"/>
    </lexUnit>
    <lexUnit status="Finished_Initial" POS="V" name="show.v" ID="15235" lemmaID="35686" cBy="JKs" cDate="08/05/2008 02:06:38 PDT Tue">
        <definition>FN: guide</definition>
        <sentenceCount annotated="18" total="537"/>
        <lexeme order="1" headword="false" breakBefore="false" POS="V" name="show"/>
    </lexUnit>
    <lexUnit status="Created" POS="V" name="lead the way.v" ID="17673" lemmaID="51731" cBy="MJE" cDate="08/15/2014 11:52:23 PDT Fri">
        <definition>FN: lead (some unspecified individual or individuals) to a location along a specific path.  Although this LU, at first glance, appears to be an example of the Way Construction (see Constructicon entry), it differs in form (fixed "the" before "way", never a possessive as is usual for the Way Construction) and in meaning (the omitted Cotheme is DNI, not the INI that is usual for omitted direct objects in the Way Construction; the Goal or Path is also omissable unlike the Way Construction).</definition>
        <sentenceCount annotated="1" total="1"/>
        <lexeme order="1" headword="true" breakBefore="false" POS="V" name="lead"/>
        <lexeme order="2" headword="false" breakBefore="false" POS="ART" name="the"/>
        <lexeme order="3" headword="false" breakBefore="false" POS="N" name="way"/>
    </lexUnit>
</frame>