<?xml version="1.0" encoding="UTF-8" standalone="yes"?>
<?xml-stylesheet type="text/xsl" href="frame.xsl"?>
<frame cBy="JKR" cDate="11/18/2005 04:59:29 PST Fri" name="Create_representation" ID="1657" xsi:schemaLocation="../schema/frame.xsd" xmlns="http://framenet.icsi.berkeley.edu" xmlns:xsi="http://www.w3.org/2001/XMLSchema-instance">
    <definition>&lt;def-root&gt;A &lt;fen&gt;Creator&lt;/fen&gt;  produces a physical object which is to serve as a &lt;fen&gt;Representation&lt;/fen&gt; of an actual or imagined entity or event, the &lt;fen&gt;Represented&lt;/fen&gt;.


&lt;ex&gt;&lt;fex name="cre"&gt;Epstein&lt;/fex&gt; saw the machine-man and &lt;t&gt;carved&lt;/t&gt; &lt;fex name="Represented"&gt;him&lt;/fex&gt; &lt;fex name="Material"&gt;in shiny metal&lt;/fex&gt;.&lt;/ex&gt;

&lt;ex&gt;&lt;fex name="cre"&gt;Picasso&lt;/fex&gt; &lt;t&gt;drew&lt;/t&gt; &lt;fex name="Represented"&gt;some violent looking birds&lt;/fex&gt;.&lt;/ex&gt;

&lt;ex&gt;Towards the end of his life, &lt;fex name="Creator"&gt;Munch&lt;/fex&gt; &lt;t&gt;painted&lt;/t&gt; &lt;fex name="Represented"&gt;himself&lt;/fex&gt; &lt;fex name="Depictive_of_represented"&gt;as a ghost&lt;/fex&gt;.&lt;/ex&gt;

&lt;ex&gt;Dan Grant was the model for Norman Rockwell when &lt;fex name="Creator"&gt;the artist&lt;/fex&gt; &lt;t&gt;painted&lt;/t&gt; &lt;fex name="Represented"&gt;him&lt;/fex&gt; &lt;fex name="Role"&gt;as "The Barefoot Boy"&lt;/fex&gt; for a Depression-era Coca Cola calendar.&lt;/ex&gt;

&lt;ex&gt;&lt;fex name="Place"&gt;There&lt;/fex&gt; &lt;fex name="Creator"&gt;the Finnish artist&lt;/fex&gt; &lt;t&gt;sketched&lt;/t&gt; &lt;fex name="Represented"&gt;him&lt;/fex&gt;, &lt;fex name="Depictive"&gt;creating a stunning portrait&lt;/fex&gt;.&lt;/ex&gt;&lt;/def-root&gt;</definition>
    <FE bgColor="FF69B4" fgColor="FFFFFF" coreType="Peripheral" cBy="JKR" cDate="11/18/2005 04:59:30 PST Fri" abbrev="rep" name="Representation" ID="9414">
        <definition>&lt;def-root&gt;The entity produced by the &lt;fen&gt;Creator&lt;/fen&gt; to evoke in an audience the idea of the &lt;fen&gt;Represented&lt;/fen&gt;.


&lt;ex&gt;The bell became famous after being &lt;t&gt;painted&lt;/t&gt; by Jamie Wyeth &lt;fex name="Representation"&gt;in his painting Bronze Age&lt;/fex&gt;.&lt;/ex&gt;&lt;/def-root&gt;</definition>
    </FE>
    <FE bgColor="FF0000" fgColor="FFFFFF" coreType="Core" cBy="JKR" cDate="11/18/2005 04:59:32 PST Fri" abbrev="cre" name="Creator" ID="9416">
        <definition>&lt;def-root&gt;An individual or individuals that bring the &lt;fen&gt;Representation&lt;/fen&gt; into existence.

&lt;ex&gt;Since &lt;fex name="Creator"&gt;Frans&lt;/fex&gt; &lt;t&gt;photographed&lt;/t&gt; them ten years ago the population has increased.&lt;/ex&gt;&lt;/def-root&gt;</definition>
    </FE>
    <FE bgColor="FFA500" fgColor="FFFFFF" coreType="Peripheral" cBy="JKR" cDate="11/18/2005 04:59:32 PST Fri" abbrev="tim" name="Time" ID="9417">
        <definition>&lt;def-root&gt;The time at which a &lt;fen&gt;Representation&lt;/fen&gt; is created.
&lt;/def-root&gt;</definition>
        <semType name="Time" ID="141"/>
    </FE>
    <FE bgColor="0000FF" fgColor="FFFFFF" coreType="Core" cBy="JKR" cDate="11/18/2005 04:59:32 PST Fri" abbrev="repd" name="Represented" ID="9421">
        <definition>&lt;def-root&gt;The entity--which may be a thing, an action or a state--that is represented by the &lt;fen&gt;Representation&lt;/fen&gt;.

&lt;ex&gt;When Nadar &lt;t&gt;photographed&lt;/t&gt; &lt;fex name="repd"&gt;her&lt;/fex&gt;, Desbordes-Valmore was sixty-eight.&lt;/ex&gt;&lt;/def-root&gt;</definition>
    </FE>
    <FE bgColor="d0d0d0" fgColor="00008B" coreType="Peripheral" cBy="JKR" cDate="11/18/2005 04:59:32 PST Fri" abbrev="depr" name="Depictive_of_represented" ID="9422">
        <definition>&lt;def-root&gt;A characterization of the state in which the &lt;fen&gt;Represented&lt;/fen&gt; entity is presented. 


&lt;ex&gt;He &lt;t&gt;carved&lt;/t&gt; St. Francis &lt;fex name="Depictive_of_represented"&gt;tumbling around&lt;/fex&gt;, and St. Thomas banging his fist on a table.&lt;/ex&gt;&lt;/def-root&gt;</definition>
    </FE>
    <FE bgColor="00BFFF" fgColor="FFFFFF" coreType="Peripheral" cBy="JKR" cDate="11/18/2005 04:59:32 PST Fri" abbrev="man" name="Manner" ID="9423">
        <definition>&lt;def-root&gt;Any description of the event (or state) which is not covered by more specific FEs, including secondary effects (quietly, loudly), and general descriptions comparing events (the same way). It may indicate salient characteristics of the &lt;fen&gt;Creator&lt;/fen&gt; that also affect the action (&lt;ment&gt;deliberately&lt;/ment&gt;, &lt;ment&gt;carefully&lt;/ment&gt;). 

&lt;ex&gt;She set up her plywood on saw horses and &lt;fex name="man"&gt;carefully&lt;/fex&gt; &lt;t&gt;drew&lt;/t&gt; her mother.&lt;/ex&gt;&lt;/def-root&gt;</definition>
        <semType name="Manner" ID="173"/>
    </FE>
    <FE bgColor="008000" fgColor="FFFFFF" coreType="Extra-Thematic" cBy="JKR" cDate="11/18/2005 05:44:12 PST Fri" abbrev="rol" name="Role" ID="9424">
        <definition>&lt;def-root&gt;This FE identifies a &lt;fen&gt;Role&lt;/fen&gt; that one of the role fillers of the current frame also fills in a background context, either generically or in some specific instance.

&lt;/def-root&gt;</definition>
    </FE>
    <FE bgColor="A52A2A" fgColor="FFFFFF" coreType="Extra-Thematic" cBy="JKR" cDate="11/18/2005 05:48:18 PST Fri" abbrev="dep" name="Depictive" ID="9425">
        <definition>&lt;def-root&gt;This FE describes the &lt;fen&gt;Creator&lt;/fen&gt; as being in some state during the creation of the &lt;fen&gt;Representation&lt;/fen&gt;. 

&lt;ex&gt;&lt;fex name="Depictive"&gt;As a young man&lt;/fex&gt; he &lt;t&gt;painted&lt;/t&gt; Philip IV as a fashionable equestrian.&lt;/ex&gt;&lt;/def-root&gt;</definition>
    </FE>
    <FE bgColor="9400D3" fgColor="FFFFFF" coreType="Peripheral" cBy="JKR" cDate="11/18/2005 06:00:42 PST Fri" abbrev="mat" name="Material" ID="9426">
        <definition>&lt;def-root&gt;The physical &lt;fen&gt;Material&lt;/fen&gt; that is used in the production of the &lt;fen&gt;Representation&lt;/fen&gt;.



&lt;ex&gt;I &lt;t&gt;drew&lt;/t&gt; him &lt;fex name="Material"&gt;on a sheet of paper&lt;/fex&gt; first.&lt;/ex&gt;&lt;/def-root&gt;</definition>
    </FE>
    <FE bgColor="2E8B57" fgColor="FFFFFF" coreType="Peripheral" cBy="JKR" cDate="11/18/2005 06:22:00 PST Fri" abbrev="pu" name="Purpose" ID="9427">
        <definition>&lt;def-root&gt;An action that the &lt;fen&gt;Creator&lt;/fen&gt; intends to accomplish by creating the &lt;fen&gt;Representation&lt;/fen&gt;.

&lt;ex&gt;He also &lt;t&gt;photographed&lt;/t&gt; them &lt;fex name="Purpose"&gt;in order to form a composite girl for one end of the bench and a composite boy for the other end&lt;/fex&gt;.&lt;/ex&gt;&lt;/def-root&gt;</definition>
        <semType name="State_of_affairs" ID="177"/>
    </FE>
    <FE bgColor="FF00FF" fgColor="FFFFFF" coreType="Peripheral" cBy="JKR" cDate="11/21/2005 03:42:11 PST Mon" abbrev="pla" name="Place" ID="9435">
        <definition>&lt;def-root&gt;The location in which the artist produces the representation.

&lt;ex&gt;I &lt;t&gt;drew&lt;/t&gt; him &lt;fex name="Place"&gt;at work&lt;/fex&gt; a bunch of times, mainly for the amusement of the staff.&lt;/ex&gt;&lt;/def-root&gt;</definition>
        <semType name="Locative_relation" ID="182"/>
    </FE>
    <FE bgColor="800080" fgColor="FFFFFF" coreType="Peripheral" cBy="MJE" cDate="06/14/2006 06:43:41 PDT Wed" abbrev="ins" name="Instrument" ID="10289">
        <definition>&lt;def-root&gt;The entity used by the &lt;fen&gt;Creator&lt;/fen&gt; to make a &lt;fen&gt;Representation&lt;/fen&gt; of the &lt;fen&gt;Represented&lt;/fen&gt; entity.&lt;/def-root&gt;</definition>
    </FE>
    <FE bgColor="1E90FF" fgColor="FFFFFF" coreType="Peripheral" cBy="MJE" cDate="06/14/2006 06:46:59 PDT Wed" abbrev="mea" name="Means" ID="10290">
        <definition>&lt;def-root&gt;The action of the &lt;fen&gt;Creator&lt;/fen&gt; that allows them to make a &lt;fen&gt;Representation&lt;/fen&gt; of the &lt;fen&gt;Represented&lt;/fen&gt; entity.&lt;/def-root&gt;</definition>
    </FE>
    <FE bgColor="FFFF00" fgColor="000000" coreType="Extra-Thematic" cBy="JKs" cDate="05/02/2008 01:15:34 PDT Fri" abbrev="Ite" name="Iterations" ID="12622">
        <definition>&lt;def-root&gt;&lt;fen&gt;Iterations&lt;/fen&gt; is the number of times the &lt;fen&gt;Creator&lt;/fen&gt; creates the representation.&lt;/def-root&gt;</definition>
    </FE>
    <FE bgColor="A52A2A" fgColor="FFFFFF" coreType="Extra-Thematic" cBy="RLG" cDate="01/25/2010 10:08:05 PST Mon" abbrev="ref" name="Reference" ID="13480">
        <definition>&lt;def-root&gt;A representation of the &lt;fen&gt;Represented&lt;/fen&gt; which the &lt;fen&gt;Creator&lt;/fen&gt; uses as a reference in the creation of the artwork. For instance, another piece of art, a photograph, or his/her memory.

&lt;ex&gt;She &lt;t&gt;painted&lt;/t&gt; the portrait &lt;fex name="Reference"&gt;from a series of photographs&lt;/fex&gt;.&lt;/ex&gt;&lt;/def-root&gt;</definition>
    </FE>
    <frameRelation type="Inherits from"/>
    <frameRelation type="Is Inherited by"/>
    <frameRelation type="Perspective on"/>
    <frameRelation type="Is Perspectivized in"/>
    <frameRelation type="Uses">
        <relatedFrame ID="1658">Create_physical_artwork</relatedFrame>
    </frameRelation>
    <frameRelation type="Is Used by"/>
    <frameRelation type="Subframe of"/>
    <frameRelation type="Has Subframe(s)"/>
    <frameRelation type="Precedes"/>
    <frameRelation type="Is Preceded by"/>
    <frameRelation type="Is Inchoative of"/>
    <frameRelation type="Is Causative of"/>
    <frameRelation type="See also"/>
    <lexUnit status="Finished_Initial" POS="V" name="paint.v" ID="12956" lemmaID="27541" cBy="JKR" cDate="11/18/2005 05:12:10 PST Fri">
        <definition>COD: depict or produce with paint.</definition>
        <sentenceCount annotated="7" total="276"/>
        <lexeme order="1" headword="false" breakBefore="false" POS="V" name="paint"/>
    </lexUnit>
    <lexUnit status="Finished_Initial" POS="V" name="photograph.v" ID="12957" lemmaID="28825" cBy="JKR" cDate="11/18/2005 05:12:55 PST Fri">
        <definition>COD: take a photograph of.</definition>
        <sentenceCount annotated="20" total="214"/>
        <lexeme order="1" headword="false" breakBefore="false" POS="V" name="photograph"/>
    </lexUnit>
    <lexUnit status="Created" POS="V" name="draw.v" ID="12958" lemmaID="11714" cBy="JKR" cDate="11/18/2005 05:13:42 PST Fri">
        <definition>FN: create a likeness on a surface using lines</definition>
        <sentenceCount annotated="0" total="0"/>
        <lexeme order="1" headword="false" breakBefore="false" POS="V" name="draw"/>
    </lexUnit>
    <lexUnit status="Finished_Initial" POS="V" name="carve.v" ID="12959" lemmaID="5642" cBy="JKR" cDate="11/18/2005 05:53:48 PST Fri">
        <definition>FN: produce by cutting.</definition>
        <sentenceCount annotated="18" total="119"/>
        <lexeme order="1" headword="false" breakBefore="false" POS="V" name="carve"/>
    </lexUnit>
    <lexUnit status="Created" POS="V" name="sketch.v" ID="12965" lemmaID="36113" cBy="JKR" cDate="11/21/2005 03:41:14 PST Mon">
        <definition>COD: make a sketch of.</definition>
        <sentenceCount annotated="0" total="0"/>
        <lexeme order="1" headword="false" breakBefore="false" POS="V" name="sketch"/>
    </lexUnit>
    <lexUnit status="Created" POS="V" name="cast.v" ID="15079" lemmaID="5676" cBy="JKs" cDate="06/09/2008 01:43:39 PDT Mon">
        <definition>FN: create a representation of someone or something using a mould that is filled with a liquid that will soon harden</definition>
        <sentenceCount annotated="0" total="0"/>
        <lexeme order="1" headword="false" breakBefore="false" POS="V" name="cast"/>
    </lexUnit>
</frame>