<?xml version="1.0" encoding="UTF-8" standalone="yes"?>
<?xml-stylesheet type="text/xsl" href="frame.xsl"?>
<frame cBy="MJE" cDate="05/10/2002 12:28:39 PDT Fri" name="Creating" ID="319" xsi:schemaLocation="../schema/frame.xsd" xmlns="http://framenet.icsi.berkeley.edu" xmlns:xsi="http://www.w3.org/2001/XMLSchema-instance">
    <definition>&lt;def-root&gt;A &lt;fen&gt;Cause&lt;/fen&gt; leads to the formation of a &lt;fen&gt;Created_entity&lt;/fen&gt;.

&lt;ex&gt;&lt;fex name="Creator"&gt;Dr. Frankenstein&lt;/fex&gt; &lt;t&gt;created&lt;/t&gt; &lt;fex name="Created_entity"&gt;a monster&lt;/fex&gt;.&lt;/ex&gt;&lt;/def-root&gt;</definition>
    <FE bgColor="9F79EE" fgColor="FFFFFF" coreType="Extra-Thematic" cBy="MJE" cDate="09/03/2002 07:54:23 PDT Tue" abbrev="Cmpnt" name="Components" ID="3702">
        <definition>&lt;def-root&gt;This FE identifies the &lt;fen&gt;Components&lt;/fen&gt; that are attached together to form a &lt;fen&gt;Created_entity&lt;/fen&gt;.
&lt;ex&gt;The force of the rock above &lt;t&gt;formed&lt;/t&gt; diamond &lt;fex name="Components"&gt;out of the carbon&lt;/fex&gt;.&lt;/ex&gt;&lt;/def-root&gt;</definition>
    </FE>
    <FE bgColor="0000FF" fgColor="FFFFFF" coreType="Core" cBy="MJE" cDate="09/03/2002 07:54:25 PDT Tue" abbrev="CrEnt" name="Created_entity" ID="3703">
        <definition>&lt;def-root&gt;This FE identifies the entity that the Agent intentionally creates.
&lt;ex&gt;They were &lt;t&gt;assembling&lt;/t&gt; &lt;fex name="Created_entity"&gt;grenades&lt;/fex&gt; for export.&lt;/ex&gt;&lt;/def-root&gt;</definition>
    </FE>
    <FE bgColor="9400D3" fgColor="FFFFFF" coreType="Extra-Thematic" cBy="MJE" cDate="09/03/2002 07:54:29 PDT Tue" abbrev="Depict" name="Depictive" ID="3704">
        <definition>&lt;def-root&gt;This FE identifies a depictive phrase describing the actor or undergoer of an action.
We &lt;t&gt;wandered&lt;/t&gt; around &lt;fex name="Depictive"&gt;naked&lt;/fex&gt;.
Cicadas &lt;t&gt;screech&lt;/t&gt; &lt;fex name="Depictive"&gt;unseen from within&lt;/fex&gt;.&lt;/def-root&gt;</definition>
    </FE>
    <FE bgColor="FF69B4" fgColor="FFFFFF" coreType="Peripheral" cBy="MJE" cDate="09/03/2002 07:54:37 PDT Tue" abbrev="Mns" name="Means" ID="3705">
        <definition>&lt;def-root&gt;This FE identifies the Means by which a Creator intentionally creates a new entity.&lt;/def-root&gt;</definition>
        <semType name="State_of_affairs" ID="177"/>
    </FE>
    <FE bgColor="FF00FF" fgColor="FFFFFF" coreType="Peripheral" cBy="MJE" cDate="09/03/2002 07:54:40 PDT Tue" abbrev="Manr" name="Manner" ID="3706">
        <definition>&lt;def-root&gt;This FE identifies the Manner in which a Creator intentionally creates a new entity.&lt;/def-root&gt;</definition>
        <semType name="Manner" ID="173"/>
    </FE>
    <FE bgColor="008000" fgColor="FFFFFF" coreType="Peripheral" cBy="MJE" cDate="09/03/2002 07:54:42 PDT Tue" abbrev="Place" name="Place" ID="3707">
        <definition>&lt;def-root&gt;This FE identifies the place ehere the Agent intentionally creates the new entity.&lt;/def-root&gt;</definition>
        <semType name="Locative_relation" ID="182"/>
    </FE>
    <FE bgColor="FFA500" fgColor="FFFFFF" coreType="Peripheral" cBy="MJE" cDate="09/03/2002 07:54:46 PDT Tue" abbrev="Time" name="Time" ID="3708">
        <definition>&lt;def-root&gt;This FE identifes the Time when an Agent intentionally creates a new entity.&lt;/def-root&gt;</definition>
        <semType name="Time" ID="141"/>
    </FE>
    <FE bgColor="2E8B57" fgColor="FFFFFF" coreType="Core-Unexpressed" cBy="MJE" cDate="09/03/2002 07:55:12 PDT Tue" abbrev="Cause" name="Cause" ID="3709">
        <definition>&lt;def-root&gt;An animate or inanimate entity, a force, or event that produces an effect. Volitionality is not a necessary characteristic of &lt;fen&gt;Cause&lt;/fen&gt;s.  &lt;/def-root&gt;</definition>
        <excludesFE name="Creator" ID="8715"/>
    </FE>
    <FE bgColor="d0d0d0" fgColor="000000" coreType="Extra-Thematic" cBy="RLG" cDate="07/26/2005 02:01:49 PDT Tue" abbrev="ins" name="Instrument" ID="8713">
        <definition>&lt;def-root&gt;This FE identifies the instrument with which an Agent intentionally creates a Created_entitiy.&lt;/def-root&gt;</definition>
    </FE>
    <FE bgColor="2E8B57" fgColor="FFFFFF" coreType="Extra-Thematic" cBy="RLG" cDate="07/26/2005 02:14:42 PDT Tue" abbrev="co-p" name="Co-participant" ID="8714">
        <definition>&lt;def-root&gt;A secondary agent with whom the &lt;fen&gt;Creator&lt;/fen&gt; intentionally creates the &lt;fen&gt;Created_entity&lt;/fen&gt;.&lt;/def-root&gt;</definition>
    </FE>
    <FE bgColor="FF0000" fgColor="FFFFFF" coreType="Core" cBy="RLG" cDate="07/26/2005 02:16:08 PDT Tue" abbrev="cre" name="Creator" ID="8715">
        <definition>&lt;def-root&gt;The &lt;fen&gt;Creator&lt;/fen&gt; creates a created entity.&lt;/def-root&gt;</definition>
    </FE>
    <FE bgColor="800080" fgColor="FFFFFF" coreType="Extra-Thematic" cBy="RLG" cDate="07/26/2005 02:17:21 PDT Tue" abbrev="pur" name="Purpose" ID="8716">
        <definition>&lt;def-root&gt;This FE identifies the purpose for which the &lt;fen&gt;Creator&lt;/fen&gt; intentionally creates a new entity.&lt;/def-root&gt;</definition>
        <semType name="State_of_affairs" ID="177"/>
    </FE>
    <FE bgColor="EEE8AA" fgColor="000000" coreType="Extra-Thematic" cBy="RLG" cDate="07/28/2005 03:05:21 PDT Thu" abbrev="Imp" name="Imposed_purpose" ID="8735">
        <definition>&lt;def-root&gt;The &lt;fen&gt;Creator&lt;/fen&gt;'s intended purpose for the &lt;fen&gt;Created_entity&lt;/fen&gt;.&lt;/def-root&gt;</definition>
    </FE>
    <FE bgColor="00008B" fgColor="FFFFFF" coreType="Extra-Thematic" cBy="RLG" cDate="07/28/2005 03:13:05 PDT Thu" abbrev="ben" name="Beneficiary" ID="8736">
        <definition>&lt;def-root&gt;The Beneficiary benefits in some way from the creation of the &lt;fen&gt;Created_entity&lt;/fen&gt;.&lt;/def-root&gt;</definition>
    </FE>
    <FE bgColor="808080" fgColor="000000" coreType="Extra-Thematic" cBy="RLG" cDate="07/29/2005 11:06:26 PDT Fri" abbrev="rol" name="Role" ID="8742">
        <definition>&lt;def-root&gt;The Role that the &lt;fen&gt;Created_entity&lt;/fen&gt; takes (or is intended to take, if there is a &lt;fen&gt;Creator&lt;/fen&gt;).&lt;/def-root&gt;</definition>
    </FE>
    <FE bgColor="1E90FF" fgColor="FFFFFF" coreType="Extra-Thematic" cBy="KmG" cDate="08/18/2006 10:58:54 PDT Fri" abbrev="peri" name="Period_of_iterations" ID="10514">
        <definition>&lt;def-root&gt;The length of time from when the event denoted by the target began to be repeated to when it stopped.&lt;/def-root&gt;</definition>
    </FE>
    <FE bgColor="00BFFF" fgColor="FFFFFF" coreType="Extra-Thematic" cBy="KmG" cDate="08/18/2006 11:01:53 PDT Fri" abbrev="" name="Frequency" ID="10515">
        <definition>&lt;def-root&gt;This frame element is defined as the number of times an event occurs per some unit of time. &lt;/def-root&gt;</definition>
    </FE>
    <FE bgColor="FFD700" fgColor="000000" coreType="Extra-Thematic" cBy="KmG" cDate="11/20/2006 04:50:37 PST Mon" abbrev="" name="Circumstances" ID="10844">
        <definition>&lt;def-root&gt;Circumstances describe the state of the world (at a particular time and place) which is specifically independent of the event itself and any of its participants. &lt;/def-root&gt;</definition>
    </FE>
    <FE bgColor="00BFFF" fgColor="000000" coreType="Extra-Thematic" cBy="MJE" cDate="08/05/2014 06:48:57 PDT Tue" abbrev="rec" name="Recipient" ID="16191">
        <definition>&lt;def-root&gt;The individual who is intended to receive the &lt;fen&gt;Created_entity&lt;/fen&gt;.

&lt;ex&gt;She &lt;t&gt;made&lt;/t&gt; &lt;fex name="Recipient"&gt;me&lt;/fex&gt; this hammock.&lt;/ex&gt;&lt;/def-root&gt;</definition>
    </FE>
    <frameRelation type="Inherits from">
        <relatedFrame ID="10">Transitive_action</relatedFrame>
    </frameRelation>
    <frameRelation type="Is Inherited by">
        <relatedFrame ID="280">Intentionally_create</relatedFrame>
    </frameRelation>
    <frameRelation type="Perspective on"/>
    <frameRelation type="Is Perspectivized in"/>
    <frameRelation type="Uses"/>
    <frameRelation type="Is Used by">
        <relatedFrame ID="1348">Ingredients</relatedFrame>
    </frameRelation>
    <frameRelation type="Subframe of"/>
    <frameRelation type="Has Subframe(s)"/>
    <frameRelation type="Precedes"/>
    <frameRelation type="Is Preceded by"/>
    <frameRelation type="Is Inchoative of"/>
    <frameRelation type="Is Causative of"/>
    <frameRelation type="See also"/>
    <lexUnit status="Finished_Initial" POS="V" name="create.v" ID="11320" lemmaID="8850" cBy="MiL" cDate="11/23/2004 05:01:02 PST Tue">
        <definition>COD: bring into existence.</definition>
        <sentenceCount annotated="76" total="913"/>
        <lexeme order="1" headword="false" breakBefore="false" POS="V" name="create"/>
    </lexUnit>
    <lexUnit status="Created" POS="V" name="form.v" ID="11321" lemmaID="15132" cBy="MiL" cDate="11/23/2004 05:04:23 PST Tue">
        <definition>COD: bring together parts to create</definition>
        <sentenceCount annotated="5" total="5"/>
        <lexeme order="1" headword="false" breakBefore="false" POS="V" name="form"/>
    </lexUnit>
    <lexUnit status="Created" POS="V" name="assemble.v" ID="11322" lemmaID="2137" cBy="MiL" cDate="11/23/2004 05:08:54 PST Tue">
        <definition>COD: fit together the component parts of.</definition>
        <sentenceCount annotated="1" total="1"/>
        <lexeme order="1" headword="false" breakBefore="false" POS="V" name="assemble"/>
    </lexUnit>
    <lexUnit status="Created" POS="V" name="produce.v" ID="11686" lemmaID="30579" cBy="JKR" cDate="03/03/2005 10:33:46 PST Thu">
        <definition>COD: create or form as part of a physical, biological, or chemical process.</definition>
        <sentenceCount annotated="14" total="14"/>
        <lexeme order="1" headword="false" breakBefore="false" POS="V" name="produce"/>
    </lexUnit>
    <lexUnit status="Created" POS="N" name="production.n" ID="11689" lemmaID="49826" cBy="JKR" cDate="03/03/2005 11:26:06 PST Thu">
        <definition>FN: the process of producing as part of a physical, biological, or chemical process.</definition>
        <sentenceCount annotated="1" total="1"/>
        <lexeme order="1" headword="true" breakBefore="false" POS="N" name="production"/>
    </lexUnit>
    <lexUnit status="Created" POS="N" name="formation.n" ID="11719" lemmaID="15144" cBy="MJE" cDate="03/03/2005 10:21:21 PST Thu">
        <definition>FN: the act of creating by gathering components</definition>
        <sentenceCount annotated="2" total="2"/>
        <lexeme order="1" headword="false" breakBefore="false" POS="N" name="formation"/>
    </lexUnit>
    <lexUnit status="Finished_Initial" POS="V" name="generate.v" ID="12548" lemmaID="16066" cBy="RLG" cDate="07/26/2005 02:27:02 PDT Tue">
        <definition>FN: to produce an entity </definition>
        <sentenceCount annotated="46" total="374"/>
        <lexeme order="1" headword="false" breakBefore="false" POS="V" name="generate"/>
    </lexUnit>
    <lexUnit status="Finished_Initial" POS="V" name="yield.v" ID="13433" lemmaID="44724" cBy="MiL" cDate="08/09/2006 01:44:42 PDT Wed">
        <definition>COD: produce or deliver (a result or gain).</definition>
        <sentenceCount annotated="27" total="229"/>
        <lexeme order="1" headword="false" breakBefore="false" POS="V" name="yield"/>
    </lexUnit>
    <lexUnit status="Created" POS="V" name="issue.v" ID="14258" lemmaID="20726" cBy="KmG" cDate="03/30/2007 10:05:28 PDT Fri">
        <definition>COD: formally send out or make known.</definition>
        <sentenceCount annotated="5" total="5"/>
        <lexeme order="1" headword="false" breakBefore="false" POS="V" name="issue"/>
        <semType name="Support" ID="111"/>
    </lexUnit>
    <lexUnit status="Created" POS="N" name="issuance.n" ID="14259" lemmaID="50621" cBy="KmG" cDate="03/30/2007 10:06:22 PDT Fri">
        <definition>FN: an instance of making a provision known or accepted. </definition>
        <sentenceCount annotated="1" total="1"/>
        <lexeme order="1" headword="true" breakBefore="false" POS="N" name="issuance"/>
    </lexUnit>
    <lexUnit status="Created" POS="V" name="make.v" ID="17501" lemmaID="23215" cBy="MJE" cDate="06/27/2014 12:29:25 PDT Fri">
        <definition>FN: create (focusing on the resulting entity rather than a specific process used to produce it).</definition>
        <sentenceCount annotated="0" total="0"/>
        <lexeme order="1" headword="false" breakBefore="false" POS="V" name="make"/>
    </lexUnit>
</frame>