<?xml version="1.0" encoding="UTF-8" standalone="yes"?>
<?xml-stylesheet type="text/xsl" href="frame.xsl"?>
<frame cBy="MJE" cDate="08/16/2001 10:34:25 PDT Thu" name="Criminal_process" ID="200" xsi:schemaLocation="../schema/frame.xsd" xmlns="http://framenet.icsi.berkeley.edu" xmlns:xsi="http://www.w3.org/2001/XMLSchema-instance">
    <definition>&lt;def-root&gt;A &lt;fen&gt;Suspect&lt;/fen&gt; is arrested by &lt;fen&gt;Authorities&lt;/fen&gt; on &lt;fen&gt;Charges&lt;/fen&gt; related to an &lt;fen&gt;Offense&lt;/fen&gt;, then is arraigned as a &lt;fen&gt;Defendant&lt;/fen&gt;.  If at any time the &lt;fen&gt;Defendant&lt;/fen&gt; pleads guilty, then the &lt;fen&gt;Defendant&lt;/fen&gt; is sentenced, otherwise the &lt;fen&gt;Defendant&lt;/fen&gt; first goes to trial. During trial, the &lt;fen&gt;Defense&lt;/fen&gt; and &lt;fen&gt;Prosecution&lt;/fen&gt; present arguments on behalf of and against the &lt;fen&gt;Defendant&lt;/fen&gt;, respectively. If the &lt;fen&gt;Jury&lt;/fen&gt; comes up with a guilty verdict at the end of the trial, the &lt;fen&gt;Defendant&lt;/fen&gt; is sentenced.  In the end, the &lt;fen&gt;Defendant&lt;/fen&gt; is either released or is given a Sentence by a &lt;fen&gt;Judge&lt;/fen&gt; at the sentencing.

&lt;ex&gt;&lt;/ex&gt;

The Core roles in this frame and its subframes include &lt;fen&gt;Authorities&lt;/fen&gt;, &lt;fen&gt;Charges&lt;/fen&gt;, &lt;fen&gt;Court&lt;/fen&gt;, &lt;fen&gt;Defendant&lt;/fen&gt;, &lt;fen&gt;Defense&lt;/fen&gt;, &lt;fen&gt;Judge&lt;/fen&gt;, &lt;fen&gt;Jury&lt;/fen&gt;, &lt;fen&gt;Offense&lt;/fen&gt;, &lt;fen&gt;Prosecution&lt;/fen&gt;, and &lt;fen&gt;Suspect&lt;/fen&gt;.  
Non-Core roles include &lt;fen&gt;Place&lt;/fen&gt;, &lt;fen&gt;Time&lt;/fen&gt;, &lt;fen&gt;Victim&lt;/fen&gt;, and &lt;fen&gt;Witness&lt;/fen&gt;. &lt;/def-root&gt;</definition>
    <semType name="Non-Lexical Frame" ID="16"/>
    <FE bgColor="9F79EE" fgColor="FFFFFF" coreType="Core" cBy="MJE" cDate="08/16/2001 10:35:43 PDT Thu" abbrev="Crt" name="Court" ID="1624">
        <definition>&lt;def-root&gt;This FE identifies the &lt;fen&gt;Court&lt;/fen&gt; involved in a trial.&lt;/def-root&gt;</definition>
    </FE>
    <FE bgColor="008000" fgColor="FFFFFF" coreType="Peripheral" cBy="MJE" cDate="08/16/2001 10:37:00 PDT Thu" abbrev="P" name="Place" ID="1625">
        <definition>&lt;def-root&gt;This FE identifies the &lt;fen&gt;Place&lt;/fen&gt; where the event occurs.&lt;/def-root&gt;</definition>
        <semType name="Locative_relation" ID="182"/>
    </FE>
    <FE bgColor="FFA500" fgColor="FFFFFF" coreType="Peripheral" cBy="MJE" cDate="08/16/2001 10:37:00 PDT Thu" abbrev="T" name="Time" ID="1626">
        <definition>&lt;def-root&gt;This FE identifies the &lt;fen&gt;Time&lt;/fen&gt; when the event occurs.&lt;/def-root&gt;</definition>
        <semType name="Time" ID="141"/>
    </FE>
    <FE bgColor="0000FF" fgColor="FFFFFF" coreType="Core" cBy="MJE" cDate="08/16/2001 10:37:00 PDT Thu" abbrev="Dfnd" name="Defendant" ID="1627">
        <definition>&lt;def-root&gt;The &lt;fen&gt;Defendant&lt;/fen&gt; is charged with an &lt;fen&gt;Offense&lt;/fen&gt;.&lt;/def-root&gt;</definition>
    </FE>
    <FE bgColor="7CCD7C" fgColor="000000" coreType="Core" cBy="MJE" cDate="08/16/2001 10:37:00 PDT Thu" abbrev="Judge" name="Judge" ID="1628">
        <definition>&lt;def-root&gt;The &lt;fen&gt;Judge&lt;/fen&gt; heads the &lt;fen&gt;Court&lt;/fen&gt; where arraignment occurs and the case is tried.&lt;/def-root&gt;</definition>
        <semType name="Sentient" ID="5"/>
    </FE>
    <FE bgColor="800080" fgColor="FFFFFF" coreType="Core" cBy="MJE" cDate="08/16/2001 04:12:19 PDT Thu" abbrev="Prsc" name="Prosecution" ID="1629">
        <definition>&lt;def-root&gt;This FE identifies the attorney(s) prosecuting the &lt;fen&gt;Defendant&lt;/fen&gt;.&lt;/def-root&gt;</definition>
    </FE>
    <FE bgColor="A52A2A" fgColor="FFFFFF" coreType="Core" cBy="MJE" cDate="08/16/2001 04:12:58 PDT Thu" abbrev="Chrg" name="Charges" ID="1630">
        <definition>&lt;def-root&gt;This FE identifies the &lt;fen&gt;Charges&lt;/fen&gt; brought against the &lt;fen&gt;Defendant&lt;/fen&gt;.&lt;/def-root&gt;</definition>
    </FE>
    <FE bgColor="00BFFF" fgColor="FFFFFF" coreType="Core" cBy="MJE" cDate="08/16/2001 04:14:17 PDT Thu" abbrev="Dfns" name="Defense" ID="1631">
        <definition>&lt;def-root&gt;The &lt;fen&gt;Defense&lt;/fen&gt; represents the interests of the &lt;fen&gt;Defendant&lt;/fen&gt;.&lt;/def-root&gt;</definition>
    </FE>
    <FE bgColor="9400D3" fgColor="FFFFFF" coreType="Core" cBy="MJE" cDate="08/16/2001 04:15:12 PDT Thu" abbrev="Jury" name="Jury" ID="1632">
        <definition>&lt;def-root&gt;This FE identifies the people who are charged by the &lt;fen&gt;Court&lt;/fen&gt; to listen to the testimony, evidence, and arguments, and come to a consensus about the guilt or innocence of the &lt;fen&gt;Defendant&lt;/fen&gt;.&lt;/def-root&gt;</definition>
    </FE>
    <FE bgColor="808080" fgColor="FFFFFF" coreType="Core" cBy="MRLP" cDate="05/09/2002 05:35:30 PDT Thu" abbrev="Off" name="Offense" ID="2755">
        <definition>&lt;def-root&gt;This FE identifies the &lt;fen&gt;Offense&lt;/fen&gt; which the &lt;fen&gt;Defendant&lt;/fen&gt; is accused of committing.&lt;/def-root&gt;</definition>
    </FE>
    <FE bgColor="FF0000" fgColor="FFFFFF" coreType="Core" cBy="HPh" cDate="09/22/2015 12:10:21 PDT Tue" abbrev="Auth" name="Authorities" ID="16730">
        <definition>&lt;def-root&gt;The &lt;fen&gt;Authorities&lt;/fen&gt; charge the &lt;fen&gt;Suspect&lt;/fen&gt; with commiting a crime, and take him/her into custody. &lt;/def-root&gt;</definition>
    </FE>
    <FE bgColor="00008B" fgColor="FFFFFF" coreType="Core" cBy="HPh" cDate="09/22/2015 12:12:37 PDT Tue" abbrev="Susp" name="Suspect" ID="16731">
        <definition>&lt;def-root&gt;The &lt;fen&gt;Suspect&lt;/fen&gt; is taken into custody by the &lt;fen&gt;Authorities&lt;/fen&gt;, under suspicion of having committed a crime.&lt;/def-root&gt;</definition>
    </FE>
    <FE bgColor="2E8B57" fgColor="FFFFFF" coreType="Extra-Thematic" cBy="HPh" cDate="09/22/2015 12:22:49 PDT Tue" abbrev="Wit" name="Witness" ID="16732">
        <definition>&lt;def-root&gt;A person who is present in a courtroom in order to give some form of evidence, has been sworn in, and is being examined by the &lt;fen&gt;Prosecution&lt;/fen&gt; or &lt;fen&gt;Defense&lt;/fen&gt;.&lt;/def-root&gt;</definition>
    </FE>
    <FE bgColor="FF00FF" fgColor="FFFFFF" coreType="Extra-Thematic" cBy="HPh" cDate="09/22/2015 12:25:51 PDT Tue" abbrev="Vic" name="Victim" ID="16733">
        <definition>&lt;def-root&gt;The &lt;fen&gt;Victim&lt;/fen&gt; is the person (or other sentient being or group) that has in some way been harmed or wronged by the &lt;fen&gt;Defendant&lt;/fen&gt;. &lt;/def-root&gt;</definition>
    </FE>
    <frameRelation type="Inherits from"/>
    <frameRelation type="Is Inherited by"/>
    <frameRelation type="Perspective on"/>
    <frameRelation type="Is Perspectivized in"/>
    <frameRelation type="Uses"/>
    <frameRelation type="Is Used by">
        <relatedFrame ID="504">Appeal</relatedFrame>
    </frameRelation>
    <frameRelation type="Subframe of">
        <relatedFrame ID="692">Crime_scenario</relatedFrame>
    </frameRelation>
    <frameRelation type="Has Subframe(s)">
        <relatedFrame ID="297">Sentencing</relatedFrame>
        <relatedFrame ID="120">Arraignment</relatedFrame>
        <relatedFrame ID="201">Trial</relatedFrame>
        <relatedFrame ID="202">Arrest</relatedFrame>
    </frameRelation>
    <frameRelation type="Precedes"/>
    <frameRelation type="Is Preceded by">
        <relatedFrame ID="500">Criminal_investigation</relatedFrame>
    </frameRelation>
    <frameRelation type="Is Inchoative of"/>
    <frameRelation type="Is Causative of"/>
    <frameRelation type="See also"/>
</frame>