<?xml version="1.0" encoding="UTF-8" standalone="yes"?>
<?xml-stylesheet type="text/xsl" href="frame.xsl"?>
<frame cBy="MJE" cDate="07/10/2008 05:12:00 PDT Thu" name="Cycle_of_life_and_death" ID="2106" xsi:schemaLocation="../schema/frame.xsd" xmlns="http://framenet.icsi.berkeley.edu" xmlns:xsi="http://www.w3.org/2001/XMLSchema-instance">
    <definition>&lt;def-root&gt;A &lt;fen&gt;Protagonist&lt;/fen&gt; is born or sprouts, lives, dies, and then is dead.&lt;/def-root&gt;</definition>
    <semType name="Non-Lexical Frame" ID="16"/>
    <FE bgColor="0000FF" fgColor="FFFFFF" coreType="Core" cBy="MJE" cDate="07/10/2008 05:12:00 PDT Thu" abbrev="Prot" name="Protagonist" ID="12995">
        <definition>&lt;def-root&gt;&lt;fen&gt;Protagonist&lt;/fen&gt; identifies the being or entity that is dead or alive.
&lt;ex&gt;&lt;fex name="Prot"&gt;Frank&lt;/fex&gt; was &lt;t&gt;dead&lt;/t&gt;.&lt;/ex&gt;
&lt;/def-root&gt;</definition>
        <semType name="Sentient" ID="5"/>
    </FE>
    <frameRelation type="Inherits from">
        <relatedFrame ID="2100">Cycle_of_existence_scenario</relatedFrame>
    </frameRelation>
    <frameRelation type="Is Inherited by"/>
    <frameRelation type="Perspective on"/>
    <frameRelation type="Is Perspectivized in"/>
    <frameRelation type="Uses"/>
    <frameRelation type="Is Used by"/>
    <frameRelation type="Subframe of"/>
    <frameRelation type="Has Subframe(s)">
        <relatedFrame ID="310">Dead_or_alive</relatedFrame>
        <relatedFrame ID="53">Death</relatedFrame>
        <relatedFrame ID="793">Being_born</relatedFrame>
    </frameRelation>
    <frameRelation type="Precedes"/>
    <frameRelation type="Is Preceded by"/>
    <frameRelation type="Is Inchoative of"/>
    <frameRelation type="Is Causative of"/>
    <frameRelation type="See also"/>
</frame>