<?xml version="1.0" encoding="UTF-8" standalone="yes"?>
<?xml-stylesheet type="text/xsl" href="frame.xsl"?>
<frame cBy="ACW" cDate="01/23/2003 01:46:58 PST Thu" name="Deny_or_grant_permission" ID="520" xsi:schemaLocation="../schema/frame.xsd" xmlns="http://framenet.icsi.berkeley.edu" xmlns:xsi="http://www.w3.org/2001/XMLSchema-instance">
    <definition>&lt;def-root&gt;In this frame, an &lt;fen&gt;Authority&lt;/fen&gt; allows a &lt;fen&gt;Protagonist&lt;/fen&gt; to know (in some way) that they may or may not engage in an &lt;fen&gt;Action&lt;/fen&gt;. For lexical units of this frame marked with the semantic type "Negative", e.g., authorize.v, the &lt;fen&gt;Authority&lt;/fen&gt; has the power to tell the &lt;fen&gt;Protagonist&lt;/fen&gt; not to do something, but does not do so. It is assumed that if the &lt;fen&gt;Protagonist&lt;/fen&gt; engages in the &lt;fen&gt;Action&lt;/fen&gt; without permission, then the &lt;fen&gt;Authority&lt;/fen&gt; will punish the &lt;fen&gt;Protagonist&lt;/fen&gt; in some way, at least with disapproval; if the &lt;fen&gt;Authority&lt;/fen&gt; grants permission, however, the &lt;fen&gt;Authority&lt;/fen&gt; is agreeing not to impose a punishment on the &lt;fen&gt;Protagonist&lt;/fen&gt; for performing the &lt;fen&gt;Action&lt;/fen&gt;.


&lt;ex&gt;&lt;fex name="Authority"&gt;The police officer&lt;/fex&gt; &lt;t&gt;forbid&lt;/t&gt; &lt;fex name="Protagonist"&gt;me&lt;/fex&gt; &lt;fex name="Action"&gt;from turning around&lt;/fex&gt; .&lt;/ex&gt;
&lt;ex&gt; &lt;fex name="Authority"&gt;My mother&lt;/fex&gt; &lt;t&gt;okayed&lt;/t&gt; &lt;fex name="Protagonist"&gt;me&lt;/fex&gt; &lt;fex name="Action"&gt;to go to the movies with Simon&lt;/fex&gt; . &lt;/ex&gt; 

&lt;ex&gt; &lt;fex name="Authority"&gt;The teacher&lt;/fex&gt; &lt;m&gt;gave&lt;/m&gt; &lt;fex name="Protagonist"&gt;the children&lt;/fex&gt; &lt;t&gt;permission&lt;/t&gt; &lt;fex name="Action"&gt;to eat their lunch outside&lt;/fex&gt;. &lt;/ex&gt;

&lt;ex&gt;&lt;fex name="Authority"&gt;The Church&lt;/fex&gt; had &lt;t&gt;sanctioned&lt;/t&gt; &lt;fex name="Circumstances"&gt;for recital after Mass&lt;/fex&gt; &lt;fex name="Action"&gt;a special prayer to St. Michael&lt;/fex&gt;.&lt;/ex&gt;&lt;/def-root&gt;</definition>
    <FE bgColor="FF0000" fgColor="FFFFFF" coreType="Core" cBy="ACW" cDate="01/23/2003 01:56:37 PST Thu" abbrev="Auth" name="Authority" ID="4121">
        <definition>&lt;def-root&gt;The &lt;fen&gt;Authority&lt;/fen&gt; orders the &lt;fen&gt;Protagonist&lt;/fen&gt; to not engage in a particular &lt;fen&gt;Action&lt;/fen&gt;.&lt;/def-root&gt;</definition>
    </FE>
    <FE bgColor="0000FF" fgColor="FFFFFF" coreType="Core" cBy="ACW" cDate="01/23/2003 02:05:13 PST Thu" abbrev="Pro" name="Protagonist" ID="4122">
        <definition>&lt;def-root&gt;The &lt;fen&gt;Protagonist&lt;/fen&gt; wants to engage in an &lt;fen&gt;Action&lt;/fen&gt;, but is ordered not to by the &lt;fen&gt;Authority&lt;/fen&gt;.&lt;/def-root&gt;</definition>
        <semType name="Sentient" ID="5"/>
    </FE>
    <FE bgColor="006400" fgColor="FFFFFF" coreType="Core" cBy="ACW" cDate="01/23/2003 02:06:30 PST Thu" abbrev="Act" name="Action" ID="4123">
        <definition>&lt;def-root&gt;The &lt;fen&gt;Action&lt;/fen&gt; is what the &lt;fen&gt;Protagonist&lt;/fen&gt; seeks to do, but is ordered not to.&lt;/def-root&gt;</definition>
    </FE>
    <FE bgColor="FFA500" fgColor="FFFFFF" coreType="Peripheral" cBy="ACW" cDate="01/23/2003 02:46:20 PST Thu" abbrev="Time" name="Time" ID="4126">
        <definition>&lt;def-root&gt;The &lt;fen&gt;Time&lt;/fen&gt; is when the denying of permission occurs.&lt;/def-root&gt;</definition>
        <semType name="Time" ID="141"/>
    </FE>
    <FE bgColor="A52A2A" fgColor="FFFFFF" coreType="Peripheral" cBy="ACW" cDate="01/23/2003 02:47:01 PST Thu" abbrev="Place" name="Place" ID="4127">
        <definition>&lt;def-root&gt;The &lt;fen&gt;Place&lt;/fen&gt; is where the denial of permission occurs.&lt;/def-root&gt;</definition>
        <semType name="Locative_relation" ID="182"/>
    </FE>
    <FE bgColor="9400D3" fgColor="FFFFFF" coreType="Extra-Thematic" cBy="ACW" cDate="01/23/2003 02:47:31 PST Thu" abbrev="Purpose" name="Purpose" ID="4128">
        <definition>&lt;def-root&gt;The &lt;fen&gt;Purpose&lt;/fen&gt; is what the &lt;fen&gt;Authority&lt;/fen&gt; hopes to accomplish by denying permission.&lt;/def-root&gt;</definition>
        <semType name="State_of_affairs" ID="177"/>
    </FE>
    <FE bgColor="FFFF00" fgColor="000000" coreType="Extra-Thematic" cBy="KmG" cDate="12/07/2006 05:03:22 PST Thu" abbrev="" name="Event_description" ID="10935">
        <definition>&lt;def-root&gt;In general, this FE is used for phrases that describe the clause of the target as a whole. There are two somewhat distinct subgroups of sentence modifiers that cover this function.

First, it applies to appraisals of the event, typically a judgment of its expectedness. The notion of appraisal requires a factive portrayal of the event. The second subgroup consists of any descriptions of the state of affairs denoted by the target as role fillers in other frames. The state of affairs reported by the target is understood to play a role in the state of affairs of the modifier. What that role is depends only on the predicate heading the modifier phrase.&lt;/def-root&gt;</definition>
    </FE>
    <FE bgColor="FF69B4" fgColor="FFFFFF" coreType="Extra-Thematic" cBy="KmG" cDate="12/07/2006 05:21:31 PST Thu" abbrev="" name="Degree" ID="10936">
        <definition>&lt;def-root&gt;This frame element selects some gradable attribute and modifies the expected value for it.&lt;/def-root&gt;</definition>
    </FE>
    <FE bgColor="1E90FF" fgColor="FFFFFF" coreType="Extra-Thematic" cBy="KmG" cDate="12/14/2006 04:09:51 PST Thu" abbrev="" name="Explanation" ID="10937">
        <definition>&lt;def-root&gt;This FE denotes a proposition from which the main clause (headed by the target) logically follows. &lt;/def-root&gt;</definition>
    </FE>
    <FE bgColor="7CCD73" fgColor="FFFFFF" coreType="Extra-Thematic" cBy="KmG" cDate="12/14/2006 04:46:49 PST Thu" abbrev="" name="Circumstances" ID="10938">
        <definition>&lt;def-root&gt;Circumstances describe the state of the world (at a particular time and place) which is specifically independent of the event itself and any of its participants. &lt;/def-root&gt;</definition>
    </FE>
    <FE bgColor="d0d0d0" fgColor="FF0000" coreType="Extra-Thematic" cBy="MJE" cDate="08/27/2016 12:07:16 PDT Sat" abbrev="" name="Allowed_category" ID="16875">
        <definition>&lt;def-root&gt;A category that the &lt;fen&gt;Action&lt;/fen&gt; fits into, which dictates the &lt;fen&gt;Action&lt;/fen&gt;'s being permitted (in accord with some implicit Principle.)

&lt;ex&gt;The transfer was &lt;t&gt;sanctioned&lt;/t&gt; &lt;fex name="Allowed_category"&gt;as a "necessary precaution"&lt;/fex&gt;.&lt;/ex&gt;&lt;/def-root&gt;</definition>
    </FE>
    <FE bgColor="2E8B57" fgColor="FFFFFF" coreType="Extra-Thematic" cBy="MJE" cDate="08/27/2016 12:08:41 PDT Sat" abbrev="" name="Period_of_iterations" ID="16876">
        <definition>&lt;def-root&gt;The length of time from when the event denoted by the target began to be repeated to when it stopped.&lt;/def-root&gt;</definition>
    </FE>
    <FE bgColor="008000" fgColor="FFFFFF" coreType="Extra-Thematic" cBy="MJE" cDate="08/27/2016 12:09:42 PDT Sat" abbrev="" name="Frequency" ID="16877">
        <definition>&lt;def-root&gt;How often the event occurs.&lt;/def-root&gt;</definition>
    </FE>
    <FE bgColor="00BFFF" fgColor="FFFFFF" coreType="Extra-Thematic" cBy="MJE" cDate="08/27/2016 12:10:51 PDT Sat" abbrev="" name="Depictive" ID="16878">
        <definition>&lt;def-root&gt;A description of the &lt;fen&gt;Authority&lt;/fen&gt; or the &lt;fen&gt;Protagonist&lt;/fen&gt; while they are involved in the action.

&lt;ex&gt;He granted &lt;t&gt;permission&lt;/t&gt; &lt;fex name="Depictive"&gt;fully aware of her crime&lt;/fex&gt; .&lt;/ex&gt;&lt;/def-root&gt;</definition>
    </FE>
    <FE bgColor="800080" fgColor="FFFFFF" coreType="Extra-Thematic" cBy="MJE" cDate="08/27/2016 12:13:35 PDT Sat" abbrev="" name="Manner" ID="16879">
        <definition>&lt;def-root&gt;A holistic description of the event (the same way), or a description of the &lt;fen&gt;Authority&lt;/fen&gt; that also affects the overall event (carefully).&lt;/def-root&gt;</definition>
    </FE>
    <FE bgColor="A9A9A9" fgColor="FFFFFF" coreType="Peripheral" cBy="MJE" cDate="08/27/2016 12:16:31 PDT Sat" abbrev="" name="Means" ID="16880">
        <definition>&lt;def-root&gt;The action performed by an &lt;fen&gt;Authority&lt;/fen&gt; that brings about the Denying or Granting Permission.&lt;/def-root&gt;</definition>
    </FE>
    <frameRelation type="Inherits from"/>
    <frameRelation type="Is Inherited by"/>
    <frameRelation type="Perspective on"/>
    <frameRelation type="Is Perspectivized in"/>
    <frameRelation type="Uses">
        <relatedFrame ID="6">Communication</relatedFrame>
    </frameRelation>
    <frameRelation type="Is Used by"/>
    <frameRelation type="Subframe of"/>
    <frameRelation type="Has Subframe(s)"/>
    <frameRelation type="Precedes"/>
    <frameRelation type="Is Preceded by"/>
    <frameRelation type="Is Inchoative of"/>
    <frameRelation type="Is Causative of"/>
    <frameRelation type="See also"/>
    <lexUnit status="Finished_Initial" POS="V" name="forbid.v" ID="8178" lemmaID="15016" cBy="ACW" cDate="01/23/2003 02:14:04 PST Thu">
        <definition>COD: order not to do. </definition>
        <sentenceCount annotated="18" total="241"/>
        <lexeme order="1" headword="false" breakBefore="false" POS="V" name="forbid"/>
    </lexUnit>
    <lexUnit status="Finished_Initial" POS="V" name="prohibit.v" ID="8180" lemmaID="30653" cBy="ACW" cDate="01/23/2003 02:16:55 PST Thu">
        <definition>FN: to forbid by authority</definition>
        <sentenceCount annotated="12" total="191"/>
        <lexeme order="1" headword="false" breakBefore="false" POS="V" name="prohibit"/>
    </lexUnit>
    <lexUnit status="Created" POS="V" name="outlaw.v" ID="14510" lemmaID="27103" cBy="KmG" cDate="08/02/2007 06:24:58 PDT Thu">
        <definition>FN: to make illegal to do something.</definition>
        <sentenceCount annotated="1" total="1"/>
        <lexeme order="1" headword="false" breakBefore="false" POS="V" name="outlaw"/>
    </lexUnit>
    <lexUnit status="Created" POS="V" name="disallow.v" ID="18538" lemmaID="10794" cBy="HPh" cDate="12/17/2015 05:17:45 PST Thu">
        <definition>FN: to refuse to allow; reject</definition>
        <sentenceCount annotated="0" total="0"/>
        <lexeme order="1" headword="false" breakBefore="false" POS="V" name="disallow"/>
    </lexUnit>
    <lexUnit status="Created" POS="N" name="approval.n" ID="18761" lemmaID="1779" cBy="MJE" cDate="08/30/2016 11:40:45 PDT Tue">
        <definition>COD:  the action of approving of something.</definition>
        <sentenceCount annotated="4" total="4"/>
        <lexeme order="1" headword="false" breakBefore="false" POS="N" name="approval"/>
        <semType name="Negative" ID="99"/>
    </lexUnit>
    <lexUnit status="Created" POS="V" name="approve.v" ID="18762" lemmaID="1780" cBy="MJE" cDate="08/30/2016 11:40:56 PDT Tue">
        <definition>COD: officially accept as satisfactory.</definition>
        <sentenceCount annotated="22" total="200"/>
        <lexeme order="1" headword="false" breakBefore="false" POS="V" name="approve"/>
        <semType name="Negative" ID="99"/>
    </lexUnit>
    <lexUnit status="Created" POS="V" name="authorize.v" ID="18763" lemmaID="50132" cBy="MJE" cDate="08/30/2016 11:41:05 PDT Tue">
        <definition>FN: grant clearance for something to occur</definition>
        <sentenceCount annotated="19" total="181"/>
        <lexeme order="1" headword="true" breakBefore="false" POS="V" name="authorize"/>
        <semType name="Negative" ID="99"/>
    </lexUnit>
    <lexUnit status="Created" POS="V" name="clear.v" ID="18764" lemmaID="6729" cBy="MJE" cDate="08/30/2016 11:41:16 PDT Tue">
        <definition>FN: to allow by deeming fit</definition>
        <sentenceCount annotated="1" total="1"/>
        <lexeme order="1" headword="false" breakBefore="false" POS="V" name="clear"/>
        <semType name="Negative" ID="99"/>
    </lexUnit>
    <lexUnit status="Created" POS="V" name="greenlight.v" ID="18765" lemmaID="47704" cBy="MJE" cDate="08/30/2016 11:41:23 PDT Tue">
        <definition>COD: give permission to go ahead with. </definition>
        <sentenceCount annotated="3" total="4"/>
        <lexeme order="1" headword="true" breakBefore="false" POS="V" name="greenlight"/>
        <semType name="Negative" ID="99"/>
    </lexUnit>
    <lexUnit status="Created" POS="N" name="leave.n" ID="18766" lemmaID="21966" cBy="MJE" cDate="08/30/2016 11:41:32 PDT Tue">
        <definition>COD: permission</definition>
        <sentenceCount annotated="0" total="0"/>
        <lexeme order="1" headword="false" breakBefore="false" POS="N" name="leave"/>
        <semType name="Negative" ID="99"/>
    </lexUnit>
    <lexUnit status="Created" POS="N" name="mandate.n" ID="18768" lemmaID="23327" cBy="MJE" cDate="08/30/2016 11:42:51 PDT Tue">
        <definition>FN: authorization to carry out a policy, usually granted by an organization or by the electorate in an election, e.g. a U.N. mandate, re-election with a mandate to improve public schools.</definition>
        <sentenceCount annotated="4" total="4"/>
        <lexeme order="1" headword="false" breakBefore="false" POS="N" name="mandate"/>
        <semType name="Negative" ID="99"/>
    </lexUnit>
    <lexUnit status="Created" POS="V" name="okay.v" ID="18769" lemmaID="47703" cBy="MJE" cDate="08/30/2016 11:42:57 PDT Tue">
        <definition>COD: give approval to</definition>
        <sentenceCount annotated="0" total="6"/>
        <lexeme order="1" headword="true" breakBefore="false" POS="V" name="okay"/>
        <semType name="Negative" ID="99"/>
    </lexUnit>
    <lexUnit status="Created" POS="N" name="permission.n" ID="18770" lemmaID="28516" cBy="MJE" cDate="08/30/2016 11:43:03 PDT Tue">
        <definition>COD: authorization</definition>
        <sentenceCount annotated="26" total="151"/>
        <lexeme order="1" headword="false" breakBefore="false" POS="N" name="permission"/>
        <semType name="Negative" ID="99"/>
    </lexUnit>
    <lexUnit status="Created" POS="V" name="permit.v" ID="18771" lemmaID="28521" cBy="MJE" cDate="08/30/2016 11:43:10 PDT Tue">
        <definition>COD: give permission to (someone) or for (something). </definition>
        <sentenceCount annotated="29" total="240"/>
        <lexeme order="1" headword="false" breakBefore="false" POS="V" name="permit"/>
        <semType name="Negative" ID="99"/>
    </lexUnit>
    <lexUnit status="Created" POS="V" name="restrict.v" ID="18772" lemmaID="32947" cBy="MJE" cDate="08/30/2016 11:43:37 PDT Tue">
        <definition>COD: deprive of freedom of movement or action.</definition>
        <sentenceCount annotated="1" total="1"/>
        <lexeme order="1" headword="false" breakBefore="false" POS="V" name="restrict"/>
    </lexUnit>
    <lexUnit status="Finished_Initial" POS="V" name="sanction [allow].v" ID="18773" lemmaID="34079" cBy="MJE" cDate="08/30/2016 11:43:49 PDT Tue">
        <definition>FN: give permission</definition>
        <sentenceCount annotated="24" total="228"/>
        <lexeme order="1" headword="false" breakBefore="false" POS="V" name="sanction"/>
        <semType name="Negative" ID="99"/>
    </lexUnit>
    <lexUnit status="Created" POS="N" name="the green light.n" ID="18774" lemmaID="47165" cBy="MJE" cDate="08/30/2016 11:44:54 PDT Tue">
        <definition>FN: permission with approval</definition>
        <sentenceCount annotated="18" total="58"/>
        <lexeme order="1" headword="false" breakBefore="false" POS="ART" name="the"/>
        <lexeme order="2" headword="false" breakBefore="false" POS="A" name="green"/>
        <lexeme order="3" headword="true" breakBefore="false" POS="N" name="light"/>
        <semType name="Bound_dependent_LU" ID="224"/>
        <semType name="Negative" ID="99"/>
    </lexUnit>
    <lexUnit status="Created" POS="N" name="the go ahead.n" ID="18775" lemmaID="52163" cBy="MJE" cDate="08/30/2016 11:47:19 PDT Tue">
        <definition>FN: (with give, have, etc.) permission.</definition>
        <sentenceCount annotated="0" total="0"/>
        <lexeme order="1" headword="false" breakBefore="false" POS="ART" name="the"/>
        <lexeme order="2" headword="true" breakBefore="true" POS="N" name="go"/>
        <lexeme order="3" headword="false" breakBefore="false" POS="ADV" name="ahead"/>
        <semType name="Bound_dependent_LU" ID="224"/>
        <semType name="Negative" ID="99"/>
    </lexUnit>
    <lexUnit status="Created" POS="N" name="the go-ahead.n" ID="18776" lemmaID="47163" cBy="MJE" cDate="08/30/2016 11:48:29 PDT Tue">
        <definition>FN: (with give, have, etc.) permission.</definition>
        <sentenceCount annotated="0" total="0"/>
        <lexeme order="1" headword="false" breakBefore="false" POS="ART" name="the"/>
        <lexeme order="2" headword="true" breakBefore="false" POS="N" name="go-ahead"/>
        <semType name="Bound_dependent_LU" ID="224"/>
        <semType name="Negative" ID="99"/>
    </lexUnit>
    <lexUnit status="Created" POS="N" name="the okay.n" ID="18777" lemmaID="47164" cBy="MJE" cDate="08/30/2016 11:49:10 PDT Tue">
        <definition>FN: (with give, have, etc.) permission.</definition>
        <sentenceCount annotated="0" total="0"/>
        <lexeme order="1" headword="false" breakBefore="false" POS="ART" name="the"/>
        <lexeme order="2" headword="true" breakBefore="false" POS="N" name="okay"/>
        <semType name="Bound_dependent_LU" ID="224"/>
        <semType name="Negative" ID="99"/>
    </lexUnit>
    <lexUnit status="Created" POS="V" name="suffer.v" ID="18778" lemmaID="38683" cBy="MJE" cDate="08/30/2016 11:50:26 PDT Tue">
        <definition>FN: (dated) allow (something unpleasant).</definition>
        <sentenceCount annotated="0" total="0"/>
        <lexeme order="1" headword="false" breakBefore="false" POS="V" name="suffer"/>
        <semType name="Negative" ID="99"/>
        <semType name="Negative_judgment" ID="14"/>
    </lexUnit>
    <lexUnit status="Created" POS="N" name="prohibition.n" ID="18779" lemmaID="30654" cBy="MJE" cDate="08/30/2016 11:51:37 PDT Tue">
        <definition>FN: statement or situation that indicates that (someone) does not allow (something).</definition>
        <sentenceCount annotated="0" total="0"/>
        <lexeme order="1" headword="false" breakBefore="false" POS="N" name="prohibition"/>
    </lexUnit>
</frame>