<?xml version="1.0" encoding="UTF-8" standalone="yes"?>
<?xml-stylesheet type="text/xsl" href="frame.xsl"?>
<frame cBy="JKR" cDate="01/28/2003 04:40:31 PST Tue" name="Deserving" ID="541" xsi:schemaLocation="../schema/frame.xsd" xmlns="http://framenet.icsi.berkeley.edu" xmlns:xsi="http://www.w3.org/2001/XMLSchema-instance">
    <definition>&lt;def-root&gt;The existence of a &lt;fen&gt;State_of_affairs&lt;/fen&gt; is sufficient reason for taking an &lt;fen&gt;Action&lt;/fen&gt; . The agent who is justified in taking the suggested &lt;fen&gt;Action&lt;/fen&gt; is not part of the immediate scene, however.

&lt;ex&gt;&lt;fex name="State_of_affairs"&gt;The underwater sequences&lt;/fex&gt; &lt;t&gt;warrant&lt;/t&gt; &lt;fex name="Action"&gt;the price of the admission alone&lt;/fex&gt;.&lt;/ex&gt;

&lt;ex&gt; '&lt;fex name="State_of_affairs"&gt;Desperate situations&lt;/fex&gt; &lt;t&gt;call&lt;/t&gt;  &lt;fex name="Action"&gt;for desperate measures&lt;/fex&gt; ," said Mr Eames grandly.&lt;/ex&gt;&lt;/def-root&gt;</definition>
    <FE bgColor="0000FF" fgColor="FFFFFF" coreType="Core" cBy="JKR" cDate="01/28/2003 04:43:14 PST Tue" abbrev="" name="State_of_affairs" ID="4150">
        <definition>&lt;def-root&gt;An Eventuality or an Entity that is taken to constitute sufficient reason for taking another &lt;fen&gt;Action&lt;/fen&gt;.

&lt;ex&gt; &lt;fex name="State_of_affairs"&gt;A heavy contact to the opponent 's face&lt;/fex&gt; may not &lt;t&gt;merit&lt;/t&gt; just a verbal warning &lt;/ex&gt;&lt;/def-root&gt;</definition>
    </FE>
    <FE bgColor="006400" fgColor="FFFFFF" coreType="Core" cBy="JKR" cDate="01/28/2003 04:46:13 PST Tue" abbrev="" name="Action" ID="4151">
        <definition>&lt;def-root&gt;An &lt;fen&gt;Action&lt;/fen&gt; that is taken to be justifiable given the &lt;fen&gt;State_of_Affairs&lt;/fen&gt;.

&lt;ex&gt; The end &lt;t&gt;justifies&lt;/t&gt; &lt;fex name="Action"&gt;the means&lt;/fex&gt;.&lt;/ex&gt;&lt;/def-root&gt;</definition>
    </FE>
    <FE bgColor="FF69B4" fgColor="FFFFFF" coreType="Peripheral" cBy="AlK" cDate="07/27/2010 11:40:48 PDT Tue" abbrev="" name="Degree" ID="14081">
        <definition>&lt;def-root&gt;How sufficiently &lt;fen&gt;State_of_affairs&lt;/fen&gt; can be considered a reason for the &lt;fen&gt;Action&lt;/fen&gt;.

&lt;ex&gt;Your son's behavior &lt;fex name="Degree"&gt;completely&lt;/fex&gt; &lt;t&gt;justifies&lt;/t&gt; the punishment he received.&lt;/ex&gt;&lt;/def-root&gt;</definition>
    </FE>
    <FE bgColor="1E90FF" fgColor="FFFFFF" coreType="Peripheral" cBy="AlK" cDate="07/27/2010 11:48:14 PDT Tue" abbrev="" name="Domain" ID="14082">
        <definition>&lt;def-root&gt;The general spectrum of reasoning along which the &lt;fen&gt;State_of_affairs&lt;/fen&gt; is a justification.

&lt;ex&gt;Not all bad behavior &lt;fex name="Domain"&gt;legally&lt;/fex&gt; &lt;t&gt;justifies&lt;/t&gt; eviction.&lt;/ex&gt;&lt;/def-root&gt;</definition>
    </FE>
    <FE bgColor="FFA500" fgColor="000000" coreType="Extra-Thematic" cBy="AnW" cDate="07/28/2010 02:46:45 PDT Wed" abbrev="" name="Circumstances" ID="14085">
        <definition>&lt;def-root&gt;&lt;fen&gt;Circumstances&lt;/fen&gt; describe the state of the world (at a particular time and place) which is specifically independent of the Deserving event and any of its participants.&lt;/def-root&gt;</definition>
    </FE>
    <frameRelation type="Inherits from"/>
    <frameRelation type="Is Inherited by"/>
    <frameRelation type="Perspective on"/>
    <frameRelation type="Is Perspectivized in"/>
    <frameRelation type="Uses">
        <relatedFrame ID="1302">Response</relatedFrame>
        <relatedFrame ID="1381">Required_event</relatedFrame>
        <relatedFrame ID="514">Reason</relatedFrame>
    </frameRelation>
    <frameRelation type="Is Used by"/>
    <frameRelation type="Subframe of"/>
    <frameRelation type="Has Subframe(s)"/>
    <frameRelation type="Precedes"/>
    <frameRelation type="Is Preceded by"/>
    <frameRelation type="Is Inchoative of"/>
    <frameRelation type="Is Causative of"/>
    <frameRelation type="See also"/>
    <lexUnit status="Created" POS="V" name="merit.v" ID="8239" lemmaID="24033" cBy="JKR" cDate="01/28/2003 04:49:24 PST Tue">
        <definition>COD: deserve or be worthy of</definition>
        <sentenceCount annotated="0" total="0"/>
        <lexeme order="1" headword="false" breakBefore="false" POS="V" name="merit"/>
    </lexUnit>
    <lexUnit status="Finished_Initial" POS="V" name="warrant.v" ID="8240" lemmaID="43470" cBy="JKR" cDate="01/28/2003 04:50:23 PST Tue">
        <definition>COD:  justify or necessitate</definition>
        <sentenceCount annotated="20" total="89"/>
        <lexeme order="1" headword="false" breakBefore="false" POS="V" name="warrant"/>
    </lexUnit>
    <lexUnit status="Created" POS="N" name="warrant.n" ID="8241" lemmaID="43469" cBy="JKR" cDate="01/28/2003 04:51:08 PST Tue">
        <definition>COD: justification or authority</definition>
        <sentenceCount annotated="0" total="0"/>
        <lexeme order="1" headword="false" breakBefore="false" POS="N" name="warrant"/>
    </lexUnit>
    <lexUnit status="Rules_Defined" POS="N" name="grounds.n" ID="8242" lemmaID="16924" cBy="JKR" cDate="01/28/2003 04:51:55 PST Tue">
        <definition>COD: factors forming a basis for action or the justification for a belief</definition>
        <sentenceCount annotated="0" total="0"/>
        <lexeme order="1" headword="false" breakBefore="false" POS="N" name="grounds"/>
    </lexUnit>
    <lexUnit status="Created" POS="A" name="worth.a" ID="8243" lemmaID="44529" cBy="JKR" cDate="01/28/2003 04:53:11 PST Tue">
        <definition>COD: deserving to be treated or regarded in the way specified</definition>
        <sentenceCount annotated="4" total="4"/>
        <lexeme order="1" headword="false" breakBefore="false" POS="A" name="worth"/>
    </lexUnit>
    <lexUnit status="Created" POS="V" name="deserve.v" ID="8311" lemmaID="10334" cBy="JKR" cDate="02/11/2003 03:34:41 PST Tue">
        <definition>FN: merit</definition>
        <sentenceCount annotated="3" total="3"/>
        <lexeme order="1" headword="false" breakBefore="false" POS="V" name="deserve"/>
    </lexUnit>
    <lexUnit status="Created" POS="V" name="call.v" ID="8312" lemmaID="5229" cBy="JKR" cDate="02/11/2003 03:36:29 PST Tue">
        <definition>COD: require; demand</definition>
        <sentenceCount annotated="1" total="1"/>
        <lexeme order="1" headword="false" breakBefore="false" POS="V" name="call"/>
    </lexUnit>
    <lexUnit status="Finished_Initial" POS="V" name="justify.v" ID="11163" lemmaID="21188" cBy="MiL" cDate="11/18/2004 01:18:11 PST Thu">
        <definition>COD:  be a good reason for.</definition>
        <sentenceCount annotated="60" total="298"/>
        <lexeme order="1" headword="false" breakBefore="false" POS="V" name="justify"/>
    </lexUnit>
</frame>