<?xml version="1.0" encoding="UTF-8" standalone="yes"?>
<?xml-stylesheet type="text/xsl" href="frame.xsl"?>
<frame cBy="MJE" cDate="07/05/2002 02:56:46 PDT Fri" name="Desiring" ID="366" xsi:schemaLocation="../schema/frame.xsd" xmlns="http://framenet.icsi.berkeley.edu" xmlns:xsi="http://www.w3.org/2001/XMLSchema-instance">
    <definition>&lt;def-root&gt;An &lt;fen&gt;Experiencer&lt;/fen&gt; desires that an &lt;fen&gt;Event&lt;/fen&gt; occur.  (Note that commonly a resultant state of the &lt;fen&gt;Event&lt;/fen&gt; will stand in for the &lt;fen&gt;Event&lt;/fen&gt;.)  In some cases, the &lt;fen&gt;Experiencer&lt;/fen&gt; is an active participant in the &lt;fen&gt;Event&lt;/fen&gt;, and in such cases the &lt;fen&gt;Event&lt;/fen&gt; itself is often not mentioned, but rather some &lt;fen&gt;Focal_participant&lt;/fen&gt; which is subordinately involved in the &lt;fen&gt;Event&lt;/fen&gt;. &lt;ex&gt;&lt;/ex&gt;Generally, the use of a word in this frame implies that the specific &lt;fen&gt;Event&lt;/fen&gt; has not yet happened, but that the &lt;fen&gt;Experiencer&lt;/fen&gt; believes that they would be happier if it did.  Sometimes the &lt;fen&gt;Time_of_event&lt;/fen&gt;, &lt;fen&gt;Purpose_of_event&lt;/fen&gt;, or the &lt;fen&gt;Location_of_event&lt;/fen&gt; are mentioned without the explicit mention of the &lt;fen&gt;Event&lt;/fen&gt;.
&lt;ex&gt;&lt;fex name="Experiencer"&gt;I&lt;/fex&gt; only &lt;t&gt;wanted&lt;/t&gt; &lt;fex name="Foc"&gt;one piece of candy&lt;/fex&gt;.&lt;/ex&gt;
&lt;ex&gt;&lt;fex name="Exp"&gt;The company&lt;/fex&gt; &lt;m&gt;was&lt;/m&gt; &lt;t&gt;eager&lt;/t&gt; &lt;fex name="Foc"&gt;for him&lt;/fex&gt; &lt;fex name="Event"&gt;to leave as soon as possible&lt;/fex&gt;.&lt;/ex&gt;
&lt;ex&gt;&lt;fex name="Exp"&gt;Susan&lt;/fex&gt; &lt;fex name="Degr"&gt;really&lt;/fex&gt; &lt;t&gt;wishes&lt;/t&gt; &lt;fex name="Event"&gt;that you 'd listen to her&lt;/fex&gt;.&lt;/ex&gt;&lt;/def-root&gt;</definition>
    <FE bgColor="FF0000" fgColor="FFFFFF" coreType="Core" cBy="MJE" cDate="07/12/2002 11:32:52 PDT Fri" abbrev="Exp" name="Experiencer" ID="3361">
        <definition>&lt;def-root&gt;The &lt;fen&gt;Experiencer&lt;/fen&gt; is the person (or sentient being) who wishes for the &lt;fen&gt;Event&lt;/fen&gt; to occur.&lt;/def-root&gt;</definition>
        <semType name="Sentient" ID="5"/>
    </FE>
    <FE bgColor="00008B" fgColor="FFFFFF" coreType="Core" cBy="MJE" cDate="07/12/2002 11:35:20 PDT Fri" abbrev="Evnt" name="Event" ID="3363">
        <definition>&lt;def-root&gt;The change that the &lt;fen&gt;Experiencer&lt;/fen&gt; would like to see.&lt;/def-root&gt;</definition>
        <semType name="State_of_affairs" ID="177"/>
    </FE>
    <FE bgColor="0000FF" fgColor="FFFFFF" coreType="Core" cBy="MJE" cDate="07/12/2002 11:45:52 PDT Fri" abbrev="Foc" name="Focal_participant" ID="3366">
        <definition>&lt;def-root&gt;This is the entity that the &lt;fen&gt;Experiencer&lt;/fen&gt; wishes to be affected by some &lt;fen&gt;Event&lt;/fen&gt;.&lt;/def-root&gt;</definition>
    </FE>
    <FE bgColor="FF69B4" fgColor="FFFFFF" coreType="Peripheral" cBy="MJE" cDate="07/12/2002 11:52:46 PDT Fri" abbrev="Degr" name="Degree" ID="3367">
        <definition>&lt;def-root&gt;The &lt;fen&gt;Degree&lt;/fen&gt; is a the extent of the &lt;fen&gt;Experiencer&lt;/fen&gt;'s Desiring.&lt;/def-root&gt;</definition>
        <semType name="Degree" ID="172"/>
    </FE>
    <FE bgColor="FF00FF" fgColor="FFFFFF" coreType="Peripheral" cBy="MJE" cDate="07/12/2002 12:06:08 PDT Fri" abbrev="Manr" name="Manner" ID="3369">
        <definition>&lt;def-root&gt;The way in which the &lt;fen&gt;Experiencer&lt;/fen&gt; desires something.

&lt;ex&gt;I &lt;t&gt;wanted&lt;/t&gt; more of her &lt;fex name="Manner"&gt;like a junkie wants his next fix&lt;/fex&gt;.&lt;/ex&gt;

&lt;/def-root&gt;</definition>
        <semType name="Manner" ID="173"/>
    </FE>
    <FE bgColor="9F79EE" fgColor="FFFFFF" coreType="Extra-Thematic" cBy="MJE" cDate="07/12/2002 12:06:12 PDT Fri" abbrev="Expl" name="Explanation" ID="3370">
        <definition>&lt;def-root&gt;An aspect of the &lt;fen&gt;Experiencer&lt;/fen&gt; that causes a desire.
&lt;ex&gt;Do Italians have a &lt;fex name="Explanation"&gt;genetic&lt;/fex&gt; &lt;t&gt;yearning&lt;/t&gt; for pizza?&lt;/ex&gt;
&lt;ex&gt;&lt;fex name="Explanation"&gt;Intellectually&lt;/fex&gt; he &lt;t&gt;longed&lt;/t&gt; for success, but really he just wanted love.&lt;/ex&gt;
&lt;/def-root&gt;</definition>
        <semType name="State_of_affairs" ID="177"/>
    </FE>
    <FE bgColor="800080" fgColor="FFFFFF" coreType="Peripheral" cBy="MJE" cDate="07/12/2002 12:28:57 PDT Fri" abbrev="Purp" name="Purpose_of_event" ID="3371">
        <definition>&lt;def-root&gt;The &lt;fen&gt;Purpose_of_event&lt;/fen&gt; is the purpose pertaining to the desired &lt;fen&gt;Event&lt;/fen&gt;.

&lt;ex&gt;I &lt;t&gt;want&lt;/t&gt; that book &lt;fex name="Purp"&gt;for my test tomorrow&lt;/fex&gt;.&lt;/ex&gt;
&lt;/def-root&gt;</definition>
    </FE>
    <FE bgColor="FFD700" fgColor="000000" coreType="Peripheral" cBy="MJE" cDate="07/12/2002 02:30:49 PDT Fri" abbrev="EvT" name="Time_of_event" ID="3378">
        <definition>&lt;def-root&gt;The time that the &lt;fen&gt;Event&lt;/fen&gt; would ideally occur.
&lt;ex&gt;I &lt;t&gt;want&lt;/t&gt; porridge &lt;fex name="EvT"&gt;tomorrow&lt;/fex&gt;.&lt;/ex&gt;&lt;/def-root&gt;</definition>
    </FE>
    <FE bgColor="00BFFF" fgColor="FFFFFF" coreType="Core" cBy="MJE" cDate="07/12/2002 06:12:07 PDT Fri" abbrev="PEv" name="Location_of_event" ID="3380">
        <definition>&lt;def-root&gt;The &lt;fen&gt;Location_of_event&lt;/fen&gt; is the place involved in the desired &lt;fen&gt;Event&lt;/fen&gt;.

&lt;ex&gt;I &lt;t&gt;want&lt;/t&gt; that box &lt;fex name="PEv"&gt;on top of the other one&lt;/fex&gt;.&lt;/ex&gt;
&lt;ex&gt;The prince &lt;t&gt;wishes&lt;/t&gt; you &lt;fex name="PEv"&gt;here&lt;/fex&gt; before matins.&lt;/ex&gt;
&lt;/def-root&gt;</definition>
    </FE>
    <FE bgColor="FFA500" fgColor="FFFFFF" coreType="Peripheral" cBy="MJE" cDate="07/12/2002 06:40:34 PDT Fri" abbrev="Time" name="Time" ID="3381">
        <definition>&lt;def-root&gt;The &lt;fen&gt;Time&lt;/fen&gt; is when the &lt;fen&gt;Experiencer&lt;/fen&gt; desires something.
&lt;ex&gt;Oh, so &lt;fex name="Time"&gt;now&lt;/fex&gt; you &lt;t&gt;want&lt;/t&gt; to go to the zoo!&lt;/ex&gt;&lt;/def-root&gt;</definition>
        <semType name="Time" ID="141"/>
    </FE>
    <FE bgColor="008000" fgColor="FFFFFF" coreType="Peripheral" cBy="MJE" cDate="07/12/2002 06:40:36 PDT Fri" abbrev="Place" name="Place" ID="3382">
        <definition>&lt;def-root&gt;Where the event takes place.  Note that this FE is of extremely rare occurrence in this frame.
&lt;ex&gt;&lt;fex name="Place"&gt;In the car&lt;/fex&gt; I had &lt;t&gt;desired&lt;/t&gt; nothing more than to get here, but now that I'm here...&lt;/ex&gt;&lt;/def-root&gt;</definition>
        <semType name="Locative_relation" ID="182"/>
    </FE>
    <FE bgColor="808080" fgColor="FFFFFF" coreType="Peripheral" cBy="MJE" cDate="07/22/2002 03:03:49 PDT Mon" abbrev="Dur" name="Duration" ID="3392">
        <definition>&lt;def-root&gt;The amount of time for which the &lt;fen&gt;Experiencer&lt;/fen&gt; has desired something.
&lt;ex&gt;His &lt;fex name="Dur"&gt;lifelong&lt;/fex&gt; &lt;t&gt;yearning&lt;/t&gt; for success had finally been fulfilled.&lt;/ex&gt;
&lt;ex&gt;I've &lt;t&gt;wanted&lt;/t&gt; them to fix the sidewalk &lt;fex name="Dur"&gt;for years&lt;/fex&gt;!&lt;/ex&gt;&lt;/def-root&gt;</definition>
        <semType name="Duration" ID="142"/>
    </FE>
    <FE bgColor="A52A2A" fgColor="FFFFFF" coreType="Peripheral" cBy="JKR" cDate="12/03/2005 03:28:48 PST Sat" abbrev="rol" name="Role_of_focal_participant" ID="9550">
        <definition>&lt;def-root&gt;The Role is a role filled by a Focal_participant in the Event that the Experiencer desires.

&lt;ex&gt;Michaels originally &lt;t&gt;wanted&lt;/t&gt; Smith &lt;fex name="rol"&gt;as the new Late Night producer&lt;/fex&gt;.&lt;/ex&gt;&lt;/def-root&gt;</definition>
    </FE>
    <FEcoreSet>
        <memberFE name="Event" ID="3363"/>
        <memberFE name="Location_of_event" ID="3380"/>
        <memberFE name="Focal_participant" ID="3366"/>
    </FEcoreSet>
    <frameRelation type="Inherits from">
        <relatedFrame ID="48">Experiencer_focus</relatedFrame>
    </frameRelation>
    <frameRelation type="Is Inherited by">
        <relatedFrame ID="1626">Preference</relatedFrame>
    </frameRelation>
    <frameRelation type="Perspective on"/>
    <frameRelation type="Is Perspectivized in"/>
    <frameRelation type="Uses">
        <relatedFrame ID="1712">Emotions</relatedFrame>
    </frameRelation>
    <frameRelation type="Is Used by">
        <relatedFrame ID="1375">Needing</relatedFrame>
        <relatedFrame ID="513">Purpose</relatedFrame>
    </frameRelation>
    <frameRelation type="Subframe of"/>
    <frameRelation type="Has Subframe(s)"/>
    <frameRelation type="Precedes"/>
    <frameRelation type="Is Preceded by"/>
    <frameRelation type="Is Inchoative of"/>
    <frameRelation type="Is Causative of"/>
    <frameRelation type="See also"/>
    <lexUnit status="Finished_Initial" POS="V" name="want.v" ID="6412" lemmaID="43413" cBy="MJE" cDate="07/05/2002 02:57:56 PDT Fri">
        <definition>COD: have a desire to possess or do (something); wish for</definition>
        <sentenceCount annotated="118" total="380"/>
        <lexeme order="1" headword="false" breakBefore="false" POS="V" name="want"/>
    </lexUnit>
    <lexUnit status="Finished_Initial" POS="V" name="desire.v" ID="6413" lemmaID="10357" cBy="MJE" cDate="07/05/2002 02:58:11 PDT Fri">
        <definition>COD: strongly wish for or want, want sexually.</definition>
        <sentenceCount annotated="37" total="176"/>
        <lexeme order="1" headword="false" breakBefore="false" POS="V" name="desire"/>
    </lexUnit>
    <lexUnit status="Finished_Initial" POS="N" name="desire.n" ID="6414" lemmaID="10356" cBy="MJE" cDate="07/05/2002 02:58:25 PDT Fri">
        <definition>COD: a strong feeling of wanting to have something or wishing for something to happen, strong sexual feeling or appetite.</definition>
        <sentenceCount annotated="58" total="407"/>
        <lexeme order="1" headword="false" breakBefore="false" POS="N" name="desire"/>
    </lexUnit>
    <lexUnit status="Finished_Initial" POS="A" name="desirous.a" ID="6415" lemmaID="10358" cBy="MJE" cDate="07/05/2002 02:58:41 PDT Fri">
        <definition>FN: wishing (for)</definition>
        <sentenceCount annotated="8" total="24"/>
        <lexeme order="1" headword="false" breakBefore="false" POS="A" name="desirous"/>
    </lexUnit>
    <lexUnit status="Finished_Initial" POS="N" name="lust.n" ID="6416" lemmaID="22996" cBy="MJE" cDate="07/05/2002 02:58:55 PDT Fri">
        <definition>COD: a passionate desire for something.</definition>
        <sentenceCount annotated="30" total="175"/>
        <lexeme order="1" headword="false" breakBefore="false" POS="N" name="lust"/>
    </lexUnit>
    <lexUnit status="Finished_Initial" POS="V" name="lust.v" ID="6417" lemmaID="45823" cBy="MJE" cDate="07/05/2002 02:59:32 PDT Fri">
        <definition>COD: feel lust for someone or something.</definition>
        <sentenceCount annotated="8" total="52"/>
        <lexeme order="1" headword="false" breakBefore="false" POS="V" name="lust"/>
    </lexUnit>
    <lexUnit status="Finished_Initial" POS="V" name="hunger.v" ID="6418" lemmaID="18678" cBy="MJE" cDate="07/05/2002 03:00:32 PDT Fri">
        <definition>COD: have a strong desire for.</definition>
        <sentenceCount annotated="6" total="11"/>
        <lexeme order="1" headword="false" breakBefore="false" POS="V" name="hunger"/>
    </lexUnit>
    <lexUnit status="Finished_Initial" POS="N" name="hunger.n" ID="6420" lemmaID="18677" cBy="MJE" cDate="07/05/2002 03:00:50 PDT Fri">
        <definition>COD: a strong desire. </definition>
        <sentenceCount annotated="12" total="197"/>
        <lexeme order="1" headword="false" breakBefore="false" POS="N" name="hunger"/>
    </lexUnit>
    <lexUnit status="Finished_Initial" POS="A" name="hungry.a" ID="6421" lemmaID="18680" cBy="MJE" cDate="07/05/2002 03:01:00 PDT Fri">
        <definition>COD: having a strong desire. </definition>
        <sentenceCount annotated="13" total="164"/>
        <lexeme order="1" headword="false" breakBefore="false" POS="A" name="hungry"/>
    </lexUnit>
    <lexUnit status="Finished_Initial" POS="N" name="thirst.n" ID="6422" lemmaID="40174" cBy="MJE" cDate="07/05/2002 03:01:15 PDT Fri">
        <definition>COD: a strong desire for. </definition>
        <sentenceCount annotated="13" total="153"/>
        <lexeme order="1" headword="false" breakBefore="false" POS="N" name="thirst"/>
    </lexUnit>
    <lexUnit status="Finished_Initial" POS="V" name="thirst.v" ID="6423" lemmaID="40175" cBy="MJE" cDate="07/05/2002 03:01:32 PDT Fri">
        <definition>COD: have a strong desire for. </definition>
        <sentenceCount annotated="8" total="15"/>
        <lexeme order="1" headword="false" breakBefore="false" POS="V" name="thirst"/>
    </lexUnit>
    <lexUnit status="Finished_Initial" POS="A" name="thirsty.a" ID="6424" lemmaID="40177" cBy="MJE" cDate="07/05/2002 03:01:46 PDT Fri">
        <definition>FN: eager to obtain.</definition>
        <sentenceCount annotated="6" total="167"/>
        <lexeme order="1" headword="false" breakBefore="false" POS="A" name="thirsty"/>
    </lexUnit>
    <lexUnit status="Finished_Initial" POS="V" name="long.v" ID="6425" lemmaID="22696" cBy="MJE" cDate="07/05/2002 03:02:10 PDT Fri">
        <definition>COD: have a strong wish for or to do.</definition>
        <sentenceCount annotated="49" total="70"/>
        <lexeme order="1" headword="false" breakBefore="false" POS="V" name="long"/>
    </lexUnit>
    <lexUnit status="Finished_Initial" POS="N" name="longing.n" ID="6426" lemmaID="22709" cBy="MJE" cDate="07/05/2002 03:02:26 PDT Fri">
        <definition>FN: a (wistful) feeling of desire.</definition>
        <sentenceCount annotated="26" total="166"/>
        <lexeme order="1" headword="false" breakBefore="false" POS="N" name="longing"/>
    </lexUnit>
    <lexUnit status="Finished_Initial" POS="N" name="urge.n" ID="6427" lemmaID="42537" cBy="MJE" cDate="07/05/2002 03:02:43 PDT Fri">
        <definition>COD: a strong desire or impulse. </definition>
        <sentenceCount annotated="36" total="297"/>
        <lexeme order="1" headword="false" breakBefore="false" POS="N" name="urge"/>
    </lexUnit>
    <lexUnit status="Finished_Initial" POS="V" name="aspire.v" ID="6428" lemmaID="2121" cBy="MJE" cDate="07/05/2002 03:02:56 PDT Fri">
        <definition>COD: direct one's hopes or ambitions towards achieving something. </definition>
        <sentenceCount annotated="21" total="85"/>
        <lexeme order="1" headword="false" breakBefore="false" POS="V" name="aspire"/>
    </lexUnit>
    <lexUnit status="Created" POS="N" name="wish.n" ID="6429" lemmaID="44295" cBy="MJE" cDate="07/05/2002 03:03:14 PDT Fri">
        <definition>COD: a desire or hope, or an expression of this. </definition>
        <sentenceCount annotated="0" total="0"/>
        <lexeme order="1" headword="false" breakBefore="false" POS="N" name="wish"/>
    </lexUnit>
    <lexUnit status="Created" POS="V" name="wish (that).v" ID="6430" lemmaID="44296" cBy="MJE" cDate="07/05/2002 03:03:37 PDT Fri">
        <definition>COD: desire something that cannot or probably will not happen. </definition>
        <sentenceCount annotated="0" total="0"/>
        <lexeme order="1" headword="false" breakBefore="false" POS="V" name="wish"/>
    </lexUnit>
    <lexUnit status="Finished_Initial" POS="A" name="eager.a" ID="6546" lemmaID="12063" cBy="MJE" cDate="07/09/2002 07:49:43 PDT Tue">
        <definition>COD: strongly wanting to do or have. </definition>
        <sentenceCount annotated="44" total="200"/>
        <lexeme order="1" headword="false" breakBefore="false" POS="A" name="eager"/>
    </lexUnit>
    <lexUnit status="Finished_Initial" POS="V" name="hanker.v" ID="6593" lemmaID="28" cBy="MJE" cDate="07/12/2002 11:30:46 PDT Fri">
        <definition>COD: feel a strong desire for or to do something</definition>
        <sentenceCount annotated="13" total="38"/>
        <lexeme order="1" headword="false" breakBefore="false" POS="V" name="hanker"/>
    </lexUnit>
    <lexUnit status="Insufficient_Attestations" POS="N" name="hankering.n" ID="6594" lemmaID="17399" cBy="MJE" cDate="07/12/2002 11:30:58 PDT Fri">
        <definition>FN: a strong desire</definition>
        <sentenceCount annotated="1" total="2"/>
        <lexeme order="1" headword="false" breakBefore="false" POS="N" name="hankering"/>
    </lexUnit>
    <lexUnit status="Finished_Initial" POS="N" name="aspiration.n" ID="6595" lemmaID="2120" cBy="MJE" cDate="07/12/2002 11:31:36 PDT Fri">
        <definition>COD: a hope or ambition. </definition>
        <sentenceCount annotated="39" total="301"/>
        <lexeme order="1" headword="false" breakBefore="false" POS="N" name="aspiration"/>
    </lexUnit>
    <lexUnit status="Finished_Initial" POS="V" name="crave.v" ID="6596" lemmaID="8816" cBy="MJE" cDate="07/12/2002 11:46:33 PDT Fri">
        <definition>COD: feel a powerful desire for.</definition>
        <sentenceCount annotated="31" total="122"/>
        <lexeme order="1" headword="false" breakBefore="false" POS="V" name="crave"/>
    </lexUnit>
    <lexUnit status="Finished_Initial" POS="N" name="craving.n" ID="6597" lemmaID="8821" cBy="MJE" cDate="07/12/2002 11:46:43 PDT Fri">
        <definition>FN: a strong urge (to consume something)</definition>
        <sentenceCount annotated="13" total="83"/>
        <lexeme order="1" headword="false" breakBefore="false" POS="N" name="craving"/>
    </lexUnit>
    <lexUnit status="Finished_Initial" POS="V" name="yearn.v" ID="6599" lemmaID="44686" cBy="MJE" cDate="07/12/2002 02:32:10 PDT Fri">
        <definition>COD: have an intense feeling of loss and longing for something. </definition>
        <sentenceCount annotated="29" total="82"/>
        <lexeme order="1" headword="false" breakBefore="false" POS="V" name="yearn"/>
    </lexUnit>
    <lexUnit status="Finished_Initial" POS="N" name="yen.n" ID="6600" lemmaID="44706" cBy="MJE" cDate="07/12/2002 02:32:31 PDT Fri">
        <definition>COD:  a longing or yearning.</definition>
        <sentenceCount annotated="9" total="79"/>
        <lexeme order="1" headword="false" breakBefore="false" POS="N" name="yen"/>
    </lexUnit>
    <lexUnit status="Finished_Initial" POS="N" name="yearning.n" ID="6601" lemmaID="44687" cBy="MJE" cDate="07/12/2002 02:32:41 PDT Fri">
        <definition>FN: an intense and painful desire.</definition>
        <sentenceCount annotated="15" total="155"/>
        <lexeme order="1" headword="false" breakBefore="false" POS="N" name="yearning"/>
    </lexUnit>
    <lexUnit status="Created" POS="N" name="wants.n" ID="6602" lemmaID="43421" cBy="MJE" cDate="07/12/2002 02:33:55 PDT Fri">
        <definition>COD: a desire for something. </definition>
        <sentenceCount annotated="0" total="0"/>
        <lexeme order="1" headword="false" breakBefore="false" POS="N" name="wants"/>
    </lexUnit>
    <lexUnit status="Created" POS="V" name="hope.v" ID="6604" lemmaID="18377" cBy="MJE" cDate="07/12/2002 02:50:32 PDT Fri">
        <definition>COD:  expect and desire.</definition>
        <sentenceCount annotated="14" total="14"/>
        <lexeme order="1" headword="false" breakBefore="false" POS="V" name="hope"/>
    </lexUnit>
    <lexUnit status="Finished_Initial" POS="N" name="hope.n" ID="6605" lemmaID="18376" cBy="MJE" cDate="07/12/2002 02:50:46 PDT Fri">
        <definition>COD: a feeling of expectation and desire.</definition>
        <sentenceCount annotated="69" total="531"/>
        <lexeme order="1" headword="false" breakBefore="false" POS="N" name="hope"/>
    </lexUnit>
    <lexUnit status="Finished_Initial" POS="V" name="covet.v" ID="6681" lemmaID="8687" cBy="MJE" cDate="07/18/2002 12:58:02 PDT Thu">
        <definition>COD: yearn to possess</definition>
        <sentenceCount annotated="24" total="75"/>
        <lexeme order="1" headword="false" breakBefore="false" POS="V" name="covet"/>
    </lexUnit>
    <lexUnit status="Created" POS="A" name="covetous.a" ID="6682" lemmaID="8688" cBy="MJE" cDate="07/18/2002 12:58:18 PDT Thu">
        <definition>FN: yearning to possess (something belonging to someone else)</definition>
        <sentenceCount annotated="0" total="0"/>
        <lexeme order="1" headword="false" breakBefore="false" POS="A" name="covetous"/>
    </lexUnit>
    <lexUnit status="Created" POS="V" name="will.v" ID="6683" lemmaID="44177" cBy="MJE" cDate="07/18/2002 05:04:01 PDT Thu">
        <definition>COD: intend or desire to happen.</definition>
        <sentenceCount annotated="0" total="1"/>
        <lexeme order="1" headword="false" breakBefore="false" POS="V" name="will"/>
    </lexUnit>
    <lexUnit status="Created" POS="V" name="wish.v" ID="6684" lemmaID="44296" cBy="MJE" cDate="07/18/2002 06:02:51 PDT Thu">
        <definition>COD: desire something that cannot or probably will not happen.</definition>
        <sentenceCount annotated="6" total="6"/>
        <lexeme order="1" headword="false" breakBefore="false" POS="V" name="wish"/>
    </lexUnit>
    <lexUnit status="Insufficient_Attestations" POS="V" name="yen.v" ID="6701" lemmaID="44707" cBy="MJE" cDate="07/21/2002 11:48:42 PDT Sun">
        <definition>COD: feel a longing or yearning.</definition>
        <sentenceCount annotated="0" total="0"/>
        <lexeme order="1" headword="false" breakBefore="false" POS="V" name="yen"/>
    </lexUnit>
    <lexUnit status="Finished_Initial" POS="N" name="ambition.n" ID="6702" lemmaID="1204" cBy="MJE" cDate="07/22/2002 06:40:36 PDT Mon">
        <definition>FN: the hope of accompllishing some goal, often over a long time, and involving considerable effort.</definition>
        <sentenceCount annotated="33" total="198"/>
        <lexeme order="1" headword="false" breakBefore="false" POS="N" name="ambition"/>
    </lexUnit>
    <lexUnit status="Finished_Initial" POS="V" name="feel like.v" ID="7430" lemmaID="46117" cBy="JKR" cDate="09/11/2002 03:26:54 PDT Wed">
        <definition>FN: to feel a desire for</definition>
        <sentenceCount annotated="10" total="136"/>
        <lexeme order="1" headword="true" breakBefore="false" POS="V" name="feel"/>
        <lexeme order="2" headword="false" breakBefore="true" POS="PREP" name="like"/>
    </lexUnit>
    <lexUnit status="Finished_Initial" POS="A" name="interested.a" ID="8737" lemmaID="20317" cBy="GlY" cDate="06/03/2003 04:46:52 PDT Tue">
        <definition>FN: having a desire for someone or something</definition>
        <sentenceCount annotated="17" total="129"/>
        <lexeme order="1" headword="false" breakBefore="false" POS="A" name="interested"/>
    </lexUnit>
    <lexUnit status="Created" POS="PREP" name="in the hope of.prep" ID="9844" lemmaID="48504" cBy="JKR" cDate="10/20/2003 04:10:36 PDT Mon">
        <definition>FN: with the desire to</definition>
        <sentenceCount annotated="1" total="1"/>
        <lexeme order="1" headword="true" breakBefore="false" POS="PREP" name="in"/>
        <lexeme order="2" headword="false" breakBefore="false" POS="ART" name="the"/>
        <lexeme order="3" headword="false" breakBefore="true" POS="N" name="hope"/>
        <lexeme order="4" headword="false" breakBefore="false" POS="PREP" name="of"/>
    </lexUnit>
    <lexUnit status="Finished_Initial" POS="A" name="raring.a" ID="9890" lemmaID="31844" cBy="JKR" cDate="11/04/2003 05:09:39 PST Tue">
        <definition>COD: very eager to do someting</definition>
        <sentenceCount annotated="13" total="40"/>
        <lexeme order="1" headword="false" breakBefore="false" POS="A" name="raring"/>
    </lexUnit>
    <lexUnit status="Created" POS="A" name="spoiling.a" ID="10287" lemmaID="48897" cBy="JKR" cDate="03/10/2004 04:16:00 PST Wed">
        <definition>COD:  be extremely or aggressively eager for.</definition>
        <sentenceCount annotated="0" total="0"/>
        <lexeme order="1" headword="true" breakBefore="false" POS="A" name="spoiling"/>
    </lexUnit>
    <lexUnit status="Created" POS="A" name="dying.a" ID="10288" lemmaID="12035" cBy="JKR" cDate="03/10/2004 04:17:49 PST Wed">
        <definition>FN: extremely desirous </definition>
        <sentenceCount annotated="0" total="0"/>
        <lexeme order="1" headword="false" breakBefore="false" POS="A" name="dying"/>
    </lexUnit>
    <lexUnit status="Finished_Initial" POS="V" name="fancy.v" ID="13040" lemmaID="13922" cBy="JKR" cDate="12/03/2005 03:00:05 PST Sat">
        <definition>COD: feel a desire for</definition>
        <sentenceCount annotated="19" total="181"/>
        <lexeme order="1" headword="false" breakBefore="false" POS="V" name="fancy"/>
    </lexUnit>
    <lexUnit status="Finished_Initial" POS="V" name="pine.v" ID="13041" lemmaID="29051" cBy="JKR" cDate="12/03/2005 03:00:54 PST Sat">
        <definition>COD: miss and long for the return of.</definition>
        <sentenceCount annotated="14" total="68"/>
        <lexeme order="1" headword="false" breakBefore="false" POS="V" name="pine"/>
    </lexUnit>
    <lexUnit status="Created" POS="V" name="ache.v" ID="13043" lemmaID="343" cBy="JKR" cDate="12/03/2005 03:13:52 PST Sat">
        <definition>COD: yearn.</definition>
        <sentenceCount annotated="0" total="0"/>
        <lexeme order="1" headword="false" breakBefore="false" POS="V" name="ache"/>
    </lexUnit>
    <lexUnit status="Created" POS="A" name="desired.a" ID="13267" lemmaID="50378" cBy="MiL" cDate="06/19/2006 05:05:41 PDT Mon">
        <definition>FN: being desired</definition>
        <sentenceCount annotated="0" total="0"/>
        <lexeme order="1" headword="true" breakBefore="false" POS="A" name="desired"/>
    </lexUnit>
    <lexUnit status="Created" POS="N" name="will.n" ID="13858" lemmaID="50519" cBy="MJE" cDate="02/25/2007 04:40:08 PST Sun">
        <definition>COD: a desire or intention.</definition>
        <sentenceCount annotated="1" total="1"/>
        <lexeme order="1" headword="true" breakBefore="false" POS="N" name="will"/>
    </lexUnit>
    <lexUnit status="Created" POS="V" name="itch.v" ID="15067" lemmaID="20739" cBy="JKs" cDate="06/06/2008 02:48:14 PDT Fri">
        <definition>FN: crave in a restless manner</definition>
        <sentenceCount annotated="0" total="0"/>
        <lexeme order="1" headword="false" breakBefore="false" POS="V" name="itch"/>
    </lexUnit>
    <lexUnit status="Created" POS="A" name="loath.a" ID="15556" lemmaID="22592" cBy="MJE" cDate="11/29/2009 08:04:24 PST Sun">
        <definition>FN: specifically not wanting (to do something), despite contextual reasons in favor, because of the anticipated outcome.</definition>
        <sentenceCount annotated="0" total="0"/>
        <lexeme order="1" headword="false" breakBefore="false" POS="A" name="loath"/>
    </lexUnit>
    <lexUnit status="Created" POS="A" name="reluctant.a" ID="15557" lemmaID="32543" cBy="MJE" cDate="11/29/2009 08:07:23 PST Sun">
        <definition>FN: having a desire not (to do something)</definition>
        <sentenceCount annotated="0" total="0"/>
        <lexeme order="1" headword="false" breakBefore="false" POS="A" name="reluctant"/>
    </lexUnit>
    <lexUnit status="Created" POS="V" name="care.v" ID="17678" lemmaID="5537" cBy="MJE" cDate="08/18/2014 10:22:29 PDT Mon">
        <definition>FN: want.
[NB: negative polarity and conditionals.]</definition>
        <sentenceCount annotated="1" total="1"/>
        <lexeme order="1" headword="false" breakBefore="false" POS="V" name="care"/>
    </lexUnit>
    <lexUnit status="Created" POS="PREP" name="in hopes of.prep" ID="18389" lemmaID="51995" cBy="MJE" cDate="09/24/2015 11:14:22 PDT Thu">
        <definition>FN: with the desire to</definition>
        <sentenceCount annotated="0" total="0"/>
        <lexeme order="1" headword="true" breakBefore="false" POS="PREP" name="in"/>
        <lexeme order="2" headword="false" breakBefore="true" POS="N" name="hopes"/>
        <lexeme order="3" headword="false" breakBefore="false" POS="PREP" name="of"/>
    </lexUnit>
    <lexUnit status="Created" POS="N" name="impulse.n" ID="18539" lemmaID="19287" cBy="HPh" cDate="12/17/2015 05:20:17 PST Thu">
        <definition>FN: a sudden desire or whim</definition>
        <sentenceCount annotated="0" total="0"/>
        <lexeme order="1" headword="false" breakBefore="false" POS="N" name="impulse"/>
    </lexUnit>
</frame>