<?xml version="1.0" encoding="UTF-8" standalone="yes"?>
<?xml-stylesheet type="text/xsl" href="frame.xsl"?>
<frame cBy="JKR" cDate="04/15/2005 04:19:49 PDT Fri" name="Detaching" ID="1390" xsi:schemaLocation="../schema/frame.xsd" xmlns="http://framenet.icsi.berkeley.edu" xmlns:xsi="http://www.w3.org/2001/XMLSchema-instance">
    <definition>&lt;def-root&gt;The Detaching frame covers two situations: a scene in which somebody causes one thing to be physically detached from something else; or a scene in which somebody causes two things to be disconnected from each other. In the first, the frame includes an &lt;fen&gt;Agent&lt;/fen&gt; who detaches an &lt;fen&gt;Item&lt;/fen&gt; from a &lt;fen&gt;Source&lt;/fen&gt;, creating an asymmetric relationship between the &lt;fen&gt;Item&lt;/fen&gt; and the &lt;fen&gt;Source&lt;/fen&gt;. In the second, the &lt;fen&gt;Agent&lt;/fen&gt; attaches two &lt;fen&gt;Items&lt;/fen&gt; to each other, where each serves as a &lt;fen&gt;Source&lt;/fen&gt; relative to the other, creating a symmetric relationship between the two &lt;fen&gt;Items&lt;/fen&gt;. Note in both cases, after the removal of the connector, the &lt;fen&gt;Items&lt;/fen&gt; that were formerly attached re-appear as the two separate or potentially separate entities that they were throughout.

&lt;ex&gt;&lt;fex name="Agent"&gt;They&lt;/fex&gt; finally &lt;t&gt;unchained&lt;/t&gt; &lt;fex name="Item"&gt;me&lt;/fex&gt; &lt;fex name="Source"&gt;from my desk at work&lt;/fex&gt; and I'm leavin town.&lt;/ex&gt;
&lt;ex&gt;&lt;fex name="Time"&gt;Before adding a new area of color&lt;/fex&gt;, &lt;fex name="Agent"&gt;he&lt;/fex&gt; &lt;t&gt;detached&lt;/t&gt; &lt;fex name="Item"&gt;the canvas&lt;/fex&gt; &lt;fex name="Source"&gt;from the stretcher&lt;/fex&gt; and laboriously scraped away the old paint in that spot.&lt;/ex&gt;
&lt;ex&gt;&lt;fex name="age"&gt;She&lt;/fex&gt; &lt;t&gt;unhooked&lt;/t&gt; &lt;fex name="ite"&gt;the leash&lt;/fex&gt; &lt;fex name="sou"&gt;from Patty's collar&lt;/fex&gt;, and pulled her up on the couch.&lt;/ex&gt;&lt;/def-root&gt;</definition>
    <FE bgColor="FF0000" fgColor="FFFFFF" coreType="Core" cBy="JKR" cDate="04/15/2005 04:19:49 PDT Fri" abbrev="age" name="Agent" ID="7803">
        <definition>&lt;def-root&gt;The individual that causes the &lt;fen&gt;Item&lt;/fen&gt; and &lt;fen&gt;Source&lt;/fen&gt; to come apart by manipulating the connector.

&lt;ex&gt;After a few minutes &lt;fex name="Agent"&gt;he&lt;/fex&gt; got up and &lt;t&gt;unchained&lt;/t&gt; me from the tree.&lt;/ex&gt;&lt;/def-root&gt;</definition>
        <semType name="Sentient" ID="5"/>
    </FE>
    <FE bgColor="0000FF" fgColor="FFFFFF" coreType="Core" cBy="JKR" cDate="04/15/2005 04:19:50 PDT Fri" abbrev="ite" name="Item" ID="7804">
        <definition>&lt;def-root&gt;This FE identifies the &lt;fen&gt;Item&lt;/fen&gt; that the &lt;fen&gt;Agent&lt;/fen&gt; detaches from the &lt;fen&gt;Source&lt;/fen&gt;.

&lt;ex&gt;Mercer's cell phone vibrated and he &lt;t&gt;unhitched&lt;/t&gt; &lt;fex name="ite"&gt;it&lt;/fex&gt; from his belt to flip it open.&lt;/ex&gt;&lt;/def-root&gt;</definition>
    </FE>
    <FE bgColor="9400D3" fgColor="FFFFFF" coreType="Extra-Thematic" cBy="JKR" cDate="04/15/2005 04:19:50 PDT Fri" abbrev="Result" name="Result" ID="7805">
        <definition>&lt;def-root&gt;This FE identifies the &lt;fen&gt;Result&lt;/fen&gt; of a detaching event.
&lt;/def-root&gt;</definition>
    </FE>
    <FE bgColor="006400" fgColor="FFFFFF" coreType="Core" cBy="JKR" cDate="04/15/2005 04:19:50 PDT Fri" abbrev="sou" name="Source" ID="7806">
        <definition>&lt;def-root&gt;&lt;fen&gt;Source&lt;/fen&gt; identifies the location to which an &lt;fen&gt;Item&lt;/fen&gt; was attached before getting detached.


&lt;ex&gt;Mercer's cell phone vibrated and he &lt;t&gt;unhitched&lt;/t&gt; it &lt;fex name="sou"&gt;from his belt&lt;/fex&gt; to flip it open.&lt;/ex&gt;&lt;/def-root&gt;</definition>
        <semType name="Source" ID="151"/>
    </FE>
    <FE bgColor="00008B" fgColor="FFFFFF" coreType="Core" cBy="JKR" cDate="04/15/2005 04:19:50 PDT Fri" abbrev="Items" name="Items" ID="7808">
        <definition>&lt;def-root&gt;This FE identifies the plural &lt;fen&gt;Items&lt;/fen&gt; that are detached from each other, resulting in their separation.

&lt;ex&gt;When, later, they &lt;t&gt;untied&lt;/t&gt; &lt;fex name="Items"&gt;his ankles&lt;/fex&gt;, the ropes were left draped over the beam.&lt;/ex&gt;

Notice that when the FE &lt;fen&gt;Items&lt;/fen&gt; occurs, neither &lt;fen&gt;Item&lt;/fen&gt; nor &lt;fen&gt;Source&lt;/fen&gt; can occur.&lt;/def-root&gt;</definition>
    </FE>
    <FE bgColor="9F79EE" fgColor="FFFFFF" coreType="Peripheral" cBy="JKR" cDate="04/15/2005 04:19:50 PDT Fri" abbrev="Mns" name="Means" ID="7810">
        <definition>&lt;def-root&gt;This FE identifies the &lt;fen&gt;Means&lt;/fen&gt; by which an &lt;fen&gt;Agent&lt;/fen&gt; detaches an &lt;fen&gt;Item&lt;/fen&gt; or &lt;fen&gt;Items&lt;/fen&gt;. 

&lt;ex&gt;I must have &lt;t&gt;detached&lt;/t&gt; the macro lens &lt;fex name="Mns"&gt;by dragging my octopus hose over the camera as I was preparing to submerge&lt;/fex&gt;.&lt;/ex&gt;&lt;/def-root&gt;</definition>
        <semType name="State_of_affairs" ID="177"/>
    </FE>
    <FE bgColor="FF00FF" fgColor="FFFFFF" coreType="Peripheral" cBy="JKR" cDate="04/15/2005 04:19:50 PDT Fri" abbrev="Mnr" name="Manner" ID="7811">
        <definition>&lt;def-root&gt;Any description of the detaching event which is not covered by more specific FEs, including epistemic modification (probably, presumably, mysteriously),  secondary effects (quietly, loudly), and general descriptions comparing events (the same way). It may also indicate salient characteristics of the Agent that affect the action (presumptuously, coldly, deliberately, eagerly, carefully).

&lt;ex&gt;I used a paper clip to pry it off slightly, then &lt;fex name="Mnr"&gt;carefully&lt;/fex&gt; &lt;t&gt;detached&lt;/t&gt; it with a small screwdriver.&lt;/ex&gt;&lt;/def-root&gt;</definition>
        <semType name="Manner" ID="173"/>
    </FE>
    <FE bgColor="008000" fgColor="FFFFFF" coreType="Peripheral" cBy="JKR" cDate="04/15/2005 04:19:50 PDT Fri" abbrev="Place" name="Place" ID="7812">
        <definition>&lt;def-root&gt;This FE identifies the &lt;fen&gt;Place&lt;/fen&gt; where the &lt;fen&gt;Agent&lt;/fen&gt; detaches an &lt;fen&gt;Item&lt;/fen&gt; or &lt;fen&gt;Items&lt;/fen&gt;. 

&lt;/def-root&gt;</definition>
        <semType name="Locative_relation" ID="182"/>
    </FE>
    <FE bgColor="800080" fgColor="FFFFFF" coreType="Extra-Thematic" cBy="JKR" cDate="04/15/2005 04:19:50 PDT Fri" abbrev="Purp" name="Purpose" ID="7813">
        <definition>&lt;def-root&gt;This FE identifies the &lt;fen&gt;Purpose&lt;/fen&gt; for which an &lt;fen&gt;Agent&lt;/fen&gt; intentionally detaches an &lt;fen&gt;Item&lt;/fen&gt; or &lt;fen&gt;Items&lt;/fen&gt;. 

&lt;/def-root&gt;</definition>
        <semType name="State_of_affairs" ID="177"/>
    </FE>
    <FE bgColor="FFA500" fgColor="FFFFFF" coreType="Peripheral" cBy="JKR" cDate="04/15/2005 04:19:50 PDT Fri" abbrev="Time" name="Time" ID="7814">
        <definition>&lt;def-root&gt;This FE identifies the &lt;fen&gt;Time&lt;/fen&gt; when the &lt;fen&gt;Agent&lt;/fen&gt; detaches the &lt;fen&gt;Item&lt;/fen&gt; from the &lt;fen&gt;Source&lt;/fen&gt;.

&lt;/def-root&gt;</definition>
        <semType name="Time" ID="141"/>
    </FE>
    <FE bgColor="808080" fgColor="FFFFFF" coreType="Peripheral" cBy="JKR" cDate="04/15/2005 04:19:50 PDT Fri" abbrev="Ins" name="Instrument" ID="7815">
        <definition>&lt;def-root&gt;This FE identifies the &lt;fen&gt;Instrument&lt;/fen&gt; with which an &lt;fen&gt;Agent&lt;/fen&gt; detaches an &lt;fen&gt;Item&lt;/fen&gt; or &lt;fen&gt;Items&lt;/fen&gt;.  Typically, it transmits the force applied by the &lt;fen&gt;Agent&lt;/fen&gt;, and is not left behind as a participant in the resultant state.



&lt;ex&gt;I &lt;t&gt;detached&lt;/t&gt; it &lt;fex name="Ins"&gt;with my penknife&lt;/fex&gt;.&lt;/ex&gt;&lt;/def-root&gt;</definition>
        <semType name="Physical_entity" ID="70"/>
    </FE>
    <FE bgColor="FF69B4" fgColor="FFFFFF" coreType="Peripheral" cBy="JKR" cDate="04/15/2005 04:19:50 PDT Fri" abbrev="Degr" name="Degree" ID="7816">
        <definition>&lt;def-root&gt;This FE identifies the &lt;fen&gt;Degree&lt;/fen&gt; to which the &lt;fen&gt;Item&lt;/fen&gt; ends up detached.

&lt;ex&gt;Trypsin &lt;t&gt;detached&lt;/t&gt; the rest of the basal lamina &lt;fex name="Degr"&gt;completely&lt;/fex&gt; from the endothelium.&lt;/ex&gt;&lt;/def-root&gt;</definition>
        <semType name="Degree" ID="172"/>
    </FE>
    <frameRelation type="Inherits from">
        <relatedFrame ID="230">Intentionally_affect</relatedFrame>
    </frameRelation>
    <frameRelation type="Is Inherited by"/>
    <frameRelation type="Perspective on"/>
    <frameRelation type="Is Perspectivized in"/>
    <frameRelation type="Uses"/>
    <frameRelation type="Is Used by"/>
    <frameRelation type="Subframe of"/>
    <frameRelation type="Has Subframe(s)"/>
    <frameRelation type="Precedes"/>
    <frameRelation type="Is Preceded by"/>
    <frameRelation type="Is Inchoative of"/>
    <frameRelation type="Is Causative of">
        <relatedFrame ID="1391">Becoming_detached</relatedFrame>
    </frameRelation>
    <frameRelation type="See also"/>
    <lexUnit status="Finished_Initial" POS="V" name="detach.v" ID="11840" lemmaID="10408" cBy="JKR" cDate="04/15/2005 04:38:07 PDT Fri">
        <definition>COD: disengage (something) and remove it.</definition>
        <sentenceCount annotated="20" total="160"/>
        <lexeme order="1" headword="false" breakBefore="false" POS="V" name="detach"/>
    </lexUnit>
    <lexUnit status="Created" POS="V" name="unhitch.v" ID="11841" lemmaID="49937" cBy="JKR" cDate="04/15/2005 04:39:51 PDT Fri">
        <definition>COD: unhook or unfasten.</definition>
        <sentenceCount annotated="0" total="0"/>
        <lexeme order="1" headword="true" breakBefore="false" POS="V" name="unhitch"/>
    </lexUnit>
    <lexUnit status="Created" POS="V" name="unhook.v" ID="11842" lemmaID="42174" cBy="JKR" cDate="04/15/2005 04:40:27 PDT Fri">
        <definition>COD: unfasten or detach (something held by a hook).</definition>
        <sentenceCount annotated="0" total="0"/>
        <lexeme order="1" headword="false" breakBefore="false" POS="V" name="unhook"/>
    </lexUnit>
    <lexUnit status="Created" POS="V" name="unfasten.v" ID="11843" lemmaID="45404" cBy="JKR" cDate="04/15/2005 04:40:52 PDT Fri">
        <definition>COD: open the fastening of; undo.</definition>
        <sentenceCount annotated="0" total="0"/>
        <lexeme order="1" headword="false" breakBefore="false" POS="V" name="unfasten"/>
    </lexUnit>
    <lexUnit status="Finished_Initial" POS="V" name="untie.v" ID="11844" lemmaID="45677" cBy="JKR" cDate="04/15/2005 04:42:09 PDT Fri">
        <definition>COD:  undo or unfasten (something tied)</definition>
        <sentenceCount annotated="20" total="87"/>
        <lexeme order="1" headword="false" breakBefore="false" POS="V" name="untie"/>
    </lexUnit>
    <lexUnit status="Created" POS="V" name="unmoor.v" ID="11845" lemmaID="49938" cBy="JKR" cDate="04/15/2005 04:44:04 PDT Fri">
        <definition>COD:  release the moorings of</definition>
        <sentenceCount annotated="0" total="0"/>
        <lexeme order="1" headword="true" breakBefore="false" POS="V" name="unmoor"/>
    </lexUnit>
    <lexUnit status="Created" POS="V" name="unchain.v" ID="11846" lemmaID="49939" cBy="JKR" cDate="04/15/2005 04:47:31 PDT Fri">
        <definition>FN: to free by removing a chain </definition>
        <sentenceCount annotated="0" total="0"/>
        <lexeme order="1" headword="true" breakBefore="false" POS="V" name="unchain"/>
    </lexUnit>
    <lexUnit status="Created" POS="V" name="decouple.v" ID="17528" lemmaID="50410" cBy="CVa" cDate="07/07/2014 12:01:15 PDT Mon">
        <definition>FN: to separate two objects </definition>
        <sentenceCount annotated="0" total="0"/>
        <lexeme order="1" headword="true" breakBefore="false" POS="V" name="decouple"/>
    </lexUnit>
    <lexUnit status="Created" POS="V" name="unhinge.v" ID="17529" lemmaID="42171" cBy="CVa" cDate="07/07/2014 12:02:57 PDT Mon">
        <definition>FN: to separate two objects which were previously attached to one another by hinges</definition>
        <sentenceCount annotated="0" total="0"/>
        <lexeme order="1" headword="false" breakBefore="false" POS="V" name="unhinge"/>
    </lexUnit>
    <lexUnit status="Created" POS="V" name="undo.v" ID="17672" lemmaID="42043" cBy="WMcQ" cDate="08/15/2014 11:24:06 PDT Fri">
        <definition>FN: Letting a fastened item loose with an intentional action.</definition>
        <sentenceCount annotated="1" total="1"/>
        <lexeme order="1" headword="false" breakBefore="false" POS="V" name="undo"/>
    </lexUnit>
</frame>