<?xml version="1.0" encoding="UTF-8" standalone="yes"?>
<?xml-stylesheet type="text/xsl" href="frame.xsl"?>
<frame cBy="JKR" cDate="07/10/2002 06:29:00 PDT Wed" name="Difficulty" ID="375" xsi:schemaLocation="../schema/frame.xsd" xmlns="http://framenet.icsi.berkeley.edu" xmlns:xsi="http://www.w3.org/2001/XMLSchema-instance">
    <definition>&lt;def-root&gt;An &lt;fen&gt;Experiencer&lt;/fen&gt; has an easy or difficult time carrying out an &lt;fen&gt;Activity&lt;/fen&gt;. The ease or difficulty associated with the &lt;fen&gt;Activity&lt;/fen&gt; seems to often be associated with a prominent participant. However, we consider this impression to be due to the syntax and pragmatics of the relevant sentence constructions and employ no special FE for such participants. The &lt;fen&gt;Degree&lt;/fen&gt; of ease or difficulty is often specified as well as a set of &lt;fen&gt;Circumstances&lt;/fen&gt;. A &lt;fen&gt;Parameter&lt;/fen&gt; may be mentioned that indicates in which respect the &lt;fen&gt;Activity&lt;/fen&gt; is judged to be easy or difficult.
&lt;ex&gt;&lt;/ex&gt;
Unmarked LUs of this frame indicate that something is easy, while LUs of this frame that mean the opposite of easy are marked with the semantic type "Negative", as in difficult.a, arduous.a, and a bitch.n.  

&lt;ex&gt;(1) &lt;fex name="Activity"&gt;John&lt;/fex&gt; &lt;m&gt;is&lt;/m&gt; &lt;t&gt;easy&lt;/t&gt; &lt;fex name="Activity"&gt;to please&lt;/fex&gt;.&lt;/ex&gt;
&lt;ex&gt;(2) It &lt;m&gt;is&lt;/m&gt; &lt;t&gt;easy&lt;/t&gt; &lt;fex name="Activity"&gt;to get Alex annoyed&lt;/fex&gt;.&lt;/ex&gt;
&lt;ex&gt;(3) &lt;fex name="Activity"&gt;Smithers&lt;/fex&gt; is &lt;fex name="Degree"&gt;very&lt;/fex&gt; &lt;t&gt;tough&lt;/t&gt; &lt;fex name="Experiencer"&gt;for me&lt;/fex&gt; &lt;fex name="Activity"&gt;to please&lt;/fex&gt;.&lt;/ex&gt;
&lt;ex&gt;(4) &lt;fex name="Activity"&gt;VWs&lt;/fex&gt; are &lt;t&gt;easy&lt;/t&gt; &lt;fex name="Activity"&gt;to repair&lt;/fex&gt;.&lt;/ex&gt;
&lt;ex&gt;(5) &lt;fex name="Activity"&gt;The dating of western sculpture&lt;/fex&gt; is &lt;t&gt;difficult&lt;/t&gt;.&lt;/ex&gt;
&lt;ex&gt;(6) &lt;fex name="Circumstances"&gt;In that kind of wind&lt;/fex&gt; &lt;fex name="Activity"&gt;the course&lt;/fex&gt; is &lt;fex name="Parameter"&gt;physically&lt;/fex&gt; &lt;fex name="Degree"&gt;very&lt;/fex&gt; &lt;t&gt;tricky&lt;/t&gt;.&lt;/ex&gt;
&lt;ex&gt;(7) &lt;fex name="Activity"&gt;The last question on the exam&lt;/fex&gt; &lt;m&gt;was&lt;/m&gt; &lt;t&gt;hard&lt;/t&gt;. &lt;/ex&gt;
&lt;ex&gt;(8) The last one was a &lt;t&gt;hard&lt;/t&gt; &lt;fex name="Activity"&gt;question&lt;/fex&gt; &lt;fex name="Activity"&gt;to answer&lt;/fex&gt;. &lt;/ex&gt;&lt;/def-root&gt;</definition>
    <FE bgColor="0000FF" fgColor="FFFFFF" coreType="Core" cBy="JKR" cDate="07/12/2002 11:07:00 PDT Fri" abbrev="Activity" name="Activity" ID="3360">
        <definition>&lt;def-root&gt;This Frame Element marks expressions indicating the &lt;fen&gt;Activity&lt;/fen&gt; that the &lt;fen&gt;Experiencer&lt;/fen&gt; finds difficult or easy. In many cases, the relevant &lt;fen&gt;Activity&lt;/fen&gt; has to be inferred from the context.

&lt;ex&gt;&lt;fex name="Activity"&gt;The climb&lt;/fex&gt; was &lt;t&gt;difficult&lt;/t&gt;.&lt;/ex&gt;
&lt;ex&gt;&lt;fex name="Activity"&gt;That question&lt;/fex&gt; was &lt;t&gt;difficult&lt;/t&gt;.&lt;/ex&gt;
&lt;ex&gt;&lt;fex name="Activity"&gt;That question&lt;/fex&gt; was &lt;t&gt;difficult&lt;/t&gt; &lt;fex name="Activity"&gt;to answer&lt;/fex&gt;.&lt;/ex&gt;&lt;/def-root&gt;</definition>
    </FE>
    <FE bgColor="FF69B4" fgColor="FFFFFF" coreType="Peripheral" cBy="JKR" cDate="07/12/2002 11:34:11 PDT Fri" abbrev="Degree" name="Degree" ID="3362">
        <definition>&lt;def-root&gt;This Frame Element marks expressions that indicate the &lt;fen&gt;Degree&lt;/fen&gt; of difficulty that the &lt;fen&gt;Experiencer&lt;/fen&gt; has in carrying out the &lt;fen&gt;Activity&lt;/fen&gt;.

&lt;ex&gt; Charlie is &lt;fex name="Degree"&gt;very&lt;/fex&gt; &lt;t&gt;tough&lt;/t&gt; for Lulu to please.&lt;/ex&gt;&lt;/def-root&gt;</definition>
        <semType name="Degree" ID="172"/>
    </FE>
    <FE bgColor="FFA500" fgColor="FFFFFF" coreType="Extra-Thematic" cBy="JKR" cDate="07/12/2002 11:37:21 PDT Fri" abbrev="Circumstances" name="Circumstances" ID="3364">
        <definition>&lt;def-root&gt;This Frame Element marks expressions that indicate a set of conditions in which the &lt;fen&gt;Activity&lt;/fen&gt; is being experienced and which influence the &lt;fen&gt;Experiencer&lt;/fen&gt;'s perception of how easy or difficult the &lt;fen&gt;Activity&lt;/fen&gt; is.

&lt;ex&gt;&lt;fex name="Circumstances"&gt;In this weather&lt;/fex&gt; the climb turned out to be very &lt;t&gt;difficult&lt;/t&gt;.&lt;/ex&gt;&lt;/def-root&gt;</definition>
    </FE>
    <FE bgColor="800080" fgColor="FFFFFF" coreType="Core" cBy="JKR" cDate="07/12/2002 11:39:45 PDT Fri" abbrev="Experiencer" name="Experiencer" ID="3365">
        <definition>&lt;def-root&gt;This Frame Element marks expressions that indicate which person judges carrying out the &lt;fen&gt;Activity&lt;/fen&gt; to be easy or difficult.

&lt;ex&gt;The geology question on the exam was &lt;t&gt;hard&lt;/t&gt; &lt;fex name="Experiencer"&gt;for me&lt;/fex&gt;.&lt;/ex&gt;&lt;/def-root&gt;</definition>
        <semType name="Sentient" ID="5"/>
    </FE>
    <FE bgColor="FF0000" fgColor="FFFFFF" coreType="Peripheral" cBy="JKR" cDate="07/12/2002 12:01:05 PDT Fri" abbrev="Parameter" name="Parameter" ID="3368">
        <definition>&lt;def-root&gt;This FE marks expressions that indicate a respect in which the &lt;fen&gt;Activity&lt;/fen&gt; is judged easy or difficult to carry out by the &lt;fen&gt;Experiencer&lt;/fen&gt;.

&lt;ex&gt;The problem involves a &lt;fex name="Parameter"&gt;mathematically&lt;/fex&gt; &lt;t&gt;difficult&lt;/t&gt; Fourier transformation.&lt;/ex&gt;&lt;/def-root&gt;</definition>
    </FE>
    <FE bgColor="008000" fgColor="FFFFFF" coreType="Peripheral" cBy="JKR" cDate="06/24/2004 04:27:50 PDT Thu" abbrev="sta" name="Standard" ID="6568">
        <definition>&lt;def-root&gt;The experience of the &lt;fen&gt;Activity&lt;/fen&gt; by the &lt;fen&gt;Experiencer&lt;/fen&gt; may be compared to a &lt;fen&gt;Standard&lt;/fen&gt; situation, which may be evoked either as an event or state, or by reference to a salient participant.

&lt;ex&gt;Man, running on hilly bike paths of Calgary was &lt;t&gt;tough&lt;/t&gt; &lt;fex name="sta"&gt;compared to my routes in flat  southwestern Ontario&lt;/fex&gt;.&lt;/ex&gt;

&lt;ex&gt;Elsewhere, expert rider Kris Leeson was finding the going &lt;t&gt;tough&lt;/t&gt; &lt;fex name="sta"&gt;compared to the previous rounds&lt;/fex&gt;.&lt;/ex&gt;&lt;/def-root&gt;</definition>
    </FE>
    <FE bgColor="1E90FF" fgColor="FFFFFF" coreType="Peripheral" cBy="MJE" cDate="06/05/2007 05:18:38 PDT Tue" abbrev="tim" name="Time" ID="11870">
        <definition>&lt;def-root&gt;The time at which the &lt;fen&gt;Activity&lt;/fen&gt; takes place.

&lt;/def-root&gt;</definition>
    </FE>
    <frameRelation type="Inherits from">
        <relatedFrame ID="1015">Gradable_attributes</relatedFrame>
    </frameRelation>
    <frameRelation type="Is Inherited by"/>
    <frameRelation type="Perspective on"/>
    <frameRelation type="Is Perspectivized in"/>
    <frameRelation type="Uses">
        <relatedFrame ID="480">Hindering</relatedFrame>
    </frameRelation>
    <frameRelation type="Is Used by"/>
    <frameRelation type="Subframe of"/>
    <frameRelation type="Has Subframe(s)"/>
    <frameRelation type="Precedes"/>
    <frameRelation type="Is Preceded by"/>
    <frameRelation type="Is Inchoative of"/>
    <frameRelation type="Is Causative of"/>
    <frameRelation type="See also"/>
    <lexUnit status="Finished_Initial" POS="A" name="difficult.a" ID="6567" lemmaID="10636" cBy="JKR" cDate="07/10/2002 06:29:56 PDT Wed">
        <definition>COD: needing much effort or skill to accomplish, deal with, or understand</definition>
        <sentenceCount annotated="104" total="532"/>
        <lexeme order="1" headword="false" breakBefore="false" POS="A" name="difficult"/>
    </lexUnit>
    <lexUnit status="Finished_Initial" POS="A" name="easy.a" ID="6568" lemmaID="12138" cBy="JKR" cDate="07/10/2002 06:30:35 PDT Wed">
        <definition>COD: achieved without great effort; presenting few difficulties. Note: Nouns modified by easy.a are usually part of a constructions that evoke a protoypical verb. Ex. </definition>
        <sentenceCount annotated="174" total="612"/>
        <lexeme order="1" headword="false" breakBefore="false" POS="A" name="easy"/>
    </lexUnit>
    <lexUnit status="Finished_Initial" POS="A" name="hard.a" ID="6569" lemmaID="17431" cBy="JKR" cDate="07/10/2002 06:30:46 PDT Wed">
        <definition>COD: requiring or demonstrating a great deal of endurance or effort; difficult. </definition>
        <sentenceCount annotated="46" total="307"/>
        <lexeme order="1" headword="false" breakBefore="false" POS="A" name="hard"/>
        <semType name="Negative" ID="99"/>
    </lexUnit>
    <lexUnit status="Finished_Initial" POS="A" name="tough.a" ID="6570" lemmaID="40836" cBy="JKR" cDate="07/10/2002 06:31:23 PDT Wed">
        <definition>COD: nvolving considerable difficulty or hardship</definition>
        <sentenceCount annotated="32" total="181"/>
        <lexeme order="1" headword="false" breakBefore="false" POS="A" name="tough"/>
        <semType name="Negative" ID="99"/>
    </lexUnit>
    <lexUnit status="Finished_Initial" POS="A" name="tricky.a" ID="6572" lemmaID="41213" cBy="JKR" cDate="07/10/2002 06:56:37 PDT Wed">
        <definition>COD: requiring care and skill because difficult or awkward</definition>
        <sentenceCount annotated="54" total="182"/>
        <lexeme order="1" headword="false" breakBefore="false" POS="A" name="tricky"/>
        <semType name="Negative" ID="99"/>
    </lexUnit>
    <lexUnit status="Finished_Initial" POS="A" name="challenging.a" ID="6573" lemmaID="6007" cBy="JKR" cDate="07/10/2002 07:05:58 PDT Wed">
        <definition>FN: requiring a person's full abilities and effort</definition>
        <sentenceCount annotated="37" total="93"/>
        <lexeme order="1" headword="false" breakBefore="false" POS="A" name="challenging"/>
        <semType name="Negative" ID="99"/>
    </lexUnit>
    <lexUnit status="Needs_SCs" POS="N" name="a breeze.n" ID="6574" lemmaID="45866" cBy="JKR" cDate="07/10/2002 07:12:20 PDT Wed">
        <definition>FN: a very easy task</definition>
        <sentenceCount annotated="2" total="140"/>
        <lexeme order="1" headword="false" breakBefore="false" POS="ART" name="a"/>
        <lexeme order="2" headword="true" breakBefore="false" POS="N" name="breeze"/>
    </lexUnit>
    <lexUnit status="Created" POS="N" name="a pain.n" ID="6575" lemmaID="45867" cBy="JKR" cDate="07/10/2002 07:14:40 PDT Wed">
        <definition>FN: a very difficult task</definition>
        <sentenceCount annotated="0" total="0"/>
        <lexeme order="1" headword="false" breakBefore="false" POS="ART" name="a"/>
        <lexeme order="2" headword="true" breakBefore="false" POS="N" name="pain"/>
    </lexUnit>
    <lexUnit status="Insufficient_Attestations" POS="N" name="a bitch.n" ID="6578" lemmaID="45869" cBy="JKR" cDate="07/10/2002 07:34:28 PDT Wed">
        <definition>FN: a very difficult task</definition>
        <sentenceCount annotated="0" total="0"/>
        <lexeme order="1" headword="false" breakBefore="false" POS="ART" name="a"/>
        <lexeme order="2" headword="true" breakBefore="true" POS="A" name="bitch"/>
        <semType name="Negative" ID="99"/>
    </lexUnit>
    <lexUnit status="Finished_Initial" POS="A" name="impossible.a" ID="6579" lemmaID="19221" cBy="JKR" cDate="07/10/2002 07:37:31 PDT Wed">
        <definition>FN: not able to be accomplished</definition>
        <sentenceCount annotated="32" total="216"/>
        <lexeme order="1" headword="false" breakBefore="false" POS="A" name="impossible"/>
        <semType name="End_of_scale" ID="98"/>
        <semType name="Negative" ID="99"/>
    </lexUnit>
    <lexUnit status="Finished_Initial" POS="A" name="trivial.a" ID="6580" lemmaID="41293" cBy="JKR" cDate="07/10/2002 07:39:14 PDT Wed">
        <definition>FN: very easy</definition>
        <sentenceCount annotated="36" total="126"/>
        <lexeme order="1" headword="false" breakBefore="false" POS="A" name="trivial"/>
        <semType name="Negative" ID="99"/>
    </lexUnit>
    <lexUnit status="Insufficient_Attestations" POS="N" name="a snap.n" ID="6581" lemmaID="45870" cBy="JKR" cDate="07/10/2002 08:04:20 PDT Wed">
        <definition>FN: a very easy task</definition>
        <sentenceCount annotated="0" total="0"/>
        <lexeme order="1" headword="false" breakBefore="false" POS="ART" name="a"/>
        <lexeme order="2" headword="true" breakBefore="true" POS="N" name="snap"/>
    </lexUnit>
    <lexUnit status="Finished_Initial" POS="A" name="arduous.a" ID="6583" lemmaID="1885" cBy="JKR" cDate="07/10/2002 09:44:13 PDT Wed">
        <definition>COD: difficult and tiring</definition>
        <sentenceCount annotated="40" total="104"/>
        <lexeme order="1" headword="false" breakBefore="false" POS="A" name="arduous"/>
    </lexUnit>
    <lexUnit status="Created" POS="N" name="a pain in the neck.n" ID="6603" lemmaID="45872" cBy="JKR" cDate="07/12/2002 02:44:26 PDT Fri">
        <definition>FN: difficult and unpleasant</definition>
        <sentenceCount annotated="0" total="0"/>
        <lexeme order="1" headword="false" breakBefore="false" POS="ART" name="a"/>
        <lexeme order="2" headword="true" breakBefore="true" POS="N" name="pain"/>
        <lexeme order="3" headword="false" breakBefore="false" POS="N" name="in"/>
        <lexeme order="4" headword="false" breakBefore="false" POS="ART" name="the"/>
        <lexeme order="5" headword="false" breakBefore="true" POS="N" name="neck"/>
    </lexUnit>
    <lexUnit status="Finished_Initial" POS="N" name="child's play.n" ID="6610" lemmaID="45873" cBy="JKR" cDate="07/12/2002 04:15:56 PDT Fri">
        <definition>FN: very easy, trivial</definition>
        <sentenceCount annotated="8" total="83"/>
        <lexeme order="1" headword="false" breakBefore="false" POS="N" name="child"/>
        <lexeme order="2" headword="false" breakBefore="false" POS="SCON" name="'s"/>
        <lexeme order="3" headword="true" breakBefore="false" POS="N" name="play"/>
    </lexUnit>
    <lexUnit status="Finished_Initial" POS="N" name="a piece of cake.n" ID="6831" lemmaID="45943" cBy="JKR" cDate="07/25/2002 07:22:23 PDT Thu">
        <definition>FN: something easily achieved</definition>
        <sentenceCount annotated="13" total="30"/>
        <lexeme order="1" headword="false" breakBefore="false" POS="ART" name="a"/>
        <lexeme order="2" headword="true" breakBefore="true" POS="N" name="piece"/>
        <lexeme order="3" headword="false" breakBefore="false" POS="PREP" name="of"/>
        <lexeme order="4" headword="false" breakBefore="false" POS="N" name="cake"/>
    </lexUnit>
    <lexUnit status="Finished_Initial" POS="N" name="a cinch.n" ID="7754" lemmaID="46199" cBy="JKR" cDate="11/24/2002 07:53:18 PST Sun">
        <definition>FN: a very easy task</definition>
        <sentenceCount annotated="10" total="11"/>
        <lexeme order="1" headword="false" breakBefore="false" POS="ART" name="a"/>
        <lexeme order="2" headword="true" breakBefore="false" POS="N" name="cinch"/>
    </lexUnit>
    <lexUnit status="Needs_SCs" POS="N" name="a bastard.n" ID="7755" lemmaID="46200" cBy="JKR" cDate="11/24/2002 08:00:37 PST Sun">
        <definition>FN: a very difficult task</definition>
        <sentenceCount annotated="1" total="4"/>
        <lexeme order="1" headword="false" breakBefore="false" POS="ART" name="a"/>
        <lexeme order="2" headword="true" breakBefore="true" POS="A" name="bastard"/>
        <semType name="Negative" ID="99"/>
    </lexUnit>
    <lexUnit status="Created" POS="A" name="near thing.a" ID="11806" lemmaID="49925" cBy="CFB" cDate="04/10/2005 02:34:09 PDT Sun">
        <definition>FN: an event which occurs despite fears that it might not occur</definition>
        <sentenceCount annotated="2" total="2"/>
        <lexeme order="1" headword="false" breakBefore="false" POS="A" name="near"/>
        <lexeme order="2" headword="true" breakBefore="false" POS="N" name="thing"/>
    </lexUnit>
    <lexUnit status="Created" POS="N" name="challenge.n" ID="12788" lemmaID="6004" cBy="MJE" cDate="10/11/2005 05:15:41 PDT Tue">
        <definition>COD: a demanding task or situation.</definition>
        <sentenceCount annotated="5" total="5"/>
        <lexeme order="1" headword="false" breakBefore="false" POS="N" name="challenge"/>
    </lexUnit>
    <lexUnit status="Created" POS="N" name="a doddle.n" ID="14004" lemmaID="50556" cBy="MJE" cDate="03/19/2007 10:47:58 PDT Mon">
        <definition>COD: a very easy task.</definition>
        <sentenceCount annotated="0" total="0"/>
        <lexeme order="1" headword="false" breakBefore="false" POS="ART" name="a"/>
        <lexeme order="2" headword="true" breakBefore="true" POS="N" name="doddle"/>
    </lexUnit>
    <lexUnit status="Created" POS="N" name="difficulty.n" ID="17274" lemmaID="10637" cBy="CVa" cDate="01/23/2013 01:05:53 PST Wed">
        <definition>FN: to state of being hard to deal with</definition>
        <sentenceCount annotated="3" total="3"/>
        <lexeme order="1" headword="false" breakBefore="false" POS="N" name="difficulty"/>
    </lexUnit>
    <lexUnit status="Created" POS="N" name="no picnic.n" ID="18042" lemmaID="51900" cBy="WMcQ" cDate="06/08/2015 02:36:13 PDT Mon">
        <definition>FN difficult</definition>
        <sentenceCount annotated="0" total="0"/>
        <lexeme order="1" headword="false" breakBefore="false" POS="ART" name="no"/>
        <lexeme order="2" headword="true" breakBefore="true" POS="N" name="picnic"/>
        <semType name="Negative" ID="99"/>
    </lexUnit>
    <lexUnit status="Created" POS="N" name="a walk in the park.n" ID="18043" lemmaID="51901" cBy="WMcQ" cDate="06/08/2015 02:39:43 PDT Mon">
        <definition>FN: a seemingly simple task</definition>
        <sentenceCount annotated="0" total="0"/>
        <lexeme order="1" headword="false" breakBefore="false" POS="ART" name="a"/>
        <lexeme order="2" headword="true" breakBefore="true" POS="N" name="walk"/>
        <lexeme order="3" headword="false" breakBefore="false" POS="PREP" name="in"/>
        <lexeme order="4" headword="false" breakBefore="false" POS="ART" name="the"/>
        <lexeme order="5" headword="false" breakBefore="true" POS="N" name="park"/>
    </lexUnit>
    <lexUnit status="Created" POS="ADV" name="like taking candy from a baby.adv" ID="18386" lemmaID="51992" cBy="MJE" cDate="09/24/2015 10:53:42 PDT Thu">
        <definition>FN: easily done</definition>
        <sentenceCount annotated="0" total="0"/>
        <lexeme order="1" headword="true" breakBefore="false" POS="PREP" name="like"/>
        <lexeme order="2" headword="false" breakBefore="false" POS="V" name="taking"/>
        <lexeme order="3" headword="false" breakBefore="true" POS="N" name="candy"/>
        <lexeme order="4" headword="false" breakBefore="false" POS="PREP" name="from"/>
        <lexeme order="5" headword="false" breakBefore="false" POS="ART" name="a"/>
        <lexeme order="6" headword="false" breakBefore="true" POS="N" name="baby"/>
    </lexUnit>
    <lexUnit status="Created" POS="N" name="ease.n" ID="18392" lemmaID="12119" cBy="HPh" cDate="09/28/2015 03:20:41 PDT Mon">
        <definition>FN: freedom from difficulty or great effort</definition>
        <sentenceCount annotated="0" total="0"/>
        <lexeme order="1" headword="false" breakBefore="false" POS="N" name="ease"/>
    </lexUnit>
</frame>