<?xml version="1.0" encoding="UTF-8" standalone="yes"?>
<?xml-stylesheet type="text/xsl" href="frame.xsl"?>
<frame cBy="MJE" cDate="04/07/2015 01:22:20 PDT Tue" name="Directional_locative_relation" ID="2912" xsi:schemaLocation="../schema/frame.xsd" xmlns="http://framenet.icsi.berkeley.edu" xmlns:xsi="http://www.w3.org/2001/XMLSchema-instance">
    <definition>&lt;def-root&gt;A &lt;fen&gt;Figure&lt;/fen&gt; is located relative to a (presumably more easily located) &lt;fen&gt;Ground&lt;/fen&gt;, asserting that the &lt;fen&gt;Figure&lt;/fen&gt; lies (approximately) on line from the &lt;fen&gt;Ground&lt;/fen&gt; whose direction is established by semantic types of the particular LUs.

&lt;ex&gt;&lt;fex name="Figure"&gt;The plane landed&lt;/fex&gt; &lt;fex name="Distance"&gt;10 miles&lt;/fex&gt; &lt;fex name="Directness"&gt;due&lt;/fex&gt; &lt;t&gt;north&lt;/t&gt; &lt;fex name="Ground"&gt;of Lake Travis&lt;/fex&gt; in an empty field .&lt;/ex&gt;
&lt;/def-root&gt;</definition>
    <semType name="Locative_relation" ID="182"/>
    <FE bgColor="008000" fgColor="FFFFFF" coreType="Core" cBy="MJE" cDate="04/07/2015 01:22:20 PDT Tue" abbrev="Grnd" name="Ground" ID="16344">
        <definition>&lt;def-root&gt;The &lt;fen&gt;Ground&lt;/fen&gt; serves as a basis for describing the location of the &lt;fen&gt;Figure&lt;/fen&gt;.

&lt;ex&gt;The cat is &lt;t&gt;above&lt;/t&gt; &lt;fex name="Grnd"&gt;the mat&lt;/fex&gt;.&lt;/ex&gt;&lt;/def-root&gt;</definition>
    </FE>
    <FE bgColor="FF0000" fgColor="FFFFFF" coreType="Core" cBy="MJE" cDate="04/07/2015 01:22:20 PDT Tue" abbrev="Fig" name="Figure" ID="16345">
        <definition>&lt;def-root&gt;The &lt;fen&gt;Figure&lt;/fen&gt; is perceived as located relative to a certain &lt;fen&gt;Ground&lt;/fen&gt; location in a certain direction specified by the particular LU. The &lt;fen&gt;Figure&lt;/fen&gt; can be an entity or an event.

&lt;ex&gt;&lt;fex name="Fig"&gt;The cat&lt;/fex&gt; is &lt;t&gt;above&lt;/t&gt; the mat.&lt;/ex&gt;
&lt;/def-root&gt;</definition>
    </FE>
    <FE bgColor="FF69B4" fgColor="FFFFFF" coreType="Extra-Thematic" cBy="MJE" cDate="04/07/2015 01:22:20 PDT Tue" abbrev="Acc" name="Accessibility" ID="16346">
        <definition>&lt;def-root&gt;An indication of how accessible the &lt;fen&gt;Figure&lt;/fen&gt; is to some participant in the speech context (either the speaker or the addressee, or some other highly salient viewpoint in a narrative).  This FE normally describes availability for manipulation and use, but may simply describe how easily seen or difficult to see the &lt;fen&gt;Figure&lt;/fen&gt; is. There is a closed class of items that can fill this slot, including only 'just' and 'right' indicating ease of access, and 'way' and 'all the way' indicating distance and difficulty of access.  

&lt;ex&gt;Oh yeah , the gas station is &lt;fex name="Accessibility"&gt;right&lt;/fex&gt; &lt;t&gt;west&lt;/t&gt; of here .&lt;/ex&gt;&lt;/def-root&gt;</definition>
    </FE>
    <FE bgColor="1E90FF" fgColor="FFFFFF" coreType="Extra-Thematic" cBy="MJE" cDate="04/07/2015 01:22:20 PDT Tue" abbrev="Dir" name="Direction" ID="16347">
        <definition>&lt;def-root&gt;This FE identifies the &lt;fen&gt;Direction&lt;/fen&gt; from a reference location (generally, the deictic center) of a path to the &lt;fen&gt;Figure&lt;/fen&gt;. This FE is filled by one of a closed class of adverbs: up, down, out (meaning 'beyond the boundary around the viewpoint'), off (meaning 'disconnect between landmark and figure'), back (meaning 'along a line from front to back of landmark, and relatively inaccessible'), and, more rarely, away, along, and dialectally, back down (meaning 'down and behind'). 

&lt;ex&gt;The cat was hiding way &lt;fex name="Dir"&gt;out&lt;/fex&gt; &lt;t&gt;north&lt;/t&gt; of the house.&lt;/ex&gt;&lt;/def-root&gt;</definition>
    </FE>
    <FE bgColor="FFA500" fgColor="FFFFFF" coreType="Peripheral" cBy="MJE" cDate="04/07/2015 01:22:20 PDT Tue" abbrev="tim" name="Time" ID="16348">
        <definition>&lt;def-root&gt;The period of time during which the locative relation between &lt;fen&gt;Figure&lt;/fen&gt; and &lt;fen&gt;Ground&lt;/fen&gt; obtains.

&lt;ex&gt;He was &lt;t&gt;north&lt;/t&gt; of the park &lt;fex name="tim"&gt;on Friday&lt;/fex&gt;.&lt;/ex&gt;&lt;/def-root&gt;</definition>
        <semType name="Time" ID="141"/>
    </FE>
    <FE bgColor="9400D3" fgColor="FFFFFF" coreType="Extra-Thematic" cBy="MJE" cDate="04/07/2015 01:22:20 PDT Tue" abbrev="Dist" name="Distance" ID="16349">
        <definition>&lt;def-root&gt;This  FE identifies the  &lt;fen&gt;Distance&lt;/fen&gt; between the &lt;fen&gt;Figure&lt;/fen&gt; and the &lt;fen&gt;Ground&lt;/fen&gt;.  This FE requires an image schema with a vector that extends from the &lt;fen&gt;Ground&lt;/fen&gt;, or a subpart of the &lt;fen&gt;Ground&lt;/fen&gt;, in some direction, and the &lt;fen&gt;Distance&lt;/fen&gt; is measured along this vector from the &lt;fen&gt;Ground&lt;/fen&gt; to the profiled region.    &lt;ex&gt;Go &lt;fex name="Distance"&gt;30 feet&lt;/fex&gt; to the &lt;t&gt;left&lt;/t&gt; of the pool.&lt;/ex&gt;  Note that a number of frequent adverbial targets identify the &lt;fen&gt;Ground&lt;/fen&gt;, with the location of an implicit viewer, so &lt;fen&gt;Distance&lt;/fen&gt; is effectively measured from the viewpoint location in these cases.  &lt;ex&gt;We were already &lt;fex name="Distance"&gt;nearly 1000 meters&lt;/fex&gt; &lt;t&gt;ahead&lt;/t&gt;.&lt;/ex&gt;&lt;/def-root&gt;</definition>
    </FE>
    <FE bgColor="800080" fgColor="FFFFFF" coreType="Extra-Thematic" cBy="MJE" cDate="04/07/2015 01:22:20 PDT Tue" abbrev="" name="Deixis" ID="16351">
        <definition>&lt;def-root&gt;An indication of how the locative phrase relates to the grounding of the speech situation, either locating it near (here) or far (there, yonder), or specifically separated from the speech context by distance or a barrier (over).  Fillers of this FE are restricted to this closed class of items.

&lt;ex&gt;It was lying &lt;fex name="Deixis"&gt;there&lt;/fex&gt; &lt;t&gt;below&lt;/t&gt; the lightpole.&lt;/ex&gt;
&lt;/def-root&gt;</definition>
    </FE>
    <FE bgColor="A9A9A9" fgColor="FFFFFF" coreType="Extra-Thematic" cBy="MJE" cDate="04/07/2015 01:22:20 PDT Tue" abbrev="" name="Directness" ID="16352">
        <definition>&lt;def-root&gt;An indication of how closely the position of &lt;fen&gt;Figure&lt;/fen&gt; matches the prototype expected from the image schema associated with the target.  This FE is normally filled by closed-class, dedicated adverbs like right, straight, directly, and due (and some combinations of these), but also occurs with rarer items like 'smack dab'.

&lt;ex&gt;I run in Ketchum, &lt;fex name="Directness"&gt;due&lt;/fex&gt; &lt;t&gt;east&lt;/t&gt; of the highschool .&lt;/ex&gt;&lt;/def-root&gt;</definition>
    </FE>
    <FE bgColor="7FFF00" fgColor="000000" coreType="Extra-Thematic" cBy="MJE" cDate="04/07/2015 01:22:20 PDT Tue" abbrev="" name="Temporal_profile" ID="16353">
        <definition>&lt;def-root&gt;A description of how the access path to the &lt;fen&gt;Ground&lt;/fen&gt; interacts with time.  This FE is filled only by the closed class of adverbials back.adv (which indicates that the position was occupied by the &lt;fen&gt;Figure&lt;/fen&gt; before) and on.adv (which indicates a continued path).  While this FE in its most basic use refers to cases of actual motion, it can be used with descriptions of static position, in which case it either refers to fictive, imagined motion, or it backgrounds motion entirely (as in the example below).

&lt;ex&gt;They finally moved &lt;fex name="Temporal_profile"&gt;back&lt;/fex&gt; &lt;t&gt;east&lt;/t&gt;.&lt;/ex&gt;&lt;/def-root&gt;</definition>
    </FE>
    <frameRelation type="Inherits from">
        <relatedFrame ID="199">Locative_relation</relatedFrame>
    </frameRelation>
    <frameRelation type="Is Inherited by"/>
    <frameRelation type="Perspective on"/>
    <frameRelation type="Is Perspectivized in"/>
    <frameRelation type="Uses"/>
    <frameRelation type="Is Used by"/>
    <frameRelation type="Subframe of"/>
    <frameRelation type="Has Subframe(s)"/>
    <frameRelation type="Precedes"/>
    <frameRelation type="Is Preceded by"/>
    <frameRelation type="Is Inchoative of"/>
    <frameRelation type="Is Causative of"/>
    <frameRelation type="See also">
        <relatedFrame ID="215">Direction</relatedFrame>
    </frameRelation>
    <lexUnit status="Finished_Initial" POS="PREP" name="above.prep" ID="17961" lemmaID="159" cBy="HPh" cDate="04/20/2015 12:45:05 PDT Mon">
        <definition>FN: in or at a higher place than; over</definition>
        <sentenceCount annotated="48" total="550"/>
        <lexeme order="1" headword="false" breakBefore="false" POS="PREP" name="above"/>
        <semType name="Upward" ID="130"/>
    </lexUnit>
    <lexUnit status="Finished_Initial" POS="PREP" name="below.prep" ID="17962" lemmaID="3334" cBy="HPh" cDate="04/20/2015 01:05:28 PDT Mon">
        <definition>FN: in or at a lower place than; under</definition>
        <sentenceCount annotated="53" total="491"/>
        <lexeme order="1" headword="false" breakBefore="false" POS="PREP" name="below"/>
        <semType name="Downward" ID="131"/>
    </lexUnit>
    <lexUnit status="Finished_Initial" POS="ADV" name="east.adv" ID="17963" lemmaID="12125" cBy="HPh" cDate="04/20/2015 01:06:02 PDT Mon">
        <definition>FN: in the direction pointed to by a standard compass from (a frequently implicit starting position).</definition>
        <sentenceCount annotated="29" total="166"/>
        <lexeme order="1" headword="false" breakBefore="false" POS="ADV" name="east"/>
        <semType name="East" ID="128"/>
    </lexUnit>
    <lexUnit status="Finished_Initial" POS="N" name="east.n" ID="17964" lemmaID="12124" cBy="HPh" cDate="04/20/2015 01:06:26 PDT Mon">
        <definition>FN: the direction pointed to by a standard compass  (a frequently implicit starting position).</definition>
        <sentenceCount annotated="16" total="256"/>
        <lexeme order="1" headword="false" breakBefore="false" POS="N" name="east"/>
        <semType name="East" ID="128"/>
    </lexUnit>
    <lexUnit status="Finished_Initial" POS="ADV" name="north.adv" ID="17965" lemmaID="26105" cBy="HPh" cDate="04/20/2015 01:06:46 PDT Mon">
        <definition>FN: in the direction pointed to by a standard compass from (a frequently implicit starting position).</definition>
        <sentenceCount annotated="30" total="300"/>
        <lexeme order="1" headword="false" breakBefore="false" POS="ADV" name="north"/>
        <semType name="North" ID="126"/>
    </lexUnit>
    <lexUnit status="Finished_Initial" POS="N" name="north.n" ID="17966" lemmaID="26104" cBy="HPh" cDate="04/20/2015 01:07:11 PDT Mon">
        <definition>FN: the direction pointed to by a standard compass  (a frequently implicit starting position).</definition>
        <sentenceCount annotated="17" total="309"/>
        <lexeme order="1" headword="false" breakBefore="false" POS="N" name="north"/>
        <semType name="North" ID="126"/>
    </lexUnit>
    <lexUnit status="Finished_Initial" POS="ADV" name="northeast.adv" ID="17967" lemmaID="26108" cBy="HPh" cDate="04/20/2015 01:07:21 PDT Mon">
        <definition>FN: in the direction pointed to by a standard compass from (a frequently implicit starting position).</definition>
        <sentenceCount annotated="4" total="10"/>
        <lexeme order="1" headword="false" breakBefore="false" POS="ADV" name="northeast"/>
        <semType name="East" ID="128"/>
        <semType name="North" ID="126"/>
    </lexUnit>
    <lexUnit status="Finished_Initial" POS="N" name="northeast.n" ID="17968" lemmaID="26107" cBy="HPh" cDate="04/20/2015 01:07:35 PDT Mon">
        <definition>FN: the direction pointed to by a standard compass  (a frequently implicit starting position).</definition>
        <sentenceCount annotated="4" total="53"/>
        <lexeme order="1" headword="false" breakBefore="false" POS="N" name="northeast"/>
        <semType name="East" ID="128"/>
        <semType name="North" ID="126"/>
    </lexUnit>
    <lexUnit status="Finished_Initial" POS="ADV" name="northwest.adv" ID="17969" lemmaID="26129" cBy="HPh" cDate="04/20/2015 01:07:47 PDT Mon">
        <definition>FN: in the direction pointed to by a standard compass from (a frequently implicit starting position).</definition>
        <sentenceCount annotated="14" total="121"/>
        <lexeme order="1" headword="false" breakBefore="false" POS="ADV" name="northwest"/>
        <semType name="North" ID="126"/>
        <semType name="West" ID="129"/>
    </lexUnit>
    <lexUnit status="Finished_Initial" POS="N" name="northwest.n" ID="17970" lemmaID="26128" cBy="HPh" cDate="04/20/2015 01:07:56 PDT Mon">
        <definition>FN: the direction pointed to by a standard compass  (a frequently implicit starting position).</definition>
        <sentenceCount annotated="3" total="14"/>
        <lexeme order="1" headword="false" breakBefore="false" POS="N" name="northwest"/>
        <semType name="North" ID="126"/>
        <semType name="West" ID="129"/>
    </lexUnit>
    <lexUnit status="Finished_Initial" POS="ADV" name="south.adv" ID="17971" lemmaID="37068" cBy="HPh" cDate="04/20/2015 01:08:22 PDT Mon">
        <definition>FN: in the direction pointed to by a standard compass from (a frequently implicit starting position).</definition>
        <sentenceCount annotated="22" total="266"/>
        <lexeme order="1" headword="false" breakBefore="false" POS="ADV" name="south"/>
        <semType name="South" ID="127"/>
    </lexUnit>
    <lexUnit status="Finished_Initial" POS="N" name="south.n" ID="17972" lemmaID="37067" cBy="HPh" cDate="04/20/2015 01:08:31 PDT Mon">
        <definition>FN: the direction pointed to by a standard compass  (a frequently implicit starting position).</definition>
        <sentenceCount annotated="20" total="208"/>
        <lexeme order="1" headword="false" breakBefore="false" POS="N" name="south"/>
        <semType name="South" ID="127"/>
    </lexUnit>
    <lexUnit status="Finished_Initial" POS="ADV" name="southeast.adv" ID="17973" lemmaID="37072" cBy="HPh" cDate="04/20/2015 01:08:38 PDT Mon">
        <definition>FN: in the direction pointed to by a standard compass from (a frequently implicit starting position).</definition>
        <sentenceCount annotated="7" total="71"/>
        <lexeme order="1" headword="false" breakBefore="false" POS="ADV" name="southeast"/>
        <semType name="East" ID="128"/>
        <semType name="South" ID="127"/>
    </lexUnit>
    <lexUnit status="Finished_Initial" POS="N" name="southeast.n" ID="17974" lemmaID="37071" cBy="HPh" cDate="04/20/2015 01:08:49 PDT Mon">
        <definition>FN: the direction pointed to by a standard compass  (a frequently implicit starting position).</definition>
        <sentenceCount annotated="5" total="20"/>
        <lexeme order="1" headword="false" breakBefore="false" POS="N" name="southeast"/>
        <semType name="East" ID="128"/>
        <semType name="South" ID="127"/>
    </lexUnit>
    <lexUnit status="Finished_Initial" POS="ADV" name="southwest.adv" ID="17975" lemmaID="37093" cBy="HPh" cDate="04/20/2015 01:09:03 PDT Mon">
        <definition>FN: in the direction pointed to by a standard compass from (a frequently implicit starting position).</definition>
        <sentenceCount annotated="3" total="7"/>
        <lexeme order="1" headword="false" breakBefore="false" POS="ADV" name="southwest"/>
        <semType name="South" ID="127"/>
        <semType name="West" ID="129"/>
    </lexUnit>
    <lexUnit status="Finished_Initial" POS="N" name="southwest.n" ID="17976" lemmaID="37092" cBy="HPh" cDate="04/20/2015 01:09:14 PDT Mon">
        <definition>FN: the direction pointed to by a standard compass  (a frequently implicit starting position).</definition>
        <sentenceCount annotated="5" total="19"/>
        <lexeme order="1" headword="false" breakBefore="false" POS="N" name="southwest"/>
        <semType name="South" ID="127"/>
        <semType name="West" ID="129"/>
    </lexUnit>
    <lexUnit status="Finished_Initial" POS="ADV" name="west.adv" ID="17977" lemmaID="51270" cBy="HPh" cDate="04/20/2015 01:09:24 PDT Mon">
        <definition>FN: in the direction pointed to by a standard compass from (a frequently implicit starting position).</definition>
        <sentenceCount annotated="32" total="249"/>
        <lexeme order="1" headword="true" breakBefore="false" POS="ADV" name="west"/>
        <semType name="West" ID="129"/>
    </lexUnit>
    <lexUnit status="Finished_Initial" POS="N" name="west.n" ID="17978" lemmaID="43818" cBy="HPh" cDate="04/20/2015 01:09:31 PDT Mon">
        <definition>FN: the direction pointed to by a standard compass  (a frequently implicit starting position).</definition>
        <sentenceCount annotated="18" total="183"/>
        <lexeme order="1" headword="false" breakBefore="false" POS="N" name="west"/>
        <semType name="West" ID="129"/>
    </lexUnit>
</frame>