<?xml version="1.0" encoding="UTF-8" standalone="yes"?>
<?xml-stylesheet type="text/xsl" href="frame.xsl"?>
<frame cBy="JKR" cDate="08/17/2005 12:05:28 PDT Wed" name="Disgraceful_situation" ID="1612" xsi:schemaLocation="../schema/frame.xsd" xmlns="http://framenet.icsi.berkeley.edu" xmlns:xsi="http://www.w3.org/2001/XMLSchema-instance">
    <definition>&lt;def-root&gt;An implicit cognizer judges that a particular &lt;fen&gt;State_of_affairs&lt;/fen&gt; for which a &lt;fen&gt;Protagonist&lt;/fen&gt; is responsible is socially unacceptable.

&lt;ex&gt;He called it a &lt;t&gt;disgraceful&lt;/t&gt; &lt;fex name="soa"&gt;situation&lt;/fex&gt;. &lt;fex name="Protagonist"&gt;INI&lt;/fex&gt;&lt;/ex&gt;

&lt;ex&gt;To my mind it was undoubtedly the &lt;fex name="deg"&gt;most utterly&lt;/fex&gt; &lt;t&gt;shameful&lt;/t&gt; &lt;fex name="soa"&gt;act the chess world had witnessed since 1485&lt;/fex&gt;. &lt;fex name="Protagonist"&gt;INI&lt;/fex&gt;&lt;/ex&gt;

&lt;ex&gt;It is not at all &lt;t&gt;shameful&lt;/t&gt; &lt;fex name="pro"&gt;for a man&lt;/fex&gt; &lt;fex name="soa"&gt;to allow himself to be ruled by others&lt;/fex&gt;.&lt;/ex&gt;

&lt;ex&gt; We are grateful to Mr. Mattick for bringing this &lt;t&gt;disgraceful&lt;/t&gt; &lt;fex name="soa"&gt;building&lt;/fex&gt; and its vile nuisance to the attention of the Henley District . &lt;fex name="Protagonist"&gt;INI&lt;/fex&gt;&lt;/ex&gt;

&lt;ex&gt;&lt;fex name="soa"&gt;That comparison&lt;/fex&gt; &lt;m&gt;is&lt;/m&gt; &lt;t&gt;shameful&lt;/t&gt; &lt;fex name="exp"&gt;because it is comparing apples and oranges&lt;/fex&gt;. &lt;fex name="Protagonist"&gt;INI&lt;/fex&gt;&lt;/ex&gt;&lt;/def-root&gt;</definition>
    <FE bgColor="FF0000" fgColor="FFFFFF" coreType="Core" cBy="JKR" cDate="08/17/2005 12:24:06 PDT Wed" abbrev="soa" name="State_of_affairs" ID="8910">
        <definition>&lt;def-root&gt;The entity or event which brings disgrace upon the &lt;fen&gt;Protagonist&lt;/fen&gt;.

&lt;ex&gt;You will soon learn the penalty for your &lt;t&gt;disgraceful&lt;/t&gt; &lt;fex name="soa"&gt;conduct&lt;/fex&gt;. &lt;/ex&gt;&lt;/def-root&gt;</definition>
    </FE>
    <FE bgColor="008000" fgColor="FFFFFF" coreType="Core" cBy="JKR" cDate="08/17/2005 12:25:41 PDT Wed" abbrev="pro" name="Protagonist" ID="8911">
        <definition>&lt;def-root&gt;The person or organization responsible for the occurrence of the &lt;fen&gt;State_of_affairs&lt;/fen&gt;.

&lt;ex&gt;It is &lt;t&gt;disgraceful&lt;/t&gt; &lt;fex name="pro"&gt;to our Public Works Department&lt;/fex&gt;.&lt;/ex&gt;&lt;/def-root&gt;</definition>
        <semType name="Sentient" ID="5"/>
    </FE>
    <FE bgColor="FF69B4" fgColor="FFFFFF" coreType="Peripheral" cBy="JKR" cDate="08/18/2005 02:33:42 PDT Thu" abbrev="deg" name="Degree" ID="8929">
        <definition>&lt;def-root&gt;The extent to which the &lt;fen&gt;State_of_affairs&lt;/fen&gt; diverges from the social norm for things of its kind.

&lt;ex&gt;"This is &lt;fex name="deg"&gt;absolutely&lt;/fex&gt; &lt;t&gt;disgraceful&lt;/t&gt;," she said .&lt;/ex&gt;&lt;/def-root&gt;</definition>
        <semType name="Degree" ID="172"/>
    </FE>
    <FE bgColor="00008B" fgColor="FFFFFF" coreType="Extra-Thematic" cBy="JKR" cDate="08/18/2005 02:43:09 PDT Thu" abbrev="exp" name="Explanation" ID="8930">
        <definition>&lt;def-root&gt;The &lt;fen&gt;Explanation&lt;/fen&gt; denotes a proposition from which the judgment of disgrace logically follows. 

&lt;ex&gt;And Harvard's policy is &lt;t&gt;shameful&lt;/t&gt; &lt;fex name="exp"&gt;because it insults the memory and the principles of American patriotism at the very birthplace of American patriotism&lt;/fex&gt;. &lt;/ex&gt;&lt;/def-root&gt;</definition>
        <semType name="State_of_affairs" ID="177"/>
    </FE>
    <FE bgColor="7FFF00" fgColor="000000" coreType="Peripheral" cBy="MiL" cDate="06/07/2006 04:48:44 PDT Wed" abbrev="" name="Judge" ID="10261">
        <definition>&lt;def-root&gt;The individual whose point of view is taken in assigning the judgment denoted by the target.&lt;/def-root&gt;</definition>
    </FE>
    <frameRelation type="Inherits from">
        <relatedFrame ID="369">Social_behavior_evaluation</relatedFrame>
    </frameRelation>
    <frameRelation type="Is Inherited by"/>
    <frameRelation type="Perspective on"/>
    <frameRelation type="Is Perspectivized in"/>
    <frameRelation type="Uses"/>
    <frameRelation type="Is Used by"/>
    <frameRelation type="Subframe of"/>
    <frameRelation type="Has Subframe(s)"/>
    <frameRelation type="Precedes"/>
    <frameRelation type="Is Preceded by"/>
    <frameRelation type="Is Inchoative of"/>
    <frameRelation type="Is Causative of"/>
    <frameRelation type="See also"/>
    <lexUnit status="Finished_Initial" POS="A" name="disgraceful.a" ID="12639" lemmaID="10963" cBy="JKR" cDate="08/17/2005 12:05:46 PDT Wed">
        <definition>COD: shockingly unacceptable.</definition>
        <sentenceCount annotated="22" total="145"/>
        <lexeme order="1" headword="false" breakBefore="false" POS="A" name="disgraceful"/>
    </lexUnit>
    <lexUnit status="Finished_Initial" POS="A" name="shameful.a" ID="12640" lemmaID="35368" cBy="JKR" cDate="08/17/2005 12:07:00 PDT Wed">
        <definition>COD: worthy of or causing shame.</definition>
        <sentenceCount annotated="20" total="107"/>
        <lexeme order="1" headword="false" breakBefore="false" POS="A" name="shameful"/>
    </lexUnit>
</frame>