<?xml version="1.0" encoding="UTF-8" standalone="yes"?>
<?xml-stylesheet type="text/xsl" href="frame.xsl"?>
<frame cBy="RLG" cDate="09/27/2011 03:52:44 PDT Tue" name="Distant_operated_IED" ID="2659" xsi:schemaLocation="../schema/frame.xsd" xmlns="http://framenet.icsi.berkeley.edu" xmlns:xsi="http://www.w3.org/2001/XMLSchema-instance">
    <definition>&lt;def-root&gt;A improvised explosive device, the &lt;fen&gt;Bomb&lt;/fen&gt;, is rigged to detonate when it receives a signal, typically by a wire that leads to a trigger. The trigger may be operated directly by the &lt;fen&gt;Detonator&lt;/fen&gt;, in which case the weapon is known as a CWIED (command wire IED). Or, the triggering mechanism may be activated wirelessly, such as by a cell phone. In this case, the weapon is called an RCIED (remote control IED).

&lt;ex&gt;These photographs were taken in the wake of a &lt;t&gt;&lt;fex name="Bomb"&gt;CWIED&lt;/fex&gt;&lt;/t&gt; attack on the British.&lt;/ex&gt;

&lt;ex&gt;The purpose of this device is to prevent an &lt;t&gt;&lt;fex name="Bomb"&gt;RCIED&lt;/fex&gt;&lt;/t&gt; from detonating.&lt;/ex&gt;&lt;/def-root&gt;</definition>
    <FE bgColor="A52A2A" fgColor="FFFFFF" coreType="Core" cBy="RLG" cDate="09/27/2011 03:52:44 PDT Tue" abbrev="bom" name="Bomb" ID="15059">
        <definition>&lt;def-root&gt;The &lt;fen&gt;Bomb&lt;/fen&gt; is set off by the &lt;fen&gt;Detonator&lt;/fen&gt; at a distance, injuring or damaging a &lt;fen&gt;Target&lt;/fen&gt;.

&lt;ex&gt;These photographs were taken in the wake of a &lt;t&gt;&lt;fex name="Bomb"&gt;CWIED&lt;/fex&gt;&lt;/t&gt; attack on the British.&lt;/ex&gt;&lt;/def-root&gt;</definition>
        <semType name="Artifact" ID="61"/>
    </FE>
    <FE bgColor="9400D3" fgColor="FFFFFF" coreType="Peripheral" cBy="RLG" cDate="09/27/2011 03:52:44 PDT Tue" abbrev="Use" name="Use" ID="15060">
        <definition>&lt;def-root&gt;The type of activity that the &lt;fen&gt;Bomb&lt;/fen&gt; is generally involved in.  Often this can be considered a kind of &lt;fen&gt;Type&lt;/fen&gt; specification also.&lt;/def-root&gt;</definition>
    </FE>
    <FE bgColor="9F79EE" fgColor="FFFFFF" coreType="Peripheral" cBy="RLG" cDate="09/27/2011 03:52:44 PDT Tue" abbrev="Typ" name="Type" ID="15061">
        <definition>&lt;def-root&gt;This FE indicates what subtype of the general category the &lt;fen&gt;Bomb&lt;/fen&gt; belongs to.&lt;/def-root&gt;</definition>
    </FE>
    <FE bgColor="A9A9A9" fgColor="000000" coreType="Peripheral" cBy="RLG" cDate="09/27/2011 03:52:44 PDT Tue" abbrev="Mat" name="Material" ID="15062">
        <definition>&lt;def-root&gt;The substance that makes up the &lt;fen&gt;Bomb&lt;/fen&gt;.&lt;/def-root&gt;</definition>
    </FE>
    <FE bgColor="FF0000" fgColor="FFFFFF" coreType="Peripheral" cBy="RLG" cDate="09/27/2011 03:52:44 PDT Tue" abbrev="det" name="Detonator" ID="15063">
        <definition>&lt;def-root&gt;The person that wishes to attack the &lt;fen&gt;Target&lt;/fen&gt; and who activates the &lt;fen&gt;Bomb&lt;/fen&gt;.&lt;/def-root&gt;</definition>
    </FE>
    <FE bgColor="00008B" fgColor="FFFFFF" coreType="Peripheral" cBy="RLG" cDate="09/27/2011 03:52:44 PDT Tue" abbrev="Part" name="Part" ID="15064">
        <definition>&lt;def-root&gt;This FE identifies a part of the &lt;fen&gt;Bomb&lt;/fen&gt;. This includes parts that aid in the detonation or damaging, or mere attachments.&lt;/def-root&gt;</definition>
    </FE>
    <FE bgColor="1E90FF" fgColor="FFFFFF" coreType="Peripheral" cBy="RLG" cDate="09/27/2011 03:52:44 PDT Tue" abbrev="nam" name="Name" ID="15065">
        <definition>&lt;def-root&gt;The term used to refer to the &lt;fen&gt;Bomb&lt;/fen&gt;.&lt;/def-root&gt;</definition>
    </FE>
    <FE bgColor="FF69B4" fgColor="FFFFFF" coreType="Peripheral" cBy="RLG" cDate="09/27/2011 03:52:44 PDT Tue" abbrev="tim" name="Time_of_creation" ID="15066">
        <definition>&lt;def-root&gt;The time at which a &lt;fen&gt;Bomb&lt;/fen&gt; comes into existence.&lt;/def-root&gt;</definition>
    </FE>
    <FE bgColor="006400" fgColor="FFFFFF" coreType="Peripheral" cBy="RLG" cDate="09/27/2011 03:52:44 PDT Tue" abbrev="cre" name="Creator" ID="15067">
        <definition>&lt;def-root&gt;The individual or group responsible for the creation of the &lt;fen&gt;Bomb&lt;/fen&gt;.&lt;/def-root&gt;</definition>
    </FE>
    <FE bgColor="FFA500" fgColor="FFFFFF" coreType="Peripheral" cBy="RLG" cDate="09/27/2011 03:52:44 PDT Tue" abbrev="dep" name="Descriptor" ID="15068">
        <definition>&lt;def-root&gt;A description or characteristic of the &lt;fen&gt;Bomb&lt;/fen&gt; not covered by more specific FEs.&lt;/def-root&gt;</definition>
    </FE>
    <FE bgColor="0000FF" fgColor="FFFFFF" coreType="Peripheral" cBy="RLG" cDate="09/27/2011 03:52:44 PDT Tue" abbrev="tar" name="Target" ID="15069">
        <definition>&lt;def-root&gt;The intended or actual target of the &lt;fen&gt;Bomb&lt;/fen&gt;.&lt;/def-root&gt;</definition>
    </FE>
    <frameRelation type="Inherits from">
        <relatedFrame ID="2623">Improvised_explosive_device</relatedFrame>
    </frameRelation>
    <frameRelation type="Is Inherited by"/>
    <frameRelation type="Perspective on"/>
    <frameRelation type="Is Perspectivized in"/>
    <frameRelation type="Uses"/>
    <frameRelation type="Is Used by">
        <relatedFrame ID="2662">Firing_point</relatedFrame>
    </frameRelation>
    <frameRelation type="Subframe of"/>
    <frameRelation type="Has Subframe(s)"/>
    <frameRelation type="Precedes"/>
    <frameRelation type="Is Preceded by"/>
    <frameRelation type="Is Inchoative of"/>
    <frameRelation type="Is Causative of"/>
    <frameRelation type="See also"/>
    <lexUnit status="Created" POS="N" name="RCIED.n" ID="16691" lemmaID="51430" cBy="RLG" cDate="10/12/2011 09:19:48 PDT Wed">
        <definition>FN: remote control IED; an improvized bomb which is detonated at a distance by a wireless signal.</definition>
        <sentenceCount annotated="0" total="0"/>
        <lexeme order="1" headword="true" breakBefore="false" POS="N" name="RCIED"/>
    </lexUnit>
    <lexUnit status="Created" POS="N" name="CWIED.n" ID="16692" lemmaID="51431" cBy="RLG" cDate="10/12/2011 09:20:49 PDT Wed">
        <definition>FN: command wire IED; an explosive device detonated at a distance via an electrical signal.</definition>
        <sentenceCount annotated="0" total="0"/>
        <lexeme order="1" headword="true" breakBefore="false" POS="N" name="CWIED"/>
    </lexUnit>
    <lexUnit status="Created" POS="N" name="command IED.n" ID="16789" lemmaID="51468" cBy="RLG" cDate="11/10/2011 09:33:02 PST Thu">
        <definition>FN: a roadside bomb rigged to detonate when it receives a remote command.</definition>
        <sentenceCount annotated="0" total="0"/>
        <lexeme order="1" headword="false" breakBefore="false" POS="N" name="command"/>
        <lexeme order="2" headword="true" breakBefore="false" POS="N" name="IED"/>
    </lexUnit>
</frame>