<?xml version="1.0" encoding="UTF-8" standalone="yes"?>
<?xml-stylesheet type="text/xsl" href="frame.xsl"?>
<frame cBy="MJE" cDate="03/23/2007 07:50:43 PDT Fri" name="Diversity" ID="1893" xsi:schemaLocation="../schema/frame.xsd" xmlns="http://framenet.icsi.berkeley.edu" xmlns:xsi="http://www.w3.org/2001/XMLSchema-instance">
    <definition>&lt;def-root&gt;A &lt;fen&gt;Group&lt;/fen&gt; is described as having members which are similar or dissimilar to each other.  The &lt;fen&gt;Degree&lt;/fen&gt; of similarity may also be expressed.  Some of the nouns in this frame are transparent (e.g. &lt;ment&gt;range.n&lt;/ment&gt;) whereas others denote the scale of diversity (&lt;ment&gt;diversity&lt;/ment&gt;); &lt;ment&gt;variety.n&lt;/ment&gt; is usable both ways but is normally transparent.

&lt;ex&gt;The &lt;t&gt;diversity&lt;/t&gt; &lt;fex name="Group"&gt;of students here&lt;/fex&gt; is to be applauded . &lt;fex name="Dimension"&gt;INI&lt;/fex&gt;&lt;/ex&gt;
&lt;ex&gt;A &lt;t&gt;&lt;fex name="Group"&gt;range&lt;/fex&gt;&lt;/t&gt; &lt;fex name="Group"&gt;of answers&lt;/fex&gt; were proposed .&lt;/ex&gt;

&lt;/def-root&gt;</definition>
    <FE bgColor="FF0000" fgColor="FFFFFF" coreType="Core" cBy="MJE" cDate="03/23/2007 07:50:44 PDT Fri" abbrev="" name="Group" ID="11243">
        <definition>&lt;def-root&gt;This FE marks constituents that express the set of objects or types whose diversity is at issue. 
&lt;/def-root&gt;</definition>
    </FE>
    <FE bgColor="9400D3" fgColor="FFFFFF" coreType="Core" cBy="MJE" cDate="03/23/2007 07:50:45 PDT Fri" abbrev="" name="Dimension" ID="11246">
        <definition>&lt;def-root&gt;This FE marks constituents which express a property in respect to which the similarity of the &lt;fen&gt;Group&lt;/fen&gt; is assessed.

&lt;/def-root&gt;</definition>
    </FE>
    <FE bgColor="FF69B4" fgColor="FFFFFF" coreType="Peripheral" cBy="MJE" cDate="03/23/2007 07:50:46 PDT Fri" abbrev="" name="Degree" ID="11247">
        <definition>&lt;def-root&gt;The extent to which the members of the &lt;fen&gt;Group&lt;/fen&gt; are similar to each other, in general or with respect to some &lt;fen&gt;Dimension&lt;/fen&gt;(s)

&lt;ex&gt;The songs on the album are &lt;fex name="Degree"&gt;incredibly&lt;/fex&gt; &lt;t&gt;diverse&lt;/t&gt; .&lt;/ex&gt;&lt;/def-root&gt;</definition>
        <semType name="Degree" ID="172"/>
    </FE>
    <FE bgColor="90876C" fgColor="FFFFFF" coreType="Peripheral" cBy="MJE" cDate="03/23/2007 07:50:46 PDT Fri" abbrev="" name="Time" ID="11248">
        <definition>&lt;def-root&gt;This FE identifies the &lt;fen&gt;Time&lt;/fen&gt; when the Group is diverse or homogenous.&lt;/def-root&gt;</definition>
        <semType name="Time" ID="141"/>
    </FE>
    <FE bgColor="FFFF00" fgColor="000000" coreType="Peripheral" cBy="MJE" cDate="03/23/2007 07:50:47 PDT Fri" abbrev="" name="Place" ID="11249">
        <definition>&lt;def-root&gt;The &lt;fen&gt;Place&lt;/fen&gt; is the general area in which diversity occurs or exists.&lt;/def-root&gt;</definition>
        <semType name="Locative_relation" ID="182"/>
    </FE>
    <FE bgColor="FF00FF" fgColor="000000" coreType="Peripheral" cBy="MJE" cDate="03/23/2007 07:50:47 PDT Fri" abbrev="" name="Manner" ID="11250">
        <definition>&lt;def-root&gt;This FE identifies the &lt;fen&gt;Manner&lt;/fen&gt; in which &lt;fen&gt;Dimension&lt;/fen&gt; is similar or different&lt;/def-root&gt;</definition>
        <semType name="Manner" ID="173"/>
    </FE>
    <FE bgColor="EEE8AA" fgColor="000000" coreType="Extra-Thematic" cBy="MJE" cDate="03/23/2007 07:50:47 PDT Fri" abbrev="Exp" name="Explanation" ID="11251">
        <definition>&lt;def-root&gt;An inanimate entity or process that causes the diversity or homogeneity.&lt;/def-root&gt;</definition>
    </FE>
    <FE bgColor="FFA500" fgColor="000000" coreType="Extra-Thematic" cBy="MJE" cDate="03/23/2007 07:50:47 PDT Fri" abbrev="" name="Depictive" ID="11252">
        <definition>&lt;def-root&gt;This FE is used for any &lt;fen&gt;Depictive&lt;/fen&gt; phrase describing the state of the &lt;fen&gt;Group&lt;/fen&gt;&lt;/def-root&gt;</definition>
    </FE>
    <frameRelation type="Inherits from">
        <relatedFrame ID="481">Similarity</relatedFrame>
    </frameRelation>
    <frameRelation type="Is Inherited by"/>
    <frameRelation type="Perspective on"/>
    <frameRelation type="Is Perspectivized in"/>
    <frameRelation type="Uses">
        <relatedFrame ID="128">Type</relatedFrame>
    </frameRelation>
    <frameRelation type="Is Used by">
        <relatedFrame ID="1680">Delimitation_of_diversity</relatedFrame>
    </frameRelation>
    <frameRelation type="Subframe of"/>
    <frameRelation type="Has Subframe(s)"/>
    <frameRelation type="Precedes"/>
    <frameRelation type="Is Preceded by"/>
    <frameRelation type="Is Inchoative of"/>
    <frameRelation type="Is Causative of"/>
    <frameRelation type="See also"/>
    <lexUnit status="Add_Annotation" POS="A" name="homogeneous.a" ID="14041" lemmaID="50564" cBy="MJE" cDate="03/23/2007 08:16:08 PDT Fri">
        <definition>COD: of the same kind; consisting of parts all of the same kind. </definition>
        <sentenceCount annotated="1" total="215"/>
        <lexeme order="1" headword="true" breakBefore="false" POS="A" name="homogeneous"/>
    </lexUnit>
    <lexUnit status="Finished_Initial" POS="N" name="diversity.n" ID="14042" lemmaID="11295" cBy="MJE" cDate="03/23/2007 08:16:23 PDT Fri">
        <definition>COD: the state of being diverse.</definition>
        <sentenceCount annotated="20" total="226"/>
        <lexeme order="1" headword="false" breakBefore="false" POS="N" name="diversity"/>
    </lexUnit>
    <lexUnit status="Created" POS="N" name="variety.n" ID="14043" lemmaID="50565" cBy="MJE" cDate="03/23/2007 08:16:46 PDT Fri">
        <definition>COD: the quality or state of being different or diverse.</definition>
        <sentenceCount annotated="3" total="3"/>
        <lexeme order="1" headword="true" breakBefore="false" POS="N" name="variety"/>
    </lexUnit>
    <lexUnit status="Created" POS="A" name="diverse.a" ID="14044" lemmaID="11288" cBy="MJE" cDate="03/23/2007 08:17:16 PDT Fri">
        <definition>COD: widely varied.</definition>
        <sentenceCount annotated="1" total="1"/>
        <lexeme order="1" headword="false" breakBefore="false" POS="A" name="diverse"/>
    </lexUnit>
    <lexUnit status="Add_Annotation" POS="N" name="homogeneity.n" ID="14045" lemmaID="18296" cBy="MJE" cDate="03/23/2007 08:17:29 PDT Fri">
        <definition>FN: the quality of being the same in character or content.</definition>
        <sentenceCount annotated="3" total="76"/>
        <lexeme order="1" headword="false" breakBefore="false" POS="N" name="homogeneity"/>
    </lexUnit>
    <lexUnit status="Rules_Defined" POS="A" name="various.a" ID="14046" lemmaID="42734" cBy="MJE" cDate="03/23/2007 08:17:45 PDT Fri">
        <definition>COD: different from one another; of different kinds or sorts.</definition>
        <sentenceCount annotated="1" total="1"/>
        <lexeme order="1" headword="false" breakBefore="false" POS="A" name="various"/>
    </lexUnit>
    <lexUnit status="Finished_Initial" POS="N" name="range.n" ID="14048" lemmaID="31791" cBy="MJE" cDate="03/23/2007 08:18:57 PDT Fri">
        <definition>COD: a set of different things of the same general type.</definition>
        <sentenceCount annotated="26" total="192"/>
        <lexeme order="1" headword="false" breakBefore="false" POS="N" name="range"/>
    </lexUnit>
    <lexUnit status="Rules_Defined" POS="A" name="broad.a" ID="14049" lemmaID="4652" cBy="MJE" cDate="03/23/2007 08:19:12 PDT Fri">
        <definition>COD: large in area or scope.</definition>
        <sentenceCount annotated="0" total="0"/>
        <lexeme order="1" headword="false" breakBefore="false" POS="A" name="broad"/>
    </lexUnit>
    <lexUnit status="Created" POS="N" name="breadth.n" ID="14050" lemmaID="4489" cBy="MJE" cDate="03/23/2007 08:19:27 PDT Fri">
        <definition>COD: wide range</definition>
        <sentenceCount annotated="0" total="0"/>
        <lexeme order="1" headword="false" breakBefore="false" POS="N" name="breadth"/>
    </lexUnit>
    <lexUnit status="Finished_Initial" POS="A" name="varied.a" ID="14051" lemmaID="42726" cBy="MJE" cDate="03/23/2007 08:22:58 PDT Fri">
        <definition>COD: incorporating a number of different types or elements; showing variation or variety.</definition>
        <sentenceCount annotated="24" total="187"/>
        <lexeme order="1" headword="false" breakBefore="false" POS="A" name="varied"/>
    </lexUnit>
    <lexUnit status="Created" POS="N" name="medley.n" ID="14052" lemmaID="23883" cBy="MJE" cDate="03/23/2007 08:24:20 PDT Fri">
        <definition>COD: a varied mixture.</definition>
        <sentenceCount annotated="0" total="0"/>
        <lexeme order="1" headword="false" breakBefore="false" POS="N" name="medley"/>
    </lexUnit>
    <lexUnit status="Created" POS="N" name="miscellany.n" ID="14053" lemmaID="24475" cBy="MJE" cDate="03/23/2007 08:24:44 PDT Fri">
        <definition>COD: a mixture.</definition>
        <sentenceCount annotated="0" total="0"/>
        <lexeme order="1" headword="false" breakBefore="false" POS="N" name="miscellany"/>
    </lexUnit>
    <lexUnit status="Finished_Initial" POS="N" name="array.n" ID="14054" lemmaID="1975" cBy="MJE" cDate="03/23/2007 08:25:12 PDT Fri">
        <definition>COD: an impressive display or range of a particular thing.</definition>
        <sentenceCount annotated="22" total="169"/>
        <lexeme order="1" headword="false" breakBefore="false" POS="N" name="array"/>
    </lexUnit>
    <lexUnit status="Created" POS="A" name="uniform.a" ID="14055" lemmaID="42183" cBy="MJE" cDate="03/23/2007 08:25:53 PDT Fri">
        <definition>COD: not varying; the same in all cases and at all times.</definition>
        <sentenceCount annotated="0" total="0"/>
        <lexeme order="1" headword="false" breakBefore="false" POS="A" name="uniform"/>
    </lexUnit>
    <lexUnit status="Created" POS="N" name="uniformity.n" ID="14056" lemmaID="42185" cBy="MJE" cDate="03/23/2007 08:26:04 PDT Fri">
        <definition>FN: the quality of being uniform.</definition>
        <sentenceCount annotated="0" total="0"/>
        <lexeme order="1" headword="false" breakBefore="false" POS="N" name="uniformity"/>
    </lexUnit>
    <lexUnit status="Created" POS="N" name="assortment.n" ID="14057" lemmaID="2177" cBy="MJE" cDate="03/23/2007 08:26:24 PDT Fri">
        <definition>COD: a miscellaneous collection.</definition>
        <sentenceCount annotated="0" total="0"/>
        <lexeme order="1" headword="false" breakBefore="false" POS="N" name="assortment"/>
    </lexUnit>
    <lexUnit status="Created" POS="A" name="assorted.a" ID="14058" lemmaID="2176" cBy="MJE" cDate="03/23/2007 08:26:35 PDT Fri">
        <definition>COD: of various sorts put together.</definition>
        <sentenceCount annotated="0" total="0"/>
        <lexeme order="1" headword="false" breakBefore="false" POS="A" name="assorted"/>
    </lexUnit>
    <lexUnit status="Add_Annotation" POS="A" name="multifarious.a" ID="14059" lemmaID="25187" cBy="MJE" cDate="03/23/2007 08:27:27 PDT Fri">
        <definition>COD: having great variety and diversity.</definition>
        <sentenceCount annotated="1" total="54"/>
        <lexeme order="1" headword="false" breakBefore="false" POS="A" name="multifarious"/>
    </lexUnit>
    <lexUnit status="Created" POS="N" name="diverseness.n" ID="14060" lemmaID="50566" cBy="MJE" cDate="03/23/2007 08:27:53 PDT Fri">
        <definition>FN: the state or condition of wide variation.</definition>
        <sentenceCount annotated="0" total="0"/>
        <lexeme order="1" headword="true" breakBefore="false" POS="N" name="diverseness"/>
    </lexUnit>
    <lexUnit status="Add_Annotation" POS="A" name="heterogeneous.a" ID="14062" lemmaID="17972" cBy="MJE" cDate="03/23/2007 08:28:34 PDT Fri">
        <definition>COD: diverse in character or content.</definition>
        <sentenceCount annotated="3" total="86"/>
        <lexeme order="1" headword="false" breakBefore="false" POS="A" name="heterogeneous"/>
    </lexUnit>
    <lexUnit status="Created" POS="N" name="heterogeneity.n" ID="14063" lemmaID="17971" cBy="MJE" cDate="03/23/2007 08:28:47 PDT Fri">
        <definition>FN: the quality of being diverse in character or content.</definition>
        <sentenceCount annotated="0" total="0"/>
        <lexeme order="1" headword="false" breakBefore="false" POS="N" name="heterogeneity"/>
    </lexUnit>
    <lexUnit status="Created" POS="N" name="mixed bag.n" ID="14064" lemmaID="50567" cBy="MJE" cDate="03/23/2007 08:29:24 PDT Fri">
        <definition>COD: a diverse assortment.</definition>
        <sentenceCount annotated="0" total="0"/>
        <lexeme order="1" headword="false" breakBefore="false" POS="A" name="mixed"/>
        <lexeme order="2" headword="true" breakBefore="false" POS="N" name="bag"/>
    </lexUnit>
    <lexUnit status="Created" POS="N" name="multifariousness.n" ID="14065" lemmaID="25189" cBy="MJE" cDate="03/23/2007 08:31:24 PDT Fri">
        <definition>FN: the quality of having great variety and diversity.</definition>
        <sentenceCount annotated="0" total="0"/>
        <lexeme order="1" headword="false" breakBefore="false" POS="N" name="multifariousness"/>
    </lexUnit>
    <lexUnit status="Add_Annotation" POS="A" name="manifold.a" ID="14066" lemmaID="23375" cBy="MJE" cDate="03/23/2007 08:31:49 PDT Fri">
        <definition>COD: many and various.</definition>
        <sentenceCount annotated="1" total="78"/>
        <lexeme order="1" headword="false" breakBefore="false" POS="A" name="manifold"/>
    </lexUnit>
    <lexUnit status="Created" POS="N" name="multiplicity.n" ID="14067" lemmaID="25199" cBy="MJE" cDate="03/23/2007 08:33:58 PDT Fri">
        <definition>COD: a large number or variety.</definition>
        <sentenceCount annotated="0" total="0"/>
        <lexeme order="1" headword="false" breakBefore="false" POS="N" name="multiplicity"/>
    </lexUnit>
    <lexUnit status="Created" POS="N" name="variability.n" ID="14068" lemmaID="42715" cBy="MJE" cDate="03/23/2007 08:35:31 PDT Fri">
        <definition>FN: the extent of diversity.</definition>
        <sentenceCount annotated="0" total="0"/>
        <lexeme order="1" headword="false" breakBefore="false" POS="N" name="variability"/>
    </lexUnit>
    <lexUnit status="Created" POS="N" name="scope.n" ID="14341" lemmaID="34471" cBy="RLG" cDate="04/03/2007 11:39:37 PDT Tue">
        <definition>FN: a set of various items.</definition>
        <sentenceCount annotated="0" total="0"/>
        <lexeme order="1" headword="false" breakBefore="false" POS="N" name="scope"/>
    </lexUnit>
</frame>