<?xml version="1.0" encoding="UTF-8" standalone="yes"?>
<?xml-stylesheet type="text/xsl" href="frame.xsl"?>
<frame cBy="JKR" cDate="12/05/2002 06:53:19 PST Thu" name="Domain" ID="430" xsi:schemaLocation="../schema/frame.xsd" xmlns="http://framenet.icsi.berkeley.edu" xmlns:xsi="http://www.w3.org/2001/XMLSchema-instance">
    <definition>&lt;def-root&gt;A &lt;fen&gt;Predicate&lt;/fen&gt;  is said to apply in a particular &lt;fen&gt;Domain&lt;/fen&gt;. The understanding of the relation between &lt;fen&gt;Domain&lt;/fen&gt; and &lt;fen&gt;Predicate&lt;/fen&gt;  depends on the nature of the &lt;fen&gt;Predicate&lt;/fen&gt;. When the &lt;fen&gt;Predicate&lt;/fen&gt; is a complete proposition, then a &lt;fen&gt;Domain&lt;/fen&gt; adverbial also functions as a topic restrictor. Sentences with topic restrictors often come in pairs.  When the &lt;fen&gt;Predicate&lt;/fen&gt; is a simple predicate, there is no notion of topic restriction on the sentence level.


&lt;ex&gt;The Normal College is &lt;fex name="Domain"&gt;&lt;t&gt;geographically&lt;/t&gt;&lt;/fex&gt; &lt;fex name="Predicate"&gt;adjacent to the University of North Wales&lt;/fex&gt;.&lt;/ex&gt;
&lt;ex&gt;&lt;fex name="Domain"&gt;&lt;t&gt;Geographically&lt;/t&gt;&lt;/fex&gt;, &lt;fex name="Predicate"&gt;Britain is a group of island off the mainland of Europe&lt;/fex&gt;.  &lt;fex name="Domain"&gt;&lt;t&gt;Culturally&lt;/t&gt;&lt;/fex&gt; , &lt;fex name="Predicate"&gt;it has always been linked to the continent&lt;/fex&gt; .&lt;/ex&gt; 
&lt;ex&gt;&lt;fex name="Domain"&gt;&lt;t&gt;Socially&lt;/t&gt;&lt;/fex&gt; and demographically &lt;fex name="Predicate"&gt;the period has been dominated by two factors -- the fall in the size of families and the increase in the expectation of survival to retirement , the effects of which are still far from having exhausted themselves &lt;/fex&gt;.&lt;/ex&gt;&lt;/def-root&gt;</definition>
    <FE bgColor="008000" fgColor="FFFFFF" coreType="Core" cBy="JKR" cDate="12/05/2002 06:59:13 PST Thu" abbrev="Predicate" name="Predicate" ID="3961">
        <definition>&lt;def-root&gt;This Frame Element denotes the &lt;fen&gt;Predicate&lt;/fen&gt; which is applied to the &lt;fen&gt;Domain&lt;/fen&gt;.

&lt;ex&gt;This policy is not &lt;t&gt;economically&lt;/t&gt; &lt;fex name="Predicate"&gt;sound&lt;/fex&gt;.&lt;/ex&gt;&lt;/def-root&gt;</definition>
    </FE>
    <FE bgColor="FF0000" fgColor="FFFFFF" coreType="Core" cBy="JKR" cDate="12/05/2002 07:00:23 PST Thu" abbrev="Domain" name="Domain" ID="3962">
        <definition>&lt;def-root&gt;This Frame Element applies to the &lt;fen&gt;Domain&lt;/fen&gt; in which the &lt;fen&gt;Predicate&lt;/fen&gt; is said to apply.

&lt;ex&gt;Britain and France are close , not only &lt;t&gt;&lt;fex name="Domain"&gt;geographically&lt;/fex&gt;&lt;/t&gt; , but also strategically .&lt;/ex&gt;&lt;/def-root&gt;</definition>
    </FE>
    <FE bgColor="800080" fgColor="FFFFFF" coreType="Peripheral" cBy="KmG" cDate="07/24/2008 05:25:18 PDT Thu" abbrev="Exp" name="Explanation" ID="13037">
        <definition>&lt;def-root&gt;The Explanation denotes a proposition from which the main clause (headed by the target) logically follows.&lt;/def-root&gt;</definition>
    </FE>
    <frameRelation type="Inherits from"/>
    <frameRelation type="Is Inherited by"/>
    <frameRelation type="Perspective on"/>
    <frameRelation type="Is Perspectivized in"/>
    <frameRelation type="Uses"/>
    <frameRelation type="Is Used by"/>
    <frameRelation type="Subframe of"/>
    <frameRelation type="Has Subframe(s)"/>
    <frameRelation type="Precedes"/>
    <frameRelation type="Is Preceded by"/>
    <frameRelation type="Is Inchoative of"/>
    <frameRelation type="Is Causative of"/>
    <frameRelation type="See also"/>
    <lexUnit status="Created" POS="ADV" name="legally.adv" ID="7810" lemmaID="22025" cBy="JKR" cDate="12/05/2002 07:28:12 PST Thu">
        <definition>FN: of or relating to the law</definition>
        <sentenceCount annotated="0" total="0"/>
        <lexeme order="1" headword="false" breakBefore="false" POS="ADV" name="legally"/>
    </lexUnit>
    <lexUnit status="Created" POS="ADV" name="economically.adv" ID="7811" lemmaID="12189" cBy="JKR" cDate="12/05/2002 07:28:26 PST Thu">
        <definition>FN: of or relating to the economy</definition>
        <sentenceCount annotated="0" total="0"/>
        <lexeme order="1" headword="false" breakBefore="false" POS="ADV" name="economically"/>
    </lexUnit>
    <lexUnit status="Finished_Initial" POS="ADV" name="emotionally.adv" ID="7812" lemmaID="12608" cBy="JKR" cDate="12/05/2002 07:29:43 PST Thu">
        <definition>FN: of or relating to emotion</definition>
        <sentenceCount annotated="20" total="110"/>
        <lexeme order="1" headword="false" breakBefore="false" POS="ADV" name="emotionally"/>
    </lexUnit>
    <lexUnit status="Created" POS="ADV" name="geographically.adv" ID="7813" lemmaID="16125" cBy="JKR" cDate="12/05/2002 07:30:14 PST Thu">
        <definition>FN: of or relating to geography</definition>
        <sentenceCount annotated="1" total="1"/>
        <lexeme order="1" headword="false" breakBefore="false" POS="ADV" name="geographically"/>
    </lexUnit>
    <lexUnit status="Created" POS="ADV" name="psychologically.adv" ID="7814" lemmaID="31014" cBy="JKR" cDate="12/05/2002 07:30:46 PST Thu">
        <definition>FN: of or relating to psychology</definition>
        <sentenceCount annotated="0" total="0"/>
        <lexeme order="1" headword="false" breakBefore="false" POS="ADV" name="psychologically"/>
    </lexUnit>
    <lexUnit status="Created" POS="ADV" name="historically.adv" ID="7815" lemmaID="18148" cBy="JKR" cDate="12/05/2002 07:31:29 PST Thu">
        <definition>FN: of or relating to history</definition>
        <sentenceCount annotated="4" total="4"/>
        <lexeme order="1" headword="false" breakBefore="false" POS="ADV" name="historically"/>
    </lexUnit>
    <lexUnit status="Created" POS="ADV" name="socially.adv" ID="7816" lemmaID="36778" cBy="JKR" cDate="12/05/2002 07:33:44 PST Thu">
        <definition>FN: of or relating to society</definition>
        <sentenceCount annotated="0" total="0"/>
        <lexeme order="1" headword="false" breakBefore="false" POS="ADV" name="socially"/>
    </lexUnit>
    <lexUnit status="Finished_Initial" POS="ADV" name="culturally.adv" ID="7817" lemmaID="9223" cBy="JKR" cDate="12/05/2002 07:35:32 PST Thu">
        <definition>FN: of or relating to culture</definition>
        <sentenceCount annotated="21" total="111"/>
        <lexeme order="1" headword="false" breakBefore="false" POS="ADV" name="culturally"/>
    </lexUnit>
    <lexUnit status="Created" POS="ADV" name="financially.adv" ID="7818" lemmaID="14387" cBy="JKR" cDate="12/05/2002 07:36:23 PST Thu">
        <definition>FN: of or relating to finance</definition>
        <sentenceCount annotated="1" total="1"/>
        <lexeme order="1" headword="false" breakBefore="false" POS="ADV" name="financially"/>
    </lexUnit>
    <lexUnit status="Created" POS="IDIO" name="in terms.idio" ID="7819" lemmaID="46210" cBy="JKR" cDate="12/05/2002 08:02:54 PST Thu">
        <definition>COD: with regard to the aspect or subject specified</definition>
        <sentenceCount annotated="2" total="2"/>
        <lexeme order="1" headword="true" breakBefore="false" POS="PREP" name="in"/>
        <lexeme order="2" headword="false" breakBefore="true" POS="N" name="terms"/>
    </lexUnit>
</frame>