<?xml version="1.0" encoding="UTF-8" standalone="yes"?>
<?xml-stylesheet type="text/xsl" href="frame.xsl"?>
<frame cBy="RLG" cDate="10/04/2006 03:49:50 PDT Wed" name="Domination" ID="1797" xsi:schemaLocation="../schema/frame.xsd" xmlns="http://framenet.icsi.berkeley.edu" xmlns:xsi="http://www.w3.org/2001/XMLSchema-instance">
    <definition>&lt;def-root&gt;An &lt;fen&gt;Agent&lt;/fen&gt; has a influential, controlling position in a &lt;fen&gt;Situation&lt;/fen&gt;, and is the primary causal factor in the development of the &lt;fen&gt;Situation&lt;/fen&gt;, leaving other &lt;fen&gt;Competitor&lt;/fen&gt;s unable to take controlling positions.

Two perspectives are taken on this frame, one where the &lt;fen&gt;Agent&lt;/fen&gt; is viewed as controlling primarily the &lt;fen&gt;Situation&lt;/fen&gt;, and another where the &lt;fen&gt;Agent&lt;/fen&gt; is viewed as primarily influencing the other &lt;fen&gt;Competitor&lt;/fen&gt;s in the &lt;fen&gt;Situation&lt;/fen&gt;.&lt;/def-root&gt;</definition>
    <semType name="Non-Lexical Frame" ID="16"/>
    <FE bgColor="FF0000" fgColor="FFFFFF" coreType="Core" cBy="RLG" cDate="10/04/2006 03:59:56 PDT Wed" abbrev="age" name="Agent" ID="10648">
        <definition>&lt;def-root&gt;The &lt;fen&gt;Agent&lt;/fen&gt; has a controlling position in the Situation.&lt;/def-root&gt;</definition>
        <semType name="Sentient" ID="5"/>
    </FE>
    <FE bgColor="008000" fgColor="FFFFFF" coreType="Core" cBy="RLG" cDate="10/04/2006 04:01:23 PDT Wed" abbrev="sit" name="Situation" ID="10649">
        <definition>&lt;def-root&gt;The &lt;fen&gt;Situation&lt;/fen&gt; is primarily affected by the &lt;fen&gt;Agent&lt;/fen&gt;, in particular how it develops or concludes.&lt;/def-root&gt;</definition>
    </FE>
    <FE bgColor="0000FF" fgColor="FFFFFF" coreType="Core" cBy="RLG" cDate="10/04/2006 04:02:00 PDT Wed" abbrev="com" name="Competitor" ID="10650">
        <definition>&lt;def-root&gt;The &lt;fen&gt;Competitor&lt;/fen&gt;s are trying to gain control of a situation, but end up being subject to the control and influence of the &lt;fen&gt;Agent&lt;/fen&gt; .&lt;/def-root&gt;</definition>
    </FE>
    <FE bgColor="FFA500" fgColor="FFFFFF" coreType="Peripheral" cBy="RLG" cDate="10/05/2006 02:34:35 PDT Thu" abbrev="tim" name="Time" ID="10659">
        <definition>&lt;def-root&gt;The time when the domination takes place.&lt;/def-root&gt;</definition>
        <semType name="Time" ID="141"/>
    </FE>
    <FE bgColor="006400" fgColor="FFFFFF" coreType="Peripheral" cBy="RLG" cDate="10/05/2006 02:34:48 PDT Thu" abbrev="pla" name="Place" ID="10660">
        <definition>&lt;def-root&gt;The location of the dominationw&lt;/def-root&gt;</definition>
        <semType name="Locative_relation" ID="182"/>
    </FE>
    <FE bgColor="FF69B4" fgColor="FFFFFF" coreType="Peripheral" cBy="RLG" cDate="10/05/2006 02:35:14 PDT Thu" abbrev="man" name="Manner" ID="10661">
        <definition>&lt;def-root&gt;The manner of the domination.&lt;/def-root&gt;</definition>
        <semType name="Manner" ID="173"/>
    </FE>
    <FE bgColor="808080" fgColor="FFFFFF" coreType="Peripheral" cBy="RLG" cDate="10/05/2006 02:35:34 PDT Thu" abbrev="dur" name="Duration" ID="10662">
        <definition>&lt;def-root&gt;The length of time over which the domination takes place.&lt;/def-root&gt;</definition>
    </FE>
    <FE bgColor="A52A2A" fgColor="FFFFFF" coreType="Peripheral" cBy="AnW" cDate="05/05/2010 04:05:49 PDT Wed" abbrev="deg" name="Degree" ID="13837">
        <definition>&lt;def-root&gt;The &lt;fen&gt;Degree&lt;/fen&gt; to which the &lt;fen&gt;Agent&lt;/fen&gt; dominates.&lt;/def-root&gt;</definition>
        <semType name="Degree" ID="172"/>
    </FE>
    <frameRelation type="Inherits from"/>
    <frameRelation type="Is Inherited by"/>
    <frameRelation type="Perspective on"/>
    <frameRelation type="Is Perspectivized in">
        <relatedFrame ID="1796">Dominate_competitor</relatedFrame>
        <relatedFrame ID="1795">Dominate_situation</relatedFrame>
    </frameRelation>
    <frameRelation type="Uses"/>
    <frameRelation type="Is Used by"/>
    <frameRelation type="Subframe of"/>
    <frameRelation type="Has Subframe(s)"/>
    <frameRelation type="Precedes"/>
    <frameRelation type="Is Preceded by"/>
    <frameRelation type="Is Inchoative of"/>
    <frameRelation type="Is Causative of"/>
    <frameRelation type="See also"/>
</frame>