<?xml version="1.0" encoding="UTF-8" standalone="yes"?>
<?xml-stylesheet type="text/xsl" href="frame.xsl"?>
<frame cBy="ChW" cDate="02/07/2001 04:12:27 PST Wed" name="Duration_description" ID="79" xsi:schemaLocation="../schema/frame.xsd" xmlns="http://framenet.icsi.berkeley.edu" xmlns:xsi="http://www.w3.org/2001/XMLSchema-instance">
    <definition>&lt;def-root&gt;An event or state (here termed an &lt;fen&gt;Eventuality&lt;/fen&gt;) or time-&lt;fen&gt;Period&lt;/fen&gt; is described in terms of the &lt;fen&gt;Degree&lt;/fen&gt; to which its duration diverges from a standard.  As is usual for gradable attributes, the standard of comparison is normally based on the expected duration for the type of &lt;fen&gt;Eventuality&lt;/fen&gt; or &lt;fen&gt;Period&lt;/fen&gt;.  (In conjunction with the comparative construction, the standard may also be based upon an explicit value.)
&lt;ex&gt;&lt;/ex&gt;
&lt;ex&gt;After a &lt;t&gt;lengthy&lt;/t&gt; &lt;fex name="Eventuality"&gt;discussion with the Foreign Minister, Mr. Qian Qichen&lt;/fex&gt;, they met the Prime Minister.&lt;/ex&gt;
&lt;ex&gt;&lt;/ex&gt;
&lt;ex&gt;The &lt;t&gt;lengthy&lt;/t&gt; &lt;fex name="Period"&gt;period which most party leaders have already spent in Parliament before gaining office&lt;/fex&gt; certainly gives them time to acquire suitable skills.&lt;/ex&gt;&lt;/def-root&gt;</definition>
    <FE bgColor="006400" fgColor="FFFFFF" coreType="Core" cBy="ChW" cDate="02/07/2001 04:12:27 PST Wed" abbrev="Evty" name="Eventuality" ID="369">
        <definition>&lt;def-root&gt;A situation, action or event whose duration is being described.  The Eventuality occurs as the External Argument if the adjective is used predicatively, or as the modified noun if the adjective is used attributively: &lt;fex name="Eventuality"&gt;The lecture&lt;/fex&gt; was &lt;t&gt;short&lt;/t&gt;. We had a &lt;t&gt;lengthy&lt;/t&gt; &lt;fex name="Eventuality"&gt;conversation&lt;/fex&gt;. &lt;/def-root&gt;</definition>
    </FE>
    <FE bgColor="0000FF" fgColor="FFFFFF" coreType="Core" cBy="ChW" cDate="02/07/2001 04:12:27 PST Wed" abbrev="Prd" name="Period" ID="370">
        <definition>&lt;def-root&gt;Sometimes these adjectives describe simply a period of time, rather than an event or state.  The Period almost invariably occurs as the modified noun with an attributive adjective: We waited for only a &lt;t&gt;short&lt;/t&gt; &lt;fex name="Period"&gt;time&lt;/fex&gt;. Use of the drug over a &lt;t&gt;lengthy&lt;/t&gt; &lt;fex name="Period"&gt;period&lt;/fex&gt; can cause memory loss. &lt;/def-root&gt;</definition>
    </FE>
    <FE bgColor="FF69B4" fgColor="FFFFFF" coreType="Peripheral" cBy="MJE" cDate="09/17/2001 04:42:23 PDT Mon" abbrev="Degr" name="Degree" ID="1889">
        <definition>&lt;def-root&gt;Degree to which event occurs&lt;/def-root&gt;</definition>
        <semType name="Degree" ID="172"/>
    </FE>
    <FEcoreSet>
        <memberFE name="Eventuality" ID="369"/>
        <memberFE name="Period" ID="370"/>
    </FEcoreSet>
    <frameRelation type="Inherits from">
        <relatedFrame ID="965">Measurable_attributes</relatedFrame>
    </frameRelation>
    <frameRelation type="Is Inherited by"/>
    <frameRelation type="Perspective on">
        <relatedFrame ID="2122">Duration_scenario</relatedFrame>
    </frameRelation>
    <frameRelation type="Is Perspectivized in"/>
    <frameRelation type="Uses"/>
    <frameRelation type="Is Used by">
        <relatedFrame ID="967">Taking_time</relatedFrame>
    </frameRelation>
    <frameRelation type="Subframe of"/>
    <frameRelation type="Has Subframe(s)"/>
    <frameRelation type="Precedes"/>
    <frameRelation type="Is Preceded by"/>
    <frameRelation type="Is Inchoative of"/>
    <frameRelation type="Is Causative of"/>
    <frameRelation type="See also"/>
    <lexUnit status="FN1_Sent" POS="A" name="abiding.a" ID="1711" lemmaID="108" cBy="ChW" cDate="02/08/2001 01:30:19 PST Thu">
        <definition>FN: permanent, enduring</definition>
        <sentenceCount annotated="21" total="61"/>
        <lexeme order="1" headword="false" breakBefore="false" POS="A" name="abiding"/>
    </lexUnit>
    <lexUnit status="FN1_Sent" POS="A" name="brief.a" ID="1712" lemmaID="4596" cBy="ChW" cDate="02/08/2001 01:30:19 PST Thu">
        <definition>COD: of short duration.</definition>
        <sentenceCount annotated="37" total="181"/>
        <lexeme order="1" headword="false" breakBefore="false" POS="A" name="brief"/>
    </lexUnit>
    <lexUnit status="FN1_Sent" POS="A" name="chronic.a" ID="1713" lemmaID="6460" cBy="ChW" cDate="02/08/2001 01:30:19 PST Thu">
        <definition>COD: (of an illness or problem) persisting for a long time. </definition>
        <sentenceCount annotated="29" total="139"/>
        <lexeme order="1" headword="false" breakBefore="false" POS="A" name="chronic"/>
    </lexUnit>
    <lexUnit status="FN1_Sent" POS="A" name="enduring.a" ID="1714" lemmaID="12736" cBy="ChW" cDate="02/08/2001 01:30:19 PST Thu">
        <definition>FN: continuing, durable</definition>
        <sentenceCount annotated="24" total="58"/>
        <lexeme order="1" headword="false" breakBefore="false" POS="A" name="enduring"/>
    </lexUnit>
    <lexUnit status="FN1_Sent" POS="A" name="ephemeral.a" ID="1715" lemmaID="12939" cBy="ChW" cDate="02/08/2001 01:30:19 PST Thu">
        <definition>COD: lasting or living for a very short time. </definition>
        <sentenceCount annotated="20" total="64"/>
        <lexeme order="1" headword="false" breakBefore="false" POS="A" name="ephemeral"/>
    </lexUnit>
    <lexUnit status="FN1_Sent" POS="A" name="eternal.a" ID="1716" lemmaID="13153" cBy="ChW" cDate="02/08/2001 01:30:19 PST Thu">
        <definition>COD: lasting or existing forever. </definition>
        <sentenceCount annotated="23" total="137"/>
        <lexeme order="1" headword="false" breakBefore="false" POS="A" name="eternal"/>
    </lexUnit>
    <lexUnit status="FN1_Sent" POS="A" name="extended.a" ID="1717" lemmaID="24" cBy="ChW" cDate="02/08/2001 01:30:19 PST Thu">
        <definition>FN: lengthy, drawn out</definition>
        <sentenceCount annotated="15" total="81"/>
        <lexeme order="1" headword="false" breakBefore="false" POS="A" name="extended"/>
    </lexUnit>
    <lexUnit status="FN1_Sent" POS="A" name="interim.a" ID="1718" lemmaID="20327" cBy="ChW" cDate="02/08/2001 01:30:19 PST Thu">
        <definition>COD: provisional.</definition>
        <sentenceCount annotated="18" total="126"/>
        <lexeme order="1" headword="false" breakBefore="false" POS="A" name="interim"/>
    </lexUnit>
    <lexUnit status="FN1_Sent" POS="A" name="lasting.a" ID="1719" lemmaID="21767" cBy="ChW" cDate="02/08/2001 01:30:19 PST Thu">
        <definition>COD: enduring or able to endure over a long period of time. </definition>
        <sentenceCount annotated="35" total="90"/>
        <lexeme order="1" headword="false" breakBefore="false" POS="A" name="lasting"/>
    </lexUnit>
    <lexUnit status="FN1_Sent" POS="A" name="lengthy.a" ID="1720" lemmaID="22082" cBy="ChW" cDate="02/08/2001 01:30:19 PST Thu">
        <definition>COD: of considerable or unusual duration</definition>
        <sentenceCount annotated="35" total="116"/>
        <lexeme order="1" headword="false" breakBefore="false" POS="A" name="lengthy"/>
    </lexUnit>
    <lexUnit status="FN1_Sent" POS="A" name="momentary.a" ID="1721" lemmaID="24744" cBy="ChW" cDate="02/08/2001 01:30:20 PST Thu">
        <definition>FN: continuing or occuring only briefly; fleeting</definition>
        <sentenceCount annotated="23" total="52"/>
        <lexeme order="1" headword="false" breakBefore="false" POS="A" name="momentary"/>
    </lexUnit>
    <lexUnit status="FN1_Sent" POS="A" name="perpetual.a" ID="1722" lemmaID="28538" cBy="ChW" cDate="02/08/2001 01:30:20 PST Thu">
        <definition>COD: never ending or changing.</definition>
        <sentenceCount annotated="18" total="66"/>
        <lexeme order="1" headword="false" breakBefore="false" POS="A" name="perpetual"/>
    </lexUnit>
    <lexUnit status="FN1_Sent" POS="A" name="short.a" ID="1723" lemmaID="35638" cBy="ChW" cDate="02/08/2001 01:30:20 PST Thu">
        <definition>FN: of a brief duration</definition>
        <sentenceCount annotated="37" total="251"/>
        <lexeme order="1" headword="false" breakBefore="false" POS="A" name="short"/>
    </lexUnit>
    <lexUnit status="Finished_Initial" POS="A" name="long.a" ID="13915" lemmaID="22697" cBy="KmG" cDate="03/02/2007 12:53:42 PST Fri">
        <definition>FN: of greater temporal duration than normal.</definition>
        <sentenceCount annotated="61" total="61"/>
        <lexeme order="1" headword="false" breakBefore="false" POS="A" name="long"/>
    </lexUnit>
    <lexUnit status="Created" POS="A" name="persistent.a" ID="15849" lemmaID="28565" cBy="AlK" cDate="07/07/2010 01:03:18 PDT Wed">
        <definition>FN: prolonged</definition>
        <sentenceCount annotated="3" total="3"/>
        <lexeme order="1" headword="false" breakBefore="false" POS="A" name="persistent"/>
    </lexUnit>
    <lexUnit status="Finished_Initial" POS="A" name="rapid.a" ID="16090" lemmaID="31821" cBy="AlK" cDate="09/27/2010 03:18:09 PDT Mon">
        <definition>FN: (of events) having a short duration until completion</definition>
        <sentenceCount annotated="37" total="37"/>
        <lexeme order="1" headword="false" breakBefore="false" POS="A" name="rapid"/>
    </lexUnit>
    <lexUnit status="Created" POS="A" name="sustained.a" ID="16953" lemmaID="51502" cBy="WmS" cDate="03/14/2012 11:18:25 PDT Wed">
        <definition>FN: Enduring</definition>
        <sentenceCount annotated="0" total="0"/>
        <lexeme order="1" headword="true" breakBefore="false" POS="A" name="sustained"/>
    </lexUnit>
</frame>