<?xml version="1.0" encoding="UTF-8" standalone="yes"?>
<?xml-stylesheet type="text/xsl" href="frame.xsl"?>
<frame cBy="MJE" cDate="02/12/2007 06:32:35 PST Mon" name="Earnings_and_losses" ID="1873" xsi:schemaLocation="../schema/frame.xsd" xmlns="http://framenet.icsi.berkeley.edu" xmlns:xsi="http://www.w3.org/2001/XMLSchema-instance">
    <definition>&lt;def-root&gt;An &lt;fen&gt;Earner&lt;/fen&gt; receives &lt;fen&gt;Earnings&lt;/fen&gt; by providing &lt;fen&gt;Goods&lt;/fen&gt; to a &lt;fen&gt;Buyer&lt;/fen&gt;; providing the &lt;fen&gt;Goods&lt;/fen&gt; also generally entails a cost, which may or may not be included in the consideration.  This frame emphasizes the effect on the &lt;fen&gt;Earner&lt;/fen&gt; and often generalizes across an indefinite number of transactions with various parties.  Some of the LUs (e.g. &lt;ment&gt;earn.v&lt;/ment&gt;) primarily refer to the to the &lt;fen&gt;Earnings&lt;/fen&gt; without reference to cost, others to the amount the &lt;fen&gt;Earnings&lt;/fen&gt; differ from the cost, emphasizing either a net loss (e.g. &lt;ment&gt;loss.n&lt;/ment&gt;) or net gain (e.g. &lt;ment&gt;net.n&lt;/ment&gt;).

&lt;ex&gt;This reflects the 15 % jump in &lt;t&gt;&lt;fex name="Earnings"&gt;earnings&lt;/fex&gt;&lt;/t&gt; over 1994 .&lt;/ex&gt;
&lt;ex&gt;&lt;fex name="Earner"&gt;We&lt;/fex&gt; &lt;t&gt;made&lt;/t&gt; &lt;fex name="Earnings"&gt;nearly two million&lt;/fex&gt; &lt;fex name="Goods"&gt;on resales alone&lt;/fex&gt; &lt;fex name="Time"&gt;last year&lt;/fex&gt; .&lt;/ex&gt;
&lt;ex&gt;After a &lt;fex name="Earnings"&gt;$ 1.5 million&lt;/fex&gt; &lt;t&gt;loss&lt;/t&gt; , the company is in no state to continue .&lt;/ex&gt;&lt;/def-root&gt;</definition>
    <FE bgColor="00008B" fgColor="FFFFFF" coreType="Peripheral" cBy="MJE" cDate="02/12/2007 06:32:35 PST Mon" abbrev="Byr" name="Buyer" ID="11035">
        <definition>&lt;def-root&gt;The &lt;fen&gt;Buyer&lt;/fen&gt; is the source of the &lt;fen&gt;Earnings&lt;/fen&gt; of the &lt;fen&gt;Earner&lt;/fen&gt;.&lt;/def-root&gt;</definition>
    </FE>
    <FE bgColor="FF0000" fgColor="FFFFFF" coreType="Core" cBy="MJE" cDate="02/12/2007 06:32:35 PST Mon" abbrev="Slr" name="Earner" ID="11036">
        <definition>&lt;def-root&gt;The &lt;fen&gt;Earner&lt;/fen&gt; is involved in a transaction or set of transactions as the party that receives payment.&lt;/def-root&gt;</definition>
    </FE>
    <FE bgColor="9F79EE" fgColor="FFFFFF" coreType="Core" cBy="MJE" cDate="02/12/2007 06:32:35 PST Mon" abbrev="Mny" name="Earnings" ID="11037">
        <definition>&lt;def-root&gt;&lt;fen&gt;Earnings&lt;/fen&gt; are the money given to the &lt;fen&gt;Earner&lt;/fen&gt; in a transaction, generally in exchange for &lt;fen&gt;Goods&lt;/fen&gt;. 

&lt;/def-root&gt;</definition>
    </FE>
    <FE bgColor="008000" fgColor="FFFFFF" coreType="Peripheral" cBy="MJE" cDate="02/12/2007 06:32:35 PST Mon" abbrev="Gds" name="Goods" ID="11038">
        <definition>&lt;def-root&gt;&lt;fen&gt;Goods&lt;/fen&gt; is anything including labor or time, for example, which is exchanged for &lt;fen&gt;Earnings&lt;/fen&gt; in a transaction. 
&lt;/def-root&gt;</definition>
    </FE>
    <FE bgColor="00BFFF" fgColor="FFFFFF" coreType="Peripheral" cBy="MJE" cDate="02/12/2007 06:32:35 PST Mon" abbrev="Rate" name="Rate" ID="11039">
        <definition>&lt;def-root&gt;In some cases, earning is described per unit of &lt;fen&gt;Goods&lt;/fen&gt;.
&lt;/def-root&gt;</definition>
    </FE>
    <FE bgColor="A52A2A" fgColor="FFFFFF" coreType="Peripheral" cBy="MJE" cDate="02/12/2007 06:32:35 PST Mon" abbrev="Unit" name="Unit" ID="11040">
        <definition>&lt;def-root&gt;This FE is any unit in which goods or services can be measured. Generally, it occurs in a 	&lt;ment&gt;by&lt;/ment&gt;-PP. 

&lt;/def-root&gt;</definition>
    </FE>
    <FE bgColor="FF69B4" fgColor="FFFFFF" coreType="Peripheral" cBy="MJE" cDate="02/12/2007 06:32:35 PST Mon" abbrev="Mns" name="Means" ID="11041">
        <definition>&lt;def-root&gt;The means by which the &lt;fen&gt;Earner&lt;/fen&gt; gains money.
&lt;/def-root&gt;</definition>
        <semType name="State_of_affairs" ID="177"/>
    </FE>
    <FE bgColor="FF00FF" fgColor="FFFFFF" coreType="Peripheral" cBy="MJE" cDate="02/12/2007 06:32:35 PST Mon" abbrev="Manr" name="Manner" ID="11042">
        <definition>&lt;def-root&gt;Any description of the action of earning which reveals correllated details, especially characterizations of the &lt;fen&gt;Earner&lt;/fen&gt; which influence the event.&lt;/def-root&gt;</definition>
        <semType name="Manner" ID="173"/>
    </FE>
    <FE bgColor="800080" fgColor="FFFFFF" coreType="Peripheral" cBy="MJE" cDate="02/12/2007 06:32:36 PST Mon" abbrev="" name="Purpose" ID="11043">
        <definition>&lt;def-root&gt;A state of affairs that the &lt;fen&gt;Earner&lt;/fen&gt; intends to bring about as a result of participating in the Commercial Transaction.&lt;/def-root&gt;</definition>
        <semType name="State_of_affairs" ID="177"/>
    </FE>
    <FE bgColor="1E90FF" fgColor="FFFFFF" coreType="Peripheral" cBy="MJE" cDate="02/12/2007 06:45:37 PST Mon" abbrev="pla" name="Place" ID="11044">
        <definition>&lt;def-root&gt;The location where the &lt;fen&gt;Earner&lt;/fen&gt; makes their &lt;fen&gt;Earnings&lt;/fen&gt;.

&lt;ex&gt;She &lt;t&gt;made&lt;/t&gt; a lot of money &lt;fex name="Place"&gt;in Africa&lt;/fex&gt; .&lt;/ex&gt;&lt;/def-root&gt;</definition>
    </FE>
    <FE bgColor="FFA500" fgColor="FFFFFF" coreType="Peripheral" cBy="MJE" cDate="02/12/2007 06:47:20 PST Mon" abbrev="tim" name="Time" ID="11045">
        <definition>&lt;def-root&gt;The time when the &lt;fen&gt;Earner&lt;/fen&gt; makes their &lt;fen&gt;Earnings&lt;/fen&gt;.

&lt;ex&gt;Pfizer &lt;t&gt;made&lt;/t&gt; billions &lt;fex name="Time"&gt;in the 1990s&lt;/fex&gt; .&lt;/ex&gt;&lt;/def-root&gt;</definition>
    </FE>
    <FE bgColor="90876C" fgColor="FFFFFF" coreType="Extra-Thematic" cBy="KmG" cDate="04/03/2007 06:22:09 PDT Tue" abbrev="con" name="Containing_event" ID="11623">
        <definition>&lt;def-root&gt;This FE identifies an event during which the &lt;fen&gt;Earner&lt;/fen&gt; receives &lt;fen&gt;Earnings&lt;/fen&gt; in a transaction.&lt;/def-root&gt;</definition>
    </FE>
    <FE bgColor="7FFF00" fgColor="000000" coreType="Extra-Thematic" cBy="AnW" cDate="02/03/2010 02:43:53 PST Wed" abbrev="" name="Explanation" ID="13532">
        <definition>&lt;def-root&gt;This FE denotes a proposition from which the event of earning or losing logically follows.&lt;/def-root&gt;</definition>
    </FE>
    <frameRelation type="Inherits from">
        <relatedFrame ID="210">Commerce_collect</relatedFrame>
    </frameRelation>
    <frameRelation type="Is Inherited by"/>
    <frameRelation type="Perspective on"/>
    <frameRelation type="Is Perspectivized in"/>
    <frameRelation type="Uses">
        <relatedFrame ID="210">Commerce_collect</relatedFrame>
        <relatedFrame ID="180">Commerce_pay</relatedFrame>
    </frameRelation>
    <frameRelation type="Is Used by"/>
    <frameRelation type="Subframe of"/>
    <frameRelation type="Has Subframe(s)"/>
    <frameRelation type="Precedes"/>
    <frameRelation type="Is Preceded by"/>
    <frameRelation type="Is Inchoative of"/>
    <frameRelation type="Is Causative of"/>
    <frameRelation type="See also"/>
    <lexUnit status="Rules_Defined" POS="V" name="earn.v" ID="13730" lemmaID="12086" cBy="MJE" cDate="02/12/2007 06:51:01 PST Mon">
        <definition>COD: obtain (money) in return for labour or services.</definition>
        <sentenceCount annotated="6" total="6"/>
        <lexeme order="1" headword="false" breakBefore="false" POS="V" name="earn"/>
    </lexUnit>
    <lexUnit status="Created" incorporatedFE="Earnings" POS="N" name="earnings.n" ID="13731" lemmaID="12092" cBy="MJE" cDate="02/12/2007 06:51:53 PST Mon">
        <definition>COD: money or income earned.</definition>
        <sentenceCount annotated="1" total="1"/>
        <lexeme order="1" headword="false" breakBefore="false" POS="N" name="earnings"/>
    </lexUnit>
    <lexUnit status="Created" POS="N" name="profit.n" ID="13732" lemmaID="30615" cBy="MJE" cDate="02/12/2007 06:52:29 PST Mon">
        <definition>COD: a financial gain, especially the difference between an initial outlay and the subsequent amount earned.</definition>
        <sentenceCount annotated="3" total="3"/>
        <lexeme order="1" headword="false" breakBefore="false" POS="N" name="profit"/>
    </lexUnit>
    <lexUnit status="Created" POS="N" name="loss.n" ID="13733" lemmaID="22799" cBy="MJE" cDate="02/12/2007 07:33:27 PST Mon">
        <definition>FN: money spent by a company, cutting into profit.</definition>
        <sentenceCount annotated="4" total="4"/>
        <lexeme order="1" headword="false" breakBefore="false" POS="N" name="loss"/>
    </lexUnit>
    <lexUnit status="Created" POS="N" name="revenue.n" ID="13734" lemmaID="33079" cBy="MJE" cDate="02/12/2007 07:35:48 PST Mon">
        <definition>COD: income, especially when of a company and of a substantial nature.</definition>
        <sentenceCount annotated="3" total="3"/>
        <lexeme order="1" headword="false" breakBefore="false" POS="N" name="revenue"/>
    </lexUnit>
    <lexUnit status="Created" POS="N" name="income.n" ID="13735" lemmaID="19445" cBy="MJE" cDate="02/12/2007 07:36:22 PST Mon">
        <definition>COD: money received, especially on a regular basis, for work or through investments.</definition>
        <sentenceCount annotated="3" total="3"/>
        <lexeme order="1" headword="false" breakBefore="false" POS="N" name="income"/>
    </lexUnit>
    <lexUnit status="Created" POS="N" name="net.n" ID="13736" lemmaID="25706" cBy="MJE" cDate="02/12/2007 07:37:04 PST Mon">
        <definition>FN: amount earned after subtracting losses and other costs.</definition>
        <sentenceCount annotated="4" total="4"/>
        <lexeme order="1" headword="false" breakBefore="false" POS="N" name="net"/>
    </lexUnit>
    <lexUnit status="Created" POS="V" name="make.v" ID="13737" lemmaID="23215" cBy="MJE" cDate="02/12/2007 07:38:36 PST Mon">
        <definition>COD: gain or earn (money or profit).</definition>
        <sentenceCount annotated="2" total="2"/>
        <lexeme order="1" headword="false" breakBefore="false" POS="V" name="make"/>
    </lexUnit>
    <lexUnit status="Needs_SCs" POS="V" name="net.v" ID="13738" lemmaID="25707" cBy="MJE" cDate="02/12/2007 07:39:58 PST Mon">
        <definition>COD: acquire (a sum) as clear profit.</definition>
        <sentenceCount annotated="0" total="50"/>
        <lexeme order="1" headword="false" breakBefore="false" POS="V" name="net"/>
    </lexUnit>
    <lexUnit status="Finished_Initial" POS="V" name="lose.v" ID="13739" lemmaID="22797" cBy="MJE" cDate="02/12/2007 07:40:18 PST Mon">
        <definition>COD: earn less (money) than one is spending.</definition>
        <sentenceCount annotated="28" total="183"/>
        <lexeme order="1" headword="false" breakBefore="false" POS="V" name="lose"/>
    </lexUnit>
    <lexUnit status="Created" POS="N" name="result.n" ID="13740" lemmaID="32954" cBy="MJE" cDate="02/12/2007 07:55:14 PST Mon">
        <definition>COD: the outcome of a business's trading over a given period, expressed as a statement of profit or loss.</definition>
        <sentenceCount annotated="5" total="5"/>
        <lexeme order="1" headword="false" breakBefore="false" POS="N" name="result"/>
    </lexUnit>
    <lexUnit status="Created" POS="V" name="pull.v" ID="14837" lemmaID="31106" cBy="KmG" cDate="03/05/2008 02:44:48 PST Wed">
        <definition>FN: make in money</definition>
        <sentenceCount annotated="0" total="0"/>
        <lexeme order="1" headword="false" breakBefore="false" POS="V" name="pull"/>
    </lexUnit>
</frame>