<?xml version="1.0" encoding="UTF-8" standalone="yes"?>
<?xml-stylesheet type="text/xsl" href="frame.xsl"?>
<frame cBy="Sep" cDate="04/09/2003 02:48:28 PDT Wed" name="Eclipse" ID="652" xsi:schemaLocation="../schema/frame.xsd" xmlns="http://framenet.icsi.berkeley.edu" xmlns:xsi="http://www.w3.org/2001/XMLSchema-instance">
    <definition>&lt;def-root&gt;An &lt;fen&gt;Obstruction&lt;/fen&gt; blocks an &lt;fen&gt;Eclipsed&lt;/fen&gt; entity partially or completely from view. The positions of the &lt;fen&gt;Obstruction&lt;/fen&gt; and the &lt;fen&gt;Eclipsed&lt;/fen&gt; entity are often reported relative to a &lt;fen&gt;Vantage_point&lt;/fen&gt;.

&lt;ex&gt;&lt;fex name="Eclipsed"&gt;A small green bulb&lt;/fex&gt; &lt;t&gt;concealed&lt;/t&gt; &lt;fex name="Obstruction"&gt;behind the panel&lt;/fex&gt; flashed on momentarily .&lt;/ex&gt;&lt;/def-root&gt;</definition>
    <semType name="Visual_modality" ID="94"/>
    <FE bgColor="FF0000" fgColor="FFFFFF" coreType="Core" cBy="Sep" cDate="04/09/2003 02:52:53 PDT Wed" abbrev="Obstruction" name="Obstruction" ID="4361">
        <definition>&lt;def-root&gt;The entity which blocks the &lt;fen&gt;Eclipsed&lt;/fen&gt; entity from view.

&lt;ex&gt;&lt;fex name="Obstruction"&gt;Wispy clouds&lt;/fex&gt; &lt;t&gt;shrouded&lt;/t&gt; the treetops.&lt;/ex&gt;&lt;/def-root&gt;</definition>
    </FE>
    <FE bgColor="0000FF" fgColor="FFFFFF" coreType="Core" cBy="Sep" cDate="04/09/2003 03:25:31 PDT Wed" abbrev="Eclipsed" name="Eclipsed" ID="4362">
        <definition>&lt;def-root&gt;The entity which is blocked from view.

&lt;ex&gt;The mists &lt;t&gt;obscured&lt;/t&gt; &lt;fex name="Eclipsed"&gt;the top of the tower&lt;/fex&gt;.&lt;/ex&gt;&lt;/def-root&gt;</definition>
    </FE>
    <FE bgColor="008000" fgColor="FFFFFF" coreType="Extra-Thematic" cBy="Sep" cDate="04/09/2003 03:49:53 PDT Wed" abbrev="VP" name="Vantage_point" ID="4363">
        <definition>&lt;def-root&gt;The position from which an observer, if an observer were present, would have their view of the &lt;fen&gt;Eclipsed&lt;/fen&gt; entity blocked by the &lt;fen&gt;Obstruction&lt;/fen&gt;.

&lt;ex&gt;The gate &lt;t&gt;screened&lt;/t&gt; the house &lt;fex name="VP"&gt;from the road&lt;/fex&gt;.&lt;/ex&gt;

Phrases such as "from view" and "from sight" are assumed to indicate that the &lt;fen&gt;Eclipsed&lt;/fen&gt; entity is not visible from any &lt;fen&gt;Vantage_point&lt;/fen&gt;.

&lt;ex&gt;The telescope is &lt;t&gt;blocked&lt;/t&gt; &lt;fex name="VP"&gt;from view&lt;/fex&gt; by a big map of Europe.&lt;/ex&gt;

This frame element includes direct reference to observers.

&lt;ex&gt;A fence &lt;t&gt;screens&lt;/t&gt; the garden &lt;fex name="VP"&gt;from passersby&lt;/fex&gt;.&lt;/ex&gt;.&lt;/def-root&gt;</definition>
    </FE>
    <FE bgColor="FF69B4" fgColor="FFFFFF" coreType="Peripheral" cBy="Sep" cDate="04/09/2003 05:53:53 PDT Wed" abbrev="Degree" name="Degree" ID="4364">
        <definition>&lt;def-root&gt;The extent to which the &lt;fen&gt;Eclipsed&lt;/fen&gt; entity is blocked from view.

&lt;ex&gt;The bungalow is &lt;fex name="Degree"&gt;completely&lt;/fex&gt; &lt;t&gt;obscured&lt;/t&gt; by thick foliage.&lt;/ex&gt;&lt;/def-root&gt;</definition>
        <semType name="Degree" ID="172"/>
    </FE>
    <FE bgColor="7CCD7C" fgColor="FFFFFF" coreType="Extra-Thematic" cBy="Sep" cDate="04/10/2003 02:38:17 PDT Thu" abbrev="sub" name="Subregion" ID="4365">
        <definition>&lt;def-root&gt;The part of the &lt;fex name="Eclipsed"&gt;Eclipsed&lt;/fex&gt; entity which is blocked from view.

&lt;ex&gt;The gazebo was &lt;t&gt;screened&lt;/t&gt; by a hedge &lt;fex name="sub"&gt;on one side&lt;/fex&gt;.&lt;/ex&gt;&lt;/def-root&gt;</definition>
        <semType name="Locative_relation" ID="182"/>
    </FE>
    <frameRelation type="Inherits from"/>
    <frameRelation type="Is Inherited by"/>
    <frameRelation type="Perspective on"/>
    <frameRelation type="Is Perspectivized in"/>
    <frameRelation type="Uses">
        <relatedFrame ID="70">Perception_experience</relatedFrame>
    </frameRelation>
    <frameRelation type="Is Used by"/>
    <frameRelation type="Subframe of"/>
    <frameRelation type="Has Subframe(s)"/>
    <frameRelation type="Precedes"/>
    <frameRelation type="Is Preceded by"/>
    <frameRelation type="Is Inchoative of"/>
    <frameRelation type="Is Causative of"/>
    <frameRelation type="See also"/>
    <lexUnit status="Finished_Initial" POS="V" name="hide.v" ID="8534" lemmaID="18001" cBy="Sep" cDate="04/10/2003 11:30:45 PDT Thu">
        <definition>FN: be in a state of obstructing an object from view</definition>
        <sentenceCount annotated="25" total="208"/>
        <lexeme order="1" headword="false" breakBefore="false" POS="V" name="hide"/>
    </lexUnit>
    <lexUnit status="Insufficient_Attestations" POS="V" name="eclipse.v" ID="8535" lemmaID="12180" cBy="Sep" cDate="04/10/2003 11:39:33 PDT Thu">
        <definition>FN: to completely block an entity from view</definition>
        <sentenceCount annotated="2" total="70"/>
        <lexeme order="1" headword="false" breakBefore="false" POS="V" name="eclipse"/>
    </lexUnit>
    <lexUnit status="Finished_Initial" POS="V" name="mask.v" ID="8536" lemmaID="23597" cBy="Sep" cDate="04/10/2003 11:42:21 PDT Thu">
        <definition>COD: conceal from view</definition>
        <sentenceCount annotated="9" total="108"/>
        <lexeme order="1" headword="false" breakBefore="false" POS="V" name="mask"/>
    </lexUnit>
    <lexUnit status="Finished_Initial" POS="V" name="cover.v" ID="8537" lemmaID="8679" cBy="Sep" cDate="04/10/2003 11:43:44 PDT Thu">
        <definition>FN: to partially or wholly block an entity from view</definition>
        <sentenceCount annotated="13" total="193"/>
        <lexeme order="1" headword="false" breakBefore="false" POS="V" name="cover"/>
    </lexUnit>
    <lexUnit status="Finished_Initial" POS="V" name="obscure.v" ID="8538" lemmaID="26418" cBy="Sep" cDate="04/10/2003 11:45:36 PDT Thu">
        <definition>COD: keep from being seen; conceal</definition>
        <sentenceCount annotated="13" total="112"/>
        <lexeme order="1" headword="false" breakBefore="false" POS="V" name="obscure"/>
    </lexUnit>
    <lexUnit status="Finished_Initial" POS="V" name="screen.v" ID="8539" lemmaID="34560" cBy="Sep" cDate="04/10/2003 11:47:01 PDT Thu">
        <definition>COD: conceal, protect, or shelter with a screen</definition>
        <sentenceCount annotated="8" total="73"/>
        <lexeme order="1" headword="false" breakBefore="false" POS="V" name="screen"/>
    </lexUnit>
    <lexUnit status="Finished_Initial" POS="V" name="veil.v" ID="8540" lemmaID="42784" cBy="Sep" cDate="04/10/2003 11:58:29 PDT Thu">
        <definition>COD: partially conceal, disguise, or obscure</definition>
        <sentenceCount annotated="5" total="80"/>
        <lexeme order="1" headword="false" breakBefore="false" POS="V" name="veil"/>
    </lexUnit>
    <lexUnit status="Finished_Initial" POS="A" name="hidden.a" ID="8541" lemmaID="47641" cBy="Sep" cDate="04/10/2003 12:01:44 PDT Thu">
        <definition>FN: blocked from view by another entity</definition>
        <sentenceCount annotated="36" total="249"/>
        <lexeme order="1" headword="true" breakBefore="false" POS="A" name="hidden"/>
    </lexUnit>
    <lexUnit status="Finished_Initial" POS="V" name="blot out.v" ID="8542" lemmaID="47642" cBy="Sep" cDate="04/10/2003 12:35:41 PDT Thu">
        <definition>COD: obscure a view</definition>
        <sentenceCount annotated="11" total="303"/>
        <lexeme order="1" headword="true" breakBefore="false" POS="V" name="blot"/>
        <lexeme order="2" headword="false" breakBefore="false" POS="ADV" name="out"/>
    </lexUnit>
    <lexUnit status="Finished_Initial" POS="A" name="obscured.a" ID="8543" lemmaID="47643" cBy="Sep" cDate="04/10/2003 12:47:31 PDT Thu">
        <definition>FN: partially blocked from view by another entity</definition>
        <sentenceCount annotated="4" total="61"/>
        <lexeme order="1" headword="true" breakBefore="false" POS="A" name="obscured"/>
    </lexUnit>
    <lexUnit status="Finished_Initial" POS="V" name="block.v" ID="8545" lemmaID="3870" cBy="Sep" cDate="04/10/2003 12:49:05 PDT Thu">
        <definition>FN: block an entity from view</definition>
        <sentenceCount annotated="7" total="97"/>
        <lexeme order="1" headword="false" breakBefore="false" POS="V" name="block"/>
    </lexUnit>
    <lexUnit status="Finished_Initial" POS="A" name="screened.a" ID="8547" lemmaID="47647" cBy="Sep" cDate="04/10/2003 12:52:31 PDT Thu">
        <definition>FN: blocked from view as if by a screen</definition>
        <sentenceCount annotated="5" total="74"/>
        <lexeme order="1" headword="true" breakBefore="false" POS="A" name="screened"/>
    </lexUnit>
    <lexUnit status="Finished_Initial" POS="A" name="masked.a" ID="8548" lemmaID="23598" cBy="Sep" cDate="04/10/2003 12:54:24 PDT Thu">
        <definition>FN: blocked from view by an entity that alters the aesthetics of the masked entity as if by use of a mask</definition>
        <sentenceCount annotated="5" total="55"/>
        <lexeme order="1" headword="false" breakBefore="false" POS="A" name="masked"/>
    </lexUnit>
    <lexUnit status="Finished_Initial" POS="A" name="veiled.a" ID="8549" lemmaID="42785" cBy="Sep" cDate="04/10/2003 12:55:00 PDT Thu">
        <definition>FN: blocked from view as if by a veil</definition>
        <sentenceCount annotated="4" total="59"/>
        <lexeme order="1" headword="false" breakBefore="false" POS="A" name="veiled"/>
    </lexUnit>
    <lexUnit status="Finished_Initial" POS="A" name="covered.a" ID="8550" lemmaID="45426" cBy="Sep" cDate="04/10/2003 12:56:04 PDT Thu">
        <definition>FN: blocked from view by another entity which completely surrounds the covered entity</definition>
        <sentenceCount annotated="8" total="85"/>
        <lexeme order="1" headword="false" breakBefore="false" POS="A" name="covered"/>
    </lexUnit>
    <lexUnit status="Insufficient_Attestations" POS="V" name="occlude.v" ID="8551" lemmaID="47651" cBy="Sep" cDate="04/10/2003 01:05:12 PDT Thu">
        <definition>COD: stop, close up, or obstruct</definition>
        <sentenceCount annotated="4" total="46"/>
        <lexeme order="1" headword="true" breakBefore="false" POS="V" name="occlude"/>
    </lexUnit>
    <lexUnit status="Finished_Initial" POS="V" name="cloak.v" ID="8554" lemmaID="6824" cBy="Sep" cDate="04/10/2003 01:53:45 PDT Thu">
        <definition>FN: to block an entity from view as if by use of a cloak</definition>
        <sentenceCount annotated="7" total="257"/>
        <lexeme order="1" headword="false" breakBefore="false" POS="V" name="cloak"/>
    </lexUnit>
    <lexUnit status="Finished_Initial" POS="V" name="shroud.v" ID="8555" lemmaID="35736" cBy="Sep" cDate="04/10/2003 01:58:43 PDT Thu">
        <definition>FN: to cover an object completely</definition>
        <sentenceCount annotated="8" total="79"/>
        <lexeme order="1" headword="false" breakBefore="false" POS="V" name="shroud"/>
    </lexUnit>
    <lexUnit status="Finished_Initial" POS="A" name="shrouded.a" ID="8556" lemmaID="47656" cBy="Sep" cDate="04/10/2003 02:03:43 PDT Thu">
        <definition>FN: blocked from view as if by a shroud</definition>
        <sentenceCount annotated="13" total="113"/>
        <lexeme order="1" headword="true" breakBefore="false" POS="A" name="shrouded"/>
    </lexUnit>
    <lexUnit status="Finished_Initial" POS="A" name="cloaked.a" ID="8557" lemmaID="45428" cBy="Sep" cDate="04/10/2003 02:04:11 PDT Thu">
        <definition>FN: obscured, as if by wearing a cloak</definition>
        <sentenceCount annotated="4" total="53"/>
        <lexeme order="1" headword="false" breakBefore="false" POS="A" name="cloaked"/>
    </lexUnit>
    <lexUnit status="Finished_Initial" POS="N" name="eclipse.n" ID="8559" lemmaID="12179" cBy="Sep" cDate="04/10/2003 03:14:46 PDT Thu">
        <definition>COD: an obscuring of the light from one celestial body by the passage of another between it and the observer or between it and its source of illumination</definition>
        <sentenceCount annotated="8" total="78"/>
        <lexeme order="1" headword="false" breakBefore="false" POS="N" name="eclipse"/>
    </lexUnit>
    <lexUnit status="Insufficient_Attestations" POS="N" name="occlusion.n" ID="8560" lemmaID="47653" cBy="Sep" cDate="04/10/2003 03:17:58 PDT Thu">
        <definition>FN: something which blocks an opening</definition>
        <sentenceCount annotated="0" total="51"/>
        <lexeme order="1" headword="true" breakBefore="false" POS="N" name="occlusion"/>
    </lexUnit>
    <lexUnit status="Insufficient_Attestations" POS="N" name="occultation.n" ID="8561" lemmaID="47661" cBy="Sep" cDate="04/10/2003 03:33:56 PDT Thu">
        <definition>FN: an astronomical event whereby, from the view of an observer, one celestian body blocks the view of another celestial body; a total eclipse.</definition>
        <sentenceCount annotated="0" total="14"/>
        <lexeme order="1" headword="true" breakBefore="false" POS="N" name="occultation"/>
    </lexUnit>
    <lexUnit status="Finished_Initial" POS="V" name="conceal.v" ID="8563" lemmaID="7580" cBy="Sep" cDate="04/11/2003 10:35:48 PDT Fri">
        <definition>COD: not allow to be seen; hide</definition>
        <sentenceCount annotated="18" total="163"/>
        <lexeme order="1" headword="false" breakBefore="false" POS="V" name="conceal"/>
    </lexUnit>
    <lexUnit status="Finished_Initial" POS="A" name="concealed.a" ID="8564" lemmaID="47664" cBy="Sep" cDate="04/11/2003 10:44:36 PDT Fri">
        <definition>FN: blocked from view by another entity</definition>
        <sentenceCount annotated="22" total="193"/>
        <lexeme order="1" headword="true" breakBefore="false" POS="A" name="concealed"/>
    </lexUnit>
    <lexUnit status="Finished_Initial" POS="V" name="obstruct.v" ID="8565" lemmaID="26460" cBy="Sep" cDate="04/11/2003 11:27:35 PDT Fri">
        <definition>COD: block; be in the way of</definition>
        <sentenceCount annotated="9" total="61"/>
        <lexeme order="1" headword="false" breakBefore="false" POS="V" name="obstruct"/>
    </lexUnit>
    <lexUnit status="Insufficient_Attestations" POS="V" name="becloud.v" ID="8691" lemmaID="47791" cBy="Sep" cDate="05/12/2003 03:38:57 PDT Mon">
        <definition>FN: to block an entity from view as if obscured by clouds.</definition>
        <sentenceCount annotated="0" total="2"/>
        <lexeme order="1" headword="true" breakBefore="false" POS="V" name="becloud"/>
    </lexUnit>
    <lexUnit status="Insufficient_Attestations" POS="V" name="befog.v" ID="8692" lemmaID="3214" cBy="Sep" cDate="05/12/2003 03:42:46 PDT Mon">
        <definition>FN: to block an entity from view as if obscured by fog</definition>
        <sentenceCount annotated="0" total="4"/>
        <lexeme order="1" headword="false" breakBefore="false" POS="V" name="befog"/>
    </lexUnit>
    <lexUnit status="Insufficient_Attestations" POS="A" name="beclouded.a" ID="8693" lemmaID="47793" cBy="Sep" cDate="05/13/2003 09:50:25 PDT Tue">
        <definition>FN: obscured, as if by clouds</definition>
        <sentenceCount annotated="2" total="2"/>
        <lexeme order="1" headword="true" breakBefore="false" POS="A" name="beclouded"/>
    </lexUnit>
    <lexUnit status="Insufficient_Attestations" POS="A" name="befogged.a" ID="8694" lemmaID="3215" cBy="Sep" cDate="05/13/2003 09:51:24 PDT Tue">
        <definition>FN: obscured, as if by fog</definition>
        <sentenceCount annotated="0" total="4"/>
        <lexeme order="1" headword="false" breakBefore="false" POS="A" name="befogged"/>
    </lexUnit>
    <lexUnit status="Insufficient_Attestations" POS="V" name="enshroud.v" ID="8713" lemmaID="12829" cBy="Sep" cDate="05/27/2003 09:53:58 PDT Tue">
        <definition>FN: to obscure or block an entity from view</definition>
        <sentenceCount annotated="3" total="13"/>
        <lexeme order="1" headword="false" breakBefore="false" POS="V" name="enshroud"/>
    </lexUnit>
    <lexUnit status="Needs_SCs" POS="A" name="enshrouded.a" ID="8714" lemmaID="12830" cBy="Sep" cDate="05/27/2003 09:55:29 PDT Tue">
        <definition>FN: obscured, as if by a shroud</definition>
        <sentenceCount annotated="2" total="5"/>
        <lexeme order="1" headword="false" breakBefore="false" POS="A" name="enshrouded"/>
    </lexUnit>
</frame>