<?xml version="1.0" encoding="UTF-8" standalone="yes"?>
<?xml-stylesheet type="text/xsl" href="frame.xsl"?>
<frame cBy="MRLP" cDate="12/30/2004 06:08:10 PST Thu" name="Elusive_goal" ID="1305" xsi:schemaLocation="../schema/frame.xsd" xmlns="http://framenet.icsi.berkeley.edu" xmlns:xsi="http://www.w3.org/2001/XMLSchema-instance">
    <definition>&lt;def-root&gt;An &lt;fen&gt;Experiencer&lt;/fen&gt; does not achieve a &lt;fen&gt;Desired_goal&lt;/fen&gt;. Typically, the &lt;fen&gt;Experiencer&lt;/fen&gt; is the object of the verb.  Metaphorically, a pursued entity is not captured.

&lt;ex&gt;&lt;fex name="Des"&gt;Success&lt;/fex&gt; &lt;t&gt;eludes&lt;/t&gt; &lt;fex name="Exp"&gt;me&lt;/fex&gt;.&lt;/ex&gt;
&lt;ex&gt;&lt;fex name="Des"&gt;His point&lt;/fex&gt; &lt;t&gt;escaped&lt;/t&gt; &lt;fex name="Exp"&gt; the entire audience&lt;/fex&gt;.&lt;/ex&gt;
&lt;ex&gt;&lt;fex name="Des"&gt;A simple truth&lt;/fex&gt; has &lt;t&gt;evaded&lt;/t&gt; &lt;fex name="Exp"&gt;so many of us&lt;/fex&gt;.&lt;/ex&gt;
&lt;ex&gt;&lt;/ex&gt;
This frame is a metaphorical extension of the Evading frame.  The Evading frame concerns literal motion of two self-directed entities, one of which moves in such a way as to successfully prevent the other from capturing it.  In the case of the Elusive_goal frame, however, there is no literal motion, but rather a &lt;fen&gt;Desired_goal&lt;/fen&gt; that is not "captured" by the &lt;fen&gt;Experiencer&lt;/fen&gt; that would like the &lt;fen&gt;Desired_goal&lt;/fen&gt; to be true or known.&lt;/def-root&gt;</definition>
    <FE bgColor="0000FF" fgColor="FFFFFF" coreType="Core" cBy="MRLP" cDate="12/30/2004 06:16:19 PST Thu" abbrev="Exp" name="Experiencer" ID="7402">
        <definition>&lt;def-root&gt;The &lt;fen&gt;Experiencer&lt;/fen&gt; does not achieve a &lt;fen&gt;Desired_goal&lt;/fen&gt;, or capture a pursued entity.

&lt;ex&gt;Success &lt;t&gt;eludes&lt;/t&gt; &lt;fex name="Exp"&gt;me&lt;/fex&gt;.&lt;/ex&gt;&lt;/def-root&gt;</definition>
        <semType name="Sentient" ID="5"/>
    </FE>
    <FE bgColor="FF0000" fgColor="FFFFFF" coreType="Core" cBy="MRLP" cDate="12/30/2004 06:18:21 PST Thu" abbrev="Des" name="Desired_goal" ID="7403">
        <definition>&lt;def-root&gt;&lt;fen&gt;Desired_goal&lt;/fen&gt; identifies the goal that is not achieved or the entity that is not captured.

&lt;ex&gt;&lt;fex name="Des"&gt;Success&lt;/fex&gt; &lt;t&gt;eludes&lt;/t&gt; me.&lt;/ex&gt;&lt;/def-root&gt;</definition>
    </FE>
    <FE bgColor="FFA500" fgColor="FFFFFF" coreType="Peripheral" cBy="MRLP" cDate="12/30/2004 07:30:21 PST Thu" abbrev="T" name="Time" ID="7405">
        <definition>&lt;def-root&gt;This FE identifies the &lt;fen&gt;Time&lt;/fen&gt; when the &lt;fen&gt;Experiencer&lt;/fen&gt;r fails to achieve a &lt;fen&gt;Desired_goal&lt;/fen&gt; .  &lt;ex&gt;Success had eluded him &lt;fex name="Time"&gt;for years&lt;/fex&gt;.&lt;/ex&gt;&lt;/def-root&gt;</definition>
        <semType name="Time" ID="141"/>
    </FE>
    <FE bgColor="008000" fgColor="FFFFFF" coreType="Peripheral" cBy="MRLP" cDate="12/30/2004 07:39:41 PST Thu" abbrev="P" name="Place" ID="7407">
        <definition>&lt;def-root&gt;This FE identifies the &lt;fen&gt;Place&lt;/fen&gt; where the &lt;fen&gt;Experiencer&lt;/fen&gt; fails to achieve a &lt;fen&gt;Desired_goal&lt;/fen&gt;.

&lt;ex&gt;Success had eluded him even i&lt;fex name="Place"&gt;n his home town&lt;/fex&gt;.&lt;/ex&gt;&lt;/def-root&gt;</definition>
        <semType name="Locative_relation" ID="182"/>
    </FE>
    <FE bgColor="FF00FF" fgColor="FFFFFF" coreType="Peripheral" cBy="MRLP" cDate="12/30/2004 07:43:34 PST Thu" abbrev="Man" name="Manner" ID="7408">
        <definition>&lt;def-root&gt;This FE identifies the &lt;fen&gt;Manner&lt;/fen&gt; in which the goal is not achieved.

&lt;ex&gt;Success had &lt;t&gt;eluded&lt;/t&gt; him &lt;fex name="Manner"&gt;ruthlessly&lt;/fex&gt;.&lt;/ex&gt;&lt;/def-root&gt;</definition>
        <semType name="Manner" ID="173"/>
    </FE>
    <FE bgColor="FF69B4" fgColor="FFFFFF" coreType="Peripheral" cBy="MRLP" cDate="12/30/2004 07:49:08 PST Thu" abbrev="Deg" name="Degree" ID="7410">
        <definition>&lt;def-root&gt;This FE identifies the &lt;fen&gt;Degree&lt;/fen&gt; to which the &lt;fen&gt;Experiencer&lt;/fen&gt; fails to reach a goal.

&lt;ex&gt;Success had &lt;t&gt;eluded&lt;/t&gt; him &lt;fex name="Degree"&gt;completely&lt;/fex&gt;.&lt;/ex&gt;&lt;/def-root&gt;</definition>
        <semType name="Degree" ID="172"/>
    </FE>
    <FE bgColor="A52A2A" fgColor="FFFFFF" coreType="Peripheral" cBy="RLG" cDate="01/27/2006 11:03:27 PST Fri" abbrev="dur" name="Duration" ID="9891">
        <definition>&lt;def-root&gt;The length of time during which the &lt;fen&gt;Experiencer&lt;/fen&gt; does not acheive the &lt;fen&gt;Desired_goal&lt;/fen&gt;.

&lt;ex&gt;A proper solution &lt;t&gt;eluded&lt;/t&gt; her &lt;fex name="dur"&gt;for several years&lt;/fex&gt;.&lt;/ex&gt;&lt;/def-root&gt;</definition>
        <semType name="Duration" ID="142"/>
    </FE>
    <frameRelation type="Inherits from"/>
    <frameRelation type="Is Inherited by"/>
    <frameRelation type="Perspective on">
        <relatedFrame ID="1682">Result_of_attempt_scenario</relatedFrame>
    </frameRelation>
    <frameRelation type="Is Perspectivized in"/>
    <frameRelation type="Uses">
        <relatedFrame ID="513">Purpose</relatedFrame>
    </frameRelation>
    <frameRelation type="Is Used by"/>
    <frameRelation type="Subframe of"/>
    <frameRelation type="Has Subframe(s)"/>
    <frameRelation type="Precedes"/>
    <frameRelation type="Is Preceded by"/>
    <frameRelation type="Is Inchoative of"/>
    <frameRelation type="Is Causative of"/>
    <frameRelation type="See also">
        <relatedFrame ID="275">Evading</relatedFrame>
    </frameRelation>
    <lexUnit status="Finished_Initial" POS="V" name="evade.v" ID="11488" lemmaID="13228" cBy="MRLP" cDate="12/30/2004 07:17:57 PST Thu">
        <definition>COD: to fail to be attained by</definition>
        <sentenceCount annotated="5" total="5"/>
        <lexeme order="1" headword="false" breakBefore="false" POS="V" name="evade"/>
    </lexUnit>
    <lexUnit status="Created" POS="V" name="escape.v" ID="11489" lemmaID="13088" cBy="MRLP" cDate="12/30/2004 07:52:57 PST Thu">
        <definition>FN: to fail to be attained by</definition>
        <sentenceCount annotated="0" total="0"/>
        <lexeme order="1" headword="false" breakBefore="false" POS="V" name="escape"/>
    </lexUnit>
    <lexUnit status="Finished_Initial" POS="V" name="elude.v" ID="11490" lemmaID="12507" cBy="MRLP" cDate="12/30/2004 07:58:22 PST Thu">
        <definition>FN: to fail to be attained by, with the implication that it can be attained after further attempts.</definition>
        <sentenceCount annotated="12" total="93"/>
        <lexeme order="1" headword="false" breakBefore="false" POS="V" name="elude"/>
    </lexUnit>
</frame>