<?xml version="1.0" encoding="UTF-8" standalone="yes"?>
<?xml-stylesheet type="text/xsl" href="frame.xsl"?>
<frame cBy="ACW" cDate="06/24/2002 11:42:49 PDT Mon" name="Emanating" ID="361" xsi:schemaLocation="../schema/frame.xsd" xmlns="http://framenet.icsi.berkeley.edu" xmlns:xsi="http://www.w3.org/2001/XMLSchema-instance">
    <definition>&lt;def-root&gt;In this frame an &lt;fen&gt;Emission&lt;/fen&gt; emanates from a &lt;fen&gt;Source&lt;/fen&gt; along a &lt;fen&gt;Path&lt;/fen&gt; or to a &lt;fen&gt;Goal&lt;/fen&gt;. 
&lt;ex&gt;&lt;fex name="Emission"&gt;The light&lt;/fex&gt; &lt;t&gt;emanates&lt;/t&gt; &lt;fex name="Source"&gt;from the tower&lt;/fex&gt;.&lt;/ex&gt; 
&lt;ex&gt; &lt;fex name="Emission"&gt;The uranium particles&lt;/fex&gt; &lt;t&gt;radiate&lt;/t&gt; &lt;fex name="Source"&gt;from the nuclear plant&lt;/fex&gt; . &lt;/ex&gt;&lt;/def-root&gt;</definition>
    <FE bgColor="7CCD73" fgColor="FFFFFF" coreType="Peripheral" cBy="ACW" cDate="06/24/2002 11:44:03 PDT Mon" abbrev="Area" name="Area" ID="3173">
        <definition>&lt;def-root&gt;The &lt;fen&gt;Area&lt;/fen&gt; is used for expressions which describe a general area in which the emanating takes place when the motion is understood to be irregular or not to consist of a single, linear path. &lt;/def-root&gt;</definition>
        <semType name="Location" ID="54"/>
    </FE>
    <FE bgColor="FF69B4" fgColor="FFFFFF" coreType="Peripheral" cBy="ACW" cDate="06/24/2002 11:44:03 PDT Mon" abbrev="Degr" name="Degree" ID="3174">
        <definition>&lt;def-root&gt;Degree to which the emanation occurs.&lt;/def-root&gt;</definition>
        <semType name="Degree" ID="172"/>
    </FE>
    <FE bgColor="EEE8AA" fgColor="FF0000" coreType="Extra-Thematic" cBy="ACW" cDate="06/24/2002 11:44:03 PDT Mon" abbrev="Dep" name="Depictive" ID="3175">
        <definition>&lt;def-root&gt;Depictive phrase describing the the state of the &lt;fen&gt;Emission&lt;/fen&gt;.&lt;/def-root&gt;</definition>
    </FE>
    <FE bgColor="FFFF00" fgColor="006400" coreType="Peripheral" cBy="ACW" cDate="06/24/2002 11:44:03 PDT Mon" abbrev="Dist" name="Distance" ID="3176">
        <definition>&lt;def-root&gt;This FE is an expression characterizing the extent of motion of the &lt;fen&gt;Emission&lt;/fen&gt;&lt;/def-root&gt;</definition>
    </FE>
    <FE bgColor="A52A2A" fgColor="FFFFFF" coreType="Peripheral" cBy="ACW" cDate="06/24/2002 11:44:03 PDT Mon" abbrev="Dur" name="Duration" ID="3177">
        <definition>&lt;def-root&gt;The amount of time for which emanation occurs.&lt;/def-root&gt;</definition>
        <semType name="Duration" ID="142"/>
    </FE>
    <FE bgColor="0000FF" fgColor="FFFFFF" coreType="Core" cBy="ACW" cDate="06/24/2002 11:44:03 PDT Mon" abbrev="Emission" name="Emission" ID="3178">
        <definition>&lt;def-root&gt;The &lt;fen&gt;Emission&lt;/fen&gt;s are discharged out of the &lt;fen&gt;Source&lt;/fen&gt; .&lt;/def-root&gt;</definition>
    </FE>
    <FE bgColor="00BFFF" fgColor="FFFFFF" coreType="Peripheral" cBy="ACW" cDate="06/24/2002 11:44:03 PDT Mon" abbrev="Goal" name="Goal" ID="3179">
        <definition>&lt;def-root&gt;This FE is the point at which the &lt;fen&gt;Emission&lt;/fen&gt; ends up as a result of the motion. &lt;/def-root&gt;</definition>
        <semType name="Goal" ID="153"/>
    </FE>
    <FE bgColor="FF00FF" fgColor="FFFFFF" coreType="Peripheral" cBy="ACW" cDate="06/24/2002 11:44:03 PDT Mon" abbrev="Mnr" name="Manner" ID="3180">
        <definition>&lt;def-root&gt;This FE identifies the &lt;fen&gt;Manner&lt;/fen&gt; in which the emanating occurs.&lt;/def-root&gt;</definition>
        <semType name="Manner" ID="173"/>
    </FE>
    <FE bgColor="1E90FF" fgColor="FFFFFF" coreType="Peripheral" cBy="ACW" cDate="06/24/2002 11:44:03 PDT Mon" abbrev="Path" name="Path" ID="3182">
        <definition>&lt;def-root&gt;This FE is a description of a trajectory of emanation which is neither a &lt;fen&gt;Source&lt;/fen&gt;  nor &lt;fen&gt;Goal&lt;/fen&gt;. &lt;/def-root&gt;</definition>
    </FE>
    <FE bgColor="800080" fgColor="FFFFFF" coreType="Peripheral" cBy="ACW" cDate="06/24/2002 11:44:03 PDT Mon" abbrev="Spd" name="Speed" ID="3186">
        <definition>&lt;def-root&gt;The rate at which emanation occurs&lt;/def-root&gt;</definition>
        <semType name="Speed" ID="234"/>
    </FE>
    <FE bgColor="FFA500" fgColor="FFFFFF" coreType="Peripheral" cBy="ACW" cDate="06/24/2002 11:44:03 PDT Mon" abbrev="Time" name="Time" ID="3188">
        <definition>&lt;def-root&gt;This FE identifies the time when the emanation occurs.&lt;/def-root&gt;</definition>
        <semType name="Time" ID="141"/>
    </FE>
    <FE bgColor="00008B" fgColor="FFFFFF" coreType="Peripheral" cBy="ACW" cDate="06/24/2002 11:44:03 PDT Mon" abbrev="Car" name="Carrier" ID="3189">
        <definition>&lt;def-root&gt;This is the means of conveyance of the &lt;fen&gt;Emission&lt;/fen&gt; . &lt;/def-root&gt;</definition>
    </FE>
    <FE bgColor="006400" fgColor="FFFFFF" coreType="Core" cBy="ACW" cDate="06/24/2002 11:44:48 PDT Mon" abbrev="Src" name="Source" ID="3190">
        <definition>&lt;def-root&gt;The &lt;fen&gt;Source&lt;/fen&gt; is the location from which the &lt;fen&gt;Emission&lt;/fen&gt; emanates.&lt;/def-root&gt;</definition>
        <semType name="Source" ID="151"/>
    </FE>
    <FE bgColor="9400D3" fgColor="FFFFFF" coreType="Extra-Thematic" cBy="ACW" cDate="06/26/2002 09:16:27 PDT Wed" abbrev="Form" name="Form" ID="3243">
        <definition>&lt;def-root&gt;The &lt;fen&gt;Form&lt;/fen&gt; is the state in which the &lt;fen&gt;Emission&lt;/fen&gt; is emitted. &lt;ex&gt; &lt;fex name="Emission"&gt;The signal&lt;/fex&gt; &lt;t&gt;emanated&lt;/t&gt; &lt;fex name="Form"&gt;as radio waves&lt;/fex&gt; . &lt;/ex&gt;&lt;/def-root&gt;</definition>
    </FE>
    <FE bgColor="9F79EE" fgColor="FFFFFF" coreType="Extra-Thematic" cBy="ACW" cDate="07/01/2002 09:14:58 PDT Mon" abbrev="Result" name="Result" ID="3295">
        <definition>&lt;def-root&gt;This FE identifies the result of the emanating.&lt;/def-root&gt;</definition>
    </FE>
    <frameRelation type="Inherits from"/>
    <frameRelation type="Is Inherited by"/>
    <frameRelation type="Perspective on"/>
    <frameRelation type="Is Perspectivized in"/>
    <frameRelation type="Uses">
        <relatedFrame ID="7">Motion</relatedFrame>
    </frameRelation>
    <frameRelation type="Is Used by"/>
    <frameRelation type="Subframe of"/>
    <frameRelation type="Has Subframe(s)"/>
    <frameRelation type="Precedes"/>
    <frameRelation type="Is Preceded by"/>
    <frameRelation type="Is Inchoative of"/>
    <frameRelation type="Is Causative of"/>
    <frameRelation type="See also"/>
    <lexUnit status="Finished_Initial" POS="V" name="emanate.v" ID="6244" lemmaID="45772" cBy="ACW" cDate="06/24/2002 03:22:17 PDT Mon">
        <definition>COD: issue or spread out from a source.</definition>
        <sentenceCount annotated="15" total="93"/>
        <lexeme order="1" headword="false" breakBefore="false" POS="V" name="emanate"/>
    </lexUnit>
    <lexUnit status="Finished_Initial" POS="V" name="issue.v" ID="6245" lemmaID="20726" cBy="ACW" cDate="06/24/2002 03:26:54 PDT Mon">
        <definition>COD:  flow out from. </definition>
        <sentenceCount annotated="15" total="224"/>
        <lexeme order="1" headword="false" breakBefore="false" POS="V" name="issue"/>
    </lexUnit>
    <lexUnit status="Finished_Initial" POS="V" name="exude.v" ID="6255" lemmaID="13712" cBy="ACW" cDate="06/26/2002 09:20:52 PDT Wed">
        <definition>COD: be discharged slowly and steadily</definition>
        <sentenceCount annotated="4" total="44"/>
        <lexeme order="1" headword="false" breakBefore="false" POS="V" name="exude"/>
    </lexUnit>
    <lexUnit status="Finished_Initial" POS="V" name="radiate.v" ID="6256" lemmaID="31650" cBy="ACW" cDate="06/26/2002 09:30:39 PDT Wed">
        <definition>COD: be emitted in the form of waves</definition>
        <sentenceCount annotated="21" total="135"/>
        <lexeme order="1" headword="false" breakBefore="false" POS="V" name="radiate"/>
    </lexUnit>
    <lexUnit status="New" POS="V" name="discharge.v" ID="17530" lemmaID="10841" cBy="CVa" cDate="07/07/2014 12:10:28 PDT Mon">
        <definition>FN: to expel or unload </definition>
        <sentenceCount annotated="0" total="50"/>
        <lexeme order="1" headword="false" breakBefore="false" POS="V" name="discharge"/>
    </lexUnit>
    <lexUnit status="Created" POS="V" name="excrete.v" ID="17531" lemmaID="13402" cBy="CVa" cDate="07/07/2014 12:12:06 PDT Mon">
        <definition>FN: to expel as waste</definition>
        <sentenceCount annotated="0" total="0"/>
        <lexeme order="1" headword="false" breakBefore="false" POS="V" name="excrete"/>
    </lexUnit>
    <lexUnit status="Created" POS="V" name="secrete.v" ID="17532" lemmaID="34784" cBy="CVa" cDate="07/07/2014 12:13:09 PDT Mon">
        <definition>FN: to be discharged from an entity</definition>
        <sentenceCount annotated="0" total="0"/>
        <lexeme order="1" headword="false" breakBefore="false" POS="V" name="secrete"/>
    </lexUnit>
</frame>