<?xml version="1.0" encoding="UTF-8" standalone="yes"?>
<?xml-stylesheet type="text/xsl" href="frame.xsl"?>
<frame cBy="WMcQ" cDate="04/18/2014 01:45:54 PDT Fri" name="Emergency" ID="2831" xsi:schemaLocation="../schema/frame.xsd" xmlns="http://framenet.icsi.berkeley.edu" xmlns:xsi="http://www.w3.org/2001/XMLSchema-instance">
    <definition>&lt;def-root&gt;This frame characterizes the situation or state of affairs in which someone should or must act to prevent a &lt;fen&gt;Undesirable_event&lt;/fen&gt; from occurring. Often, an Entity affected by the &lt;fen&gt;Undesirable_event&lt;/fen&gt; is more salient than the event itself and is mentioned in its place.

&lt;ex&gt;Jo had a &lt;fex name="Entity"&gt;peanut butter chocolate candy&lt;/fex&gt; &lt;t&gt;emergency&lt;/t&gt;.&lt;/ex&gt;&lt;/def-root&gt;</definition>
    <FE bgColor="9400D3" fgColor="FFFFFF" coreType="Core" cBy="WMcQ" cDate="04/18/2014 02:00:56 PDT Fri" abbrev="" name="Undesirable_event" ID="16065">
        <definition>&lt;def-root&gt;The potentially damaging event that should be prevented or ameliorated.&lt;/def-root&gt;</definition>
    </FE>
    <FE bgColor="FF00FF" fgColor="FFFFFF" coreType="Peripheral" cBy="WMcQ" cDate="04/18/2014 02:01:41 PDT Fri" abbrev="" name="Entity" ID="16066">
        <definition>&lt;def-root&gt;The individual or valued object that is threatened by a worsening condition.&lt;/def-root&gt;</definition>
    </FE>
    <FE bgColor="00BFFF" fgColor="FFFFFF" coreType="Extra-Thematic" cBy="WMcQ" cDate="04/21/2014 01:39:25 PDT Mon" abbrev="" name="Circumstances" ID="16070">
        <definition>&lt;def-root&gt;The conditions in which the &lt;fen&gt;Undesirable_event&lt;/fen&gt; occurs; or, the circumstances that explain the impending threat to the &lt;fen&gt;Entity&lt;/fen&gt;.&lt;/def-root&gt;</definition>
    </FE>
    <FE bgColor="008000" fgColor="FFFFFF" coreType="Peripheral" cBy="WMcQ" cDate="04/21/2014 01:51:46 PDT Mon" abbrev="" name="Place" ID="16071">
        <definition>&lt;def-root&gt;The location where the emergency situation arises.&lt;/def-root&gt;</definition>
        <semType name="Locative_relation" ID="182"/>
    </FE>
    <FE bgColor="FF0000" fgColor="FFFFFF" coreType="Peripheral" cBy="WMcQ" cDate="04/21/2014 02:17:47 PDT Mon" abbrev="" name="Domain" ID="16072">
        <definition>&lt;def-root&gt;The domain of the situation which the emergency is affecting. 

&lt;ex&gt;While the exact numbers were still up in the air, it became clear that we were facing a serious budget emergency.&lt;/ex&gt;&lt;/def-root&gt;</definition>
    </FE>
    <FE bgColor="800080" fgColor="FFFFFF" coreType="Core" cBy="WMcQ" cDate="04/22/2014 11:27:20 PDT Tue" abbrev="" name="Experiencer" ID="16075">
        <definition>&lt;def-root&gt;This FE identifies the experiencer within the emergency action chain, often relating the person or group who feels or is threatened by the emergency.&lt;/def-root&gt;</definition>
        <semType name="Sentient" ID="5"/>
    </FE>
    <FE bgColor="FFA500" fgColor="FFFFFF" coreType="Core" cBy="WMcQ" cDate="07/02/2015 05:34:39 PDT Thu" abbrev="" name="Time" ID="16548">
        <definition>&lt;def-root&gt;When the Emergency occurs.&lt;/def-root&gt;</definition>
    </FE>
    <FE bgColor="808080" fgColor="FFFFFF" coreType="Peripheral" cBy="WMcQ" cDate="07/02/2015 05:35:18 PDT Thu" abbrev="" name="Manner" ID="16549">
        <definition>&lt;def-root&gt;Any description of the event which is not covered by more specific FEs, including epistemic modification (probably, presumably, mysteriously), force (hard, softly), secondary effects (quietly, loudly), and general descriptions comparing events (the same way). 
&lt;/def-root&gt;</definition>
    </FE>
    <FE bgColor="2E8B57" fgColor="FFFFFF" coreType="Peripheral" cBy="WMcQ" cDate="07/02/2015 05:35:38 PDT Thu" abbrev="" name="Timespan" ID="16550">
        <definition>&lt;def-root&gt;The period within which an Emergency has occurred. 
&lt;/def-root&gt;</definition>
    </FE>
    <FE bgColor="A52A2A" fgColor="FFFFFF" coreType="Peripheral" cBy="WMcQ" cDate="07/02/2015 05:35:58 PDT Thu" abbrev="" name="Duration" ID="16551">
        <definition>&lt;def-root&gt;How long the Emergency takes place.
&lt;/def-root&gt;</definition>
    </FE>
    <FE bgColor="0000FF" fgColor="FFFFFF" coreType="Peripheral" cBy="WMcQ" cDate="07/02/2015 05:36:16 PDT Thu" abbrev="" name="Frequency" ID="16552">
        <definition>&lt;def-root&gt;How often the Emergency occurs. 
&lt;/def-root&gt;</definition>
    </FE>
    <frameRelation type="Inherits from">
        <relatedFrame ID="187">Event</relatedFrame>
    </frameRelation>
    <frameRelation type="Is Inherited by"/>
    <frameRelation type="Perspective on"/>
    <frameRelation type="Is Perspectivized in"/>
    <frameRelation type="Uses"/>
    <frameRelation type="Is Used by"/>
    <frameRelation type="Subframe of"/>
    <frameRelation type="Has Subframe(s)"/>
    <frameRelation type="Precedes"/>
    <frameRelation type="Is Preceded by"/>
    <frameRelation type="Is Inchoative of"/>
    <frameRelation type="Is Causative of"/>
    <frameRelation type="See also"/>
    <lexUnit status="Created" POS="N" name="emergency.n" ID="17468" lemmaID="12581" cBy="MJE" cDate="04/18/2014 07:54:49 PDT Fri">
        <definition>FN: a situation requiring immediate action to avoid a bad outcome.</definition>
        <sentenceCount annotated="0" total="0"/>
        <lexeme order="1" headword="false" breakBefore="false" POS="N" name="emergency"/>
    </lexUnit>
</frame>