<?xml version="1.0" encoding="UTF-8" standalone="yes"?>
<?xml-stylesheet type="text/xsl" href="frame.xsl"?>
<frame cBy="KmG" cDate="04/14/2008 02:17:42 PDT Mon" name="Emotions_by_possibility" ID="2051" xsi:schemaLocation="../schema/frame.xsd" xmlns="http://framenet.icsi.berkeley.edu" xmlns:xsi="http://www.w3.org/2001/XMLSchema-instance">
    <definition>&lt;def-root&gt;An &lt;fen&gt;Experiencer&lt;/fen&gt;, &lt;fen&gt;Expressor&lt;/fen&gt;, &lt;fen&gt;Event&lt;/fen&gt;, or &lt;fen&gt;State&lt;/fen&gt; can be described as characterized by a particular emotion as evoked by a possibility in their future (&lt;fen&gt;Stimulus&lt;/fen&gt;) or concerning a given &lt;fen&gt;Topic&lt;/fen&gt;.&lt;/def-root&gt;</definition>
    <semType name="Non-Lexical Frame" ID="16"/>
    <FE bgColor="800080" fgColor="FFFFFF" coreType="Core" cBy="KmG" cDate="04/14/2008 02:17:42 PDT Mon" abbrev="Exp" name="Experiencer" ID="12511">
        <definition>&lt;def-root&gt;The &lt;fen&gt;Experiencer&lt;/fen&gt; is the person or sentient entity that experiences or feels the emotions.


&lt;/def-root&gt;</definition>
        <semType name="Sentient" ID="5"/>
    </FE>
    <FE bgColor="FFA500" fgColor="FFFFFF" coreType="Core" cBy="KmG" cDate="04/14/2008 02:17:42 PDT Mon" abbrev="Top" name="Topic" ID="12512">
        <definition>&lt;def-root&gt;The &lt;fen&gt;Topic&lt;/fen&gt; is the general area in which the emotion occurs.  It indicates a range of possible &lt;fen&gt;Stimulus&lt;/fen&gt;.


&lt;/def-root&gt;</definition>
    </FE>
    <FE bgColor="FF0000" fgColor="FFFFFF" coreType="Core" cBy="KmG" cDate="04/14/2008 02:17:43 PDT Mon" abbrev="Stim" name="Stimulus" ID="12513">
        <definition>&lt;def-root&gt;The &lt;fen&gt;Stimulus&lt;/fen&gt; is the person, event, or state of affairs that evokes the emotional response in the &lt;fen&gt;Experiencer&lt;/fen&gt;.


&lt;/def-root&gt;</definition>
    </FE>
    <FE bgColor="FF69B4" fgColor="FFFFFF" coreType="Peripheral" cBy="KmG" cDate="04/14/2008 02:17:43 PDT Mon" abbrev="Degr" name="Degree" ID="12514">
        <definition>&lt;def-root&gt;The extent to which the &lt;fen&gt;Experiencer&lt;/fen&gt;'s emotion deviates from the norm for the emotion.
&lt;/def-root&gt;</definition>
        <semType name="Degree" ID="172"/>
    </FE>
    <FE bgColor="0000FF" fgColor="FFFFFF" coreType="Extra-Thematic" cBy="KmG" cDate="04/14/2008 02:17:43 PDT Mon" abbrev="ET" name="Empathy_target" ID="12515">
        <definition>&lt;def-root&gt;The &lt;fen&gt;Empathy_target&lt;/fen&gt; is the individual or individuals with which the &lt;fen&gt;Experiencer&lt;/fen&gt; identifies emotionally and thus shares their emotional response.
&lt;/def-root&gt;</definition>
    </FE>
    <FE bgColor="008000" fgColor="FFFFFF" coreType="Core" cBy="KmG" cDate="04/14/2008 02:17:43 PDT Mon" abbrev="Exr" name="Expressor" ID="12516">
        <definition>&lt;def-root&gt;The body part, gesture, or other expression of the &lt;fen&gt;Experiencer&lt;/fen&gt; that reflects his or her emotional state.  They describe a presentation of the experience or emotion denoted by the adjective or noun.



&lt;/def-root&gt;</definition>
    </FE>
    <FE bgColor="00008B" fgColor="FFFFFF" coreType="Extra-Thematic" cBy="KmG" cDate="04/14/2008 02:17:43 PDT Mon" abbrev="Exp" name="Explanation" ID="12517">
        <definition>&lt;def-root&gt;The &lt;fen&gt;Explanation&lt;/fen&gt; is the explanation for why the &lt;fen&gt;Stimulus&lt;/fen&gt; evokes a certain emotional response.
&lt;/def-root&gt;</definition>
        <semType name="State_of_affairs" ID="177"/>
    </FE>
    <FE bgColor="00BFFF" fgColor="FFFFFF" coreType="Extra-Thematic" cBy="KmG" cDate="04/14/2008 02:17:43 PDT Mon" abbrev="cir" name="Circumstances" ID="12518">
        <definition>&lt;def-root&gt;The &lt;fen&gt;Circumstances&lt;/fen&gt; is the condition(s) under which the &lt;fen&gt;Stimulus&lt;/fen&gt; evokes its response.  In some cases it may appear without an explicit &lt;fen&gt;Stimulus&lt;/fen&gt;.  Quite often in such cases, the &lt;fen&gt;Stimulus&lt;/fen&gt; can be inferred from the &lt;fen&gt;Circumstances&lt;/fen&gt; 
&lt;/def-root&gt;</definition>
    </FE>
    <FE bgColor="9F79EE" fgColor="FFFFFF" coreType="Core" cBy="KmG" cDate="04/14/2008 02:17:43 PDT Mon" abbrev="State" name="State" ID="12519">
        <definition>&lt;def-root&gt;The &lt;fen&gt;State&lt;/fen&gt; is the abstract noun that describes a more lasting experience by the &lt;fen&gt;Experiencer&lt;/fen&gt;.


&lt;/def-root&gt;</definition>
    </FE>
    <FE bgColor="A52A2A" fgColor="FFFFFF" coreType="Core" cBy="KmG" cDate="04/14/2008 02:17:43 PDT Mon" abbrev="Event" name="Event" ID="12520">
        <definition>&lt;def-root&gt;The &lt;fen&gt;Event&lt;/fen&gt; is the occasion or happening that &lt;fen&gt;Experiencer&lt;/fen&gt;s in a certain emotional state participate in.   &lt;/def-root&gt;</definition>
        <semType name="State_of_affairs" ID="177"/>
    </FE>
    <FE bgColor="2E8B57" fgColor="FFFFFF" coreType="Peripheral" cBy="KmG" cDate="04/14/2008 02:17:43 PDT Mon" abbrev="Par" name="Parameter" ID="12521">
        <definition>&lt;def-root&gt;The &lt;fen&gt;Parameter&lt;/fen&gt; is a domain in which the &lt;fen&gt;Experiencer&lt;/fen&gt; experiences the &lt;fen&gt;Stimulus&lt;/fen&gt;.&lt;/def-root&gt;</definition>
    </FE>
    <FE bgColor="FF00FF" fgColor="FFFFFF" coreType="Peripheral" cBy="KmG" cDate="04/14/2008 02:17:43 PDT Mon" abbrev="Man" name="Manner" ID="12522">
        <definition>&lt;def-root&gt;Any description of the way in which the &lt;fen&gt;Experiencer&lt;/fen&gt; experiences the &lt;fen&gt;Stimulus&lt;/fen&gt; which is not covered by more specific FEs, including secondary effects (&lt;ment&gt;quietly, loudly&lt;/ment&gt;), and general descriptions comparing events (&lt;ment&gt;the same way&lt;/ment&gt;).  &lt;fen&gt;Manner&lt;/fen&gt; may also describe a state of the &lt;fen&gt;Experiencer&lt;/fen&gt; that affects the details of the emotional experience.

&lt;/def-root&gt;</definition>
        <semType name="Manner" ID="173"/>
    </FE>
    <FE bgColor="FFFF00" fgColor="00008B" coreType="Peripheral" cBy="KmG" cDate="04/14/2008 02:17:43 PDT Mon" abbrev="Tim" name="Time" ID="12523">
        <definition>&lt;def-root&gt;The &lt;fen&gt;Time&lt;/fen&gt; when the &lt;fen&gt;Experiencer&lt;/fen&gt;, &lt;fen&gt;Expressor&lt;/fen&gt;, &lt;fen&gt;Event&lt;/fen&gt;, or &lt;fen&gt;State&lt;/fen&gt; can be described as having said emotion.&lt;/def-root&gt;</definition>
    </FE>
    <FEcoreSet>
        <memberFE name="Experiencer" ID="12511"/>
        <memberFE name="Event" ID="12520"/>
        <memberFE name="Expressor" ID="12516"/>
        <memberFE name="State" ID="12519"/>
    </FEcoreSet>
    <FEcoreSet>
        <memberFE name="Topic" ID="12512"/>
        <memberFE name="Stimulus" ID="12513"/>
    </FEcoreSet>
    <frameRelation type="Inherits from">
        <relatedFrame ID="2042">Emotions_by_stimulus</relatedFrame>
    </frameRelation>
    <frameRelation type="Is Inherited by">
        <relatedFrame ID="2052">Fear</relatedFrame>
    </frameRelation>
    <frameRelation type="Perspective on"/>
    <frameRelation type="Is Perspectivized in"/>
    <frameRelation type="Uses"/>
    <frameRelation type="Is Used by"/>
    <frameRelation type="Subframe of"/>
    <frameRelation type="Has Subframe(s)"/>
    <frameRelation type="Precedes"/>
    <frameRelation type="Is Preceded by"/>
    <frameRelation type="Is Inchoative of"/>
    <frameRelation type="Is Causative of"/>
    <frameRelation type="See also"/>
</frame>