<?xml version="1.0" encoding="UTF-8" standalone="yes"?>
<?xml-stylesheet type="text/xsl" href="frame.xsl"?>
<frame cBy="ChW" cDate="02/07/2001 04:12:06 PST Wed" name="Emotion_directed" ID="46" xsi:schemaLocation="../schema/frame.xsd" xmlns="http://framenet.icsi.berkeley.edu" xmlns:xsi="http://www.w3.org/2001/XMLSchema-instance">
    <definition>&lt;def-root&gt;The adjectives and nouns in this frame describe an &lt;fen&gt;Experiencer&lt;/fen&gt; who is feeling or experiencing a particular emotional response to a &lt;fen&gt;Stimulus&lt;/fen&gt; or about a &lt;fen&gt;Topic&lt;/fen&gt;.  There can also be a &lt;fen&gt;Circumstances&lt;/fen&gt; under which the response occurs or a &lt;fen&gt;Reason&lt;/fen&gt; that the &lt;fen&gt;Stimulus&lt;/fen&gt; evokes the particular response in the &lt;fen&gt;Experiencer&lt;/fen&gt;.

&lt;ex&gt;&lt;fex name="Experiencer"&gt;Mr. Whiskers&lt;/fex&gt; is &lt;t&gt;upset&lt;/t&gt; &lt;fex name="Stimulus"&gt;that there are no more cat treats&lt;/fex&gt;.&lt;/ex&gt;
&lt;ex&gt;The &lt;t&gt;furious&lt;/t&gt; &lt;fex name="Experiencer"&gt;parent&lt;/fex&gt; stormed into the office.&lt;/ex&gt;
&lt;ex&gt;&lt;fex name="Experiencer"&gt;Franz&lt;/fex&gt; gets &lt;t&gt;infuriated&lt;/t&gt; &lt;fex name="Circumstances"&gt;at the thought of his ex-wife remarried&lt;/fex&gt;.&lt;/ex&gt;
&lt;ex&gt; She flashed a &lt;t&gt;jubilant&lt;/t&gt; &lt;fex name="Expressor"&gt;smile&lt;/fex&gt;.&lt;/ex&gt; &lt;/def-root&gt;</definition>
    <FE bgColor="800080" fgColor="FFFFFF" coreType="Core" cBy="ChW" cDate="02/07/2001 04:12:06 PST Wed" abbrev="Exp" name="Experiencer" ID="194">
        <definition>&lt;def-root&gt;The &lt;fen&gt;Experiencer&lt;/fen&gt; is the person or sentient entity that experiences or feels the emotions.

&lt;ex&gt;Nan Ho turned, &lt;fex name="Exp"&gt;his&lt;/fex&gt; extreme &lt;t&gt;agitation&lt;/t&gt; unnoticed by the Prince.&lt;/ex&gt; &lt;/def-root&gt;</definition>
        <semType name="Sentient" ID="5"/>
        <excludesFE name="Event" ID="3494"/>
    </FE>
    <FE bgColor="FFA500" fgColor="FFFFFF" coreType="Core" cBy="ChW" cDate="02/07/2001 04:12:06 PST Wed" abbrev="Top" name="Topic" ID="196">
        <definition>&lt;def-root&gt;The &lt;fen&gt;Topic&lt;/fen&gt; is the general area in which the emotion occurs.  It indicates a range of possible &lt;fen&gt;Stimulus&lt;/fen&gt;.

&lt;ex&gt;I was &lt;t&gt;angry&lt;/t&gt; &lt;fex name="Topic"&gt;about the war&lt;/fex&gt;.&lt;/ex&gt;
&lt;ex&gt;So tell the world, and its &lt;t&gt;boredom&lt;/t&gt; &lt;fex name="Top"&gt;about your troubles&lt;/fex&gt; will heal you.&lt;/ex&gt;&lt;/def-root&gt;</definition>
    </FE>
    <FE bgColor="FF0000" fgColor="FFFFFF" coreType="Core" cBy="ChW" cDate="02/07/2001 04:12:06 PST Wed" abbrev="Stim" name="Stimulus" ID="197">
        <definition>&lt;def-root&gt;The &lt;fen&gt;Stimulus&lt;/fen&gt; is the person, event, or state of affairs that evokes the emotional response in the &lt;fen&gt;Experiencer&lt;/fen&gt;.

&lt;ex&gt;Liz's &lt;t&gt;anger&lt;/t&gt; &lt;fex name="Stim"&gt;towards Raquel&lt;/fex&gt; dates back to a charity dinner this year.&lt;/ex&gt;
&lt;ex&gt;The feeling the bereaved find most difficult to acknowledge is their &lt;t&gt;anger&lt;/t&gt; &lt;fex name="Stim"&gt;against the dead person&lt;/fex&gt; for abandoning them to face the world alone.&lt;/ex&gt;
&lt;ex&gt;Jack Smith openly discussed his innermost &lt;t&gt;anguish&lt;/t&gt; &lt;fex name="Stim"&gt;at being one of only three England players not to kick a ball during finals&lt;/fex&gt;.&lt;/ex&gt;
&lt;ex&gt;David filled her dreams; the ecstasy of their lovemaking, and the pain and &lt;t&gt;bewilderment&lt;/t&gt; &lt;fex name="Stim"&gt;of his abrupt departure&lt;/fex&gt;.&lt;/ex&gt;&lt;/def-root&gt;</definition>
    </FE>
    <FE bgColor="FF69B4" fgColor="FFFFFF" coreType="Peripheral" cBy="MJE" cDate="09/17/2001 04:47:32 PDT Mon" abbrev="Degr" name="Degree" ID="1891">
        <definition>&lt;def-root&gt;The &lt;fen&gt;Degree&lt;/fen&gt; is the degree to which the &lt;fen&gt;Experiencer&lt;/fen&gt; feels the emotion.

&lt;ex&gt;Nan Ho turned, his &lt;fex name="Degr"&gt;extreme&lt;/fex&gt; &lt;t&gt;agitation&lt;/t&gt; unnoticed by the Prince .&lt;/ex&gt;&lt;/def-root&gt;</definition>
        <semType name="Degree" ID="172"/>
    </FE>
    <FE bgColor="0000FF" fgColor="FFFFFF" coreType="Extra-Thematic" cBy="MJE" cDate="09/17/2001 04:47:47 PDT Mon" abbrev="ET" name="Empathy_target" ID="1892">
        <definition>&lt;def-root&gt;The &lt;fen&gt;Empathy_target&lt;/fen&gt; is the individual or individuals with which the &lt;fen&gt;Experiencer&lt;/fen&gt; identifies emotionally and thus shares their emotional response.

&lt;ex&gt;I am &lt;t&gt;happy&lt;/t&gt; &lt;fex name="Empathy_target"&gt;for Sara&lt;/fex&gt;.&lt;/ex&gt;&lt;/def-root&gt;</definition>
    </FE>
    <FE bgColor="008000" fgColor="FFFFFF" coreType="Core" cBy="MJE" cDate="09/17/2001 04:50:04 PDT Mon" abbrev="Exr" name="Expressor" ID="1893">
        <definition>&lt;def-root&gt;The Frame Element &lt;fen&gt;Expressor&lt;/fen&gt; marks expressions that indicate a body part, gesture or other expression of the &lt;fen&gt;Experiencer&lt;/fen&gt; that reflects his or her emotional state.  They describe a presentation of the experience or emotion denoted by the adjective or noun.

&lt;ex&gt;"Can I help you?" she asked, trying not to let him see the &lt;t&gt;amusement&lt;/t&gt; &lt;fex name="Exr"&gt;in her blue eyes&lt;/fex&gt;.&lt;/ex&gt;&lt;/def-root&gt;</definition>
        <excludesFE name="Experiencer" ID="194"/>
    </FE>
    <FE bgColor="00008B" fgColor="FFFFFF" coreType="Extra-Thematic" cBy="ACW" cDate="08/01/2002 08:37:41 PDT Thu" abbrev="Exp" name="Explanation" ID="3469">
        <definition>&lt;def-root&gt;The &lt;fen&gt;Explanation&lt;/fen&gt; is the explanation for why the &lt;fen&gt;Stimulus&lt;/fen&gt; evokes a certain emotional response.

&lt;ex&gt;The feeling the bereaved find most difficult to acknowledge is their &lt;t&gt;anger&lt;/t&gt; against the dead person &lt;fex name="Explanation"&gt;for abandoning them to face the world alone&lt;/fex&gt;.&lt;/ex&gt;&lt;/def-root&gt;</definition>
        <semType name="State_of_affairs" ID="177"/>
    </FE>
    <FE bgColor="00BFFF" fgColor="FFFFFF" coreType="Extra-Thematic" cBy="ACW" cDate="08/01/2002 09:52:53 PDT Thu" abbrev="cir" name="Circumstances" ID="3470">
        <definition>&lt;def-root&gt;The &lt;fen&gt;Circumstances&lt;/fen&gt; is the condition(s) under which the &lt;fen&gt;Stimulus&lt;/fen&gt; evokes its response.  In some cases it may appear without an explicit &lt;fen&gt;Stimulus&lt;/fen&gt;.

&lt;ex&gt;One career wife spoke about her &lt;t&gt;exasperation&lt;/t&gt; &lt;fex name="Circumstances"&gt;when her husband listened to her with half an ear as he watched television&lt;/fex&gt;.&lt;/ex&gt;
&lt;ex&gt;Bob is &lt;t&gt;infuriated&lt;/t&gt; &lt;fex name="Circumstances"&gt;whenever I play loud music&lt;/fex&gt;.&lt;/ex&gt;&lt;/def-root&gt;</definition>
    </FE>
    <FE bgColor="9F79EE" fgColor="FFFFFF" coreType="Core" cBy="ACW" cDate="08/01/2002 02:57:25 PDT Thu" abbrev="State" name="State" ID="3477">
        <definition>&lt;def-root&gt;The &lt;fen&gt;State&lt;/fen&gt; is the abstract noun that describes a more lasting experience by the &lt;fen&gt;Experiencer&lt;/fen&gt;.

&lt;ex&gt;&lt;fex name = "Experiencer"&gt;Tracy&lt;/fex&gt; was in an &lt;t&gt;irritated&lt;/t&gt; &lt;fex name="State"&gt;mood&lt;/fex&gt;.&lt;/ex&gt;&lt;/def-root&gt;</definition>
    </FE>
    <FE bgColor="A52A2A" fgColor="FFFFFF" coreType="Core" cBy="ACW" cDate="08/05/2002 11:47:34 PDT Mon" abbrev="Event" name="Event" ID="3494">
        <definition>&lt;def-root&gt;The &lt;fen&gt;Event&lt;/fen&gt; is the occasion or happening that &lt;fen&gt;Experiencer&lt;/fen&gt;s in a certain emotional state participate in.  &lt;ex&gt;The end of the film was filled with &lt;t&gt;jubilant&lt;/t&gt; &lt;fex name="Event"&gt;scenes&lt;/fex&gt;.&lt;/ex&gt; [Here we know that the scenes are filled with jubilant &lt;fex name="Experiencer"&gt;Experiencers&lt;/fex&gt;.]&lt;/def-root&gt;</definition>
        <semType name="State_of_affairs" ID="177"/>
        <excludesFE name="Expressor" ID="1893"/>
    </FE>
    <FE bgColor="2E8B57" fgColor="FFFFFF" coreType="Peripheral" cBy="ACW" cDate="06/12/2003 11:50:37 PDT Thu" abbrev="" name="Parameter" ID="4626">
        <definition>&lt;def-root&gt;The &lt;fen&gt;Parameter&lt;/fen&gt; is a domain in which the &lt;fen&gt;Experiencer&lt;/fen&gt; experiences the &lt;fen&gt;Stimulus&lt;/fen&gt;.&lt;/def-root&gt;</definition>
    </FE>
    <FE bgColor="FF00FF" fgColor="FFFFFF" coreType="Peripheral" cBy="ACW" cDate="06/12/2003 11:52:28 PDT Thu" abbrev="" name="Manner" ID="4627">
        <definition>&lt;def-root&gt;The &lt;fen&gt;Manner&lt;/fen&gt; is the way in which the &lt;fen&gt;Experiencer&lt;/fen&gt; experiences the &lt;fen&gt;Stimulus&lt;/fen&gt;.&lt;/def-root&gt;</definition>
        <semType name="Manner" ID="173"/>
    </FE>
    <FE bgColor="7FFF00" fgColor="000000" coreType="Extra-Thematic" cBy="MiL" cDate="01/26/2006 03:56:07 PST Thu" abbrev="" name="Frequency" ID="9888">
        <definition>&lt;def-root&gt;&lt;/def-root&gt;</definition>
    </FE>
    <FEcoreSet>
        <memberFE name="Stimulus" ID="197"/>
        <memberFE name="Topic" ID="196"/>
    </FEcoreSet>
    <FEcoreSet>
        <memberFE name="State" ID="3477"/>
        <memberFE name="Expressor" ID="1893"/>
        <memberFE name="Experiencer" ID="194"/>
    </FEcoreSet>
    <frameRelation type="Inherits from"/>
    <frameRelation type="Is Inherited by"/>
    <frameRelation type="Perspective on"/>
    <frameRelation type="Is Perspectivized in"/>
    <frameRelation type="Uses">
        <relatedFrame ID="1712">Emotions</relatedFrame>
    </frameRelation>
    <frameRelation type="Is Used by"/>
    <frameRelation type="Subframe of"/>
    <frameRelation type="Has Subframe(s)"/>
    <frameRelation type="Precedes"/>
    <frameRelation type="Is Preceded by"/>
    <frameRelation type="Is Inchoative of"/>
    <frameRelation type="Is Causative of"/>
    <frameRelation type="See also"/>
    <lexUnit status="FN1_Sent" POS="A" name="angry.a" ID="769" lemmaID="1422" cBy="ChW" cDate="02/08/2001 01:28:40 PST Thu">
        <definition>COD: feeling or showing anger.</definition>
        <sentenceCount annotated="32" total="274"/>
        <lexeme order="1" headword="false" breakBefore="false" POS="A" name="angry"/>
    </lexUnit>
    <lexUnit status="Problem" POS="A" name="annoyed.a" ID="770" lemmaID="4" cBy="ChW" cDate="02/08/2001 01:28:40 PST Thu">
        <definition>FN: irritated, disturbed, displeased</definition>
        <sentenceCount annotated="40" total="226"/>
        <lexeme order="1" headword="false" breakBefore="false" POS="A" name="annoyed"/>
    </lexUnit>
    <lexUnit status="FN1_Sent" POS="A" name="appalled.a" ID="771" lemmaID="6" cBy="ChW" cDate="02/08/2001 01:28:40 PST Thu">
        <definition>FN: dismayed, filled with consternation</definition>
        <sentenceCount annotated="27" total="173"/>
        <lexeme order="1" headword="false" breakBefore="false" POS="A" name="appalled"/>
    </lexUnit>
    <lexUnit status="FN1_Sent" POS="A" name="cross.a" ID="772" lemmaID="9017" cBy="ChW" cDate="02/08/2001 01:28:40 PST Thu">
        <definition>COD: annoyed.</definition>
        <sentenceCount annotated="27" total="107"/>
        <lexeme order="1" headword="false" breakBefore="false" POS="A" name="cross"/>
    </lexUnit>
    <lexUnit status="FN1_Sent" POS="A" name="disappointed.a" ID="773" lemmaID="10798" cBy="ChW" cDate="02/08/2001 01:28:41 PST Thu">
        <definition>COD: sad or displeased because one's hopes or expectations have not been fulfilled.</definition>
        <sentenceCount annotated="54" total="287"/>
        <lexeme order="1" headword="false" breakBefore="false" POS="A" name="disappointed"/>
    </lexUnit>
    <lexUnit status="FN1_Sent" POS="A" name="furious.a" ID="774" lemmaID="15717" cBy="ChW" cDate="02/08/2001 01:28:41 PST Thu">
        <definition>COD: extremely angry.</definition>
        <sentenceCount annotated="36" total="213"/>
        <lexeme order="1" headword="false" breakBefore="false" POS="A" name="furious"/>
    </lexUnit>
    <lexUnit status="Problem" POS="A" name="irritated.a" ID="775" lemmaID="32" cBy="ChW" cDate="02/08/2001 01:28:41 PST Thu">
        <definition>FN: annoyed, angered</definition>
        <sentenceCount annotated="31" total="154"/>
        <lexeme order="1" headword="false" breakBefore="false" POS="A" name="irritated"/>
    </lexUnit>
    <lexUnit status="FN1_Sent" POS="A" name="mad.a" ID="776" lemmaID="23084" cBy="ChW" cDate="02/08/2001 01:28:41 PST Thu">
        <definition>FN: slightly angry.</definition>
        <sentenceCount annotated="27" total="206"/>
        <lexeme order="1" headword="false" breakBefore="false" POS="A" name="mad"/>
    </lexUnit>
    <lexUnit status="FN1_Sent" POS="A" name="pleased.a" ID="777" lemmaID="29352" cBy="ChW" cDate="02/08/2001 01:28:41 PST Thu">
        <definition>COD: feeling or showing pleasure and satisfaction.</definition>
        <sentenceCount annotated="59" total="282"/>
        <lexeme order="1" headword="false" breakBefore="false" POS="A" name="pleased"/>
    </lexUnit>
    <lexUnit status="FN1_Sent" POS="A" name="sore.a" ID="778" lemmaID="36987" cBy="ChW" cDate="02/08/2001 01:28:41 PST Thu">
        <definition>COD: upset and angry.</definition>
        <sentenceCount annotated="7" total="108"/>
        <lexeme order="1" headword="false" breakBefore="false" POS="A" name="sore"/>
    </lexUnit>
    <lexUnit status="FN1_Sent" POS="A" name="upset.a" ID="779" lemmaID="42501" cBy="ChW" cDate="02/08/2001 01:28:41 PST Thu">
        <definition>FN: to be angry or unhappy because of a certain situation</definition>
        <sentenceCount annotated="41" total="270"/>
        <lexeme order="1" headword="false" breakBefore="false" POS="A" name="upset"/>
    </lexUnit>
    <lexUnit status="Finished_Initial" POS="A" name="petrified.a" ID="4327" lemmaID="45256" cBy="JKR" cDate="10/23/2001 02:55:26 PDT Tue">
        <definition>FN: paralysed with fear</definition>
        <sentenceCount annotated="6" total="58"/>
        <lexeme order="1" headword="false" breakBefore="false" POS="A" name="petrified"/>
    </lexUnit>
    <lexUnit status="Finished_Initial" POS="A" name="miffed.a" ID="4333" lemmaID="24250" cBy="JKR" cDate="10/23/2001 03:31:35 PDT Tue">
        <definition>FN: offended or irritated</definition>
        <sentenceCount annotated="29" total="63"/>
        <lexeme order="1" headword="false" breakBefore="false" POS="A" name="miffed"/>
    </lexUnit>
    <lexUnit status="Finished_Initial" POS="A" name="embarrassed.a" ID="6932" lemmaID="45958" cBy="ACW" cDate="08/01/2002 09:04:30 PDT Thu">
        <definition>FN: self-conscious and ashamed</definition>
        <sentenceCount annotated="62" total="337"/>
        <lexeme order="1" headword="false" breakBefore="false" POS="A" name="embarrassed"/>
    </lexUnit>
    <lexUnit status="Finished_Initial" POS="A" name="anxious.a" ID="6934" lemmaID="1618" cBy="RLG" cDate="08/01/2002 09:57:06 PDT Thu">
        <definition>COD: experiencing worry or unease.</definition>
        <sentenceCount annotated="43" total="414"/>
        <lexeme order="1" headword="false" breakBefore="false" POS="A" name="anxious"/>
    </lexUnit>
    <lexUnit status="Finished_Initial" POS="A" name="excited.a" ID="6937" lemmaID="13377" cBy="RLG" cDate="08/01/2002 10:21:45 PDT Thu">
        <definition>FN: filled with feelings of enthusiasm and eagerness</definition>
        <sentenceCount annotated="43" total="252"/>
        <lexeme order="1" headword="false" breakBefore="false" POS="A" name="excited"/>
    </lexUnit>
    <lexUnit status="Problem" POS="A" name="fascinated.a" ID="6938" lemmaID="45932" cBy="RLG" cDate="08/01/2002 10:30:27 PDT Thu">
        <definition>FN: attracted and interested</definition>
        <sentenceCount annotated="23" total="70"/>
        <lexeme order="1" headword="false" breakBefore="false" POS="A" name="fascinated"/>
    </lexUnit>
    <lexUnit status="Finished_Initial" POS="A" name="livid.a" ID="6939" lemmaID="22567" cBy="RLG" cDate="08/01/2002 10:34:31 PDT Thu">
        <definition>COD: furiously angry</definition>
        <sentenceCount annotated="24" total="92"/>
        <lexeme order="1" headword="false" breakBefore="false" POS="A" name="livid"/>
    </lexUnit>
    <lexUnit status="Finished_Initial" POS="A" name="rattled.a" ID="6941" lemmaID="45959" cBy="RLG" cDate="08/01/2002 10:39:38 PDT Thu">
        <definition>FN: worried, nervous or irritated</definition>
        <sentenceCount annotated="4" total="14"/>
        <lexeme order="1" headword="false" breakBefore="false" POS="A" name="rattled"/>
    </lexUnit>
    <lexUnit status="Finished_Initial" POS="A" name="relaxed.a" ID="6942" lemmaID="45942" cBy="RLG" cDate="08/01/2002 10:40:26 PDT Thu">
        <definition>FN: feeling little tension or anxiety; calm and comfortable</definition>
        <sentenceCount annotated="29" total="187"/>
        <lexeme order="1" headword="false" breakBefore="false" POS="A" name="relaxed"/>
    </lexUnit>
    <lexUnit status="Finished_Initial" POS="A" name="resentful.a" ID="6943" lemmaID="32818" cBy="RLG" cDate="08/01/2002 10:41:53 PDT Thu">
        <definition>COD: feeling bitterness</definition>
        <sentenceCount annotated="34" total="148"/>
        <lexeme order="1" headword="false" breakBefore="false" POS="A" name="resentful"/>
    </lexUnit>
    <lexUnit status="Finished_Initial" POS="A" name="revolted.a" ID="6944" lemmaID="45944" cBy="RLG" cDate="08/01/2002 10:46:15 PDT Thu">
        <definition>FN: filled with disgust and shock</definition>
        <sentenceCount annotated="7" total="103"/>
        <lexeme order="1" headword="false" breakBefore="false" POS="A" name="revolted"/>
    </lexUnit>
    <lexUnit status="Finished_Initial" POS="A" name="sad.a" ID="6945" lemmaID="33902" cBy="RLG" cDate="08/01/2002 10:47:21 PDT Thu">
        <definition>COD: feeling sorrow; unhappy.</definition>
        <sentenceCount annotated="60" total="469"/>
        <lexeme order="1" headword="false" breakBefore="false" POS="A" name="sad"/>
    </lexUnit>
    <lexUnit status="Problem" POS="A" name="shocked.a" ID="6946" lemmaID="45945" cBy="RLG" cDate="08/01/2002 10:49:28 PDT Thu">
        <definition>FN: filled with horror, surprise, or digust</definition>
        <sentenceCount annotated="59" total="311"/>
        <lexeme order="1" headword="false" breakBefore="false" POS="A" name="shocked"/>
    </lexUnit>
    <lexUnit status="Finished_Initial" POS="A" name="sickened.a" ID="6947" lemmaID="45946" cBy="RLG" cDate="08/01/2002 10:51:55 PDT Thu">
        <definition>FN: filled with revulsion and disgust</definition>
        <sentenceCount annotated="6" total="14"/>
        <lexeme order="1" headword="false" breakBefore="false" POS="A" name="sickened"/>
    </lexUnit>
    <lexUnit status="Finished_Initial" POS="A" name="sorrowful.a" ID="6948" lemmaID="36997" cBy="RLG" cDate="08/01/2002 10:52:32 PDT Thu">
        <definition>FN: full of sorrow</definition>
        <sentenceCount annotated="12" total="41"/>
        <lexeme order="1" headword="false" breakBefore="false" POS="A" name="sorrowful"/>
    </lexUnit>
    <lexUnit status="Finished_Initial" POS="A" name="startled.a" ID="6949" lemmaID="45948" cBy="RLG" cDate="08/01/2002 10:53:28 PDT Thu">
        <definition>FN: surprised and mildly alarmed</definition>
        <sentenceCount annotated="24" total="81"/>
        <lexeme order="1" headword="false" breakBefore="false" POS="A" name="startled"/>
    </lexUnit>
    <lexUnit status="Finished_Initial" POS="A" name="stressed.a" ID="6950" lemmaID="45949" cBy="RLG" cDate="08/01/2002 10:56:48 PDT Thu">
        <definition>FN: experiencing stress and anxiety</definition>
        <sentenceCount annotated="19" total="103"/>
        <lexeme order="1" headword="false" breakBefore="false" POS="A" name="stressed"/>
    </lexUnit>
    <lexUnit status="Finished_Initial" POS="A" name="stupefied.a" ID="6951" lemmaID="45950" cBy="RLG" cDate="08/01/2002 10:58:20 PDT Thu">
        <definition>FN: astonished or astounded</definition>
        <sentenceCount annotated="6" total="10"/>
        <lexeme order="1" headword="false" breakBefore="false" POS="A" name="stupefied"/>
    </lexUnit>
    <lexUnit status="Finished_Initial" POS="A" name="terror-stricken.a" ID="6952" lemmaID="39937" cBy="RLG" cDate="08/01/2002 10:59:08 PDT Thu">
        <definition>FN: filled with intense fear</definition>
        <sentenceCount annotated="6" total="6"/>
        <lexeme order="1" headword="false" breakBefore="false" POS="A" name="terror-stricken"/>
    </lexUnit>
    <lexUnit status="Finished_Initial" POS="A" name="tormented.a" ID="6953" lemmaID="45951" cBy="RLG" cDate="08/01/2002 11:00:05 PDT Thu">
        <definition>FN: experiencing severe distress</definition>
        <sentenceCount annotated="14" total="57"/>
        <lexeme order="1" headword="false" breakBefore="false" POS="A" name="tormented"/>
    </lexUnit>
    <lexUnit status="Finished_Initial" POS="A" name="traumatised.a" ID="6954" lemmaID="45952" cBy="RLG" cDate="08/01/2002 11:00:53 PDT Thu">
        <definition>FN: experiencing emotional stress</definition>
        <sentenceCount annotated="5" total="8"/>
        <lexeme order="1" headword="false" breakBefore="false" POS="A" name="traumatized"/>
    </lexUnit>
    <lexUnit status="Finished_Initial" POS="A" name="unsettled.a" ID="6955" lemmaID="42368" cBy="RLG" cDate="08/01/2002 11:01:55 PDT Thu">
        <definition>FN: agitated or disturbed</definition>
        <sentenceCount annotated="16" total="104"/>
        <lexeme order="1" headword="false" breakBefore="false" POS="A" name="unsettled"/>
    </lexUnit>
    <lexUnit status="Finished_Initial" POS="A" name="vexed.a" ID="6956" lemmaID="45953" cBy="RLG" cDate="08/01/2002 11:02:34 PDT Thu">
        <definition>COD: annoyed or worried</definition>
        <sentenceCount annotated="9" total="51"/>
        <lexeme order="1" headword="false" breakBefore="false" POS="A" name="vexed"/>
    </lexUnit>
    <lexUnit status="Finished_Initial" POS="A" name="worried.a" ID="7106" lemmaID="44510" cBy="ACW" cDate="08/07/2002 09:25:39 PDT Wed">
        <definition>FN: troubled or upset</definition>
        <sentenceCount annotated="14" total="449"/>
        <lexeme order="1" headword="false" breakBefore="false" POS="A" name="worried"/>
    </lexUnit>
    <lexUnit status="Finished_Initial" POS="A" name="disquieted.a" ID="7112" lemmaID="46055" cBy="ACW" cDate="08/07/2002 12:13:41 PDT Wed">
        <definition>FN: anxious</definition>
        <sentenceCount annotated="4" total="11"/>
        <lexeme order="1" headword="false" breakBefore="false" POS="A" name="disquieted"/>
    </lexUnit>
    <lexUnit status="Finished_Initial" POS="A" name="harried.a" ID="7113" lemmaID="46056" cBy="ACW" cDate="08/07/2002 12:24:41 PDT Wed">
        <definition>FN: distubred or distressed</definition>
        <sentenceCount annotated="6" total="16"/>
        <lexeme order="1" headword="false" breakBefore="false" POS="A" name="harried"/>
    </lexUnit>
    <lexUnit status="Finished_Initial" POS="A" name="ruffled.a" ID="7114" lemmaID="46057" cBy="ACW" cDate="08/07/2002 12:27:17 PDT Wed">
        <definition>FN: disconcerted</definition>
        <sentenceCount annotated="6" total="51"/>
        <lexeme order="1" headword="false" breakBefore="false" POS="A" name="ruffled"/>
    </lexUnit>
    <lexUnit status="Finished_Initial" POS="A" name="abashed.a" ID="7141" lemmaID="46065" cBy="ACW" cDate="08/08/2002 02:48:43 PDT Thu">
        <definition>FN: feeling embarassed or ashamed</definition>
        <sentenceCount annotated="5" total="9"/>
        <lexeme order="1" headword="false" breakBefore="false" POS="A" name="abashed"/>
    </lexUnit>
    <lexUnit status="Finished_Initial" POS="A" name="flustered.a" ID="7142" lemmaID="46066" cBy="ACW" cDate="08/08/2002 02:53:19 PDT Thu">
        <definition>FN: agitated or confused</definition>
        <sentenceCount annotated="16" total="150"/>
        <lexeme order="1" headword="false" breakBefore="false" POS="A" name="flustered"/>
    </lexUnit>
    <lexUnit status="Finished_Initial" POS="A" name="humiliated.a" ID="7143" lemmaID="46067" cBy="ACW" cDate="08/08/2002 02:56:06 PDT Thu">
        <definition>FN: extremely embarassed</definition>
        <sentenceCount annotated="8" total="41"/>
        <lexeme order="1" headword="false" breakBefore="false" POS="A" name="humiliated"/>
    </lexUnit>
    <lexUnit status="Finished_Initial" POS="A" name="flummoxed.a" ID="7146" lemmaID="46068" cBy="ACW" cDate="08/08/2002 03:03:38 PDT Thu">
        <definition>FN: bewildered or perplexed</definition>
        <sentenceCount annotated="4" total="19"/>
        <lexeme order="1" headword="false" breakBefore="false" POS="A" name="flummoxed"/>
    </lexUnit>
    <lexUnit status="Finished_Initial" POS="A" name="nonplussed.a" ID="7147" lemmaID="45253" cBy="ACW" cDate="08/08/2002 03:07:19 PDT Thu">
        <definition>FN: flummoxed</definition>
        <sentenceCount annotated="11" total="45"/>
        <lexeme order="1" headword="false" breakBefore="false" POS="A" name="nonplussed"/>
    </lexUnit>
    <lexUnit status="Finished_Initial" POS="A" name="disconsolate.a" ID="7148" lemmaID="10867" cBy="ACW" cDate="08/08/2002 03:15:55 PDT Thu">
        <definition>COD: very unhappy and unable to be comforted. </definition>
        <sentenceCount annotated="13" total="40"/>
        <lexeme order="1" headword="false" breakBefore="false" POS="A" name="disconsolate"/>
    </lexUnit>
    <lexUnit status="Finished_Initial" POS="A" name="glum.a" ID="7149" lemmaID="16400" cBy="ACW" cDate="08/08/2002 03:19:15 PDT Thu">
        <definition>COD: dejected; morose. </definition>
        <sentenceCount annotated="11" total="85"/>
        <lexeme order="1" headword="false" breakBefore="false" POS="A" name="glum"/>
    </lexUnit>
    <lexUnit status="Finished_Initial" POS="A" name="woebegone.a" ID="7150" lemmaID="44360" cBy="ACW" cDate="08/08/2002 03:22:44 PDT Thu">
        <definition>FN: strongly affected by woe</definition>
        <sentenceCount annotated="7" total="16"/>
        <lexeme order="1" headword="false" breakBefore="false" POS="A" name="woebegone"/>
    </lexUnit>
    <lexUnit status="Finished_Initial" POS="A" name="lugubrious.a" ID="7151" lemmaID="22935" cBy="ACW" cDate="08/08/2002 03:24:36 PDT Thu">
        <definition>COD: mournful; sad and dismal. </definition>
        <sentenceCount annotated="7" total="47"/>
        <lexeme order="1" headword="false" breakBefore="false" POS="A" name="lugubrious"/>
    </lexUnit>
    <lexUnit status="Finished_Initial" POS="A" name="desolate.a" ID="7152" lemmaID="10363" cBy="ACW" cDate="08/08/2002 03:29:34 PDT Thu">
        <definition>COD: utterly wretched and unhappy. </definition>
        <sentenceCount annotated="13" total="35"/>
        <lexeme order="1" headword="false" breakBefore="false" POS="A" name="desolate"/>
    </lexUnit>
    <lexUnit status="Created" POS="A" name="wretched.a" ID="7153" lemmaID="44576" cBy="ACW" cDate="08/08/2002 03:32:47 PDT Thu">
        <definition>COD: in a very unhappy or unfortunate state; miserable. </definition>
        <sentenceCount annotated="0" total="0"/>
        <lexeme order="1" headword="false" breakBefore="false" POS="A" name="wretched"/>
    </lexUnit>
    <lexUnit status="Finished_Initial" POS="A" name="miserable.a" ID="7154" lemmaID="24504" cBy="ACW" cDate="08/08/2002 03:50:48 PDT Thu">
        <definition>COD: wretchedly unhappy or uncomfortable. </definition>
        <sentenceCount annotated="46" total="257"/>
        <lexeme order="1" headword="false" breakBefore="false" POS="A" name="miserable"/>
    </lexUnit>
    <lexUnit status="Needs_SCs" POS="A" name="blue.a" ID="7155" lemmaID="3948" cBy="ACW" cDate="08/08/2002 03:56:05 PDT Thu">
        <definition>COD: melancholy, sad, or depressed. </definition>
        <sentenceCount annotated="2" total="283"/>
        <lexeme order="1" headword="false" breakBefore="false" POS="A" name="blue"/>
    </lexUnit>
    <lexUnit status="Finished_Initial" POS="A" name="despondent.a" ID="7156" lemmaID="10381" cBy="ACW" cDate="08/08/2002 04:08:46 PDT Thu">
        <definition>COD: in low spirits from loss of hope or courage. </definition>
        <sentenceCount annotated="24" total="65"/>
        <lexeme order="1" headword="false" breakBefore="false" POS="A" name="despondent"/>
    </lexUnit>
    <lexUnit status="Finished_Initial" POS="A" name="downcast.a" ID="7157" lemmaID="11616" cBy="ACW" cDate="08/08/2002 04:09:45 PDT Thu">
        <definition>COD: (of a person) feeling despondent. </definition>
        <sentenceCount annotated="18" total="77"/>
        <lexeme order="1" headword="false" breakBefore="false" POS="A" name="downcast"/>
    </lexUnit>
    <lexUnit status="Insufficient_Attestations" POS="A" name="low-spirited.a" ID="7158" lemmaID="22886" cBy="ACW" cDate="08/08/2002 04:11:12 PDT Thu">
        <definition>FN: sad and despondent</definition>
        <sentenceCount annotated="2" total="4"/>
        <lexeme order="1" headword="false" breakBefore="false" POS="A" name="low-spirited"/>
    </lexUnit>
    <lexUnit status="Finished_Initial" POS="A" name="crestfallen.a" ID="7159" lemmaID="46070" cBy="ACW" cDate="08/08/2002 04:12:48 PDT Thu">
        <definition>COD: sad and disappointed. </definition>
        <sentenceCount annotated="8" total="35"/>
        <lexeme order="1" headword="false" breakBefore="false" POS="A" name="crestfallen"/>
    </lexUnit>
    <lexUnit status="Finished_Initial" POS="A" name="disgruntled.a" ID="7160" lemmaID="10966" cBy="ACW" cDate="08/08/2002 04:16:36 PDT Thu">
        <definition>COD: angry or dissatisfied. </definition>
        <sentenceCount annotated="37" total="93"/>
        <lexeme order="1" headword="false" breakBefore="false" POS="A" name="disgruntled"/>
    </lexUnit>
    <lexUnit status="Finished_Initial" POS="A" name="downhearted.a" ID="7161" lemmaID="11621" cBy="ACW" cDate="08/08/2002 04:19:35 PDT Thu">
        <definition>COD: discouraged; dejected. </definition>
        <sentenceCount annotated="5" total="12"/>
        <lexeme order="1" headword="false" breakBefore="false" POS="A" name="downhearted"/>
    </lexUnit>
    <lexUnit status="Finished_Initial" POS="A" name="flabbergasted.a" ID="7162" lemmaID="46071" cBy="ACW" cDate="08/08/2002 04:24:17 PDT Thu">
        <definition>FN: very surprisedand puzzled</definition>
        <sentenceCount annotated="6" total="23"/>
        <lexeme order="1" headword="false" breakBefore="false" POS="A" name="flabbergasted"/>
    </lexUnit>
    <lexUnit status="Finished_Initial" POS="A" name="affronted.a" ID="7163" lemmaID="46072" cBy="ACW" cDate="08/08/2002 04:28:52 PDT Thu">
        <definition>FN: offended</definition>
        <sentenceCount annotated="6" total="25"/>
        <lexeme order="1" headword="false" breakBefore="false" POS="A" name="affronted"/>
    </lexUnit>
    <lexUnit status="Finished_Initial" POS="A" name="incensed.a" ID="7164" lemmaID="45255" cBy="ACW" cDate="08/08/2002 04:30:58 PDT Thu">
        <definition>FN: very angry</definition>
        <sentenceCount annotated="6" total="18"/>
        <lexeme order="1" headword="false" breakBefore="false" POS="A" name="incensed"/>
    </lexUnit>
    <lexUnit status="Finished_Initial" POS="A" name="overwrought.a" ID="7186" lemmaID="27412" cBy="ACW" cDate="08/09/2002 03:15:38 PDT Fri">
        <definition>COD: in a state of nervous excitement or anxiety. </definition>
        <sentenceCount annotated="12" total="34"/>
        <lexeme order="1" headword="false" breakBefore="false" POS="A" name="overwrought"/>
    </lexUnit>
    <lexUnit status="Finished_Initial" POS="A" name="riled.a" ID="7187" lemmaID="46080" cBy="ACW" cDate="08/09/2002 03:41:42 PDT Fri">
        <definition>FN: annoyed or irritated</definition>
        <sentenceCount annotated="4" total="27"/>
        <lexeme order="1" headword="false" breakBefore="false" POS="A" name="riled"/>
    </lexUnit>
    <lexUnit status="Finished_Initial" POS="A" name="agonized.a" ID="7188" lemmaID="826" cBy="ACW" cDate="08/09/2002 03:45:06 PDT Fri">
        <definition>FN: undergoing great mental anguish</definition>
        <sentenceCount annotated="7" total="33"/>
        <lexeme order="1" headword="false" breakBefore="false" POS="A" name="agonized"/>
    </lexUnit>
    <lexUnit status="Finished_Initial" POS="A" name="inconsolable.a" ID="7190" lemmaID="19498" cBy="ACW" cDate="08/09/2002 03:48:55 PDT Fri">
        <definition>COD: not able to be comforted or consoled. </definition>
        <sentenceCount annotated="13" total="29"/>
        <lexeme order="1" headword="false" breakBefore="false" POS="A" name="inconsolable"/>
    </lexUnit>
    <lexUnit status="Finished_Initial" POS="A" name="stunned.a" ID="7191" lemmaID="46082" cBy="ACW" cDate="08/09/2002 03:50:42 PDT Fri">
        <definition>FN: extremely shocked or astonished</definition>
        <sentenceCount annotated="22" total="101"/>
        <lexeme order="1" headword="false" breakBefore="false" POS="A" name="stunned"/>
    </lexUnit>
    <lexUnit status="Finished_Initial" POS="A" name="befuddled.a" ID="7196" lemmaID="46086" cBy="ACW" cDate="08/09/2002 04:03:45 PDT Fri">
        <definition>FN: confused or perplexed</definition>
        <sentenceCount annotated="5" total="23"/>
        <lexeme order="1" headword="false" breakBefore="false" POS="A" name="befuddled"/>
    </lexUnit>
    <lexUnit status="Finished_Initial" POS="A" name="anguished.a" ID="7200" lemmaID="1428" cBy="ACW" cDate="08/09/2002 04:26:18 PDT Fri">
        <definition>COD: experiencing or expressing anguish. </definition>
        <sentenceCount annotated="14" total="126"/>
        <lexeme order="1" headword="false" breakBefore="false" POS="A" name="anguished"/>
    </lexUnit>
    <lexUnit status="Finished_Initial" POS="A" name="happy.a" ID="7221" lemmaID="17419" cBy="ACW" cDate="08/14/2002 11:08:56 PDT Wed">
        <definition>COD: feeling or showing pleasure or contentment. </definition>
        <sentenceCount annotated="52" total="591"/>
        <lexeme order="1" headword="false" breakBefore="false" POS="A" name="happy"/>
    </lexUnit>
    <lexUnit status="Finished_Initial" POS="N" name="revulsion.n" ID="7252" lemmaID="33139" cBy="ACW" cDate="08/15/2002 11:23:08 PDT Thu">
        <definition>COD: a sense of disgust and loathing. </definition>
        <sentenceCount annotated="29" total="113"/>
        <lexeme order="1" headword="false" breakBefore="false" POS="N" name="revulsion"/>
    </lexUnit>
    <lexUnit status="Finished_Initial" POS="N" name="vexation.n" ID="7253" lemmaID="42952" cBy="ACW" cDate="08/15/2002 11:25:48 PDT Thu">
        <definition>FN: the state of being vexed or annoyed</definition>
        <sentenceCount annotated="5" total="29"/>
        <lexeme order="1" headword="false" breakBefore="false" POS="N" name="vexation"/>
    </lexUnit>
    <lexUnit status="Finished_Initial" POS="N" name="anger.n" ID="7254" lemmaID="1387" cBy="ACW" cDate="08/15/2002 11:33:00 PDT Thu">
        <definition>COD: a strong feeling of annoyance, displeasure, or hostility.</definition>
        <sentenceCount annotated="43" total="359"/>
        <lexeme order="1" headword="false" breakBefore="false" POS="N" name="anger"/>
    </lexUnit>
    <lexUnit status="Finished_Initial" POS="N" name="anguish.n" ID="7261" lemmaID="1427" cBy="ACW" cDate="08/16/2002 10:35:43 PDT Fri">
        <definition>FN: severe mental suffering</definition>
        <sentenceCount annotated="36" total="229"/>
        <lexeme order="1" headword="false" breakBefore="false" POS="N" name="anguish"/>
    </lexUnit>
    <lexUnit status="Finished_Initial" POS="N" name="agony.n" ID="7262" lemmaID="829" cBy="ACW" cDate="08/16/2002 01:28:37 PDT Fri">
        <definition>COD: extreme suffering.</definition>
        <sentenceCount annotated="19" total="298"/>
        <lexeme order="1" headword="false" breakBefore="false" POS="N" name="agony"/>
    </lexUnit>
    <lexUnit status="Finished_Initial" POS="N" name="annoyance.n" ID="7263" lemmaID="1466" cBy="ACW" cDate="08/16/2002 01:34:49 PDT Fri">
        <definition>FN: the state of being annoyed</definition>
        <sentenceCount annotated="34" total="208"/>
        <lexeme order="1" headword="false" breakBefore="false" POS="N" name="annoyance"/>
    </lexUnit>
    <lexUnit status="Finished_Initial" POS="N" name="despondency.n" ID="7264" lemmaID="10380" cBy="ACW" cDate="08/16/2002 01:59:46 PDT Fri">
        <definition>FN: depression from loss of hope or courage.</definition>
        <sentenceCount annotated="19" total="69"/>
        <lexeme order="1" headword="false" breakBefore="false" POS="N" name="despondency"/>
    </lexUnit>
    <lexUnit status="Finished_Initial" POS="N" name="disquiet.n" ID="7265" lemmaID="11127" cBy="ACW" cDate="08/16/2002 02:04:23 PDT Fri">
        <definition>COD: a feeling of anxiety. </definition>
        <sentenceCount annotated="38" total="135"/>
        <lexeme order="1" headword="false" breakBefore="false" POS="N" name="disquiet"/>
    </lexUnit>
    <lexUnit status="Finished_Initial" POS="N" name="elation.n" ID="7266" lemmaID="12387" cBy="ACW" cDate="08/16/2002 02:06:50 PDT Fri">
        <definition>FN: a state of joyfulness and hapiness</definition>
        <sentenceCount annotated="23" total="123"/>
        <lexeme order="1" headword="false" breakBefore="false" POS="N" name="elation"/>
    </lexUnit>
    <lexUnit status="Finished_Initial" POS="N" name="bafflement.n" ID="7267" lemmaID="2677" cBy="ACW" cDate="08/16/2002 02:10:21 PDT Fri">
        <definition>FN: confusion</definition>
        <sentenceCount annotated="7" total="29"/>
        <lexeme order="1" headword="false" breakBefore="false" POS="N" name="bafflement"/>
    </lexUnit>
    <lexUnit status="Finished_Initial" POS="N" name="astonishment.n" ID="7270" lemmaID="2202" cBy="ACW" cDate="08/16/2002 04:32:48 PDT Fri">
        <definition>FN: great amazement or surprise</definition>
        <sentenceCount annotated="36" total="210"/>
        <lexeme order="1" headword="false" breakBefore="false" POS="N" name="astonishment"/>
    </lexUnit>
    <lexUnit status="Finished_Initial" POS="N" name="bewilderment.n" ID="7271" lemmaID="3481" cBy="ACW" cDate="08/16/2002 04:37:40 PDT Fri">
        <definition>FN: in a state of confusion and uncertainty</definition>
        <sentenceCount annotated="27" total="157"/>
        <lexeme order="1" headword="false" breakBefore="false" POS="N" name="bewilderment"/>
    </lexUnit>
    <lexUnit status="Finished_Initial" POS="N" name="perplexity.n" ID="7272" lemmaID="28547" cBy="ACW" cDate="08/16/2002 04:40:43 PDT Fri">
        <definition>FN: the state of being puzzled or perplexed.</definition>
        <sentenceCount annotated="8" total="71"/>
        <lexeme order="1" headword="false" breakBefore="false" POS="N" name="perplexity"/>
    </lexUnit>
    <lexUnit status="Finished_Initial" POS="N" name="puzzlement.n" ID="7273" lemmaID="31326" cBy="ACW" cDate="08/16/2002 04:42:13 PDT Fri">
        <definition>FN: the state of being confused and bewildered</definition>
        <sentenceCount annotated="13" total="145"/>
        <lexeme order="1" headword="false" breakBefore="false" POS="N" name="puzzlement"/>
    </lexUnit>
    <lexUnit status="Finished_Initial" POS="N" name="stupefaction.n" ID="7274" lemmaID="38456" cBy="ACW" cDate="08/16/2002 04:44:25 PDT Fri">
        <definition>FN: the state of being extremely astonished</definition>
        <sentenceCount annotated="6" total="10"/>
        <lexeme order="1" headword="false" breakBefore="false" POS="N" name="stupefaction"/>
    </lexUnit>
    <lexUnit status="Finished_Initial" POS="N" name="mystification.n" ID="7275" lemmaID="25363" cBy="ACW" cDate="08/16/2002 04:59:33 PDT Fri">
        <definition>FN: the state of being bewildered of perplexed</definition>
        <sentenceCount annotated="5" total="38"/>
        <lexeme order="1" headword="false" breakBefore="false" POS="N" name="mystification"/>
    </lexUnit>
    <lexUnit status="Finished_Initial" POS="N" name="dismay.n" ID="7276" lemmaID="11044" cBy="ACW" cDate="08/16/2002 05:01:00 PDT Fri">
        <definition>COD: consternation and distress. </definition>
        <sentenceCount annotated="51" total="234"/>
        <lexeme order="1" headword="false" breakBefore="false" POS="N" name="dismay"/>
    </lexUnit>
    <lexUnit status="Finished_Initial" POS="N" name="discomfiture.n" ID="7277" lemmaID="10856" cBy="ACW" cDate="08/16/2002 05:12:24 PDT Fri">
        <definition>FN: uneasiness or embarassment</definition>
        <sentenceCount annotated="9" total="48"/>
        <lexeme order="1" headword="false" breakBefore="false" POS="N" name="discomfiture"/>
    </lexUnit>
    <lexUnit status="Finished_Initial" POS="N" name="disgruntlement.n" ID="7278" lemmaID="46099" cBy="ACW" cDate="08/16/2002 05:14:37 PDT Fri">
        <definition>FN: the state of being disgruntled or discontented</definition>
        <sentenceCount annotated="5" total="10"/>
        <lexeme order="1" headword="false" breakBefore="false" POS="N" name="disgruntlement"/>
    </lexUnit>
    <lexUnit status="Finished_Initial" POS="N" name="disorientation.n" ID="7279" lemmaID="11066" cBy="ACW" cDate="08/16/2002 05:24:59 PDT Fri">
        <definition>FN: the state of being confused about one's position in the world.</definition>
        <sentenceCount annotated="11" total="67"/>
        <lexeme order="1" headword="false" breakBefore="false" POS="N" name="disorientation"/>
    </lexUnit>
    <lexUnit status="Finished_Initial" POS="N" name="discouragement.n" ID="7280" lemmaID="10889" cBy="ACW" cDate="08/16/2002 05:28:14 PDT Fri">
        <definition>FN: a state of having been deprived of hope or courage.</definition>
        <sentenceCount annotated="7" total="49"/>
        <lexeme order="1" headword="false" breakBefore="false" POS="N" name="discouragement"/>
    </lexUnit>
    <lexUnit status="Insufficient_Attestations" POS="N" name="glumness.n" ID="7281" lemmaID="16402" cBy="ACW" cDate="08/16/2002 05:34:08 PDT Fri">
        <definition>FN: being in a state of dejection</definition>
        <sentenceCount annotated="1" total="2"/>
        <lexeme order="1" headword="false" breakBefore="false" POS="N" name="glumness"/>
    </lexUnit>
    <lexUnit status="Insufficient_Attestations" POS="N" name="disconcertion.n" ID="7283" lemmaID="46100" cBy="ACW" cDate="08/19/2002 09:22:35 PDT Mon">
        <definition>FN: the state of being disconcerted</definition>
        <sentenceCount annotated="2" total="2"/>
        <lexeme order="1" headword="false" breakBefore="false" POS="N" name="disconcertion"/>
    </lexUnit>
    <lexUnit status="Finished_Initial" POS="N" name="displeasure.n" ID="7284" lemmaID="11101" cBy="ACW" cDate="08/19/2002 09:24:04 PDT Mon">
        <definition>COD: a feeling of annoyance or dissatisfaction.</definition>
        <sentenceCount annotated="38" total="136"/>
        <lexeme order="1" headword="false" breakBefore="false" POS="N" name="displeasure"/>
    </lexUnit>
    <lexUnit status="Finished_Initial" POS="N" name="dejection.n" ID="7285" lemmaID="10006" cBy="ACW" cDate="08/19/2002 09:29:45 PDT Mon">
        <definition>FN: the state of being depressed and dejected</definition>
        <sentenceCount annotated="9" total="31"/>
        <lexeme order="1" headword="false" breakBefore="false" POS="N" name="dejection"/>
    </lexUnit>
    <lexUnit status="Finished_Initial" POS="N" name="sorrow.n" ID="7286" lemmaID="36995" cBy="ACW" cDate="08/19/2002 09:38:43 PDT Mon">
        <definition>COD: a feeling of deep distress caused by loss or disappointment. </definition>
        <sentenceCount annotated="42" total="238"/>
        <lexeme order="1" headword="false" breakBefore="false" POS="N" name="sorrow"/>
    </lexUnit>
    <lexUnit status="Finished_Initial" POS="N" name="embarrassment.n" ID="7287" lemmaID="12538" cBy="ACW" cDate="08/19/2002 09:55:54 PDT Mon">
        <definition>FN: the state of being self-conscious and ill at ease</definition>
        <sentenceCount annotated="28" total="342"/>
        <lexeme order="1" headword="false" breakBefore="false" POS="N" name="embarrassment"/>
    </lexUnit>
    <lexUnit status="Finished_Initial" POS="N" name="exhilaration.n" ID="7288" lemmaID="13461" cBy="ACW" cDate="08/19/2002 10:04:00 PDT Mon">
        <definition>FN: the state of being excited and elated</definition>
        <sentenceCount annotated="4" total="107"/>
        <lexeme order="1" headword="false" breakBefore="false" POS="N" name="exhilaration"/>
    </lexUnit>
    <lexUnit status="Finished_Initial" POS="N" name="disappointment.n" ID="7289" lemmaID="10802" cBy="ACW" cDate="08/19/2002 10:08:51 PDT Mon">
        <definition>FN: a feeling of being disappointed </definition>
        <sentenceCount annotated="70" total="417"/>
        <lexeme order="1" headword="false" breakBefore="false" POS="N" name="disappointment"/>
    </lexUnit>
    <lexUnit status="Finished_Initial" POS="N" name="exasperation.n" ID="7290" lemmaID="13337" cBy="ACW" cDate="08/19/2002 10:16:33 PDT Mon">
        <definition>FN: the state of being angry or irritated</definition>
        <sentenceCount annotated="38" total="163"/>
        <lexeme order="1" headword="false" breakBefore="false" POS="N" name="exasperation"/>
    </lexUnit>
    <lexUnit status="Finished_Initial" POS="N" name="agitation.n" ID="7291" lemmaID="46102" cBy="ACW" cDate="08/19/2002 10:22:56 PDT Mon">
        <definition>FN: the state of being emotionally disturbed</definition>
        <sentenceCount annotated="13" total="173"/>
        <lexeme order="1" headword="false" breakBefore="false" POS="N" name="agitation"/>
    </lexUnit>
    <lexUnit status="Finished_Initial" POS="N" name="amusement.n" ID="7292" lemmaID="46103" cBy="ACW" cDate="08/19/2002 10:34:55 PDT Mon">
        <definition>COD: the state or experience of finding something funny. </definition>
        <sentenceCount annotated="27" total="282"/>
        <lexeme order="1" headword="false" breakBefore="false" POS="N" name="amusement"/>
    </lexUnit>
    <lexUnit status="Finished_Initial" POS="N" name="boredom.n" ID="7293" lemmaID="4236" cBy="ACW" cDate="08/19/2002 10:46:18 PDT Mon">
        <definition>FN: the state of being weary from repition or tediousness</definition>
        <sentenceCount annotated="30" total="175"/>
        <lexeme order="1" headword="false" breakBefore="false" POS="N" name="boredom"/>
    </lexUnit>
    <lexUnit status="Finished_Initial" POS="N" name="distress.n" ID="7298" lemmaID="11233" cBy="ACW" cDate="08/19/2002 12:09:03 PDT Mon">
        <definition>COD: extreme anxiety or suffering. </definition>
        <sentenceCount annotated="44" total="280"/>
        <lexeme order="1" headword="false" breakBefore="false" POS="N" name="distress"/>
    </lexUnit>
    <lexUnit status="Finished_Initial" POS="A" name="chagrined.a" ID="7299" lemmaID="46105" cBy="ACW" cDate="08/19/2002 12:14:02 PDT Mon">
        <definition>FN: embarrassed or humiliated</definition>
        <sentenceCount annotated="6" total="10"/>
        <lexeme order="1" headword="false" breakBefore="false" POS="A" name="chagrined"/>
    </lexUnit>
    <lexUnit status="Finished_Initial" POS="N" name="excitement.n" ID="7300" lemmaID="46106" cBy="ACW" cDate="08/19/2002 12:22:30 PDT Mon">
        <definition>FN: a state of emotional arousal</definition>
        <sentenceCount annotated="57" total="390"/>
        <lexeme order="1" headword="false" breakBefore="false" POS="N" name="excitement"/>
    </lexUnit>
    <lexUnit status="Finished_Initial" POS="N" name="gratification.n" ID="7301" lemmaID="46107" cBy="ACW" cDate="08/19/2002 12:27:29 PDT Mon">
        <definition>FN: the state of being pleased and satisfied</definition>
        <sentenceCount annotated="6" total="117"/>
        <lexeme order="1" headword="false" breakBefore="false" POS="N" name="gratification"/>
    </lexUnit>
    <lexUnit status="Finished_Initial" POS="N" name="heartbreak.n" ID="7302" lemmaID="17686" cBy="ACW" cDate="08/19/2002 12:30:32 PDT Mon">
        <definition>COD: overwhelming distress. </definition>
        <sentenceCount annotated="9" total="75"/>
        <lexeme order="1" headword="false" breakBefore="false" POS="N" name="heartbreak"/>
    </lexUnit>
    <lexUnit status="Finished_Initial" POS="N" name="horror.n" ID="7303" lemmaID="18420" cBy="ACW" cDate="08/19/2002 12:32:20 PDT Mon">
        <definition>COD: an intense feeling of fear, shock, or disgust or intense dismay.</definition>
        <sentenceCount annotated="53" total="375"/>
        <lexeme order="1" headword="false" breakBefore="false" POS="N" name="horror"/>
    </lexUnit>
    <lexUnit status="Finished_Initial" POS="N" name="mortification.n" ID="7304" lemmaID="24976" cBy="ACW" cDate="08/19/2002 01:30:16 PDT Mon">
        <definition>FN: embarrassment or humiliation</definition>
        <sentenceCount annotated="6" total="28"/>
        <lexeme order="1" headword="false" breakBefore="false" POS="N" name="mortification"/>
    </lexUnit>
    <lexUnit status="Finished_Initial" POS="N" name="sadness.n" ID="7305" lemmaID="33918" cBy="ACW" cDate="08/19/2002 01:38:34 PDT Mon">
        <definition>FN: the feeling of being sad</definition>
        <sentenceCount annotated="12" total="309"/>
        <lexeme order="1" headword="false" breakBefore="false" POS="N" name="sadness"/>
    </lexUnit>
    <lexUnit status="Finished_Initial" POS="N" name="sympathy.n" ID="8590" lemmaID="39262" cBy="RLG" cDate="04/21/2003 10:49:05 PDT Mon">
        <definition>COD: feelings of pity and sorrow for someone else's misfortune</definition>
        <sentenceCount annotated="21" total="194"/>
        <lexeme order="1" headword="false" breakBefore="false" POS="N" name="sympathy"/>
    </lexUnit>
    <lexUnit status="Finished_Initial" POS="A" name="agitated.a" ID="8776" lemmaID="814" cBy="ACW" cDate="06/12/2003 11:56:16 PDT Thu">
        <definition>FN: nervous or troubled</definition>
        <sentenceCount annotated="28" total="99"/>
        <lexeme order="1" headword="false" breakBefore="false" POS="A" name="agitated"/>
    </lexUnit>
    <lexUnit status="Finished_Initial" POS="A" name="alarmed.a" ID="8777" lemmaID="47877" cBy="ACW" cDate="06/12/2003 12:01:15 PDT Thu">
        <definition>FN: disturbed, frighted and excited</definition>
        <sentenceCount annotated="20" total="139"/>
        <lexeme order="1" headword="true" breakBefore="false" POS="A" name="alarmed"/>
    </lexUnit>
    <lexUnit status="Finished_Initial" POS="A" name="amused.a" ID="8778" lemmaID="47878" cBy="ACW" cDate="06/12/2003 12:11:10 PDT Thu">
        <definition>FN: entertained</definition>
        <sentenceCount annotated="14" total="167"/>
        <lexeme order="1" headword="true" breakBefore="false" POS="A" name="amused"/>
    </lexUnit>
    <lexUnit status="Finished_Initial" POS="A" name="ashamed.a" ID="8779" lemmaID="2071" cBy="ACW" cDate="06/12/2003 12:12:55 PDT Thu">
        <definition>COD: embarrassed or guilty because of one's actions or characteristics.</definition>
        <sentenceCount annotated="35" total="203"/>
        <lexeme order="1" headword="false" breakBefore="false" POS="A" name="ashamed"/>
    </lexUnit>
    <lexUnit status="Finished_Initial" POS="A" name="astonished.a" ID="8780" lemmaID="47880" cBy="ACW" cDate="06/12/2003 12:14:27 PDT Thu">
        <definition>FN: surprised</definition>
        <sentenceCount annotated="18" total="121"/>
        <lexeme order="1" headword="true" breakBefore="false" POS="A" name="astonished"/>
    </lexUnit>
    <lexUnit status="Finished_Initial" POS="A" name="astounded.a" ID="8781" lemmaID="47881" cBy="ACW" cDate="06/12/2003 12:16:28 PDT Thu">
        <definition>FN: extremely surprised</definition>
        <sentenceCount annotated="14" total="63"/>
        <lexeme order="1" headword="true" breakBefore="false" POS="A" name="astounded"/>
    </lexUnit>
    <lexUnit status="Finished_Initial" POS="A" name="baffled.a" ID="8782" lemmaID="47882" cBy="ACW" cDate="06/12/2003 12:26:01 PDT Thu">
        <definition>FN: experiencing confusion and puzzlement</definition>
        <sentenceCount annotated="12" total="79"/>
        <lexeme order="1" headword="true" breakBefore="false" POS="A" name="baffled"/>
    </lexUnit>
    <lexUnit status="Finished_Initial" POS="A" name="bewildered.a" ID="8783" lemmaID="47883" cBy="ACW" cDate="06/12/2003 12:27:13 PDT Thu">
        <definition>FN: experiencing disturbing confusion and puzzlement</definition>
        <sentenceCount annotated="30" total="166"/>
        <lexeme order="1" headword="true" breakBefore="false" POS="A" name="bewildered"/>
    </lexUnit>
    <lexUnit status="Finished_Initial" POS="A" name="bored.a" ID="8785" lemmaID="47884" cBy="ACW" cDate="06/12/2003 12:31:38 PDT Thu">
        <definition>FN: uninterested or unexcited</definition>
        <sentenceCount annotated="47" total="235"/>
        <lexeme order="1" headword="true" breakBefore="false" POS="A" name="bored"/>
    </lexUnit>
    <lexUnit status="Finished_Initial" POS="N" name="chagrin.n" ID="8786" lemmaID="5984" cBy="ACW" cDate="06/12/2003 12:38:18 PDT Thu">
        <definition>COD: annoyance or shame at having failed</definition>
        <sentenceCount annotated="14" total="66"/>
        <lexeme order="1" headword="false" breakBefore="false" POS="N" name="chagrin"/>
    </lexUnit>
    <lexUnit status="Finished_Initial" POS="A" name="concerned.a" ID="8787" lemmaID="7602" cBy="ACW" cDate="06/12/2003 12:40:20 PDT Thu">
        <definition>COD: worried; anxious.</definition>
        <sentenceCount annotated="51" total="471"/>
        <lexeme order="1" headword="false" breakBefore="false" POS="A" name="concerned"/>
    </lexUnit>
    <lexUnit status="Finished_Initial" POS="A" name="contented.a" ID="8788" lemmaID="8051" cBy="ACW" cDate="06/12/2003 12:41:53 PDT Thu">
        <definition>FN: feeling or expressing satisfaction</definition>
        <sentenceCount annotated="14" total="109"/>
        <lexeme order="1" headword="false" breakBefore="false" POS="A" name="contented"/>
    </lexUnit>
    <lexUnit status="Finished_Initial" POS="A" name="covetous.a" ID="8789" lemmaID="8688" cBy="ACW" cDate="06/12/2003 01:21:58 PDT Thu">
        <definition>FN: feeling a desire to posses something or for something to happen, in response to some other object or event</definition>
        <sentenceCount annotated="6" total="17"/>
        <lexeme order="1" headword="false" breakBefore="false" POS="A" name="covetous"/>
    </lexUnit>
    <lexUnit status="Finished_Initial" POS="A" name="dejected.a" ID="8790" lemmaID="10004" cBy="ACW" cDate="06/12/2003 01:23:51 PDT Thu">
        <definition>FN: depressed</definition>
        <sentenceCount annotated="13" total="57"/>
        <lexeme order="1" headword="false" breakBefore="false" POS="A" name="dejected"/>
    </lexUnit>
    <lexUnit status="Finished_Initial" POS="N" name="delight.n" ID="8791" lemmaID="10039" cBy="ACW" cDate="06/12/2003 01:25:24 PDT Thu">
        <definition>COD: a great pleasure</definition>
        <sentenceCount annotated="46" total="456"/>
        <lexeme order="1" headword="false" breakBefore="false" POS="N" name="delight"/>
    </lexUnit>
    <lexUnit status="Finished_Initial" POS="A" name="delighted.a" ID="8792" lemmaID="47892" cBy="ACW" cDate="06/12/2003 01:28:01 PDT Thu">
        <definition>FN: filled with delight</definition>
        <sentenceCount annotated="56" total="304"/>
        <lexeme order="1" headword="true" breakBefore="false" POS="A" name="delighted"/>
    </lexUnit>
    <lexUnit status="Finished_Initial" POS="A" name="depressed.a" ID="8793" lemmaID="10256" cBy="ACW" cDate="06/12/2003 01:29:32 PDT Thu">
        <definition>FN: sad; low in spirits</definition>
        <sentenceCount annotated="40" total="280"/>
        <lexeme order="1" headword="false" breakBefore="false" POS="A" name="depressed"/>
    </lexUnit>
    <lexUnit status="Finished_Initial" POS="N" name="despair.n" ID="8794" lemmaID="10366" cBy="ACW" cDate="06/12/2003 01:39:38 PDT Thu">
        <definition>COD:  the complete loss or absence of hope</definition>
        <sentenceCount annotated="31" total="233"/>
        <lexeme order="1" headword="false" breakBefore="false" POS="N" name="despair"/>
    </lexUnit>
    <lexUnit status="Finished_Initial" POS="A" name="devastated.a" ID="8795" lemmaID="47895" cBy="ACW" cDate="06/12/2003 01:41:09 PDT Thu">
        <definition>FN: overwhelmed by sorrow </definition>
        <sentenceCount annotated="17" total="96"/>
        <lexeme order="1" headword="true" breakBefore="false" POS="A" name="devastated"/>
    </lexUnit>
    <lexUnit status="Finished_Initial" POS="A" name="discomfited.a" ID="8796" lemmaID="47896" cBy="ACW" cDate="06/12/2003 01:42:29 PDT Thu">
        <definition>FN: embarrassed or uneasy</definition>
        <sentenceCount annotated="5" total="8"/>
        <lexeme order="1" headword="true" breakBefore="false" POS="A" name="discomfited"/>
    </lexUnit>
    <lexUnit status="Finished_Initial" POS="A" name="disconcerted.a" ID="8797" lemmaID="47897" cBy="ACW" cDate="06/12/2003 01:43:28 PDT Thu">
        <definition>FN: upset, disturbed and confused</definition>
        <sentenceCount annotated="5" total="27"/>
        <lexeme order="1" headword="true" breakBefore="false" POS="A" name="disconcerted"/>
    </lexUnit>
    <lexUnit status="Finished_Initial" POS="A" name="discouraged.a" ID="8798" lemmaID="47898" cBy="ACW" cDate="06/12/2003 01:44:38 PDT Thu">
        <definition>FN: disheartened; depressed</definition>
        <sentenceCount annotated="12" total="64"/>
        <lexeme order="1" headword="true" breakBefore="false" POS="A" name="discouraged"/>
    </lexUnit>
    <lexUnit status="Finished_Initial" POS="A" name="disheartened.a" ID="8799" lemmaID="47899" cBy="ACW" cDate="06/12/2003 01:45:53 PDT Thu">
        <definition>FN: dejected and without hope</definition>
        <sentenceCount annotated="5" total="8"/>
        <lexeme order="1" headword="true" breakBefore="false" POS="A" name="disheartened"/>
    </lexUnit>
    <lexUnit status="Finished_Initial" POS="A" name="dismayed.a" ID="8800" lemmaID="47900" cBy="ACW" cDate="06/12/2003 02:39:02 PDT Thu">
        <definition>FN: distressed</definition>
        <sentenceCount annotated="6" total="30"/>
        <lexeme order="1" headword="true" breakBefore="false" POS="A" name="dismayed"/>
    </lexUnit>
    <lexUnit status="Finished_Initial" POS="A" name="disoriented.a" ID="8801" lemmaID="47901" cBy="ACW" cDate="06/12/2003 02:40:20 PDT Thu">
        <definition>FN: experiencing confusion regarding position or location</definition>
        <sentenceCount annotated="6" total="25"/>
        <lexeme order="1" headword="true" breakBefore="false" POS="A" name="disoriented"/>
    </lexUnit>
    <lexUnit status="Finished_Initial" POS="A" name="distressed.a" ID="8802" lemmaID="47902" cBy="ACW" cDate="06/12/2003 02:41:52 PDT Thu">
        <definition>FN: experiencing anxiety and suffering</definition>
        <sentenceCount annotated="28" total="105"/>
        <lexeme order="1" headword="true" breakBefore="false" POS="A" name="distressed"/>
    </lexUnit>
    <lexUnit status="Finished_Initial" POS="A" name="ecstatic.a" ID="8803" lemmaID="12198" cBy="ACW" cDate="06/12/2003 02:43:39 PDT Thu">
        <definition>FN: feeling great feelings of happiness and joy</definition>
        <sentenceCount annotated="22" total="123"/>
        <lexeme order="1" headword="false" breakBefore="false" POS="A" name="ecstatic"/>
    </lexUnit>
    <lexUnit status="Finished_Initial" POS="A" name="elated.a" ID="8804" lemmaID="12386" cBy="ACW" cDate="06/12/2003 02:45:28 PDT Thu">
        <definition>FN: extremely happy</definition>
        <sentenceCount annotated="12" total="38"/>
        <lexeme order="1" headword="false" breakBefore="false" POS="A" name="elated"/>
    </lexUnit>
    <lexUnit status="Finished_Initial" POS="A" name="displeased.a" ID="8805" lemmaID="47905" cBy="ACW" cDate="06/12/2003 03:20:09 PDT Thu">
        <definition>FN: annoyed or upset</definition>
        <sentenceCount annotated="6" total="16"/>
        <lexeme order="1" headword="true" breakBefore="false" POS="A" name="displeased"/>
    </lexUnit>
    <lexUnit status="Finished_Initial" POS="A" name="embittered.a" ID="8806" lemmaID="47906" cBy="MJE" cDate="06/12/2003 03:29:54 PDT Thu">
        <definition>FN: filled with bitterness and resentfulness</definition>
        <sentenceCount annotated="12" total="48"/>
        <lexeme order="1" headword="true" breakBefore="false" POS="A" name="embittered"/>
    </lexUnit>
    <lexUnit status="Finished_Initial" POS="A" name="enraged.a" ID="8808" lemmaID="12815" cBy="MJE" cDate="06/12/2003 03:39:04 PDT Thu">
        <definition>FN: very angry.</definition>
        <sentenceCount annotated="9" total="60"/>
        <lexeme order="1" headword="false" breakBefore="false" POS="A" name="enraged"/>
    </lexUnit>
    <lexUnit status="Finished_Initial" POS="A" name="exasperated.a" ID="8809" lemmaID="47909" cBy="MJE" cDate="06/12/2003 03:40:37 PDT Thu">
        <definition>FN: filled with irritation or annoyance.</definition>
        <sentenceCount annotated="22" total="97"/>
        <lexeme order="1" headword="true" breakBefore="false" POS="A" name="exasperated"/>
    </lexUnit>
    <lexUnit status="Finished_Initial" POS="A" name="exhilarated.a" ID="8810" lemmaID="47910" cBy="MJE" cDate="06/12/2003 03:57:55 PDT Thu">
        <definition>FN: filled with feelings of excitement and enthusiasm</definition>
        <sentenceCount annotated="6" total="17"/>
        <lexeme order="1" headword="true" breakBefore="false" POS="A" name="exhilarated"/>
    </lexUnit>
    <lexUnit status="Finished_Initial" POS="A" name="fed-up.a" ID="8811" lemmaID="47911" cBy="MJE" cDate="06/12/2003 04:17:48 PDT Thu">
        <definition>COD: annoyed or bored. </definition>
        <sentenceCount annotated="12" total="22"/>
        <lexeme order="1" headword="true" breakBefore="false" POS="A" name="fed-up"/>
    </lexUnit>
    <lexUnit status="Finished_Initial" POS="A" name="gleeful.a" ID="8831" lemmaID="16327" cBy="MJE" cDate="06/12/2003 05:08:59 PDT Thu">
        <definition>COD: exuberantly or triumphantly joyful. </definition>
        <sentenceCount annotated="9" total="36"/>
        <lexeme order="1" headword="false" breakBefore="false" POS="A" name="gleeful"/>
    </lexUnit>
    <lexUnit status="Finished_Initial" POS="A" name="gratified.a" ID="8832" lemmaID="47932" cBy="MJE" cDate="06/12/2003 05:15:24 PDT Thu">
        <definition>FN: filled with pleasure and satisfaction</definition>
        <sentenceCount annotated="18" total="101"/>
        <lexeme order="1" headword="true" breakBefore="false" POS="A" name="gratified"/>
    </lexUnit>
    <lexUnit status="Finished_Initial" POS="A" name="grief-stricken.a" ID="8833" lemmaID="45955" cBy="MJE" cDate="06/12/2003 05:17:13 PDT Thu">
        <definition>FN: full of grief</definition>
        <sentenceCount annotated="9" total="29"/>
        <lexeme order="1" headword="false" breakBefore="false" POS="A" name="grief-stricken"/>
    </lexUnit>
    <lexUnit status="Finished_Initial" POS="A" name="heartbroken.a" ID="8834" lemmaID="17689" cBy="MJE" cDate="06/12/2003 05:53:17 PDT Thu">
        <definition>COD: suffering from overwhelming distress; very upset. </definition>
        <sentenceCount annotated="26" total="100"/>
        <lexeme order="1" headword="false" breakBefore="false" POS="A" name="heartbroken"/>
    </lexUnit>
    <lexUnit status="Finished_Initial" POS="A" name="horrified.a" ID="8835" lemmaID="45947" cBy="MJE" cDate="06/12/2003 05:57:09 PDT Thu">
        <definition>FN: shocked or dismayed.</definition>
        <sentenceCount annotated="32" total="98"/>
        <lexeme order="1" headword="false" breakBefore="false" POS="A" name="horrified"/>
    </lexUnit>
    <lexUnit status="Finished_Initial" POS="A" name="indignant.a" ID="8836" lemmaID="19645" cBy="MJE" cDate="06/12/2003 05:59:41 PDT Thu">
        <definition>FN: filled with annoyance at unfair treatment</definition>
        <sentenceCount annotated="33" total="135"/>
        <lexeme order="1" headword="false" breakBefore="false" POS="A" name="indignant"/>
    </lexUnit>
    <lexUnit status="Finished_Initial" POS="A" name="infuriated.a" ID="8837" lemmaID="45936" cBy="MJE" cDate="06/12/2003 06:00:13 PDT Thu">
        <definition>FN: filled with rage and anger</definition>
        <sentenceCount annotated="18" total="99"/>
        <lexeme order="1" headword="false" breakBefore="false" POS="A" name="infuriated"/>
    </lexUnit>
    <lexUnit status="Finished_Initial" POS="A" name="frightened.a" ID="8839" lemmaID="15487" cBy="MJE" cDate="06/13/2003 02:37:31 PDT Fri">
        <definition>FN: scared or afraid</definition>
        <sentenceCount annotated="44" total="242"/>
        <lexeme order="1" headword="false" breakBefore="false" POS="A" name="frightened"/>
    </lexUnit>
    <lexUnit status="Finished_Initial" POS="A" name="mortified.a" ID="8840" lemmaID="45254" cBy="ACW" cDate="06/13/2003 03:54:21 PDT Fri">
        <definition>FN: embarrassed, humiliated</definition>
        <sentenceCount annotated="8" total="24"/>
        <lexeme order="1" headword="false" breakBefore="false" POS="A" name="mortified"/>
    </lexUnit>
    <lexUnit status="Finished_Initial" POS="N" name="glee.n" ID="8843" lemmaID="16326" cBy="ACW" cDate="06/16/2003 09:09:50 PDT Mon">
        <definition>COD: great delight</definition>
        <sentenceCount annotated="7" total="99"/>
        <lexeme order="1" headword="false" breakBefore="false" POS="N" name="glee"/>
    </lexUnit>
    <lexUnit status="Finished_Initial" POS="N" name="grief.n" ID="8844" lemmaID="16828" cBy="ACW" cDate="06/16/2003 09:10:35 PDT Mon">
        <definition>COD: intense sorrow, especially caused by someone's death.</definition>
        <sentenceCount annotated="39" total="261"/>
        <lexeme order="1" headword="false" breakBefore="false" POS="N" name="grief"/>
    </lexUnit>
    <lexUnit status="Created" POS="N" name="mourning.n" ID="8845" lemmaID="25076" cBy="ACW" cDate="06/16/2003 09:37:20 PDT Mon">
        <definition>COD: the experience or expression of deep sorrow for someone who has died. </definition>
        <sentenceCount annotated="1" total="1"/>
        <lexeme order="1" headword="false" breakBefore="false" POS="N" name="mourning"/>
    </lexUnit>
    <lexUnit status="Finished_Initial" POS="A" name="sympathetic.a" ID="8846" lemmaID="39256" cBy="ACW" cDate="06/16/2003 09:40:37 PDT Mon">
        <definition>COD: feeling, showing, or expressing sympathy. </definition>
        <sentenceCount annotated="9" total="195"/>
        <lexeme order="1" headword="false" breakBefore="false" POS="A" name="sympathetic"/>
    </lexUnit>
    <lexUnit status="Finished_Initial" POS="V" name="sympathize.v" ID="8847" lemmaID="55" cBy="ACW" cDate="06/16/2003 09:42:04 PDT Mon">
        <definition>COD: feel or express sympathy.</definition>
        <sentenceCount annotated="19" total="74"/>
        <lexeme order="1" headword="false" breakBefore="false" POS="V" name="sympathize"/>
    </lexUnit>
    <lexUnit status="Finished_Initial" POS="A" name="unsympathetic.a" ID="8854" lemmaID="45242" cBy="ACW" cDate="06/16/2003 12:07:02 PDT Mon">
        <definition>COD: not sympathetic. </definition>
        <sentenceCount annotated="8" total="96"/>
        <lexeme order="1" headword="false" breakBefore="false" POS="A" name="unsympathetic"/>
    </lexUnit>
    <lexUnit status="Finished_Initial" POS="A" name="thrilled.a" ID="8855" lemmaID="47955" cBy="ACW" cDate="06/16/2003 12:08:02 PDT Mon">
        <definition>FN: filled with excitement</definition>
        <sentenceCount annotated="11" total="46"/>
        <lexeme order="1" headword="true" breakBefore="false" POS="A" name="thrilled"/>
    </lexUnit>
    <lexUnit status="Finished_Initial" POS="A" name="saddened.a" ID="8856" lemmaID="47956" cBy="ACW" cDate="06/16/2003 12:09:28 PDT Mon">
        <definition>FN: experiencing an increase in sadness</definition>
        <sentenceCount annotated="7" total="13"/>
        <lexeme order="1" headword="true" breakBefore="false" POS="A" name="saddened"/>
    </lexUnit>
    <lexUnit status="Finished_Initial" POS="A" name="irate.a" ID="8860" lemmaID="20603" cBy="MJE" cDate="06/16/2003 12:51:20 PDT Mon">
        <definition>COD: extremely angry.</definition>
        <sentenceCount annotated="9" total="86"/>
        <lexeme order="1" headword="false" breakBefore="false" POS="A" name="irate"/>
    </lexUnit>
    <lexUnit status="Needs_SCs" POS="A" name="irked.a" ID="8861" lemmaID="45937" cBy="MJE" cDate="06/16/2003 12:52:36 PDT Mon">
        <definition>FN: irritated </definition>
        <sentenceCount annotated="2" total="4"/>
        <lexeme order="1" headword="false" breakBefore="false" POS="A" name="irked"/>
    </lexUnit>
    <lexUnit status="Finished_Initial" POS="A" name="jubilant.a" ID="8862" lemmaID="21090" cBy="MJE" cDate="06/16/2003 12:53:33 PDT Mon">
        <definition>COD: happy and triumphant. </definition>
        <sentenceCount annotated="19" total="99"/>
        <lexeme order="1" headword="false" breakBefore="false" POS="A" name="jubilant"/>
    </lexUnit>
    <lexUnit status="Finished_Initial" POS="A" name="mournful.a" ID="8868" lemmaID="25073" cBy="MJE" cDate="06/16/2003 01:40:56 PDT Mon">
        <definition>FN: feeling or expressing grief or sadness</definition>
        <sentenceCount annotated="16" total="105"/>
        <lexeme order="1" headword="false" breakBefore="false" POS="A" name="mournful"/>
    </lexUnit>
    <lexUnit status="Finished_Initial" POS="A" name="mystified.a" ID="8871" lemmaID="45940" cBy="MJE" cDate="06/16/2003 01:44:59 PDT Mon">
        <definition>FN: completely bewildered</definition>
        <sentenceCount annotated="10" total="26"/>
        <lexeme order="1" headword="false" breakBefore="false" POS="A" name="mystified"/>
    </lexUnit>
    <lexUnit status="Finished_Initial" POS="A" name="nervous.a" ID="8872" lemmaID="25692" cBy="MJE" cDate="06/16/2003 01:46:09 PDT Mon">
        <definition>FN: being apprehensive about something</definition>
        <sentenceCount annotated="34" total="438"/>
        <lexeme order="1" headword="false" breakBefore="false" POS="A" name="nervous"/>
    </lexUnit>
    <lexUnit status="Created" POS="A" name="nettled.a" ID="8873" lemmaID="45938" cBy="MJE" cDate="06/16/2003 01:48:29 PDT Mon">
        <definition>FN: to be annoyed at someone or something</definition>
        <sentenceCount annotated="0" total="3"/>
        <lexeme order="1" headword="false" breakBefore="false" POS="A" name="nettled"/>
    </lexUnit>
    <lexUnit status="Finished_Initial" POS="A" name="offended.a" ID="8874" lemmaID="45941" cBy="MJE" cDate="06/16/2003 01:50:25 PDT Mon">
        <definition>FN: filled with hurt, resentment or displeasure</definition>
        <sentenceCount annotated="22" total="74"/>
        <lexeme order="1" headword="false" breakBefore="false" POS="A" name="offended"/>
    </lexUnit>
    <lexUnit status="Finished_Initial" POS="A" name="overjoyed.a" ID="8875" lemmaID="27298" cBy="MJE" cDate="06/16/2003 01:52:47 PDT Mon">
        <definition>COD: extremely happy</definition>
        <sentenceCount annotated="17" total="74"/>
        <lexeme order="1" headword="false" breakBefore="false" POS="A" name="overjoyed"/>
    </lexUnit>
    <lexUnit status="Finished_Initial" POS="A" name="peeved.a" ID="8876" lemmaID="28258" cBy="MJE" cDate="06/16/2003 01:53:46 PDT Mon">
        <definition>FN: experiencing annoyance or resentment</definition>
        <sentenceCount annotated="16" total="46"/>
        <lexeme order="1" headword="false" breakBefore="false" POS="A" name="peeved"/>
    </lexUnit>
    <lexUnit status="Finished_Initial" POS="A" name="perplexed.a" ID="8877" lemmaID="28545" cBy="MJE" cDate="06/16/2003 01:54:41 PDT Mon">
        <definition>FN: baffled</definition>
        <sentenceCount annotated="17" total="42"/>
        <lexeme order="1" headword="false" breakBefore="false" POS="A" name="perplexed"/>
    </lexUnit>
    <lexUnit status="Finished_Initial" POS="A" name="perturbed.a" ID="8878" lemmaID="45957" cBy="MJE" cDate="06/16/2003 01:56:00 PDT Mon">
        <definition>FN: anxious and unsettled</definition>
        <sentenceCount annotated="4" total="15"/>
        <lexeme order="1" headword="false" breakBefore="false" POS="A" name="perturbed"/>
    </lexUnit>
    <lexUnit status="Finished_Initial" POS="N" name="interest.n" ID="8988" lemmaID="20315" cBy="ACW" cDate="07/01/2003 01:54:09 PDT Tue">
        <definition>COD: a quality exciting curiosity or holding the attention</definition>
        <sentenceCount annotated="74" total="222"/>
        <lexeme order="1" headword="false" breakBefore="false" POS="N" name="interest"/>
    </lexUnit>
    <lexUnit status="Created" POS="N" name="concern.n" ID="10660" lemmaID="7600" cBy="JKR" cDate="06/29/2004 09:55:54 PDT Tue">
        <definition>COD: worry; anxiety.</definition>
        <sentenceCount annotated="32" total="32"/>
        <lexeme order="1" headword="false" breakBefore="false" POS="N" name="concern"/>
    </lexUnit>
    <lexUnit status="Created" POS="A" name="fed up.a" ID="10915" lemmaID="49505" cBy="MJE" cDate="08/19/2004 05:41:23 PDT Thu">
        <definition>FN: dissatisfied as a result of having to endure for a long time.</definition>
        <sentenceCount annotated="1" total="1"/>
        <lexeme order="1" headword="true" breakBefore="false" POS="A" name="fed"/>
        <lexeme order="2" headword="false" breakBefore="false" POS="ADV" name="up"/>
    </lexUnit>
    <lexUnit status="Created" POS="PREP" name="all about.prep" ID="13282" lemmaID="50383" cBy="MiL" cDate="06/20/2006 11:24:01 PDT Tue">
        <definition>FN: extremely interested in. </definition>
        <sentenceCount annotated="0" total="0"/>
        <lexeme order="1" headword="true" breakBefore="false" POS="ADV" name="all"/>
        <lexeme order="2" headword="false" breakBefore="false" POS="PREP" name="about"/>
    </lexUnit>
    <lexUnit status="Created" POS="N" name="fury.n" ID="13651" lemmaID="15741" cBy="RLG" cDate="11/02/2006 12:59:56 PST Thu">
        <definition>COD: extreme anger.</definition>
        <sentenceCount annotated="1" total="1"/>
        <lexeme order="1" headword="false" breakBefore="false" POS="N" name="fury"/>
    </lexUnit>
    <lexUnit status="Needs_SCs" POS="N" name="outrage.n" ID="14759" lemmaID="27130" cBy="JKs" cDate="02/01/2008 11:51:10 PST Fri">
        <definition>FN: anger or disgust</definition>
        <sentenceCount annotated="9" total="12"/>
        <lexeme order="1" headword="false" breakBefore="false" POS="N" name="outrage"/>
    </lexUnit>
    <lexUnit status="Insufficient_Attestations" POS="A" name="demolished.a" ID="15174" lemmaID="50920" cBy="KmG" cDate="07/09/2008 03:37:38 PDT Wed">
        <definition>FN: destroyed emotionally</definition>
        <sentenceCount annotated="0" total="0"/>
        <lexeme order="1" headword="true" breakBefore="false" POS="A" name="demolished"/>
    </lexUnit>
    <lexUnit status="Finished_Initial" POS="A" name="crushed.a" ID="15175" lemmaID="45758" cBy="KmG" cDate="07/09/2008 03:37:55 PDT Wed">
        <definition>FN: destroyed emotionally</definition>
        <sentenceCount annotated="8" total="122"/>
        <lexeme order="1" headword="false" breakBefore="false" POS="A" name="crushed"/>
    </lexUnit>
    <lexUnit status="Created" POS="N" name="bitterness.n" ID="17264" lemmaID="3694" cBy="CVa" cDate="01/22/2013 06:26:10 PST Tue">
        <definition>FN: the state of being resentful</definition>
        <sentenceCount annotated="1" total="1"/>
        <lexeme order="1" headword="false" breakBefore="false" POS="N" name="bitterness"/>
    </lexUnit>
    <lexUnit status="Created" POS="A" name="OK.a" ID="17674" lemmaID="51732" cBy="WMcQ" cDate="08/15/2014 12:57:42 PDT Fri">
        <definition>FN: A sentient being at peace with itself</definition>
        <sentenceCount annotated="1" total="1"/>
        <lexeme order="1" headword="true" breakBefore="false" POS="A" name="OK"/>
    </lexUnit>
    <lexUnit status="Created" POS="A" name="fine.a" ID="17689" lemmaID="14396" cBy="WMcQ" cDate="09/08/2014 12:23:38 PDT Mon">
        <definition>FN: A sentient being wihtout any identified or identifiable detractors.</definition>
        <sentenceCount annotated="1" total="1"/>
        <lexeme order="1" headword="false" breakBefore="false" POS="A" name="fine"/>
    </lexUnit>
    <lexUnit status="Created" POS="N" name="misery.n" ID="17693" lemmaID="24508" cBy="WMcQ" cDate="09/08/2014 01:15:48 PDT Mon">
        <definition>FN: A destitute or depressing situation.</definition>
        <sentenceCount annotated="0" total="1"/>
        <lexeme order="1" headword="false" breakBefore="false" POS="N" name="misery"/>
    </lexUnit>
    <lexUnit status="Created" POS="A" name="grim.a" ID="17694" lemmaID="16840" cBy="WMcQ" cDate="09/08/2014 01:22:43 PDT Mon">
        <definition>FN: Seemingly hopeless, or without a conceivable positive outlook.</definition>
        <sentenceCount annotated="1" total="1"/>
        <lexeme order="1" headword="false" breakBefore="false" POS="A" name="grim"/>
    </lexUnit>
</frame>