<?xml version="1.0" encoding="UTF-8" standalone="yes"?>
<?xml-stylesheet type="text/xsl" href="frame.xsl"?>
<frame cBy="KmG" cDate="03/26/2008 05:05:57 PDT Wed" name="Emotions_by_stimulus" ID="2042" xsi:schemaLocation="../schema/frame.xsd" xmlns="http://framenet.icsi.berkeley.edu" xmlns:xsi="http://www.w3.org/2001/XMLSchema-instance">
    <definition>&lt;def-root&gt;An &lt;fen&gt;Experiencer&lt;/fen&gt;, &lt;fen&gt;Expressor&lt;/fen&gt;, &lt;fen&gt;Event&lt;/fen&gt;, or &lt;fen&gt;State&lt;/fen&gt; has an emotion as brought on by an &lt;fen&gt;Stimulus&lt;/fen&gt; or &lt;fen&gt;Topic&lt;/fen&gt;.

&lt;ex&gt;The &lt;t&gt;joyful&lt;/t&gt; &lt;fex name="Event"&gt;reunion&lt;/fex&gt; took place on Sunday.&lt;/ex&gt;

&lt;ex&gt;The Polish-born Pope was driven past &lt;t&gt;jubilant&lt;/t&gt; &lt;fex name="Experiencer"&gt;crowds&lt;/fex&gt;.&lt;/ex&gt;

&lt;ex&gt;&lt;fex name="Experiencer"&gt;I&lt;/fex&gt; am &lt;t&gt;glad&lt;/t&gt; &lt;fex name="Topic"&gt;about the sheep&lt;/fex&gt; .&lt;/ex&gt;&lt;/def-root&gt;</definition>
    <FE bgColor="800080" fgColor="FFFFFF" coreType="Core" cBy="KmG" cDate="03/26/2008 05:05:58 PDT Wed" abbrev="Exp" name="Experiencer" ID="12383">
        <definition>&lt;def-root&gt;The &lt;fen&gt;Experiencer&lt;/fen&gt; is the person or sentient entity that experiences or feels the emotions.

&lt;ex&gt;At Medicine Man's ragtime dance contest, a &lt;t&gt;jubilant&lt;/t&gt; &lt;fex name="Experiencer"&gt;girl&lt;/fex&gt; drove the crowd wild.&lt;/ex&gt;
&lt;/def-root&gt;</definition>
        <semType name="Sentient" ID="5"/>
    </FE>
    <FE bgColor="FFA500" fgColor="FFFFFF" coreType="Core" cBy="KmG" cDate="03/26/2008 05:05:58 PDT Wed" abbrev="Top" name="Topic" ID="12384">
        <definition>&lt;def-root&gt;The &lt;fen&gt;Topic&lt;/fen&gt; is the general area in which the emotion occurs.  It indicates a range of possible &lt;fen&gt;Stimulus&lt;/fen&gt;.

&lt;ex&gt;Earl is &lt;t&gt;jubilant&lt;/t&gt; &lt;fex name="Topic"&gt;about his new swim trunks&lt;/fex&gt;.&lt;/ex&gt;
&lt;/def-root&gt;</definition>
    </FE>
    <FE bgColor="FF0000" fgColor="FFFFFF" coreType="Core" cBy="KmG" cDate="03/26/2008 05:05:58 PDT Wed" abbrev="Stim" name="Stimulus" ID="12385">
        <definition>&lt;def-root&gt;The &lt;fen&gt;Stimulus&lt;/fen&gt; is the person, event, or state of affairs that evokes the emotional response in the &lt;fen&gt;Experiencer&lt;/fen&gt;.

&lt;ex&gt;&lt;fex name="Stimulus"&gt;Putin’s initiative&lt;/fex&gt; caused &lt;t&gt;joyful&lt;/t&gt; &lt;fex name="State"&gt;excitement&lt;/fex&gt; in Baku on Friday.&lt;/ex&gt;

&lt;/def-root&gt;</definition>
    </FE>
    <FE bgColor="FF69B4" fgColor="FFFFFF" coreType="Peripheral" cBy="KmG" cDate="03/26/2008 05:05:58 PDT Wed" abbrev="Degr" name="Degree" ID="12386">
        <definition>&lt;def-root&gt;The extent to which the &lt;fen&gt;Experiencer&lt;/fen&gt;'s emotion deviates from the norm for the emotion.
&lt;/def-root&gt;</definition>
        <semType name="Degree" ID="172"/>
    </FE>
    <FE bgColor="0000FF" fgColor="FFFFFF" coreType="Extra-Thematic" cBy="KmG" cDate="03/26/2008 05:05:58 PDT Wed" abbrev="ET" name="Empathy_target" ID="12387">
        <definition>&lt;def-root&gt;The &lt;fen&gt;Empathy_target&lt;/fen&gt; is the individual or individuals with which the &lt;fen&gt;Experiencer&lt;/fen&gt; identifies emotionally and thus shares their emotional response.
&lt;/def-root&gt;</definition>
    </FE>
    <FE bgColor="008000" fgColor="FFFFFF" coreType="Core" cBy="KmG" cDate="03/26/2008 05:05:58 PDT Wed" abbrev="Exr" name="Expressor" ID="12388">
        <definition>&lt;def-root&gt;The body part, gesture, or other expression of the &lt;fen&gt;Experiencer&lt;/fen&gt; that reflects his or her emotional state.  They describe a presentation of the experience or emotion denoted by the adjective or noun.

&lt;ex&gt;He met me with a &lt;t&gt;glad&lt;/t&gt; &lt;fex name="Expressor"&gt;face&lt;/fex&gt;.&lt;/ex&gt;

&lt;/def-root&gt;</definition>
    </FE>
    <FE bgColor="00008B" fgColor="FFFFFF" coreType="Extra-Thematic" cBy="KmG" cDate="03/26/2008 05:05:58 PDT Wed" abbrev="Exp" name="Explanation" ID="12389">
        <definition>&lt;def-root&gt;The &lt;fen&gt;Explanation&lt;/fen&gt; is the explanation for why the &lt;fen&gt;Stimulus&lt;/fen&gt; evokes a certain emotional response.
&lt;/def-root&gt;</definition>
        <semType name="State_of_affairs" ID="177"/>
    </FE>
    <FE bgColor="00BFFF" fgColor="FFFFFF" coreType="Extra-Thematic" cBy="KmG" cDate="03/26/2008 05:05:58 PDT Wed" abbrev="cir" name="Circumstances" ID="12390">
        <definition>&lt;def-root&gt;The &lt;fen&gt;Circumstances&lt;/fen&gt; is the condition(s) under which the &lt;fen&gt;Stimulus&lt;/fen&gt; evokes its response.  In some cases it may appear without an explicit &lt;fen&gt;Stimulus&lt;/fen&gt;.  Quite often in such cases, the &lt;fen&gt;Stimulus&lt;/fen&gt; can be inferred from the &lt;fen&gt;Circumstances&lt;/fen&gt; 
&lt;/def-root&gt;</definition>
    </FE>
    <FE bgColor="9F79EE" fgColor="FFFFFF" coreType="Core" cBy="KmG" cDate="03/26/2008 05:05:58 PDT Wed" abbrev="State" name="State" ID="12391">
        <definition>&lt;def-root&gt;The &lt;fen&gt;State&lt;/fen&gt; is the abstract noun that describes a more lasting experience by the &lt;fen&gt;Experiencer&lt;/fen&gt;.

&lt;ex&gt;Armed officials marred the &lt;t&gt;joyful&lt;/t&gt; &lt;fex name="State"&gt;mood&lt;/fex&gt; at the recent Mon festival in Samut Sakhon.&lt;/ex&gt;.
&lt;/def-root&gt;</definition>
    </FE>
    <FE bgColor="A52A2A" fgColor="FFFFFF" coreType="Core" cBy="KmG" cDate="03/26/2008 05:05:58 PDT Wed" abbrev="Event" name="Event" ID="12392">
        <definition>&lt;def-root&gt;The &lt;fen&gt;Event&lt;/fen&gt; is the occasion or happening that &lt;fen&gt;Experiencer&lt;/fen&gt;s in a certain emotional state participate in.  &lt;ex&gt;I am helping them to have the &lt;t&gt;joyful&lt;/t&gt; &lt;fex name="Event"&gt;birth&lt;/fex&gt; they want.&lt;/ex&gt; &lt;/def-root&gt;</definition>
        <semType name="State_of_affairs" ID="177"/>
    </FE>
    <FE bgColor="2E8B57" fgColor="FFFFFF" coreType="Peripheral" cBy="KmG" cDate="03/26/2008 05:05:58 PDT Wed" abbrev="Par" name="Parameter" ID="12393">
        <definition>&lt;def-root&gt;The &lt;fen&gt;Parameter&lt;/fen&gt; is a domain in which the &lt;fen&gt;Experiencer&lt;/fen&gt; experiences the &lt;fen&gt;Stimulus&lt;/fen&gt;.&lt;/def-root&gt;</definition>
    </FE>
    <FE bgColor="FF00FF" fgColor="FFFFFF" coreType="Peripheral" cBy="KmG" cDate="03/26/2008 05:05:58 PDT Wed" abbrev="Man" name="Manner" ID="12394">
        <definition>&lt;def-root&gt;Any description of the way in which the &lt;fen&gt;Experiencer&lt;/fen&gt; experiences the &lt;fen&gt;Stimulus&lt;/fen&gt; which is not covered by more specific FEs, including secondary effects (&lt;ment&gt;quietly, loudly&lt;/ment&gt;), and general descriptions comparing events (&lt;ment&gt;the same way&lt;/ment&gt;).  &lt;fen&gt;Manner&lt;/fen&gt; may also describe a state of the &lt;fen&gt;Experiencer&lt;/fen&gt; that affects the details of the emotional experience.

&lt;/def-root&gt;</definition>
        <semType name="Manner" ID="173"/>
    </FE>
    <FE bgColor="FFFF00" fgColor="00008B" coreType="Peripheral" cBy="KmG" cDate="04/07/2008 05:58:52 PDT Mon" abbrev="Tim" name="Time" ID="12466">
        <definition>&lt;def-root&gt;The &lt;fen&gt;Time&lt;/fen&gt; when the &lt;fen&gt;Experiencer&lt;/fen&gt;, &lt;fen&gt;Expressor&lt;/fen&gt;, &lt;fen&gt;Event&lt;/fen&gt;, or &lt;fen&gt;State&lt;/fen&gt; can be described as having said emotion.&lt;/def-root&gt;</definition>
    </FE>
    <FEcoreSet>
        <memberFE name="Expressor" ID="12388"/>
        <memberFE name="State" ID="12391"/>
        <memberFE name="Experiencer" ID="12383"/>
        <memberFE name="Event" ID="12392"/>
    </FEcoreSet>
    <FEcoreSet>
        <memberFE name="Stimulus" ID="12385"/>
        <memberFE name="Topic" ID="12384"/>
    </FEcoreSet>
    <frameRelation type="Inherits from">
        <relatedFrame ID="1712">Emotions</relatedFrame>
    </frameRelation>
    <frameRelation type="Is Inherited by">
        <relatedFrame ID="2043">Emotions_success_or_failure</relatedFrame>
        <relatedFrame ID="2045">Emotions_of_mental_activity</relatedFrame>
        <relatedFrame ID="2048">Others_situation_as_stimulus</relatedFrame>
        <relatedFrame ID="2049">Annoyance</relatedFrame>
        <relatedFrame ID="2050">Just_found_out</relatedFrame>
        <relatedFrame ID="2051">Emotions_by_possibility</relatedFrame>
    </frameRelation>
    <frameRelation type="Perspective on"/>
    <frameRelation type="Is Perspectivized in"/>
    <frameRelation type="Uses"/>
    <frameRelation type="Is Used by"/>
    <frameRelation type="Subframe of"/>
    <frameRelation type="Has Subframe(s)"/>
    <frameRelation type="Precedes"/>
    <frameRelation type="Is Preceded by"/>
    <frameRelation type="Is Inchoative of"/>
    <frameRelation type="Is Causative of"/>
    <frameRelation type="See also"/>
    <lexUnit status="Finished_Initial" POS="A" name="joyful.a" ID="14885" lemmaID="21077" cBy="KmG" cDate="03/31/2008 03:41:35 PDT Mon">
        <definition>FN: full of joy</definition>
        <sentenceCount annotated="6" total="120"/>
        <lexeme order="1" headword="false" breakBefore="false" POS="A" name="joyful"/>
    </lexUnit>
    <lexUnit status="Created" POS="A" name="jubilant.a" ID="14886" lemmaID="21090" cBy="KmG" cDate="03/31/2008 03:41:55 PDT Mon">
        <definition>FN: joyful and high-spirited</definition>
        <sentenceCount annotated="0" total="0"/>
        <lexeme order="1" headword="false" breakBefore="false" POS="A" name="jubilant"/>
    </lexUnit>
    <lexUnit status="Finished_Initial" POS="A" name="glad.a" ID="14887" lemmaID="16280" cBy="KmG" cDate="03/31/2008 03:42:30 PDT Mon">
        <definition>FN: happy and appreciative</definition>
        <sentenceCount annotated="24" total="191"/>
        <lexeme order="1" headword="false" breakBefore="false" POS="A" name="glad"/>
    </lexUnit>
</frame>