<?xml version="1.0" encoding="UTF-8" standalone="yes"?>
<?xml-stylesheet type="text/xsl" href="frame.xsl"?>
<frame cBy="RLG" cDate="08/02/2011 10:17:15 PDT Tue" name="Entourage" ID="2591" xsi:schemaLocation="../schema/frame.xsd" xmlns="http://framenet.icsi.berkeley.edu" xmlns:xsi="http://www.w3.org/2001/XMLSchema-instance">
    <definition>&lt;def-root&gt;A group of &lt;fen&gt;Individuals&lt;/fen&gt; form a group, the &lt;fen&gt;Entourage&lt;/fen&gt;, which remains co-located with the Attended_person. The &lt;fen&gt;Entourage&lt;/fen&gt; may have a specific Purpose for following the Attended_person, such as to protect or serve him or her, or the Purpose may be vague (e.g., to be near a person of power).

&lt;ex&gt;Just before eleven o'clock, one of the consultants came to do a ward round, followed by &lt;fex name="att"&gt;his&lt;/fex&gt; &lt;t&gt;&lt;fex name="ent"&gt;entourage&lt;/fex&gt;&lt;/t&gt; &lt;fex name="Ind"&gt;of junior doctors and medical students&lt;/fex&gt;.&lt;/ex&gt;

&lt;ex&gt;The CEO arrived with a &lt;fex name="ent_p"&gt;comparatively small&lt;/fex&gt; &lt;t&gt;&lt;fex name="ent"&gt;escort&lt;/fex&gt;&lt;/t&gt; &lt;fex name="Ind"&gt;of 30 individuals&lt;/fex&gt;.&lt;/ex&gt;&lt;/def-root&gt;</definition>
    <FE bgColor="FF0000" fgColor="FFFFFF" coreType="Core" cBy="RLG" cDate="08/02/2011 10:17:15 PDT Tue" abbrev="Ind" name="Individuals" ID="14611">
        <definition>&lt;def-root&gt;This FE identifies the people or things that form  the &lt;fen&gt;Entourage&lt;/fen&gt;.

&lt;ex&gt;Just before eleven o'clock, one of the consultants came to do a ward round, followed by his &lt;t&gt;entourage&lt;/t&gt; &lt;fex name="Ind"&gt;of junior doctors and medical students&lt;/fex&gt;.&lt;/ex&gt;&lt;/def-root&gt;</definition>
    </FE>
    <FE bgColor="9400D3" fgColor="FFFFFF" coreType="Core" cBy="RLG" cDate="08/02/2011 10:17:15 PDT Tue" abbrev="ent" name="Entourage" ID="14612">
        <definition>&lt;def-root&gt;This FE identifies the collection of entities that follow the Attended.

&lt;ex&gt;Most of the large &lt;fex name="ent"&gt;&lt;t&gt;entourage&lt;/t&gt;&lt;/fex&gt; the president had brought with him quietly left him.&lt;/ex&gt;&lt;/def-root&gt;</definition>
    </FE>
    <FE bgColor="00BFFF" fgColor="FFFFFF" coreType="Extra-Thematic" cBy="RLG" cDate="08/02/2011 10:17:15 PDT Tue" abbrev="Agg" name="Aggregate_property" ID="14613">
        <definition>&lt;def-root&gt;This FE describes a property of the &lt;fen&gt;Entourage&lt;/fen&gt; rather than the &lt;fen&gt;Individuals&lt;/fen&gt; and is used to tag the adjective that modifies the entourage noun when it is unambiguous.

&lt;ex&gt;Most of the &lt;fex name="Aggregate_property"&gt;large&lt;/fex&gt; &lt;t&gt;entourage&lt;/t&gt; the president had brought with him quietly left him.&lt;/ex&gt;&lt;/def-root&gt;</definition>
    </FE>
    <FE bgColor="A52A2A" fgColor="FFFFFF" coreType="Extra-Thematic" cBy="RLG" cDate="08/02/2011 10:17:16 PDT Tue" abbrev="nam" name="Name" ID="14614">
        <definition>&lt;def-root&gt;The term used to refer to the &lt;fen&gt;Entourage&lt;/fen&gt;.&lt;/def-root&gt;</definition>
    </FE>
    <FE bgColor="EEE8AA" fgColor="000000" coreType="Extra-Thematic" cBy="RLG" cDate="08/02/2011 10:17:16 PDT Tue" abbrev="Con" name="Container_possessor" ID="14615">
        <definition>&lt;def-root&gt;The location or political locale that the &lt;fen&gt;Entourage&lt;/fen&gt; exists within.&lt;/def-root&gt;</definition>
    </FE>
    <FE bgColor="008000" fgColor="FFFFFF" coreType="Extra-Thematic" cBy="RLG" cDate="08/02/2011 10:17:16 PDT Tue" abbrev="dom" name="Domain" ID="14616">
        <definition>&lt;def-root&gt;The relevant &lt;fen&gt;Domain&lt;/fen&gt; as it pertains to the &lt;fen&gt;Entourage&lt;/fen&gt;.&lt;/def-root&gt;</definition>
    </FE>
    <FE bgColor="0000FF" fgColor="FFFFFF" coreType="Core" cBy="RLG" cDate="08/02/2011 11:00:16 PDT Tue" abbrev="att" name="Attended_person" ID="14617">
        <definition>&lt;def-root&gt;The &lt;fen&gt;Attended_person&lt;/fen&gt; is followed by the &lt;fen&gt;Entourage&lt;/fen&gt;.

&lt;ex&gt;&lt;fex name="att"&gt;The lord's&lt;/fex&gt; &lt;t&gt;train&lt;/t&gt; consisted of several dozen servants, cooks, and other attendants.&lt;/ex&gt;&lt;/def-root&gt;</definition>
    </FE>
    <frameRelation type="Inherits from">
        <relatedFrame ID="103">Aggregate</relatedFrame>
    </frameRelation>
    <frameRelation type="Is Inherited by"/>
    <frameRelation type="Perspective on"/>
    <frameRelation type="Is Perspectivized in"/>
    <frameRelation type="Uses">
        <relatedFrame ID="56">Cotheme</relatedFrame>
    </frameRelation>
    <frameRelation type="Is Used by"/>
    <frameRelation type="Subframe of"/>
    <frameRelation type="Has Subframe(s)"/>
    <frameRelation type="Precedes"/>
    <frameRelation type="Is Preceded by"/>
    <frameRelation type="Is Inchoative of"/>
    <frameRelation type="Is Causative of"/>
    <frameRelation type="See also"/>
    <lexUnit status="In_Use" POS="N" name="entourage.n" ID="16441" lemmaID="12882" cBy="RLG" cDate="08/02/2011 11:38:23 PDT Tue">
        <definition>FN: a group of people attending to an important or famous individual.</definition>
        <sentenceCount annotated="8" total="8"/>
        <lexeme order="1" headword="false" breakBefore="false" POS="N" name="entourage"/>
    </lexUnit>
    <lexUnit status="Created" POS="N" name="retinue.n" ID="16442" lemmaID="33003" cBy="RLG" cDate="08/02/2011 11:39:01 PDT Tue">
        <definition>FN: a group accompanying and sometimes advising an important person.</definition>
        <sentenceCount annotated="0" total="0"/>
        <lexeme order="1" headword="false" breakBefore="false" POS="N" name="retinue"/>
    </lexUnit>
    <lexUnit status="Created" POS="N" name="tail.n" ID="16443" lemmaID="39392" cBy="RLG" cDate="08/02/2011 11:41:17 PDT Tue">
        <definition>FN: followers; a retinue.</definition>
        <sentenceCount annotated="0" total="0"/>
        <lexeme order="1" headword="false" breakBefore="false" POS="N" name="tail"/>
    </lexUnit>
    <lexUnit status="Created" POS="N" name="train.n" ID="16444" lemmaID="40941" cBy="RLG" cDate="08/02/2011 11:43:40 PDT Tue">
        <definition>FN: followers.</definition>
        <sentenceCount annotated="0" total="0"/>
        <lexeme order="1" headword="false" breakBefore="false" POS="N" name="train"/>
    </lexUnit>
</frame>