<?xml version="1.0" encoding="UTF-8" standalone="yes"?>
<?xml-stylesheet type="text/xsl" href="frame.xsl"?>
<frame cBy="KCo" cDate="02/20/2002 01:27:55 PST Wed" name="Escaping" ID="273" xsi:schemaLocation="../schema/frame.xsd" xmlns="http://framenet.icsi.berkeley.edu" xmlns:xsi="http://www.w3.org/2001/XMLSchema-instance">
    <definition>&lt;def-root&gt;A Self-moving &lt;fen&gt;Escapee&lt;/fen&gt; departs from an &lt;fen&gt;Undesirable_location&lt;/fen&gt;. 

&lt;ex&gt;&lt;fex name="Escapee"&gt;Benjamin&lt;/fex&gt; &lt;t&gt;escaped&lt;/t&gt; &lt;fex name="Undesirable_location"&gt;from Germany&lt;/fex&gt;.&lt;/ex&gt;&lt;/def-root&gt;</definition>
    <FE bgColor="FF0000" fgColor="FFFFFF" coreType="Core" cBy="MJE" cDate="02/25/2002 05:55:19 PST Mon" abbrev="Esc" name="Escapee" ID="2356">
        <definition>&lt;def-root&gt;The &lt;fen&gt;Escapee&lt;/fen&gt; manages to leave the &lt;fen&gt;Undesirable_location&lt;/fen&gt;.
&lt;ex&gt;&lt;fex name="Escapee"&gt;Benjamin&lt;/fex&gt; &lt;t&gt;escaped&lt;/t&gt; from Germany.&lt;/ex&gt;&lt;/def-root&gt;</definition>
        <semType name="Animate_being" ID="65"/>
    </FE>
    <FE bgColor="00BFFF" fgColor="FFFFFF" coreType="Peripheral" cBy="MJE" cDate="02/25/2002 05:55:34 PST Mon" abbrev="Goal" name="Goal" ID="2357">
        <definition>&lt;def-root&gt;&lt;fen&gt;Goal&lt;/fen&gt; identifies any expression which tells where the Escapee ends up, or would end up, as a result of the motion. 
&lt;ex&gt;Benjamin &lt;t&gt;escaped&lt;/t&gt; &lt;fex name="Goal"&gt;to the United States&lt;/fex&gt;.&lt;/ex&gt;

&lt;/def-root&gt;</definition>
        <semType name="Goal" ID="153"/>
    </FE>
    <FE bgColor="0000FF" fgColor="FFFFFF" coreType="Peripheral" cBy="MJE" cDate="02/25/2002 05:55:54 PST Mon" abbrev="Mns" name="Means" ID="2358">
        <definition>&lt;def-root&gt;&lt;fex name="Means"&gt;&lt;/fex&gt; covers any act performed by the &lt;fen&gt;Escapee&lt;/fen&gt; brings about the escape. 

&lt;ex&gt;Benjamin &lt;t&gt;escaped&lt;/t&gt; from Germany &lt;fex name="Means"&gt;by bribing the border guards&lt;/fex&gt;.&lt;/ex&gt;&lt;/def-root&gt;</definition>
        <semType name="State_of_affairs" ID="177"/>
    </FE>
    <FE bgColor="FF00FF" fgColor="FFFFFF" coreType="Peripheral" cBy="MJE" cDate="02/25/2002 05:55:55 PST Mon" abbrev="Manr" name="Manner" ID="2359">
        <definition>&lt;def-root&gt;&lt;fen&gt;Manner&lt;/fen&gt; is used for any expression which describes a property of motion which is not directly related to the trajectory of motion, including descriptions of steadiness, grace, means of motion, etc.

&lt;ex&gt;Benjamin &lt;t&gt;escaped&lt;/t&gt; from Germany &lt;fex name="Manner"&gt;with difficulty&lt;/fex&gt;.&lt;/ex&gt;&lt;/def-root&gt;</definition>
        <semType name="Manner" ID="173"/>
    </FE>
    <FE bgColor="006400" fgColor="FFFFFF" coreType="Core" cBy="MJE" cDate="02/25/2002 05:56:00 PST Mon" abbrev="Und_loc" name="Undesirable_location" ID="2360">
        <definition>&lt;def-root&gt;The &lt;fex name="Undesirable_location"&gt;Undesirable_location&lt;/fex&gt; is where the Escapee begins.

&lt;ex&gt;Benjamin &lt;t&gt;escaped&lt;/t&gt; &lt;fex name="Undesirable_location"&gt; from Germany&lt;/fex&gt;.&lt;/ex&gt;&lt;/def-root&gt;</definition>
        <semType name="Source" ID="151"/>
    </FE>
    <FE bgColor="1E90FF" fgColor="FFFFFF" coreType="Peripheral" cBy="MJE" cDate="02/25/2002 05:56:17 PST Mon" abbrev="Spd" name="Speed" ID="2361">
        <definition>&lt;def-root&gt;&lt;fen&gt;Speed&lt;/fen&gt; idenitifies the rate at which the escaping occurs.

&lt;ex&gt;Benjmain &lt;fex name="Speed"&gt;speedily&lt;/fex&gt; &lt;t&gt;escaped&lt;/t&gt;  from Germany.&lt;/ex&gt;&lt;/def-root&gt;</definition>
        <semType name="Speed" ID="234"/>
    </FE>
    <FE bgColor="00008B" fgColor="FFFFFF" coreType="Peripheral" cBy="MJE" cDate="02/25/2002 05:56:23 PST Mon" abbrev="Veh" name="Vehicle" ID="2362">
        <definition>&lt;def-root&gt;&lt;fen&gt;Vehicle&lt;/fen&gt; identifies the means of conveyance by which the &lt;fen&gt;Escapee&lt;/fen&gt; leaves the &lt;fen&gt;Undesirable_location&lt;/fen&gt;.

&lt;ex&gt;Benjamin &lt;t&gt;escaped&lt;/t&gt; &lt;fex name="Vehicle"&gt;in a lorrie&lt;/fex&gt;.&lt;/ex&gt;&lt;/def-root&gt;</definition>
    </FE>
    <FE bgColor="FFA500" fgColor="FFFFFF" coreType="Peripheral" cBy="MJE" cDate="02/25/2002 05:57:13 PST Mon" abbrev="Time" name="Time" ID="2364">
        <definition>&lt;def-root&gt;This FE identifies the &lt;fen&gt;Time&lt;/fen&gt; when the escaping occurs.&lt;/def-root&gt;</definition>
        <semType name="Time" ID="141"/>
    </FE>
    <FE bgColor="A52A2A" fgColor="FFFFFF" coreType="Peripheral" cBy="MJE" cDate="02/25/2002 05:57:21 PST Mon" abbrev="Purp" name="Purpose" ID="2365">
        <definition>&lt;def-root&gt;This FE identifies the &lt;fen&gt;Purpose&lt;/fen&gt; for which the escaping takes place.
&lt;ex&gt;Benjamin &lt;t&gt;escaped&lt;/t&gt; from Germany &lt;fex name="Purpose"&gt;to rsave his life&lt;/fex&gt;.&lt;/ex&gt;&lt;/def-root&gt;</definition>
        <semType name="State_of_affairs" ID="177"/>
    </FE>
    <FE bgColor="008000" fgColor="FFFFFF" coreType="Peripheral" cBy="MJE" cDate="02/25/2002 05:57:34 PST Mon" abbrev="Place" name="Place" ID="2366">
        <definition>&lt;def-root&gt;This FE identifies the &lt;fen&gt;Place&lt;/fen&gt; where the Escaping occurs.&lt;/def-root&gt;</definition>
        <semType name="Locative_relation" ID="182"/>
    </FE>
    <FE bgColor="9400D3" fgColor="FFFFFF" coreType="Extra-Thematic" cBy="MJE" cDate="02/25/2002 06:58:15 PST Mon" abbrev="Dep" name="Depictive" ID="2367">
        <definition>&lt;def-root&gt;&lt;fen&gt;Depictive&lt;/fen&gt; identifies a word or  phrase describing a participant of an action.
&lt;ex&gt;Benjamin &lt;t&gt;escaped&lt;/t&gt; &lt;fex name="Depictive"&gt;unscathed&lt;/fex&gt;.&lt;/ex&gt;&lt;/def-root&gt;</definition>
    </FE>
    <FE bgColor="800080" fgColor="FFFFFF" coreType="Peripheral" cBy="ACW" cDate="07/03/2003 02:56:39 PDT Thu" abbrev="" name="Path" ID="4729">
        <definition>&lt;def-root&gt;&lt;fen&gt;Path&lt;/fen&gt; describes the trajectory of motion of the &lt;fen&gt;Escapee&lt;/fen&gt;.

&lt;ex&gt;Benjmain &lt;t&gt;escaped&lt;/t&gt; from Germany &lt;fex name="Path"&gt;along the southern border&lt;/fex&gt;.&lt;/ex&gt;&lt;/def-root&gt;</definition>
    </FE>
    <FE bgColor="FF69B4" fgColor="FFFFFF" coreType="Peripheral" cBy="Hay" cDate="10/02/2003 11:36:58 PDT Thu" abbrev="Degr" name="Degree" ID="5407">
        <definition>&lt;def-root&gt;This FE identifies the (abstract) nearness of the &lt;fen&gt;Escapee&lt;/fen&gt; to being caught in the &lt;fen&gt;Undesirable_location&lt;/fen&gt;.

&lt;ex&gt;Benjamin's &lt;fex name="Degr"&gt;narrow&lt;/fex&gt; &lt;t&gt;escape&lt;/t&gt; from Germany left him fearful.&lt;/ex&gt;&lt;/def-root&gt;</definition>
        <semType name="Degree" ID="172"/>
    </FE>
    <FE bgColor="808080" fgColor="FFFFFF" coreType="Peripheral" cBy="MJE" cDate="10/26/2004 07:16:33 PDT Tue" abbrev="dis" name="Distance" ID="7180">
        <definition>&lt;def-root&gt;The distance along a path away from the &lt;fen&gt;Undesirable_location&lt;/fen&gt; that the &lt;fen&gt;Escapee&lt;/fen&gt; travels.

&lt;ex&gt;She &lt;t&gt;escaped&lt;/t&gt; &lt;fex name="dis"&gt;a few feet&lt;/fex&gt; away, then looked back at him coldly.&lt;/ex&gt;&lt;/def-root&gt;</definition>
    </FE>
    <FE bgColor="00BFFF" fgColor="000000" coreType="Extra-Thematic" cBy="MJE" cDate="07/21/2014 12:46:20 PDT Mon" abbrev="exp" name="Explanation" ID="16168">
        <definition>&lt;def-root&gt;The situation that explains why the (instance of) the event occurred.

&lt;ex&gt;We &lt;t&gt;flew the coop&lt;/t&gt; &lt;fex name="Explanation"&gt;'cuz we knew pappy was coming home&lt;/fex&gt; .&lt;/ex&gt;&lt;/def-root&gt;</definition>
    </FE>
    <frameRelation type="Inherits from">
        <relatedFrame ID="57">Departing</relatedFrame>
    </frameRelation>
    <frameRelation type="Is Inherited by"/>
    <frameRelation type="Perspective on"/>
    <frameRelation type="Is Perspectivized in"/>
    <frameRelation type="Uses"/>
    <frameRelation type="Is Used by"/>
    <frameRelation type="Subframe of"/>
    <frameRelation type="Has Subframe(s)"/>
    <frameRelation type="Precedes"/>
    <frameRelation type="Is Preceded by"/>
    <frameRelation type="Is Inchoative of"/>
    <frameRelation type="Is Causative of"/>
    <frameRelation type="See also"/>
    <lexUnit status="Finished_Initial" POS="V" name="escape.v" ID="5008" lemmaID="13088" cBy="MJE" cDate="02/25/2002 06:06:38 PST Mon">
        <definition>COD: break free from confinement or control</definition>
        <sentenceCount annotated="69" total="472"/>
        <lexeme order="1" headword="false" breakBefore="false" POS="V" name="escape"/>
    </lexUnit>
    <lexUnit status="Finished_Initial" POS="V" name="evacuate.v" ID="5009" lemmaID="13225" cBy="MJE" cDate="02/25/2002 06:06:55 PST Mon">
        <definition>COD: leave (a dangerous place). </definition>
        <sentenceCount annotated="8" total="8"/>
        <lexeme order="1" headword="false" breakBefore="false" POS="V" name="evacuate"/>
    </lexUnit>
    <lexUnit status="Created" POS="V" name="get out.v" ID="5010" lemmaID="45481" cBy="MJE" cDate="02/25/2002 06:07:58 PST Mon">
        <definition>FN: manage to escape confinement.</definition>
        <sentenceCount annotated="0" total="0"/>
        <lexeme order="1" headword="true" breakBefore="false" POS="V" name="get"/>
        <lexeme order="2" headword="false" breakBefore="false" POS="ADV" name="out"/>
    </lexUnit>
    <lexUnit status="Created" POS="V" name="bust out.v" ID="5015" lemmaID="45483" cBy="MJE" cDate="02/25/2002 06:14:19 PST Mon">
        <definition>FN: escape forcefully from.</definition>
        <sentenceCount annotated="0" total="0"/>
        <lexeme order="1" headword="true" breakBefore="false" POS="V" name="bust"/>
        <lexeme order="2" headword="false" breakBefore="false" POS="ADV" name="out"/>
    </lexUnit>
    <lexUnit status="Created" POS="V" name="fly the coop.v" ID="5016" lemmaID="45484" cBy="MJE" cDate="02/25/2002 06:15:36 PST Mon">
        <definition>FN: escape (usually initially unnoticed) from a long-standing situation.</definition>
        <sentenceCount annotated="0" total="0"/>
        <lexeme order="1" headword="true" breakBefore="false" POS="V" name="fly"/>
        <lexeme order="2" headword="false" breakBefore="false" POS="ART" name="the"/>
        <lexeme order="3" headword="false" breakBefore="false" POS="N" name="coop"/>
    </lexUnit>
    <lexUnit status="Finished_Initial" POS="V" name="scarper.v" ID="6619" lemmaID="34355" cBy="JKR" cDate="07/12/2002 09:06:09 PDT Fri">
        <definition>FN: flee, run away</definition>
        <sentenceCount annotated="7" total="25"/>
        <lexeme order="1" headword="false" breakBefore="false" POS="V" name="scarper"/>
    </lexUnit>
    <lexUnit status="Created" POS="V" name="get free.v" ID="9846" lemmaID="48506" cBy="JKR" cDate="10/20/2003 04:18:39 PDT Mon">
        <definition>FN: escape a place of restriction or confinement</definition>
        <sentenceCount annotated="0" total="0"/>
        <lexeme order="1" headword="true" breakBefore="false" POS="V" name="get"/>
        <lexeme order="2" headword="false" breakBefore="false" POS="A" name="free"/>
    </lexUnit>
    <lexUnit status="Created" POS="V" name="get loose.v" ID="9847" lemmaID="48507" cBy="JKR" cDate="10/20/2003 04:21:01 PDT Mon">
        <definition>FN: escape a state of being bound or tethered</definition>
        <sentenceCount annotated="0" total="0"/>
        <lexeme order="1" headword="true" breakBefore="false" POS="V" name="get"/>
        <lexeme order="2" headword="false" breakBefore="false" POS="A" name="loose"/>
    </lexUnit>
    <lexUnit status="Created" POS="N" name="evacuation.n" ID="17454" lemmaID="13226" cBy="WMcQ" cDate="03/10/2014 01:58:50 PDT Mon">
        <definition>FN: An organized and often mandatory escape.</definition>
        <sentenceCount annotated="2" total="2"/>
        <lexeme order="1" headword="false" breakBefore="false" POS="N" name="evacuation"/>
    </lexUnit>
</frame>