<?xml version="1.0" encoding="UTF-8" standalone="yes"?>
<?xml-stylesheet type="text/xsl" href="frame.xsl"?>
<frame cBy="JKR" cDate="06/21/2005 07:44:56 PDT Tue" name="Estimated_value" ID="1516" xsi:schemaLocation="../schema/frame.xsd" xmlns="http://framenet.icsi.berkeley.edu" xmlns:xsi="http://www.w3.org/2001/XMLSchema-instance">
    <definition>&lt;def-root&gt;A &lt;fen&gt;Cognizer&lt;/fen&gt; has carried out an approximate calculation or considered some &lt;fen&gt;Evidence&lt;/fen&gt; and produced an approximation of the &lt;fen&gt;Value&lt;/fen&gt; of a feature of an &lt;fen&gt;Item&lt;/fen&gt;. There are two alternative construals in which the relationship between the feature and the &lt;fen&gt;Value&lt;/fen&gt; is conceived. Either a holistic &lt;fen&gt;Estimation&lt;/fen&gt; by the &lt;fen&gt;Cognizer&lt;/fen&gt; is presented, or the &lt;fen&gt;Question&lt;/fen&gt; that is addressed by the &lt;fen&gt;Cognizer&lt;/fen&gt;'s estimating is given.


&lt;ex&gt;You can list a &lt;t&gt;&lt;fex name="Value"&gt;ballpark figure&lt;/fex&gt;&lt;/t&gt; &lt;fex name="Item"&gt;for shipping and handling&lt;/fex&gt;.&lt;/ex&gt;

&lt;ex&gt;Moreover, &lt;fex name="Cognizer"&gt;their&lt;/fex&gt; &lt;t&gt;&lt;fex name="Value"&gt;estimate&lt;/fex&gt;&lt;/t&gt; &lt;fex name="est"&gt;of 0.27 °C mean surface warming per century due to land-use changes&lt;/fex&gt; is at least twice as high as previous estimates based on urbanization alone.&lt;/ex&gt;

&lt;ex&gt;Our decision to trust people depends on &lt;fex name="Cognizer"&gt;our&lt;/fex&gt; &lt;t&gt;&lt;fex name="Value"&gt;estimate&lt;/fex&gt;&lt;/t&gt; &lt;fex name="que"&gt;of how trustworthy they are&lt;/fex&gt;.&lt;/ex&gt;

&lt;ex&gt;To help you anticipate the cost of your move, movers will give you an &lt;t&gt;&lt;fex name="Value"&gt;estimate&lt;/fex&gt;&lt;/t&gt;
&lt;fex name="que"&gt;of the price&lt;/fex&gt;.&lt;/ex&gt;&lt;/def-root&gt;</definition>
    <FE bgColor="FF0000" fgColor="FFFFFF" coreType="Core" cBy="JKR" cDate="06/21/2005 07:44:56 PDT Tue" abbrev="cog" name="Cognizer" ID="8259">
        <definition>&lt;def-root&gt;The individual who has considered evidence or performed calculations to produce the approximation.

&lt;ex&gt;&lt;fex name="Cognizer"&gt;Her&lt;/fex&gt; &lt;t&gt;estimation&lt;/t&gt; was that they had exported up to 180000 fish.&lt;/ex&gt;&lt;/def-root&gt;</definition>
        <semType name="Sentient" ID="5"/>
    </FE>
    <FE bgColor="008000" fgColor="FFFFFF" coreType="Core" cBy="JKR" cDate="06/21/2005 07:44:56 PDT Tue" abbrev="val" name="Value" ID="8261">
        <definition>&lt;def-root&gt;The position or area  on the feature scale that the &lt;fen&gt;Cognizer&lt;/fen&gt; has concluded the &lt;fen&gt;Item&lt;/fen&gt; occupies.

&lt;ex&gt;Sotheby 's &lt;t&gt;estimate&lt;/t&gt; of its value &lt;m&gt;was&lt;/m&gt; &lt;fex name="val"&gt;$10m-$14m&lt;/fex&gt;.&lt;/ex&gt;&lt;/def-root&gt;</definition>
    </FE>
    <FE bgColor="FFA500" fgColor="FFFFFF" coreType="Core" cBy="JKR" cDate="06/21/2005 07:44:56 PDT Tue" abbrev="ite" name="Item" ID="8262">
        <definition>&lt;def-root&gt;The entity that possesses a feature whose &lt;fen&gt;Value&lt;/fen&gt; the &lt;fen&gt;Cognizer&lt;/fen&gt; has approximated.

&lt;ex&gt;He's an engineer and he is supposed to know the &lt;t&gt;estimate&lt;/t&gt; &lt;fex name="Item"&gt;of the house&lt;/fex&gt;.&lt;/ex&gt;

&lt;/def-root&gt;</definition>
    </FE>
    <FE bgColor="1E90FF" fgColor="FFFFFF" coreType="Peripheral" cBy="JKR" cDate="06/21/2005 07:44:57 PDT Tue" abbrev="evi" name="Evidence" ID="8263">
        <definition>&lt;def-root&gt;Some fact perceived by the &lt;fen&gt;Cognizer&lt;/fen&gt; which has contributed to their estimation of the &lt;fen&gt;Value&lt;/fen&gt;.


&lt;ex&gt;The &lt;fex name="Evidence"&gt;habitat area based&lt;/fex&gt; &lt;t&gt;estimate&lt;/t&gt; is probably the more reliable projection of the two.&lt;/ex&gt;&lt;/def-root&gt;</definition>
    </FE>
    <FE bgColor="0000FF" fgColor="FFFFFF" coreType="Peripheral" cBy="JKR" cDate="06/21/2005 07:44:57 PDT Tue" abbrev="tim" name="Time" ID="8264">
        <definition>&lt;def-root&gt;The time period during which the &lt;fen&gt;Cognizer&lt;/fen&gt; formed the estimate.

&lt;ex&gt;That is 30000 higher than &lt;fex name="Time"&gt;last year's&lt;/fex&gt; &lt;t&gt;estimate&lt;/t&gt; of 2.65 million&lt;/ex&gt;&lt;/def-root&gt;</definition>
        <semType name="Time" ID="141"/>
    </FE>
    <FE bgColor="00008B" fgColor="FFFFFF" coreType="Peripheral" cBy="JKR" cDate="06/21/2005 07:44:57 PDT Tue" abbrev="pla" name="Place" ID="8265">
        <definition>&lt;def-root&gt;The location in which the &lt;fen&gt;Cognizer&lt;/fen&gt; has formed their estimate.
&lt;/def-root&gt;</definition>
        <semType name="Locative_relation" ID="182"/>
    </FE>
    <FE bgColor="d0d0d0" fgColor="FFFFFF" coreType="Core" cBy="JKR" cDate="06/21/2005 07:44:57 PDT Tue" abbrev="est" name="Estimation" ID="8266">
        <definition>&lt;def-root&gt;A proposition expressing the &lt;fen&gt;Cognizer&lt;/fen&gt;'s approximation of a feature's &lt;fen&gt;Value&lt;/fen&gt;.

&lt;ex&gt;One &lt;t&gt;estimate&lt;/t&gt; &lt;m&gt;was&lt;/m&gt; &lt;fex name="est"&gt;that eventually I had lost about 80% of my blood&lt;/fex&gt;.&lt;/ex&gt;
&lt;/def-root&gt;</definition>
        <excludesFE name="Item" ID="8262"/>
    </FE>
    <FE bgColor="A52A2A" fgColor="FFFFFF" coreType="Core" cBy="JKR" cDate="06/21/2005 07:44:57 PDT Tue" abbrev="que" name="Question" ID="8267">
        <definition>&lt;def-root&gt;An open proposition for which the &lt;fen&gt;Cognizer&lt;/fen&gt; has approximated the &lt;fen&gt;Value&lt;/fen&gt; of a variable.

&lt;ex&gt;Galliard decided Rwanda was different, and he went public with his &lt;t&gt;estimate&lt;/t&gt;
&lt;fex name="que"&gt;of how many people had been killed in a matter of two weeks&lt;/fex&gt;.&lt;/ex&gt;&lt;/def-root&gt;</definition>
        <excludesFE name="Item" ID="8262"/>
    </FE>
    <frameRelation type="Inherits from"/>
    <frameRelation type="Is Inherited by"/>
    <frameRelation type="Perspective on"/>
    <frameRelation type="Is Perspectivized in"/>
    <frameRelation type="Uses">
        <relatedFrame ID="1513">Estimating</relatedFrame>
    </frameRelation>
    <frameRelation type="Is Used by"/>
    <frameRelation type="Subframe of"/>
    <frameRelation type="Has Subframe(s)"/>
    <frameRelation type="Precedes"/>
    <frameRelation type="Is Preceded by"/>
    <frameRelation type="Is Inchoative of"/>
    <frameRelation type="Is Causative of"/>
    <frameRelation type="See also"/>
    <lexUnit status="Add_Annotation" POS="N" name="estimate.n" ID="12291" lemmaID="13142" cBy="JKR" cDate="06/21/2005 08:05:43 PDT Tue">
        <definition>COD: an approximate calculation or judgement.</definition>
        <sentenceCount annotated="14" total="252"/>
        <lexeme order="1" headword="false" breakBefore="false" POS="N" name="estimate"/>
    </lexUnit>
    <lexUnit status="Created" POS="N" name="estimation.n" ID="12292" lemmaID="50099" cBy="JKR" cDate="06/21/2005 08:06:18 PDT Tue">
        <definition>FN: approximate calculation (of a feature's value)</definition>
        <sentenceCount annotated="1" total="1"/>
        <lexeme order="1" headword="true" breakBefore="false" POS="N" name="estimation"/>
    </lexUnit>
    <lexUnit status="Created" POS="N" name="ballpark figure.n" ID="12374" lemmaID="50130" cBy="JKR" cDate="06/30/2005 06:35:24 PDT Thu">
        <definition>FN: approximate value</definition>
        <sentenceCount annotated="0" total="0"/>
        <lexeme order="1" headword="true" breakBefore="false" POS="N" name="ballpark"/>
        <lexeme order="2" headword="false" breakBefore="false" POS="N" name="figure"/>
    </lexUnit>
</frame>