<?xml version="1.0" encoding="UTF-8" standalone="yes"?>
<?xml-stylesheet type="text/xsl" href="frame.xsl"?>
<frame cBy="MJE" cDate="07/16/2001 07:41:00 PDT Mon" name="Event" ID="187" xsi:schemaLocation="../schema/frame.xsd" xmlns="http://framenet.icsi.berkeley.edu" xmlns:xsi="http://www.w3.org/2001/XMLSchema-instance">
    <definition>&lt;def-root&gt;An &lt;fen&gt;Event&lt;/fen&gt; takes place at a &lt;fen&gt;Place&lt;/fen&gt; and &lt;fen&gt;Time&lt;/fen&gt;.

&lt;ex&gt;&lt;fex name="Event"&gt;Big earthquakes&lt;/fex&gt; only &lt;t&gt;happen&lt;/t&gt; &lt;fex name="Place"&gt;along plate boundaries&lt;/fex&gt;. &lt;fex name="Time"&gt;INI&lt;/fex&gt; &lt;/ex&gt;

&lt;ex&gt;&lt;fex name="Event"&gt;The party&lt;/fex&gt; will &lt;t&gt;take place&lt;/t&gt; &lt;fex name="Time"&gt;on Sunday&lt;/fex&gt; &lt;fex name="Place"&gt;in the all-you-can-eat buffet&lt;/fex&gt;.&lt;/ex&gt;&lt;/def-root&gt;</definition>
    <FE bgColor="FF0000" fgColor="FFFFFF" coreType="Core-Unexpressed" cBy="MJE" cDate="07/16/2001 07:49:08 PDT Mon" abbrev="Evnt" name="Event" ID="1443">
        <definition>&lt;def-root&gt;Name of the event which occurs.&lt;/def-root&gt;</definition>
        <semType name="State_of_affairs" ID="177"/>
    </FE>
    <FE bgColor="008000" fgColor="FFFFFF" coreType="Core" cBy="MJE" cDate="07/16/2001 07:49:08 PDT Mon" abbrev="Place" name="Place" ID="1444">
        <definition>&lt;def-root&gt;Where the event takes place.&lt;/def-root&gt;</definition>
        <semType name="Locative_relation" ID="182"/>
    </FE>
    <FE bgColor="FF00FF" fgColor="FFFFFF" coreType="Extra-Thematic" cBy="MJE" cDate="07/16/2001 07:49:08 PDT Mon" abbrev="Exp" name="Explanation" ID="1445">
        <definition>&lt;def-root&gt;The &lt;fex name="Explanation"&gt;Explanation&lt;/fex&gt; for which an event occurs.&lt;/def-root&gt;</definition>
        <semType name="State_of_affairs" ID="177"/>
    </FE>
    <FE bgColor="FFA500" fgColor="FFFFFF" coreType="Core" cBy="MJE" cDate="07/16/2001 07:49:08 PDT Mon" abbrev="Time" name="Time" ID="1446">
        <definition>&lt;def-root&gt;When the event occurs.&lt;/def-root&gt;</definition>
        <semType name="Time" ID="141"/>
    </FE>
    <FE bgColor="A52A2A" fgColor="FFFFFF" coreType="Extra-Thematic" cBy="RLG" cDate="08/21/2003 12:42:28 PDT Thu" abbrev="Dur" name="Duration" ID="4960">
        <definition>&lt;def-root&gt;How long the &lt;fen&gt;Event&lt;/fen&gt; takes place.&lt;/def-root&gt;</definition>
        <semType name="Duration" ID="142"/>
    </FE>
    <FE bgColor="d0d0d0" fgColor="000000" coreType="Peripheral" cBy="RLG" cDate="08/21/2003 12:52:04 PDT Thu" abbrev="Man" name="Manner" ID="4961">
        <definition>&lt;def-root&gt;Any description of the event which is not covered by more specific FEs, including epistemic modification (&lt;ment&gt;probably, presumably, mysteriously&lt;/ment&gt;), force (&lt;ment&gt;hard, softly&lt;/ment&gt;), secondary effects (&lt;ment&gt;quietly, loudly&lt;/ment&gt;), and general descriptions comparing events (&lt;ment&gt;the same way&lt;/ment&gt;).

&lt;/def-root&gt;</definition>
        <semType name="Manner" ID="173"/>
    </FE>
    <FE bgColor="0000FF" fgColor="FFFFFF" coreType="Extra-Thematic" cBy="RLG" cDate="08/21/2003 02:21:19 PDT Thu" abbrev="Freq" name="Frequency" ID="4962">
        <definition>&lt;def-root&gt;How often the &lt;fen&gt;Event&lt;/fen&gt; occurs.
&lt;ex&gt;Stuff like this &lt;t&gt;happens&lt;/t&gt; &lt;fex name="Freq"&gt;every day&lt;/fex&gt; at 3:00pm.&lt;/ex&gt;&lt;/def-root&gt;</definition>
    </FE>
    <FE bgColor="2E8B57" fgColor="FFFFFF" coreType="Extra-Thematic" cBy="WMcQ" cDate="07/21/2014 04:16:32 PDT Mon" abbrev="" name="Timespan" ID="16172">
        <definition>&lt;def-root&gt;The period within which an &lt;fen&gt;Event&lt;/fen&gt; has occurred.

&lt;ex&gt;It was &lt;fex name="Event"&gt;the largest food fight&lt;/fex&gt; to &lt;t&gt;occur&lt;/t&gt; &lt;fex name="Timespan"&gt;since the time Jimmy's mom packed him extra Sloppy Joes.&lt;/fex&gt;&lt;/ex&gt;

&lt;ex&gt;&lt;fex name="Timespan"&gt;From 1992 to 2014&lt;/fex&gt;, &lt;fex name="Event"&gt;my amazing birthday celebration&lt;/fex&gt; has &lt;t&gt;happened&lt;/t&gt; &lt;fex name="Frequency"&gt;22 times&lt;/fex&gt;.&lt;/ex&gt;&lt;/def-root&gt;</definition>
    </FE>
    <frameRelation type="Inherits from"/>
    <frameRelation type="Is Inherited by">
        <relatedFrame ID="341">Change_of_consistency</relatedFrame>
        <relatedFrame ID="340">Rotting</relatedFrame>
        <relatedFrame ID="148">Process_resume</relatedFrame>
        <relatedFrame ID="133">Process_start</relatedFrame>
        <relatedFrame ID="144">Process_stop</relatedFrame>
        <relatedFrame ID="384">Experience_bodily_harm</relatedFrame>
        <relatedFrame ID="1070">Transition_to_state</relatedFrame>
        <relatedFrame ID="1100">Misdeed</relatedFrame>
        <relatedFrame ID="232">Process_end</relatedFrame>
        <relatedFrame ID="198">Intentionally_act</relatedFrame>
        <relatedFrame ID="23">Coming_to_believe</relatedFrame>
        <relatedFrame ID="179">Getting</relatedFrame>
        <relatedFrame ID="88">Eventive_affecting</relatedFrame>
        <relatedFrame ID="1765">Process_pause</relatedFrame>
        <relatedFrame ID="295">Waking_up</relatedFrame>
        <relatedFrame ID="2137">Go_into_shape</relatedFrame>
        <relatedFrame ID="1084">Objective_influence</relatedFrame>
        <relatedFrame ID="7">Motion</relatedFrame>
        <relatedFrame ID="730">Come_together</relatedFrame>
        <relatedFrame ID="2811">Birth_scenario</relatedFrame>
        <relatedFrame ID="316">Coming_to_be</relatedFrame>
        <relatedFrame ID="91">Change_position_on_a_scale</relatedFrame>
        <relatedFrame ID="1812">Coincidence</relatedFrame>
        <relatedFrame ID="1310">Traversing</relatedFrame>
        <relatedFrame ID="2831">Emergency</relatedFrame>
        <relatedFrame ID="2196">Losing_someone</relatedFrame>
        <relatedFrame ID="1725">Undergoing</relatedFrame>
    </frameRelation>
    <frameRelation type="Perspective on"/>
    <frameRelation type="Is Perspectivized in"/>
    <frameRelation type="Uses"/>
    <frameRelation type="Is Used by">
        <relatedFrame ID="1144">Participation</relatedFrame>
        <relatedFrame ID="516">Preventing_or_letting</relatedFrame>
        <relatedFrame ID="480">Hindering</relatedFrame>
        <relatedFrame ID="80">Frequency</relatedFrame>
        <relatedFrame ID="1040">Temporal_pattern</relatedFrame>
        <relatedFrame ID="1921">Locale_by_event</relatedFrame>
        <relatedFrame ID="2563">Manner</relatedFrame>
    </frameRelation>
    <frameRelation type="Subframe of">
        <relatedFrame ID="184">Dynamic_situation_scenario</relatedFrame>
    </frameRelation>
    <frameRelation type="Has Subframe(s)"/>
    <frameRelation type="Precedes">
        <relatedFrame ID="186">Event_endstate</relatedFrame>
    </frameRelation>
    <frameRelation type="Is Preceded by">
        <relatedFrame ID="185">Event_initial_state</relatedFrame>
    </frameRelation>
    <frameRelation type="Is Inchoative of"/>
    <frameRelation type="Is Causative of"/>
    <frameRelation type="See also"/>
    <lexUnit status="Finished_Initial" POS="V" name="happen.v" ID="4886" lemmaID="17414" cBy="MJE" cDate="02/11/2002 05:32:57 PST Mon">
        <definition>COD: take place, occur. </definition>
        <sentenceCount annotated="36" total="231"/>
        <lexeme order="1" headword="false" breakBefore="false" POS="V" name="happen"/>
    </lexUnit>
    <lexUnit status="Finished_Initial" POS="V" name="occur.v" ID="4887" lemmaID="26498" cBy="MJE" cDate="02/11/2002 05:33:48 PST Mon">
        <definition>COD: happen; take place. </definition>
        <sentenceCount annotated="35" total="243"/>
        <lexeme order="1" headword="false" breakBefore="false" POS="V" name="occur"/>
    </lexUnit>
    <lexUnit status="Finished_Initial" POS="V" name="take place.v" ID="4888" lemmaID="45455" cBy="MJE" cDate="02/11/2002 05:42:44 PST Mon">
        <definition>COD: occur</definition>
        <sentenceCount annotated="127" total="385"/>
        <lexeme order="1" headword="true" breakBefore="false" POS="V" name="take"/>
        <lexeme order="2" headword="false" breakBefore="false" POS="N" name="place"/>
    </lexUnit>
    <lexUnit status="Finished_Initial" POS="V" name="transpire.v" ID="11456" lemmaID="41055" cBy="MJE" cDate="12/14/2004 12:56:56 PST Tue">
        <definition>COD: happen.</definition>
        <sentenceCount annotated="15" total="148"/>
        <lexeme order="1" headword="false" breakBefore="false" POS="V" name="transpire"/>
    </lexUnit>
    <lexUnit status="Finished_Initial" POS="N" name="development.n" ID="13390" lemmaID="10480" cBy="RLG" cDate="07/25/2006 02:17:33 PDT Tue">
        <definition>COD: an event constituting a new stage in a changing situation.</definition>
        <sentenceCount annotated="20" total="152"/>
        <lexeme order="1" headword="false" breakBefore="false" POS="N" name="development"/>
    </lexUnit>
    <lexUnit status="Created" POS="N" name="event.n" ID="13923" lemmaID="13263" cBy="KmG" cDate="03/02/2007 03:39:07 PST Fri">
        <definition>COD: a thing that happens or takes place.</definition>
        <sentenceCount annotated="6" total="6"/>
        <lexeme order="1" headword="false" breakBefore="false" POS="N" name="event"/>
    </lexUnit>
    <lexUnit status="Created" POS="N" name="episode.n" ID="16965" lemmaID="12968" cBy="WmS" cDate="03/15/2012 06:34:39 PDT Thu">
        <definition>FN: an occurance </definition>
        <sentenceCount annotated="0" total="0"/>
        <lexeme order="1" headword="false" breakBefore="false" POS="N" name="episode"/>
    </lexUnit>
    <lexUnit status="Created" POS="N" name="incident.n" ID="17287" lemmaID="19406" cBy="CVa" cDate="01/23/2013 02:51:27 PST Wed">
        <definition>FN: an occurence</definition>
        <sentenceCount annotated="1" total="1"/>
        <lexeme order="1" headword="false" breakBefore="false" POS="N" name="incident"/>
        <semType name="Negative_judgment" ID="14"/>
    </lexUnit>
    <lexUnit status="Created" POS="V" name="go on.v" ID="18327" lemmaID="51967" cBy="WMcQ" cDate="09/23/2015 01:35:01 PDT Wed">
        <definition>FN: occuring, happening</definition>
        <sentenceCount annotated="0" total="0"/>
        <lexeme order="1" headword="true" breakBefore="false" POS="V" name="go"/>
        <lexeme order="2" headword="false" breakBefore="false" POS="ADV" name="on"/>
    </lexUnit>
</frame>