<?xml version="1.0" encoding="UTF-8" standalone="yes"?>
<?xml-stylesheet type="text/xsl" href="frame.xsl"?>
<frame cBy="KCo" cDate="02/13/2002 05:17:50 PST Wed" name="Excreting" ID="270" xsi:schemaLocation="../schema/frame.xsd" xmlns="http://framenet.icsi.berkeley.edu" xmlns:xsi="http://www.w3.org/2001/XMLSchema-instance">
    <definition>&lt;def-root&gt;An &lt;fen&gt;Excreter&lt;/fen&gt; excretes &lt;fen&gt;Excreta&lt;/fen&gt;.

&lt;ex&gt;&lt;fex name="Excreter"&gt;Principal Skinner&lt;/fex&gt; &lt;t&gt;burped&lt;/t&gt; &lt;fex name="Goal"&gt;on me&lt;/fex&gt;.&lt;/ex&gt;
&lt;ex&gt;&lt;fex name="Excreter"&gt;Lenny and Karl&lt;/fex&gt; &lt;t&gt;pee&lt;/t&gt; &lt;fex name="Frequency"&gt;three times a day&lt;/fex&gt;.&lt;/ex&gt;&lt;/def-root&gt;</definition>
    <FE bgColor="A52A2A" fgColor="FFFFFF" coreType="Core" cBy="KCo" cDate="02/13/2002 05:19:43 PST Wed" abbrev="Excre" name="Excreta" ID="2312">
        <definition>&lt;def-root&gt;The &lt;fen&gt;Excreta&lt;/fen&gt; is the waste expelled by the body. &lt;ex&gt;&lt;fex name="Excreter"&gt;Dr. Nick&lt;/fex&gt; &lt;t&gt;vomited&lt;/t&gt; &lt;fex name="Excreta"&gt;puke&lt;/fex&gt; &lt;fex name="Path"&gt;across the table&lt;/fex&gt;.&lt;/ex&gt;&lt;/def-root&gt;</definition>
    </FE>
    <FE bgColor="FF0000" fgColor="FFFFFF" coreType="Core" cBy="KCo" cDate="02/13/2002 05:20:43 PST Wed" abbrev="Exter" name="Excreter" ID="2313">
        <definition>&lt;def-root&gt;The &lt;fen&gt;Excreter&lt;/fen&gt; is the agent who excretes the &lt;fen&gt;Excreta&lt;/fen&gt;.&lt;/def-root&gt;</definition>
    </FE>
    <FE bgColor="00008B" fgColor="FFFFFF" coreType="Core" cBy="KCo" cDate="02/13/2002 05:23:26 PST Wed" abbrev="Src" name="Source" ID="2314">
        <definition>&lt;def-root&gt;The &lt;fen&gt;Source&lt;/fen&gt; is the starting point of the &lt;fen&gt;Excreta&lt;/fen&gt;'s motion. &lt;/def-root&gt;</definition>
        <semType name="Source" ID="151"/>
    </FE>
    <FE bgColor="9F79EE" fgColor="FFFFFF" coreType="Peripheral" cBy="KCo" cDate="02/13/2002 05:23:28 PST Wed" abbrev="Path" name="Path" ID="2315">
        <definition>&lt;def-root&gt;&lt;fen&gt;Path&lt;/fen&gt; identifies the trajectory of the &lt;fen&gt;Excreta&lt;/fen&gt;.&lt;/def-root&gt;</definition>
    </FE>
    <FE bgColor="00BFFF" fgColor="FFFFFF" coreType="Peripheral" cBy="KCo" cDate="02/13/2002 05:23:34 PST Wed" abbrev="Goal" name="Goal" ID="2316">
        <definition>&lt;def-root&gt;The &lt;fen&gt;Goal&lt;/fen&gt; is where the &lt;fen&gt;Excreta&lt;/fen&gt; finishes its motion.&lt;/def-root&gt;</definition>
        <semType name="Goal" ID="153"/>
    </FE>
    <FE bgColor="FF00FF" fgColor="FFFFFF" coreType="Peripheral" cBy="KCo" cDate="02/13/2002 05:24:17 PST Wed" abbrev="Manr" name="Manner" ID="2317">
        <definition>&lt;def-root&gt;The &lt;fen&gt;Manner&lt;/fen&gt; in which the &lt;fen&gt;Excreter&lt;/fen&gt; engages in excretion.&lt;/def-root&gt;</definition>
        <semType name="Manner" ID="173"/>
    </FE>
    <FE bgColor="0000FF" fgColor="FFFFFF" coreType="Peripheral" cBy="KCo" cDate="02/13/2002 05:24:18 PST Wed" abbrev="Mns" name="Means" ID="2318">
        <definition>&lt;def-root&gt;The &lt;fen&gt;Means&lt;/fen&gt; by which the &lt;fen&gt;Excreter&lt;/fen&gt; engages in excretion.&lt;/def-root&gt;</definition>
        <semType name="State_of_affairs" ID="177"/>
    </FE>
    <FE bgColor="008000" fgColor="FFFFFF" coreType="Peripheral" cBy="KCo" cDate="02/13/2002 05:25:21 PST Wed" abbrev="Loc" name="Place" ID="2320">
        <definition>&lt;def-root&gt;This FE identifieis the &lt;fen&gt;Place&lt;/fen&gt; where the excretion occurs.&lt;/def-root&gt;</definition>
        <semType name="Locative_relation" ID="182"/>
    </FE>
    <FE bgColor="FFA500" fgColor="FFFFFF" coreType="Peripheral" cBy="KCo" cDate="02/13/2002 05:25:22 PST Wed" abbrev="Time" name="Time" ID="2321">
        <definition>&lt;def-root&gt;When the &lt;fen&gt;Excreter&lt;/fen&gt; engages in excretion.&lt;/def-root&gt;</definition>
        <semType name="Time" ID="141"/>
    </FE>
    <FE bgColor="800080" fgColor="FFFFFF" coreType="Extra-Thematic" cBy="KCo" cDate="02/13/2002 05:25:53 PST Wed" abbrev="Purp" name="Purpose" ID="2322">
        <definition>&lt;def-root&gt;The &lt;fen&gt;Purpose&lt;/fen&gt; is the motivation behind the &lt;fen&gt;Excreter&lt;/fen&gt;'s act. &lt;ex&gt;&lt;fex name="Excreter"&gt;Rod Flanders&lt;/fex&gt; &lt;t&gt;vomited&lt;/t&gt; &lt;fex name="Purpose"&gt;to get out of choir practice&lt;/fex&gt;.&lt;/ex&gt;&lt;/def-root&gt;</definition>
        <semType name="State_of_affairs" ID="177"/>
    </FE>
    <FE bgColor="808080" fgColor="FFFFFF" coreType="Extra-Thematic" cBy="ACW" cDate="02/13/2002 05:41:21 PST Wed" abbrev="Freq" name="Frequency" ID="2323">
        <definition>&lt;def-root&gt;The&lt;fen&gt;Frequency&lt;/fen&gt; is the number of times per time period that the &lt;fen&gt;Excreter&lt;/fen&gt; is engaged in exctretion.&lt;/def-root&gt;</definition>
    </FE>
    <FE bgColor="FF69B4" fgColor="FFFFFF" coreType="Peripheral" cBy="Hay" cDate="10/02/2003 11:36:58 PDT Thu" abbrev="Degr" name="Degree" ID="5400">
        <definition>&lt;def-root&gt;The Degree to which all of the &lt;fen&gt;Excreta&lt;/fen&gt; are removed from the body.

&lt;ex&gt;Patients need to &lt;t&gt;void&lt;/t&gt; their bladder &lt;fex name="Degree"&gt;completely&lt;/fex&gt; before surgery&lt;/ex&gt;&lt;/def-root&gt;</definition>
        <semType name="Degree" ID="172"/>
    </FE>
    <FEcoreSet>
        <memberFE name="Source" ID="2314"/>
        <memberFE name="Excreter" ID="2313"/>
    </FEcoreSet>
    <frameRelation type="Inherits from"/>
    <frameRelation type="Is Inherited by"/>
    <frameRelation type="Perspective on"/>
    <frameRelation type="Is Perspectivized in"/>
    <frameRelation type="Uses">
        <relatedFrame ID="55">Cause_motion</relatedFrame>
        <relatedFrame ID="7">Motion</relatedFrame>
    </frameRelation>
    <frameRelation type="Is Used by"/>
    <frameRelation type="Subframe of"/>
    <frameRelation type="Has Subframe(s)"/>
    <frameRelation type="Precedes"/>
    <frameRelation type="Is Preceded by"/>
    <frameRelation type="Is Inchoative of"/>
    <frameRelation type="Is Causative of"/>
    <frameRelation type="See also"/>
    <lexUnit status="Finished_Initial" POS="V" name="urinate.v" ID="4919" lemmaID="42545" cBy="ACW" cDate="02/13/2002 05:37:44 PST Wed">
        <definition>COD: discharge urine. </definition>
        <sentenceCount annotated="10" total="59"/>
        <lexeme order="1" headword="false" breakBefore="false" POS="V" name="urinate"/>
    </lexUnit>
    <lexUnit status="Finished_Initial" POS="V" name="shit.v" ID="4920" lemmaID="35576" cBy="ACW" cDate="02/13/2002 05:39:28 PST Wed">
        <definition>COD: defecate. </definition>
        <sentenceCount annotated="5" total="59"/>
        <lexeme order="1" headword="false" breakBefore="false" POS="V" name="shit"/>
    </lexUnit>
    <lexUnit status="Finished_Initial" POS="V" name="defecate.v" ID="4921" lemmaID="9905" cBy="ACW" cDate="02/13/2002 05:42:16 PST Wed">
        <definition>COD: no obj. discharge faeces from the body. </definition>
        <sentenceCount annotated="13" total="34"/>
        <lexeme order="1" headword="false" breakBefore="false" POS="V" name="defecate"/>
    </lexUnit>
    <lexUnit status="Finished_Initial" POS="V" name="void.v" ID="4922" lemmaID="43206" cBy="ACW" cDate="02/13/2002 05:44:33 PST Wed">
        <definition>COD: discharge or drain away</definition>
        <sentenceCount annotated="4" total="33"/>
        <lexeme order="1" headword="false" breakBefore="false" POS="V" name="void"/>
    </lexUnit>
    <lexUnit status="Finished_Initial" POS="V" name="burp.v" ID="4923" lemmaID="4998" cBy="ACW" cDate="02/13/2002 05:46:14 PST Wed">
        <definition>COD: no obj. belch. </definition>
        <sentenceCount annotated="5" total="26"/>
        <lexeme order="1" headword="false" breakBefore="false" POS="V" name="burp"/>
    </lexUnit>
    <lexUnit status="Finished_Initial" POS="V" name="belch.v" ID="4924" lemmaID="3281" cBy="ACW" cDate="02/13/2002 05:47:16 PST Wed">
        <definition>COD: no obj. emit gas noisily from the stomach through the mouth. </definition>
        <sentenceCount annotated="10" total="88"/>
        <lexeme order="1" headword="false" breakBefore="false" POS="V" name="belch"/>
    </lexUnit>
    <lexUnit status="Finished_Initial" POS="V" name="fart.v" ID="4925" lemmaID="13974" cBy="ACW" cDate="02/13/2002 05:48:47 PST Wed">
        <definition>COD: emit waste gas from the anus. </definition>
        <sentenceCount annotated="7" total="54"/>
        <lexeme order="1" headword="false" breakBefore="false" POS="V" name="fart"/>
    </lexUnit>
    <lexUnit status="Finished_Initial" POS="V" name="vomit.v" ID="4946" lemmaID="43244" cBy="ACW" cDate="02/19/2002 09:46:21 PST Tue">
        <definition>COD: eject matter from the stomach through the mouth. </definition>
        <sentenceCount annotated="13" total="86"/>
        <lexeme order="1" headword="false" breakBefore="false" POS="V" name="vomit"/>
    </lexUnit>
    <lexUnit status="Finished_Initial" POS="V" name="pee.v" ID="4947" lemmaID="28237" cBy="ACW" cDate="02/19/2002 10:01:43 PST Tue">
        <definition>COD: urinate</definition>
        <sentenceCount annotated="10" total="69"/>
        <lexeme order="1" headword="false" breakBefore="false" POS="V" name="pee"/>
    </lexUnit>
    <lexUnit status="Finished_Initial" POS="V" name="piss.v" ID="4948" lemmaID="29130" cBy="ACW" cDate="02/19/2002 10:06:50 PST Tue">
        <definition>COD: urinate</definition>
        <sentenceCount annotated="11" total="83"/>
        <lexeme order="1" headword="false" breakBefore="false" POS="V" name="piss"/>
    </lexUnit>
    <lexUnit status="Finished_Initial" POS="V" name="puke.v" ID="4949" lemmaID="31100" cBy="ACW" cDate="02/19/2002 10:17:39 PST Tue">
        <definition>COD: vomit</definition>
        <sentenceCount annotated="4" total="23"/>
        <lexeme order="1" headword="false" breakBefore="false" POS="V" name="puke"/>
    </lexUnit>
    <lexUnit status="Finished_Initial" POS="V" name="regurgitate.v" ID="4950" lemmaID="32435" cBy="ACW" cDate="02/19/2002 10:19:39 PST Tue">
        <definition>COD: bring (swallowed food) up again to the mouth. </definition>
        <sentenceCount annotated="6" total="27"/>
        <lexeme order="1" headword="false" breakBefore="false" POS="V" name="regurgitate"/>
    </lexUnit>
    <lexUnit status="Finished_Initial" POS="V" name="sweat.v" ID="5452" lemmaID="39106" cBy="ACW" cDate="04/08/2002 11:31:18 PDT Mon">
        <definition>COD: no obj. exude sweat. </definition>
        <sentenceCount annotated="14" total="114"/>
        <lexeme order="1" headword="false" breakBefore="false" POS="V" name="sweat"/>
    </lexUnit>
    <lexUnit status="Needs_SCs" POS="V" name="spew.v" ID="5471" lemmaID="37298" cBy="ACW" cDate="04/10/2002 12:34:31 PDT Wed">
        <definition>COD: no obj. informal vomit. </definition>
        <sentenceCount annotated="4" total="37"/>
        <lexeme order="1" headword="false" breakBefore="false" POS="V" name="spew"/>
    </lexUnit>
    <lexUnit status="Finished_Initial" POS="V" name="retch.v" ID="5472" lemmaID="32985" cBy="ACW" cDate="04/10/2002 12:40:07 PDT Wed">
        <definition>COD: no obj. make the sound and movement of vomiting. </definition>
        <sentenceCount annotated="10" total="60"/>
        <lexeme order="1" headword="false" breakBefore="false" POS="V" name="retch"/>
    </lexUnit>
    <lexUnit status="Created" POS="V" name="take a piss.v" ID="8086" lemmaID="47186" cBy="MJE" cDate="01/21/2003 03:19:16 PST Tue">
        <definition>FN: urinate</definition>
        <sentenceCount annotated="0" total="0"/>
        <lexeme order="1" headword="true" breakBefore="false" POS="V" name="take"/>
        <lexeme order="2" headword="false" breakBefore="false" POS="ART" name="a"/>
        <lexeme order="3" headword="false" breakBefore="true" POS="N" name="piss"/>
    </lexUnit>
    <lexUnit status="Needs_SCs" POS="V" name="evacuate.v" ID="9472" lemmaID="13225" cBy="RLG" cDate="09/15/2003 10:27:32 PDT Mon">
        <definition>COD: empty (the bowels or another bodily organ).</definition>
        <sentenceCount annotated="1" total="1"/>
        <lexeme order="1" headword="false" breakBefore="false" POS="V" name="evacuate"/>
    </lexUnit>
    <lexUnit status="Needs_SCs" POS="V" name="throw up.v" ID="9913" lemmaID="48573" cBy="JKR" cDate="11/11/2003 05:31:35 PST Tue">
        <definition>COD: vomit</definition>
        <sentenceCount annotated="2" total="2"/>
        <lexeme order="1" headword="true" breakBefore="false" POS="V" name="throw"/>
        <lexeme order="2" headword="false" breakBefore="false" POS="ADV" name="up"/>
    </lexUnit>
    <lexUnit status="Finished_Initial" POS="V" name="perspire.v" ID="10153" lemmaID="28596" cBy="TRn" cDate="03/01/2004 03:26:51 PST Mon">
        <definition>COD: give out sweat through the pores of the skin as a result of heat, physical exertion, or stress.</definition>
        <sentenceCount annotated="15" total="53"/>
        <lexeme order="1" headword="false" breakBefore="false" POS="V" name="perspire"/>
    </lexUnit>
    <lexUnit status="Created" POS="N" name="perspiration.n" ID="10359" lemmaID="28595" cBy="TRn" cDate="03/18/2004 02:26:51 PST Thu">
        <definition>FN: sweat.</definition>
        <sentenceCount annotated="0" total="0"/>
        <lexeme order="1" headword="false" breakBefore="false" POS="N" name="perspiration"/>
    </lexUnit>
    <lexUnit status="Created" POS="N" name="sweat.n" ID="10360" lemmaID="39105" cBy="TRn" cDate="03/18/2004 02:28:19 PST Thu">
        <definition>COD: moisture exuded through the pores of the skin, especially as a reaction to heat, physical exertion, or anxiety.</definition>
        <sentenceCount annotated="1" total="1"/>
        <lexeme order="1" headword="false" breakBefore="false" POS="N" name="sweat"/>
    </lexUnit>
    <lexUnit status="Created" POS="V" name="spit up.v" ID="13547" lemmaID="50445" cBy="RLG" cDate="09/13/2006 03:27:14 PDT Wed">
        <definition>COD: (especially of a baby) vomit.</definition>
        <sentenceCount annotated="1" total="1"/>
        <lexeme order="1" headword="true" breakBefore="false" POS="V" name="spit"/>
        <lexeme order="2" headword="false" breakBefore="true" POS="ADV" name="up"/>
    </lexUnit>
</frame>