<?xml version="1.0" encoding="UTF-8" standalone="yes"?>
<?xml-stylesheet type="text/xsl" href="frame.xsl"?>
<frame cBy="MJE" cDate="04/16/2003 06:14:35 PDT Wed" name="Existence" ID="660" xsi:schemaLocation="../schema/frame.xsd" xmlns="http://framenet.icsi.berkeley.edu" xmlns:xsi="http://www.w3.org/2001/XMLSchema-instance">
    <definition>&lt;def-root&gt;An Entity is declared to exist, generally irrespective of its position or even the possibility of its position being specified. &lt;fen&gt;Time&lt;/fen&gt;, &lt;fen&gt;Duration&lt;/fen&gt;, &lt;fen&gt;Inherent_purpose&lt;/fen&gt;, and &lt;fen&gt;State&lt;/fen&gt; may also be mentioned.

This frame is to be contrasted with Presence, which describes the existence of an Entity in a particular (and salient) spacio-temporal context, and which also entails the presence of an observer who can detect the existence of the Entity in that context.

&lt;ex&gt;&lt;fex name="Time"&gt;Finally&lt;/fex&gt;, &lt;fex name="Ent"&gt;Poland&lt;/fex&gt; ceased to &lt;t&gt;exist&lt;/t&gt; &lt;fex name="State"&gt;as a state&lt;/fex&gt; &lt;fex name="Duration"&gt;for hundreds of years&lt;/fex&gt;.&lt;/ex&gt;
&lt;ex&gt;&lt;fex name="Ent"&gt;Such laws&lt;/fex&gt; &lt;t&gt;exist&lt;/t&gt; &lt;fex name="Use"&gt;to prevent exactly this kind of fraud&lt;/fex&gt;.&lt;/ex&gt;
&lt;ex&gt;&lt;t&gt;There&lt;/t&gt; &lt;t&gt;IS&lt;/t&gt; &lt;fex name="Ent"&gt;a Santa Claus&lt;/fex&gt;!&lt;/ex&gt;&lt;/def-root&gt;</definition>
    <FE bgColor="0000FF" fgColor="FFFFFF" coreType="Core" cBy="MJE" cDate="04/16/2003 07:15:10 PDT Wed" abbrev="Ent" name="Entity" ID="4381">
        <definition>&lt;def-root&gt;Some entity, abstract or concrete, which is stated to exist.&lt;/def-root&gt;</definition>
    </FE>
    <FE bgColor="FFA500" fgColor="FFFFFF" coreType="Peripheral" cBy="MJE" cDate="04/16/2003 07:23:58 PDT Wed" abbrev="Time" name="Time" ID="4382">
        <definition>&lt;def-root&gt;A time at which the entity is in existence.&lt;/def-root&gt;</definition>
        <semType name="Time" ID="141"/>
    </FE>
    <FE bgColor="008000" fgColor="FFFFFF" coreType="Extra-Thematic" cBy="MJE" cDate="04/16/2003 07:25:15 PDT Wed" abbrev="Dur" name="Duration" ID="4383">
        <definition>&lt;def-root&gt;The period during which the &lt;fen&gt;Entity&lt;/fen&gt; exists.&lt;/def-root&gt;</definition>
        <semType name="Duration" ID="142"/>
    </FE>
    <FE bgColor="800080" fgColor="FFFFFF" coreType="Extra-Thematic" cBy="MJE" cDate="04/16/2003 07:26:34 PDT Wed" abbrev="Use" name="Inherent_purpose" ID="4384">
        <definition>&lt;def-root&gt;The reason why the &lt;fen&gt;Entity&lt;/fen&gt; exists.  Generally, this is more specifically the reason why the &lt;fen&gt;Entity&lt;/fen&gt; was made.&lt;/def-root&gt;</definition>
    </FE>
    <FE bgColor="A52A2A" fgColor="FFFFFF" coreType="Extra-Thematic" cBy="MJE" cDate="04/16/2003 07:31:46 PDT Wed" abbrev="" name="State" ID="4385">
        <definition>&lt;def-root&gt;The condition that the &lt;fen&gt;Entity&lt;/fen&gt; exists in.

&lt;ex&gt;Natural electricity &lt;t&gt;exists&lt;/t&gt; &lt;fex name="State"&gt;in many forms&lt;/fex&gt;:  in storms, solar wind, and nerve impulses.&lt;/ex&gt;&lt;/def-root&gt;</definition>
    </FE>
    <FE bgColor="A9A9A9" fgColor="FFFFFF" coreType="Extra-Thematic" cBy="MJE" cDate="04/23/2003 02:33:09 PDT Wed" abbrev="Exp" name="Explanation" ID="4423">
        <definition>&lt;def-root&gt;A situation, force, or entity which brings about the existence of the &lt;fen&gt;Entity&lt;/fen&gt;.&lt;/def-root&gt;</definition>
    </FE>
    <FE bgColor="FF0000" fgColor="FFFFFF" coreType="Peripheral" cBy="KlB" cDate="06/23/2004 11:03:26 PDT Wed" abbrev="Place" name="Place" ID="6547">
        <definition>&lt;def-root&gt;Where the &lt;fen&gt;Entity&lt;/fen&gt; exists.&lt;/def-root&gt;</definition>
        <semType name="Locative_relation" ID="182"/>
    </FE>
    <FE bgColor="00008B" fgColor="FFFFFF" coreType="Extra-Thematic" cBy="KlB" cDate="07/07/2004 03:11:45 PDT Wed" abbrev="Circumstances" name="Circumstances" ID="6730">
        <definition>&lt;def-root&gt;&lt;fen&gt;Circumstances&lt;/fen&gt; marks expressions that indicate a set of conditions under which the &lt;fen&gt;Entity&lt;/fen&gt; is declared to exist&lt;/def-root&gt;</definition>
    </FE>
    <FE bgColor="9F79EE" fgColor="FFFFFF" coreType="Extra-Thematic" cBy="MJE" cDate="07/21/2004 03:46:15 PDT Wed" abbrev="Vie" name="Viewpoint" ID="6972">
        <definition>&lt;def-root&gt;The perspective of an individual who judges whether they consider the &lt;fen&gt;Entity&lt;/fen&gt; (or further state of affairs) to exist or not.

&lt;ex&gt;&lt;fex name="Viewpoint"&gt;For him&lt;/fex&gt;, &lt;t&gt;there&lt;/t&gt; &lt;t&gt;'s&lt;/t&gt; just too much drink in the world.&lt;/ex&gt;&lt;/def-root&gt;</definition>
    </FE>
    <FE bgColor="1E90FF" fgColor="FFFFFF" coreType="Extra-Thematic" cBy="KmG" cDate="02/22/2007 03:33:27 PST Thu" abbrev="" name="Concessive" ID="11083">
        <definition>&lt;def-root&gt;This FE signifies that the state of affairs expressed by the main clause (containing the target) occurs or holds, and something other than that state of affairs would be expected given the state of affairs in the concessive clause. &lt;/def-root&gt;</definition>
    </FE>
    <FE bgColor="EEE8AA" fgColor="000000" coreType="Extra-Thematic" cBy="KmG" cDate="04/02/2007 12:40:40 PDT Mon" abbrev="" name="Depictive" ID="11580">
        <definition>&lt;def-root&gt;This FE describes a participant of the state of affairs introduced by the target as being in some state during the action. &lt;/def-root&gt;</definition>
    </FE>
    <frameRelation type="Inherits from">
        <relatedFrame ID="150">State</relatedFrame>
    </frameRelation>
    <frameRelation type="Is Inherited by">
        <relatedFrame ID="2612">Circumscribed_existence</relatedFrame>
    </frameRelation>
    <frameRelation type="Perspective on"/>
    <frameRelation type="Is Perspectivized in"/>
    <frameRelation type="Uses"/>
    <frameRelation type="Is Used by">
        <relatedFrame ID="199">Locative_relation</relatedFrame>
        <relatedFrame ID="1933">Have_associated</relatedFrame>
    </frameRelation>
    <frameRelation type="Subframe of">
        <relatedFrame ID="2100">Cycle_of_existence_scenario</relatedFrame>
    </frameRelation>
    <frameRelation type="Has Subframe(s)"/>
    <frameRelation type="Precedes">
        <relatedFrame ID="2104">Ceasing_to_be</relatedFrame>
    </frameRelation>
    <frameRelation type="Is Preceded by">
        <relatedFrame ID="316">Coming_to_be</relatedFrame>
    </frameRelation>
    <frameRelation type="Is Inchoative of"/>
    <frameRelation type="Is Causative of"/>
    <frameRelation type="See also">
        <relatedFrame ID="1922">Presence</relatedFrame>
    </frameRelation>
    <lexUnit status="Finished_Initial" POS="V" name="exist.v" ID="8570" lemmaID="13475" cBy="MJE" cDate="04/16/2003 07:16:38 PDT Wed">
        <definition>FN: be real, directly or indirectly perceptible.</definition>
        <sentenceCount annotated="63" total="421"/>
        <lexeme order="1" headword="false" breakBefore="false" POS="V" name="exist"/>
    </lexUnit>
    <lexUnit status="Needs_SCs" POS="N" name="existence.n" ID="8571" lemmaID="47671" cBy="MJE" cDate="04/16/2003 07:37:30 PDT Wed">
        <definition>COD:  the fact or state of existing.</definition>
        <sentenceCount annotated="9" total="10"/>
        <lexeme order="1" headword="true" breakBefore="false" POS="N" name="existence"/>
    </lexUnit>
    <lexUnit status="Created" POS="A" name="real.a" ID="8572" lemmaID="31998" cBy="MJE" cDate="04/16/2003 07:46:16 PDT Wed">
        <definition>COD: actually existing or occurring in fact; not imagined or supposed.</definition>
        <sentenceCount annotated="10" total="10"/>
        <lexeme order="1" headword="false" breakBefore="false" POS="A" name="real"/>
    </lexUnit>
    <lexUnit status="Rules_Defined" POS="V" name="there be.v" ID="10329" lemmaID="48939" cBy="JKR" cDate="03/16/2004 05:15:31 PST Tue">
        <definition>COD: exist; be present</definition>
        <sentenceCount annotated="151" total="152"/>
        <lexeme order="1" headword="false" breakBefore="false" POS="ADV" name="there"/>
        <lexeme order="2" headword="true" breakBefore="true" POS="V" name="be"/>
    </lexUnit>
    <lexUnit status="Created" POS="V" name="remain.v" ID="14419" lemmaID="32545" cBy="KmG" cDate="04/11/2007 06:46:19 PDT Wed">
        <definition>COD: be in the same place or condition during further time.</definition>
        <sentenceCount annotated="5" total="5"/>
        <lexeme order="1" headword="false" breakBefore="false" POS="V" name="remain"/>
    </lexUnit>
</frame>