<?xml version="1.0" encoding="UTF-8" standalone="yes"?>
<?xml-stylesheet type="text/xsl" href="frame.xsl"?>
<frame cBy="ChW" cDate="02/07/2001 04:12:06 PST Wed" name="Experiencer_obj" ID="47" xsi:schemaLocation="../schema/frame.xsd" xmlns="http://framenet.icsi.berkeley.edu" xmlns:xsi="http://www.w3.org/2001/XMLSchema-instance">
    <definition>&lt;def-root&gt;Some phenomenon (the &lt;fen&gt;Stimulus&lt;/fen&gt;) provokes a particular emotion in an &lt;fen&gt;Experiencer&lt;/fen&gt;.

&lt;ex&gt;&lt;fex name="Stimulus"&gt;Nightmare on Elm Street&lt;/fex&gt; &lt;t&gt;scared&lt;/t&gt; &lt;fex name="Experiencer"&gt;me&lt;/fex&gt; &lt;fex name="Result"&gt;silly&lt;/fex&gt;.&lt;/ex&gt;&lt;/def-root&gt;</definition>
    <FE bgColor="800080" fgColor="FFFFFF" coreType="Core" cBy="ChW" cDate="02/07/2001 04:12:07 PST Wed" abbrev="Exp" name="Experiencer" ID="198">
        <definition>&lt;def-root&gt;The &lt;fen&gt;Experiencer&lt;/fen&gt; reacts emotionally or psychologically to the &lt;fen&gt;Stimulus&lt;/fen&gt;.
&lt;ex&gt;&lt;fex name="Stimulus"&gt;Horror films&lt;/fex&gt; &lt;t&gt;terrify&lt;/t&gt; &lt;fex name="Experiencer"&gt;Edna&lt;/fex&gt;.&lt;/ex&gt;&lt;/def-root&gt;</definition>
        <semType name="Sentient" ID="5"/>
    </FE>
    <FE bgColor="FF0000" fgColor="FFFFFF" coreType="Core" cBy="ChW" cDate="02/07/2001 04:12:07 PST Wed" abbrev="Stimulus" name="Stimulus" ID="199">
        <definition>&lt;def-root&gt;The &lt;fen&gt;Stimulus&lt;/fen&gt; is the event or entity which brings about the emotional or psychological state of the &lt;fen&gt;Experiencer&lt;/fen&gt;. &lt;ex&gt;&lt;fex name="Stimulus"&gt;The news&lt;/fex&gt; &lt;fex name="Degree"&gt;greatly&lt;/fex&gt;&lt;t&gt;alarms&lt;/t&gt; &lt;fex name="Experiencer"&gt;all the women of the village&lt;/fex&gt;.&lt;/ex&gt;&lt;/def-root&gt;</definition>
    </FE>
    <FE bgColor="FF69B4" fgColor="FFFFFF" coreType="Peripheral" cBy="MJE" cDate="10/17/2001 12:08:06 PDT Wed" abbrev="Degr" name="Degree" ID="2066">
        <definition>&lt;def-root&gt;The &lt;fen&gt;Degree&lt;/fen&gt; is the degree to which the &lt;fen&gt;Stimulus&lt;/fen&gt; brings about an emotion in the &lt;fen&gt;Experiencer&lt;/fen&gt;.&lt;/def-root&gt;</definition>
        <semType name="Degree" ID="172"/>
    </FE>
    <FE bgColor="9400D3" fgColor="FFFFFF" coreType="Extra-Thematic" cBy="MJE" cDate="10/17/2001 12:08:06 PDT Wed" abbrev="Dep" name="Depictive" ID="2067">
        <definition>&lt;def-root&gt;&lt;fen&gt;Depictive&lt;/fen&gt; identifies a phrase which describes a state of the &lt;fen&gt;Experiencer&lt;/fen&gt;.&lt;/def-root&gt;</definition>
    </FE>
    <FE bgColor="FF00FF" fgColor="FFFFFF" coreType="Peripheral" cBy="MJE" cDate="10/17/2001 12:08:06 PDT Wed" abbrev="Manr" name="Manner" ID="2069">
        <definition>&lt;def-root&gt;The &lt;fen&gt;Manner&lt;/fen&gt; in which the &lt;fen&gt;Stimulus&lt;/fen&gt; affects the &lt;fen&gt;Experiencer&lt;/fen&gt;.&lt;/def-root&gt;</definition>
        <semType name="Manner" ID="173"/>
    </FE>
    <FE bgColor="0000FF" fgColor="FFFFFF" coreType="Peripheral" cBy="MJE" cDate="10/17/2001 12:08:07 PDT Wed" abbrev="Mns" name="Means" ID="2070">
        <definition>&lt;def-root&gt;The &lt;fen&gt;Means&lt;/fen&gt; by which the &lt;fen&gt;Stimulus&lt;/fen&gt; affects the &lt;fen&gt;Experiencer&lt;/fen&gt;.&lt;/def-root&gt;</definition>
        <semType name="State_of_affairs" ID="177"/>
    </FE>
    <FE bgColor="808080" fgColor="FFFFFF" coreType="Extra-Thematic" cBy="MJE" cDate="10/17/2001 12:08:07 PDT Wed" abbrev="Result" name="Result" ID="2071">
        <definition>&lt;def-root&gt;The &lt;fen&gt;Result&lt;/fen&gt; of the &lt;fen&gt;Stimulus&lt;/fen&gt; affecting the &lt;fen&gt;Experiencer&lt;/fen&gt;.&lt;/def-root&gt;</definition>
    </FE>
    <FE bgColor="A52A2A" fgColor="FFFFFF" coreType="Extra-Thematic" cBy="ACW" cDate="08/21/2002 11:39:02 PDT Wed" abbrev="Circ" name="Circumstances" ID="3598">
        <definition>&lt;def-root&gt;The &lt;fen&gt;Circumstances&lt;/fen&gt; is the circumstances under which the &lt;fen&gt;Stimulus&lt;/fen&gt; brings about the experience. &lt;ex&gt;&lt;fex name="Stimulus"&gt;Soft music&lt;/fex&gt; &lt;t&gt;calms&lt;/t&gt; &lt;fex name="Experiencer"&gt;the children&lt;/fex&gt; &lt;fex name="Circumstances"&gt;when they're wound-up&lt;/fex&gt;.&lt;/ex&gt;&lt;/def-root&gt;</definition>
    </FE>
    <FE bgColor="00008B" fgColor="FFFFFF" coreType="Extra-Thematic" cBy="KmG" cDate="05/30/2008 05:11:02 PDT Fri" abbrev="Exp" name="Explanation" ID="12686">
        <definition>&lt;def-root&gt;The reason why the &lt;fen&gt;Stimulus&lt;/fen&gt; causes the emotion in the &lt;fen&gt;Experiencer&lt;/fen&gt;.&lt;/def-root&gt;</definition>
    </FE>
    <FE bgColor="FFA500" fgColor="FFFFFF" coreType="Peripheral" cBy="KmG" cDate="05/30/2008 05:14:51 PDT Fri" abbrev="Tim" name="Time" ID="12687">
        <definition>&lt;def-root&gt;The &lt;fen&gt;Time&lt;/fen&gt; when the &lt;fen&gt;Experiencer&lt;/fen&gt; has an emotion as caused by the &lt;fen&gt;Stimulus&lt;/fen&gt;.&lt;/def-root&gt;</definition>
    </FE>
    <frameRelation type="Inherits from"/>
    <frameRelation type="Is Inherited by"/>
    <frameRelation type="Perspective on"/>
    <frameRelation type="Is Perspectivized in"/>
    <frameRelation type="Uses">
        <relatedFrame ID="1712">Emotions</relatedFrame>
    </frameRelation>
    <frameRelation type="Is Used by"/>
    <frameRelation type="Subframe of"/>
    <frameRelation type="Has Subframe(s)"/>
    <frameRelation type="Precedes"/>
    <frameRelation type="Is Preceded by"/>
    <frameRelation type="Is Inchoative of"/>
    <frameRelation type="Is Causative of"/>
    <frameRelation type="See also"/>
    <lexUnit status="FN1_Sent" POS="V" name="aggrieve.v" ID="780" lemmaID="805" cBy="ChW" cDate="02/08/2001 01:28:41 PST Thu">
        <definition>FN: cause to feel distress or affliction; offend</definition>
        <sentenceCount annotated="7" total="50"/>
        <lexeme order="1" headword="false" breakBefore="false" POS="V" name="aggrieve"/>
    </lexUnit>
    <lexUnit status="FN1_Sent" POS="V" name="alarm.v" ID="781" lemmaID="946" cBy="ChW" cDate="02/08/2001 01:28:41 PST Thu">
        <definition>COD: frighten or disturb.</definition>
        <sentenceCount annotated="20" total="186"/>
        <lexeme order="1" headword="false" breakBefore="false" POS="V" name="alarm"/>
    </lexUnit>
    <lexUnit status="FN1_Sent" POS="V" name="amaze.v" ID="782" lemmaID="1183" cBy="ChW" cDate="02/08/2001 01:28:41 PST Thu">
        <definition>COD: surprise greatly.</definition>
        <sentenceCount annotated="24" total="179"/>
        <lexeme order="1" headword="false" breakBefore="false" POS="V" name="amaze"/>
    </lexUnit>
    <lexUnit status="FN1_Sent" POS="V" name="anger.v" ID="783" lemmaID="1388" cBy="ChW" cDate="02/08/2001 01:28:41 PST Thu">
        <definition>FN: to provoke a feeling of great annoyance</definition>
        <sentenceCount annotated="16" total="182"/>
        <lexeme order="1" headword="false" breakBefore="false" POS="V" name="anger"/>
    </lexUnit>
    <lexUnit status="Finished_Initial" POS="V" name="annoy.v" ID="784" lemmaID="1465" cBy="ChW" cDate="02/08/2001 01:28:42 PST Thu">
        <definition>COD: make a little angry.</definition>
        <sentenceCount annotated="18" total="173"/>
        <lexeme order="1" headword="false" breakBefore="false" POS="V" name="annoy"/>
    </lexUnit>
    <lexUnit status="FN1_Sent" POS="V" name="antagonize.v" ID="785" lemmaID="5" cBy="ChW" cDate="02/08/2001 01:28:42 PST Thu">
        <definition>COD: cause to become hostile.</definition>
        <sentenceCount annotated="14" total="58"/>
        <lexeme order="1" headword="false" breakBefore="false" POS="V" name="antagonize"/>
    </lexUnit>
    <lexUnit status="FN1_Sent" POS="V" name="astonish.v" ID="786" lemmaID="2200" cBy="ChW" cDate="02/08/2001 01:28:42 PST Thu">
        <definition>COD: surprise or impress greatly.</definition>
        <sentenceCount annotated="23" total="131"/>
        <lexeme order="1" headword="false" breakBefore="false" POS="V" name="astonish"/>
    </lexUnit>
    <lexUnit status="FN1_Sent" POS="V" name="astound.v" ID="787" lemmaID="2203" cBy="ChW" cDate="02/08/2001 01:28:42 PST Thu">
        <definition>FN: overwhelm with surprise and wonder</definition>
        <sentenceCount annotated="20" total="95"/>
        <lexeme order="1" headword="false" breakBefore="false" POS="V" name="astound"/>
    </lexUnit>
    <lexUnit status="FN1_Sent" POS="V" name="baffle.v" ID="788" lemmaID="2676" cBy="ChW" cDate="02/08/2001 01:28:42 PST Thu">
        <definition>COD: totally bewilder.</definition>
        <sentenceCount annotated="18" total="109"/>
        <lexeme order="1" headword="false" breakBefore="false" POS="V" name="baffle"/>
    </lexUnit>
    <lexUnit status="FN1_Sent" POS="V" name="bewilder.v" ID="789" lemmaID="3479" cBy="ChW" cDate="02/08/2001 01:28:42 PST Thu">
        <definition>COD: perplex or confuse.</definition>
        <sentenceCount annotated="18" total="62"/>
        <lexeme order="1" headword="false" breakBefore="false" POS="V" name="bewilder"/>
    </lexUnit>
    <lexUnit status="FN1_Sent" POS="V" name="bewitch.v" ID="790" lemmaID="3482" cBy="ChW" cDate="02/08/2001 01:28:42 PST Thu">
        <definition>FN: captivate or entrance, as if by magic</definition>
        <sentenceCount annotated="19" total="65"/>
        <lexeme order="1" headword="false" breakBefore="false" POS="V" name="bewitch"/>
    </lexUnit>
    <lexUnit status="FN1_Sent" POS="V" name="calm.v" ID="791" lemmaID="5253" cBy="ChW" cDate="02/08/2001 01:28:42 PST Thu">
        <definition>COD: make or become tranquil and quiet.</definition>
        <sentenceCount annotated="30" total="146"/>
        <lexeme order="1" headword="false" breakBefore="false" POS="V" name="calm"/>
    </lexUnit>
    <lexUnit status="FN1_Sent" POS="V" name="captivate.v" ID="792" lemmaID="5478" cBy="ChW" cDate="02/08/2001 01:28:42 PST Thu">
        <definition>COD: attract and hold the interest and attention of; charm.</definition>
        <sentenceCount annotated="23" total="94"/>
        <lexeme order="1" headword="false" breakBefore="false" POS="V" name="captivate"/>
    </lexUnit>
    <lexUnit status="FN1_Sent" POS="V" name="charm.v" ID="793" lemmaID="6113" cBy="ChW" cDate="02/08/2001 01:28:42 PST Thu">
        <definition>FN: impress with one's personal attractiveness</definition>
        <sentenceCount annotated="27" total="150"/>
        <lexeme order="1" headword="false" breakBefore="false" POS="V" name="charm"/>
    </lexUnit>
    <lexUnit status="FN1_Sent" POS="V" name="cheer.v" ID="794" lemmaID="6200" cBy="ChW" cDate="02/08/2001 01:28:42 PST Thu">
        <definition>FN: comfort, make happier</definition>
        <sentenceCount annotated="22" total="184"/>
        <lexeme order="1" headword="false" breakBefore="false" POS="V" name="cheer"/>
    </lexUnit>
    <lexUnit status="FN1_Sent" POS="V" name="comfort.v" ID="795" lemmaID="7297" cBy="ChW" cDate="02/08/2001 01:28:42 PST Thu">
        <definition>COD: cause to feel less unhappy; console.</definition>
        <sentenceCount annotated="35" total="177"/>
        <lexeme order="1" headword="false" breakBefore="false" POS="V" name="comfort"/>
    </lexUnit>
    <lexUnit status="FN1_Sent" POS="V" name="conciliate.v" ID="796" lemmaID="7621" cBy="ChW" cDate="02/08/2001 01:28:43 PST Thu">
        <definition>COD: placate; pacify</definition>
        <sentenceCount annotated="11" total="24"/>
        <lexeme order="1" headword="false" breakBefore="false" POS="V" name="conciliate"/>
    </lexUnit>
    <lexUnit status="FN1_Sent" POS="V" name="confuse.v" ID="797" lemmaID="7766" cBy="ChW" cDate="02/08/2001 01:28:43 PST Thu">
        <definition>COD: cause to become bewildered or perplexed.</definition>
        <sentenceCount annotated="20" total="177"/>
        <lexeme order="1" headword="false" breakBefore="false" POS="V" name="confuse"/>
    </lexUnit>
    <lexUnit status="FN1_Sent" POS="V" name="console.v" ID="798" lemmaID="7931" cBy="ChW" cDate="02/08/2001 01:28:43 PST Thu">
        <definition>COD: give consolation to.</definition>
        <sentenceCount annotated="17" total="107"/>
        <lexeme order="1" headword="false" breakBefore="false" POS="V" name="console"/>
    </lexUnit>
    <lexUnit status="FN1_Sent" POS="V" name="dazzle.v" ID="799" lemmaID="9655" cBy="ChW" cDate="02/08/2001 01:28:43 PST Thu">
        <definition>COD: overwhelm with an impressive quality.</definition>
        <sentenceCount annotated="17" total="111"/>
        <lexeme order="1" headword="false" breakBefore="false" POS="V" name="dazzle"/>
    </lexUnit>
    <lexUnit status="FN1_Sent" POS="V" name="delight.v" ID="800" lemmaID="10040" cBy="ChW" cDate="02/08/2001 01:28:43 PST Thu">
        <definition>COD: please greatly.</definition>
        <sentenceCount annotated="27" total="176"/>
        <lexeme order="1" headword="false" breakBefore="false" POS="V" name="delight"/>
    </lexUnit>
    <lexUnit status="FN1_Sent" POS="V" name="depress.v" ID="801" lemmaID="10255" cBy="ChW" cDate="02/08/2001 01:28:43 PST Thu">
        <definition>COD: cause to feel utterly dispirited or dejected.</definition>
        <sentenceCount annotated="14" total="127"/>
        <lexeme order="1" headword="false" breakBefore="false" POS="V" name="depress"/>
    </lexUnit>
    <lexUnit status="FN1_Sent" POS="V" name="disappoint.v" ID="802" lemmaID="10797" cBy="ChW" cDate="02/08/2001 01:28:43 PST Thu">
        <definition>COD: fail to fulfil the hopes or expectations of.</definition>
        <sentenceCount annotated="22" total="189"/>
        <lexeme order="1" headword="false" breakBefore="false" POS="V" name="disappoint"/>
    </lexUnit>
    <lexUnit status="FN1_Sent" POS="V" name="discomfit.v" ID="803" lemmaID="10855" cBy="ChW" cDate="02/08/2001 01:28:43 PST Thu">
        <definition>COD: make uneasy or embarrassed.</definition>
        <sentenceCount annotated="15" total="35"/>
        <lexeme order="1" headword="false" breakBefore="false" POS="V" name="discomfit"/>
    </lexUnit>
    <lexUnit status="FN1_Sent" POS="V" name="disconcert.v" ID="804" lemmaID="10861" cBy="ChW" cDate="02/08/2001 01:28:43 PST Thu">
        <definition>COD: disturb the composure of.</definition>
        <sentenceCount annotated="28" total="95"/>
        <lexeme order="1" headword="false" breakBefore="false" POS="V" name="disconcert"/>
    </lexUnit>
    <lexUnit status="FN1_Sent" POS="V" name="discourage.v" ID="805" lemmaID="10888" cBy="ChW" cDate="02/08/2001 01:28:43 PST Thu">
        <definition>COD: cause a loss of confidence or enthusiasm in</definition>
        <sentenceCount annotated="8" total="136"/>
        <lexeme order="1" headword="false" breakBefore="false" POS="V" name="discourage"/>
    </lexUnit>
    <lexUnit status="FN1_Sent" POS="V" name="dishearten.v" ID="806" lemmaID="10980" cBy="ChW" cDate="02/08/2001 01:28:43 PST Thu">
        <definition>COD: cause to lose determination or confidence.</definition>
        <sentenceCount annotated="7" total="36"/>
        <lexeme order="1" headword="false" breakBefore="false" POS="V" name="dishearten"/>
    </lexUnit>
    <lexUnit status="FN1_Sent" POS="V" name="displease.v" ID="807" lemmaID="11098" cBy="ChW" cDate="02/08/2001 01:28:43 PST Thu">
        <definition>COD: annoy or upset.</definition>
        <sentenceCount annotated="22" total="81"/>
        <lexeme order="1" headword="false" breakBefore="false" POS="V" name="displease"/>
    </lexUnit>
    <lexUnit status="FN1_Sent" POS="V" name="distress.v" ID="808" lemmaID="11234" cBy="ChW" cDate="02/08/2001 01:28:44 PST Thu">
        <definition>COD: cause distress to.</definition>
        <sentenceCount annotated="34" total="153"/>
        <lexeme order="1" headword="false" breakBefore="false" POS="V" name="distress"/>
    </lexUnit>
    <lexUnit status="FN1_Sent" POS="V" name="disturb.v" ID="809" lemmaID="11251" cBy="ChW" cDate="02/08/2001 01:28:44 PST Thu">
        <definition>COD: cause to feel anxious.</definition>
        <sentenceCount annotated="20" total="217"/>
        <lexeme order="1" headword="false" breakBefore="false" POS="V" name="disturb"/>
    </lexUnit>
    <lexUnit status="FN1_Sent" POS="V" name="embarrass.v" ID="810" lemmaID="12535" cBy="ChW" cDate="02/08/2001 01:28:44 PST Thu">
        <definition>COD: cause to feel awkward, self-conscious, or ashamed.</definition>
        <sentenceCount annotated="26" total="127"/>
        <lexeme order="1" headword="false" breakBefore="false" POS="V" name="embarrass"/>
    </lexUnit>
    <lexUnit status="FN1_Sent" POS="V" name="enchant.v" ID="811" lemmaID="12678" cBy="ChW" cDate="02/08/2001 01:28:44 PST Thu">
        <definition>COD: delight; charm.</definition>
        <sentenceCount annotated="24" total="88"/>
        <lexeme order="1" headword="false" breakBefore="false" POS="V" name="enchant"/>
    </lexUnit>
    <lexUnit status="FN1_Sent" POS="V" name="enrage.v" ID="812" lemmaID="12814" cBy="ChW" cDate="02/08/2001 01:28:44 PST Thu">
        <definition>COD: make very angry.</definition>
        <sentenceCount annotated="22" total="93"/>
        <lexeme order="1" headword="false" breakBefore="false" POS="V" name="enrage"/>
    </lexUnit>
    <lexUnit status="FN1_Sent" POS="V" name="entertain.v" ID="813" lemmaID="12850" cBy="ChW" cDate="02/08/2001 01:28:44 PST Thu">
        <definition>COD: provide with amusement or enjoyment.</definition>
        <sentenceCount annotated="25" total="230"/>
        <lexeme order="1" headword="false" breakBefore="false" POS="V" name="entertain"/>
    </lexUnit>
    <lexUnit status="FN1_Sent" POS="V" name="enthrall.v" ID="814" lemmaID="23" cBy="ChW" cDate="02/08/2001 01:28:44 PST Thu">
        <definition>COD: capture the fascinated attention of</definition>
        <sentenceCount annotated="17" total="58"/>
        <lexeme order="1" headword="false" breakBefore="false" POS="V" name="enthrall"/>
    </lexUnit>
    <lexUnit status="FN1_Sent" POS="V" name="exasperate.v" ID="815" lemmaID="13334" cBy="ChW" cDate="02/08/2001 01:28:44 PST Thu">
        <definition>COD: irritate intensely.</definition>
        <sentenceCount annotated="16" total="84"/>
        <lexeme order="1" headword="false" breakBefore="false" POS="V" name="exasperate"/>
    </lexUnit>
    <lexUnit status="FN1_Sent" POS="V" name="excite.v" ID="816" lemmaID="13376" cBy="ChW" cDate="02/08/2001 01:28:44 PST Thu">
        <definition>COD: cause strong feelings of enthusiasm and eagerness in</definition>
        <sentenceCount annotated="15" total="161"/>
        <lexeme order="1" headword="false" breakBefore="false" POS="V" name="excite"/>
    </lexUnit>
    <lexUnit status="FN1_Sent" POS="V" name="fascinate.v" ID="817" lemmaID="13977" cBy="ChW" cDate="02/08/2001 01:28:45 PST Thu">
        <definition>COD: irresistibly attract the interest of.</definition>
        <sentenceCount annotated="33" total="125"/>
        <lexeme order="1" headword="false" breakBefore="false" POS="V" name="fascinate"/>
    </lexUnit>
    <lexUnit status="FN1_Sent" POS="V" name="frighten.v" ID="818" lemmaID="15486" cBy="ChW" cDate="02/08/2001 01:28:45 PST Thu">
        <definition>COD: cause to be afraid.</definition>
        <sentenceCount annotated="38" total="177"/>
        <lexeme order="1" headword="false" breakBefore="false" POS="V" name="frighten"/>
    </lexUnit>
    <lexUnit status="FN1_Sent" POS="V" name="frustrate.v" ID="819" lemmaID="15596" cBy="ChW" cDate="02/08/2001 01:28:45 PST Thu">
        <definition>COD: cause to feel dissatisfied or unfulfilled.</definition>
        <sentenceCount annotated="21" total="163"/>
        <lexeme order="1" headword="false" breakBefore="false" POS="V" name="frustrate"/>
    </lexUnit>
    <lexUnit status="FN1_Sent" POS="V" name="gall.v" ID="820" lemmaID="15828" cBy="ChW" cDate="02/08/2001 01:28:45 PST Thu">
        <definition>COD: annoy; humiliate.</definition>
        <sentenceCount annotated="8" total="84"/>
        <lexeme order="1" headword="false" breakBefore="false" POS="V" name="gall"/>
    </lexUnit>
    <lexUnit status="FN1_Sent" POS="V" name="gladden.v" ID="821" lemmaID="16281" cBy="ChW" cDate="02/08/2001 01:28:45 PST Thu">
        <definition>COD: make glad.</definition>
        <sentenceCount annotated="12" total="25"/>
        <lexeme order="1" headword="false" breakBefore="false" POS="V" name="gladden"/>
    </lexUnit>
    <lexUnit status="FN1_Sent" POS="V" name="gratify.v" ID="822" lemmaID="16725" cBy="ChW" cDate="02/08/2001 01:28:45 PST Thu">
        <definition>COD: give pleasure or satisfaction.</definition>
        <sentenceCount annotated="15" total="103"/>
        <lexeme order="1" headword="false" breakBefore="false" POS="V" name="gratify"/>
    </lexUnit>
    <lexUnit status="FN1_Sent" POS="V" name="hearten.v" ID="823" lemmaID="17692" cBy="ChW" cDate="02/08/2001 01:28:45 PST Thu">
        <definition>COD: make more cheerful or confident.</definition>
        <sentenceCount annotated="20" total="91"/>
        <lexeme order="1" headword="false" breakBefore="false" POS="V" name="hearten"/>
    </lexUnit>
    <lexUnit status="FN1_Sent" POS="V" name="humiliate.v" ID="824" lemmaID="18646" cBy="ChW" cDate="02/08/2001 01:28:45 PST Thu">
        <definition>COD: injure the dignity and self-respect of.</definition>
        <sentenceCount annotated="29" total="106"/>
        <lexeme order="1" headword="false" breakBefore="false" POS="V" name="humiliate"/>
    </lexUnit>
    <lexUnit status="FN1_Sent" POS="V" name="impress.v" ID="825" lemmaID="19246" cBy="ChW" cDate="02/08/2001 01:28:45 PST Thu">
        <definition>COD: make (someone) feel admiration and respect.</definition>
        <sentenceCount annotated="20" total="176"/>
        <lexeme order="1" headword="false" breakBefore="false" POS="V" name="impress"/>
    </lexUnit>
    <lexUnit status="FN1_Sent" POS="V" name="infuriate.v" ID="826" lemmaID="19909" cBy="ChW" cDate="02/08/2001 01:28:46 PST Thu">
        <definition>COD: make irritated or angry.</definition>
        <sentenceCount annotated="21" total="109"/>
        <lexeme order="1" headword="false" breakBefore="false" POS="V" name="infuriate"/>
    </lexUnit>
    <lexUnit status="FN1_Sent" POS="V" name="irk.v" ID="827" lemmaID="20617" cBy="ChW" cDate="02/08/2001 01:28:46 PST Thu">
        <definition>COD: irritate; annoy.</definition>
        <sentenceCount annotated="26" total="53"/>
        <lexeme order="1" headword="false" breakBefore="false" POS="V" name="irk"/>
    </lexUnit>
    <lexUnit status="FN1_Sent" POS="V" name="irritate.v" ID="828" lemmaID="20699" cBy="ChW" cDate="02/08/2001 01:28:46 PST Thu">
        <definition>COD: make annoyed or angry.</definition>
        <sentenceCount annotated="20" total="140"/>
        <lexeme order="1" headword="false" breakBefore="false" POS="V" name="irritate"/>
    </lexUnit>
    <lexUnit status="FN1_Sent" POS="V" name="mollify.v" ID="829" lemmaID="24732" cBy="ChW" cDate="02/08/2001 01:28:46 PST Thu">
        <definition>COD: appease the anger or anxiety of.</definition>
        <sentenceCount annotated="21" total="54"/>
        <lexeme order="1" headword="false" breakBefore="false" POS="V" name="mollify"/>
    </lexUnit>
    <lexUnit status="FN1_Sent" POS="V" name="pacify.v" ID="830" lemmaID="27480" cBy="ChW" cDate="02/08/2001 01:28:46 PST Thu">
        <definition>COD: quell the anger or agitation of.</definition>
        <sentenceCount annotated="21" total="68"/>
        <lexeme order="1" headword="false" breakBefore="false" POS="V" name="pacify"/>
    </lexUnit>
    <lexUnit status="FN1_Sent" POS="V" name="perplex.v" ID="831" lemmaID="28543" cBy="ChW" cDate="02/08/2001 01:28:46 PST Thu">
        <definition>COD: cause to feel baffled.</definition>
        <sentenceCount annotated="17" total="60"/>
        <lexeme order="1" headword="false" breakBefore="false" POS="V" name="perplex"/>
    </lexUnit>
    <lexUnit status="FN1_Sent" POS="V" name="placate.v" ID="832" lemmaID="29196" cBy="ChW" cDate="02/08/2001 01:28:46 PST Thu">
        <definition>COD: calm, pacify, or appease.</definition>
        <sentenceCount annotated="30" total="87"/>
        <lexeme order="1" headword="false" breakBefore="false" POS="V" name="placate"/>
    </lexUnit>
    <lexUnit status="Needs_SCs" POS="V" name="please.v" ID="833" lemmaID="29350" cBy="ChW" cDate="02/08/2001 01:28:46 PST Thu">
        <definition>COD: cause to feel happy and satisfied.</definition>
        <sentenceCount annotated="0" total="17"/>
        <lexeme order="1" headword="false" breakBefore="false" POS="V" name="please"/>
    </lexUnit>
    <lexUnit status="FN1_Sent" POS="V" name="puzzle.v" ID="834" lemmaID="31324" cBy="ChW" cDate="02/08/2001 01:28:46 PST Thu">
        <definition>COD: confuse because difficult to understand.</definition>
        <sentenceCount annotated="25" total="153"/>
        <lexeme order="1" headword="false" breakBefore="false" POS="V" name="puzzle"/>
    </lexUnit>
    <lexUnit status="FN1_Sent" POS="V" name="rattle.v" ID="835" lemmaID="31897" cBy="ChW" cDate="02/08/2001 01:28:46 PST Thu">
        <definition>COD: cause to feel nervous, worried, or irritated.</definition>
        <sentenceCount annotated="15" total="123"/>
        <lexeme order="1" headword="false" breakBefore="false" POS="V" name="rattle"/>
    </lexUnit>
    <lexUnit status="FN1_Sent" POS="V" name="reassure.v" ID="836" lemmaID="32046" cBy="ChW" cDate="02/08/2001 01:28:46 PST Thu">
        <definition>COD: allay the doubts and fears of.</definition>
        <sentenceCount annotated="17" total="162"/>
        <lexeme order="1" headword="false" breakBefore="false" POS="V" name="reassure"/>
    </lexUnit>
    <lexUnit status="FN1_Sent" POS="V" name="rile.v" ID="837" lemmaID="33286" cBy="ChW" cDate="02/08/2001 01:28:46 PST Thu">
        <definition>COD: annoy or irritate.</definition>
        <sentenceCount annotated="16" total="47"/>
        <lexeme order="1" headword="false" breakBefore="false" POS="V" name="rile"/>
    </lexUnit>
    <lexUnit status="FN1_Sent" POS="V" name="sadden.v" ID="838" lemmaID="33903" cBy="ChW" cDate="02/08/2001 01:28:47 PST Thu">
        <definition>COD: cause to feel sad.</definition>
        <sentenceCount annotated="21" total="107"/>
        <lexeme order="1" headword="false" breakBefore="false" POS="V" name="sadden"/>
    </lexUnit>
    <lexUnit status="FN1_Sent" POS="V" name="satisfy.v" ID="839" lemmaID="34197" cBy="ChW" cDate="02/08/2001 01:28:47 PST Thu">
        <definition>COD: meet the expectations, needs, or desires of.</definition>
        <sentenceCount annotated="16" total="255"/>
        <lexeme order="1" headword="false" breakBefore="false" POS="V" name="satisfy"/>
    </lexUnit>
    <lexUnit status="FN1_Sent" POS="V" name="scare.v" ID="840" lemmaID="34344" cBy="ChW" cDate="02/08/2001 01:28:47 PST Thu">
        <definition>COD: cause great fear or nervousness in; frighten.</definition>
        <sentenceCount annotated="21" total="136"/>
        <lexeme order="1" headword="false" breakBefore="false" POS="V" name="scare"/>
    </lexUnit>
    <lexUnit status="FN1_Sent" POS="V" name="shake.v" ID="841" lemmaID="35335" cBy="ChW" cDate="02/08/2001 01:28:47 PST Thu">
        <definition>COD: shock or astonish.</definition>
        <sentenceCount annotated="24" total="561"/>
        <lexeme order="1" headword="false" breakBefore="false" POS="V" name="shake"/>
    </lexUnit>
    <lexUnit status="FN1_Sent" POS="V" name="shame.v" ID="842" lemmaID="35365" cBy="ChW" cDate="02/08/2001 01:28:47 PST Thu">
        <definition>COD: cause to feel ashamed.</definition>
        <sentenceCount annotated="23" total="107"/>
        <lexeme order="1" headword="false" breakBefore="false" POS="V" name="shame"/>
    </lexUnit>
    <lexUnit status="FN1_Sent" POS="V" name="shock.v" ID="843" lemmaID="35587" cBy="ChW" cDate="02/08/2001 01:28:47 PST Thu">
        <definition>COD: cause (someone) to feel surprised and upset</definition>
        <sentenceCount annotated="56" total="204"/>
        <lexeme order="1" headword="false" breakBefore="false" POS="V" name="shock"/>
    </lexUnit>
    <lexUnit status="FN1_Sent" POS="V" name="soothe.v" ID="844" lemmaID="36957" cBy="ChW" cDate="02/08/2001 01:28:47 PST Thu">
        <definition>COD: gently calm.</definition>
        <sentenceCount annotated="21" total="91"/>
        <lexeme order="1" headword="false" breakBefore="false" POS="V" name="soothe"/>
    </lexUnit>
    <lexUnit status="FN1_Sent" POS="V" name="spook.v" ID="845" lemmaID="37462" cBy="ChW" cDate="02/08/2001 01:28:47 PST Thu">
        <definition>COD: frighten or become frightened.</definition>
        <sentenceCount annotated="14" total="31"/>
        <lexeme order="1" headword="false" breakBefore="false" POS="V" name="spook"/>
    </lexUnit>
    <lexUnit status="FN1_Sent" POS="V" name="startle.v" ID="846" lemmaID="37845" cBy="ChW" cDate="02/08/2001 01:28:47 PST Thu">
        <definition>COD: cause to feel sudden shock or alarm.</definition>
        <sentenceCount annotated="27" total="138"/>
        <lexeme order="1" headword="false" breakBefore="false" POS="V" name="startle"/>
    </lexUnit>
    <lexUnit status="FN1_Sent" POS="V" name="stimulate.v" ID="847" lemmaID="38067" cBy="ChW" cDate="02/08/2001 01:28:47 PST Thu">
        <definition>COD: animate or excite.</definition>
        <sentenceCount annotated="12" total="191"/>
        <lexeme order="1" headword="false" breakBefore="false" POS="V" name="stimulate"/>
    </lexUnit>
    <lexUnit status="FN1_Sent" POS="V" name="stun.v" ID="848" lemmaID="38450" cBy="ChW" cDate="02/08/2001 01:28:47 PST Thu">
        <definition>FN: astonish or shock (someone)</definition>
        <sentenceCount annotated="19" total="122"/>
        <lexeme order="1" headword="false" breakBefore="false" POS="V" name="stun"/>
    </lexUnit>
    <lexUnit status="FN1_Sent" POS="V" name="surprise.v" ID="849" lemmaID="38996" cBy="ChW" cDate="02/08/2001 01:28:48 PST Thu">
        <definition>COD: cause to feel surprise.</definition>
        <sentenceCount annotated="31" total="192"/>
        <lexeme order="1" headword="false" breakBefore="false" POS="V" name="surprise"/>
    </lexUnit>
    <lexUnit status="FN1_Sent" POS="V" name="terrify.v" ID="850" lemmaID="39928" cBy="ChW" cDate="02/08/2001 01:28:48 PST Thu">
        <definition>COD: cause to feel terror.</definition>
        <sentenceCount annotated="25" total="164"/>
        <lexeme order="1" headword="false" breakBefore="false" POS="V" name="terrify"/>
    </lexUnit>
    <lexUnit status="FN1_Sent" POS="V" name="thrill.v" ID="851" lemmaID="40274" cBy="ChW" cDate="02/08/2001 01:28:48 PST Thu">
        <definition>COD: have or cause to have a thrill.</definition>
        <sentenceCount annotated="22" total="138"/>
        <lexeme order="1" headword="false" breakBefore="false" POS="V" name="thrill"/>
    </lexUnit>
    <lexUnit status="FN1_Sent" POS="V" name="unnerve.v" ID="852" lemmaID="42276" cBy="ChW" cDate="02/08/2001 01:28:48 PST Thu">
        <definition>COD: deprive of courage or confidence.</definition>
        <sentenceCount annotated="23" total="100"/>
        <lexeme order="1" headword="false" breakBefore="false" POS="V" name="unnerve"/>
    </lexUnit>
    <lexUnit status="FN1_Sent" POS="V" name="unsettle.v" ID="853" lemmaID="42367" cBy="ChW" cDate="02/08/2001 01:28:48 PST Thu">
        <definition>COD: cause to be anxious or uneasy; disturb. </definition>
        <sentenceCount annotated="23" total="98"/>
        <lexeme order="1" headword="false" breakBefore="false" POS="V" name="unsettle"/>
    </lexUnit>
    <lexUnit status="FN1_Sent" POS="V" name="upset.v" ID="854" lemmaID="42500" cBy="ChW" cDate="02/08/2001 01:28:48 PST Thu">
        <definition>COD: make unhappy, disappointed, or worried.</definition>
        <sentenceCount annotated="26" total="205"/>
        <lexeme order="1" headword="false" breakBefore="false" POS="V" name="upset"/>
    </lexUnit>
    <lexUnit status="Finished_Initial" POS="V" name="bore.v" ID="4123" lemmaID="4235" cBy="JKR" cDate="09/28/2001 10:44:41 PDT Fri">
        <definition>COD: cause to feel weary and uninterested by being dull and tedious</definition>
        <sentenceCount annotated="20" total="149"/>
        <lexeme order="1" headword="false" breakBefore="false" POS="V" name="bore"/>
    </lexUnit>
    <lexUnit status="Finished_Initial" POS="V" name="wow.v" ID="4210" lemmaID="45245" cBy="JKR" cDate="10/09/2001 12:18:26 PDT Tue">
        <definition>COD:  impress and excite greatly. </definition>
        <sentenceCount annotated="13" total="73"/>
        <lexeme order="1" headword="false" breakBefore="false" POS="V" name="wow"/>
    </lexUnit>
    <lexUnit status="Finished_Initial" POS="V" name="vex.v" ID="4211" lemmaID="42951" cBy="JKR" cDate="10/09/2001 01:01:51 PDT Tue">
        <definition>COD: cause to feel annoyed or worried</definition>
        <sentenceCount annotated="11" total="56"/>
        <lexeme order="1" headword="false" breakBefore="false" POS="V" name="vex"/>
    </lexUnit>
    <lexUnit status="Finished_Initial" POS="N" name="vexation.n" ID="4212" lemmaID="42952" cBy="JKR" cDate="10/09/2001 01:08:11 PDT Tue">
        <definition>FN: the act of harassing or vexing or the state of being vexed </definition>
        <sentenceCount annotated="1" total="29"/>
        <lexeme order="1" headword="false" breakBefore="false" POS="N" name="vexation"/>
    </lexUnit>
    <lexUnit status="Finished_Initial" POS="N" name="shocker.n" ID="4213" lemmaID="35589" cBy="JKR" cDate="10/09/2001 01:14:06 PDT Tue">
        <definition>COD: a person or thing that shocks, especially through being unacceptable or sensational.</definition>
        <sentenceCount annotated="6" total="53"/>
        <lexeme order="1" headword="false" breakBefore="false" POS="N" name="shocker"/>
    </lexUnit>
    <lexUnit status="Finished_Initial" POS="V" name="sicken.v" ID="4214" lemmaID="35792" cBy="JKR" cDate="10/09/2001 01:17:11 PDT Tue">
        <definition>FN: to cause revulsion, make disgusted or appalled</definition>
        <sentenceCount annotated="12" total="57"/>
        <lexeme order="1" headword="false" breakBefore="false" POS="V" name="sicken"/>
    </lexUnit>
    <lexUnit status="Finished_Initial" POS="V" name="stupefy.v" ID="4215" lemmaID="38457" cBy="JKR" cDate="10/09/2001 01:20:00 PDT Tue">
        <definition>COD: astonish and shock</definition>
        <sentenceCount annotated="6" total="42"/>
        <lexeme order="1" headword="false" breakBefore="false" POS="V" name="stupefy"/>
    </lexUnit>
    <lexUnit status="Finished_Initial" POS="V" name="tickle.v" ID="4216" lemmaID="40368" cBy="JKR" cDate="10/09/2001 01:24:39 PDT Tue">
        <definition>COD: be appealing or amusing to</definition>
        <sentenceCount annotated="9" total="118"/>
        <lexeme order="1" headword="false" breakBefore="false" POS="V" name="tickle"/>
    </lexUnit>
    <lexUnit status="Finished_Initial" POS="V" name="trouble.v" ID="4217" lemmaID="41336" cBy="JKR" cDate="10/09/2001 01:40:48 PDT Tue">
        <definition>COD: cause distress, pain, or inconvenience to</definition>
        <sentenceCount annotated="34" total="309"/>
        <lexeme order="1" headword="false" breakBefore="false" POS="V" name="trouble"/>
    </lexUnit>
    <lexUnit status="Finished_Initial" POS="V" name="sting.v" ID="4218" lemmaID="38072" cBy="JKR" cDate="10/09/2001 02:34:51 PDT Tue">
        <definition>COD:  hurt; upset. </definition>
        <sentenceCount annotated="19" total="170"/>
        <lexeme order="1" headword="false" breakBefore="false" POS="V" name="sting"/>
    </lexUnit>
    <lexUnit status="Insufficient_Attestations" POS="V" name="solace.v" ID="4219" lemmaID="36838" cBy="JKR" cDate="10/09/2001 03:28:11 PDT Tue">
        <definition>COD: give solace to.</definition>
        <sentenceCount annotated="4" total="39"/>
        <lexeme order="1" headword="false" breakBefore="false" POS="V" name="solace"/>
    </lexUnit>
    <lexUnit status="Finished_Initial" POS="V" name="nettle.v" ID="4220" lemmaID="25719" cBy="JKR" cDate="10/09/2001 03:32:03 PDT Tue">
        <definition>COD: annoy. </definition>
        <sentenceCount annotated="6" total="38"/>
        <lexeme order="1" headword="false" breakBefore="false" POS="V" name="nettle"/>
    </lexUnit>
    <lexUnit status="Finished_Initial" POS="V" name="abash.v" ID="4292" lemmaID="79" cBy="JKR" cDate="10/19/2001 04:54:58 PDT Fri">
        <definition>COD: cause to feel embarrassed, disconcerted, or ashamed.</definition>
        <sentenceCount annotated="6" total="33"/>
        <lexeme order="1" headword="false" breakBefore="false" POS="V" name="abash"/>
    </lexUnit>
    <lexUnit status="Finished_Initial" POS="V" name="aggravate.v" ID="4293" lemmaID="793" cBy="JKR" cDate="10/19/2001 05:03:37 PDT Fri">
        <definition>COD:  annoy or exasperate</definition>
        <sentenceCount annotated="6" total="70"/>
        <lexeme order="1" headword="false" breakBefore="false" POS="V" name="aggravate"/>
    </lexUnit>
    <lexUnit status="Finished_Initial" POS="V" name="exhilarate.v" ID="4295" lemmaID="13458" cBy="JKR" cDate="10/19/2001 05:32:48 PDT Fri">
        <definition>COD: cause to feel very happy or animated.</definition>
        <sentenceCount annotated="8" total="47"/>
        <lexeme order="1" headword="false" breakBefore="false" POS="V" name="exhilarate"/>
    </lexUnit>
    <lexUnit status="Finished_Initial" POS="V" name="faze.v" ID="4296" lemmaID="14068" cBy="JKR" cDate="10/19/2001 05:35:07 PDT Fri">
        <definition>COD:  disturb or disconcert.</definition>
        <sentenceCount annotated="6" total="18"/>
        <lexeme order="1" headword="false" breakBefore="false" POS="V" name="faze"/>
    </lexUnit>
    <lexUnit status="Finished_Initial" POS="V" name="embitter.v" ID="4297" lemmaID="12548" cBy="JKR" cDate="10/19/2001 05:36:33 PDT Fri">
        <definition>COD: make bitter or resentful.</definition>
        <sentenceCount annotated="6" total="77"/>
        <lexeme order="1" headword="false" breakBefore="false" POS="V" name="embitter"/>
    </lexUnit>
    <lexUnit status="Finished_Initial" POS="V" name="flabbergast.v" ID="4299" lemmaID="14560" cBy="JKR" cDate="10/19/2001 05:45:39 PDT Fri">
        <definition>COD: surprise greatly</definition>
        <sentenceCount annotated="5" total="11"/>
        <lexeme order="1" headword="false" breakBefore="false" POS="V" name="flabbergast"/>
    </lexUnit>
    <lexUnit status="Finished_Initial" POS="V" name="floor.v" ID="4300" lemmaID="14758" cBy="JKR" cDate="10/19/2001 05:54:39 PDT Fri">
        <definition>COD: baffle or confound completely. </definition>
        <sentenceCount annotated="8" total="56"/>
        <lexeme order="1" headword="false" breakBefore="false" POS="V" name="floor"/>
    </lexUnit>
    <lexUnit status="Finished_Initial" POS="V" name="rankle.v" ID="4317" lemmaID="31800" cBy="JKR" cDate="10/23/2001 02:07:55 PDT Tue">
        <definition>COD: annoy or irritate (someone).</definition>
        <sentenceCount annotated="4" total="49"/>
        <lexeme order="1" headword="false" breakBefore="false" POS="V" name="rankle"/>
    </lexUnit>
    <lexUnit status="Insufficient_Attestations" POS="V" name="nonplus.v" ID="4318" lemmaID="26044" cBy="JKR" cDate="10/23/2001 02:11:34 PDT Tue">
        <definition>COD: surprise and confuse; flummox</definition>
        <sentenceCount annotated="0" total="0"/>
        <lexeme order="1" headword="false" breakBefore="false" POS="V" name="nonplus"/>
    </lexUnit>
    <lexUnit status="Finished_Initial" POS="V" name="mortify.v" ID="4320" lemmaID="24977" cBy="JKR" cDate="10/23/2001 02:16:59 PDT Tue">
        <definition>COD: cause to feel embarrassed, ashamed, or humiliated.</definition>
        <sentenceCount annotated="5" total="56"/>
        <lexeme order="1" headword="false" breakBefore="false" POS="V" name="mortify"/>
    </lexUnit>
    <lexUnit status="Finished_Initial" POS="V" name="madden.v" ID="4322" lemmaID="23092" cBy="JKR" cDate="10/23/2001 02:22:22 PDT Tue">
        <definition>COD:  irritate or annoy greatly</definition>
        <sentenceCount annotated="7" total="78"/>
        <lexeme order="1" headword="false" breakBefore="false" POS="V" name="madden"/>
    </lexUnit>
    <lexUnit status="Finished_Initial" POS="V" name="incense.v" ID="4325" lemmaID="19391" cBy="JKR" cDate="10/23/2001 02:32:05 PDT Tue">
        <definition>COD: make very angry.</definition>
        <sentenceCount annotated="10" total="91"/>
        <lexeme order="1" headword="false" breakBefore="false" POS="V" name="incense"/>
    </lexUnit>
    <lexUnit status="Insufficient_Attestations" POS="V" name="petrify.v" ID="4328" lemmaID="28665" cBy="JKR" cDate="10/23/2001 02:58:02 PDT Tue">
        <definition>COD: paralyse with fear.</definition>
        <sentenceCount annotated="4" total="68"/>
        <lexeme order="1" headword="false" breakBefore="false" POS="V" name="petrify"/>
    </lexUnit>
    <lexUnit status="Insufficient_Attestations" POS="V" name="revolt.v" ID="4329" lemmaID="33128" cBy="JKR" cDate="10/23/2001 03:00:46 PDT Tue">
        <definition>COD: cause to feel disgust.</definition>
        <sentenceCount annotated="0" total="43"/>
        <lexeme order="1" headword="false" breakBefore="false" POS="V" name="revolt"/>
    </lexUnit>
    <lexUnit status="Finished_Initial" POS="V" name="sober.v" ID="4330" lemmaID="36757" cBy="JKR" cDate="10/23/2001 03:05:33 PDT Tue">
        <definition>COD: make or become serious</definition>
        <sentenceCount annotated="6" total="50"/>
        <lexeme order="1" headword="false" breakBefore="false" POS="V" name="sober"/>
    </lexUnit>
    <lexUnit status="Finished_Initial" POS="V" name="repel.v" ID="4332" lemmaID="32677" cBy="JKR" cDate="10/23/2001 03:11:36 PDT Tue">
        <definition>COD: be repulsive or distasteful to.</definition>
        <sentenceCount annotated="18" total="272"/>
        <lexeme order="1" headword="false" breakBefore="false" POS="V" name="repel"/>
    </lexUnit>
    <lexUnit status="Finished_Initial" POS="V" name="torment.v" ID="5296" lemmaID="40766" cBy="ACW" cDate="03/20/2002 10:56:47 PST Wed">
        <definition>COD: be subjected to torment</definition>
        <sentenceCount annotated="17" total="151"/>
        <lexeme order="1" headword="false" breakBefore="false" POS="V" name="torment"/>
    </lexUnit>
    <lexUnit status="Finished_Initial" POS="V" name="beguile.v" ID="6051" lemmaID="3245" cBy="JKR" cDate="06/08/2002 04:32:03 PDT Sat">
        <definition>COD: charm or enchant. </definition>
        <sentenceCount annotated="6" total="13"/>
        <lexeme order="1" headword="false" breakBefore="false" POS="V" name="beguile"/>
    </lexUnit>
    <lexUnit status="Finished_Initial" POS="V" name="traumatize.v" ID="6460" lemmaID="45837" cBy="JKR" cDate="07/05/2002 05:01:44 PDT Fri">
        <definition>COD: cause a deeply distressing experience. </definition>
        <sentenceCount annotated="8" total="35"/>
        <lexeme order="1" headword="false" breakBefore="false" POS="V" name="traumatize"/>
    </lexUnit>
    <lexUnit status="Finished_Initial" POS="V" name="interest.v" ID="6471" lemmaID="20316" cBy="ACW" cDate="07/08/2002 11:40:21 PDT Mon">
        <definition>COD: excite the curiosity or attention of. </definition>
        <sentenceCount annotated="30" total="227"/>
        <lexeme order="1" headword="false" breakBefore="false" POS="V" name="interest"/>
    </lexUnit>
    <lexUnit status="Finished_Initial" POS="V" name="intrigue.v" ID="6475" lemmaID="20471" cBy="ACW" cDate="07/08/2002 12:28:38 PDT Mon">
        <definition>COD: arouse the curiosity or interest of. </definition>
        <sentenceCount annotated="30" total="209"/>
        <lexeme order="1" headword="false" breakBefore="false" POS="V" name="intrigue"/>
    </lexUnit>
    <lexUnit status="Finished_Initial" POS="V" name="offend.v" ID="6480" lemmaID="26556" cBy="ACW" cDate="07/08/2002 03:57:16 PDT Mon">
        <definition>COD: cause to feel hurt or resentful. </definition>
        <sentenceCount annotated="29" total="245"/>
        <lexeme order="1" headword="false" breakBefore="false" POS="V" name="offend"/>
    </lexUnit>
    <lexUnit status="Finished_Initial" POS="V" name="intimidate.v" ID="6489" lemmaID="20436" cBy="ACW" cDate="07/08/2002 05:36:25 PDT Mon">
        <definition>COD: frighten or overawe</definition>
        <sentenceCount annotated="37" total="225"/>
        <lexeme order="1" headword="false" breakBefore="false" POS="V" name="intimidate"/>
    </lexUnit>
    <lexUnit status="Finished_Initial" POS="V" name="mystify.v" ID="6530" lemmaID="25364" cBy="ACW" cDate="07/09/2002 05:03:43 PDT Tue">
        <definition>COD: utterly bewilder.</definition>
        <sentenceCount annotated="15" total="115"/>
        <lexeme order="1" headword="false" breakBefore="false" POS="V" name="mystify"/>
    </lexUnit>
    <lexUnit status="Finished_Initial" POS="V" name="perturb.v" ID="6532" lemmaID="28612" cBy="ACW" cDate="07/09/2002 05:12:26 PDT Tue">
        <definition>COD: make anxious or unsettled. </definition>
        <sentenceCount annotated="21" total="102"/>
        <lexeme order="1" headword="false" breakBefore="false" POS="V" name="perturb"/>
    </lexUnit>
    <lexUnit status="Finished_Initial" POS="V" name="stir.v" ID="6922" lemmaID="38095" cBy="ACW" cDate="07/31/2002 12:11:18 PDT Wed">
        <definition>COD: arouse strong feeling in. </definition>
        <sentenceCount annotated="7" total="257"/>
        <lexeme order="1" headword="false" breakBefore="false" POS="V" name="stir"/>
    </lexUnit>
    <lexUnit status="Finished_Initial" POS="V" name="fluster.v" ID="7144" lemmaID="14847" cBy="ACW" cDate="08/08/2002 03:00:07 PDT Thu">
        <definition>COD: make (someone) agitated or confused. </definition>
        <sentenceCount annotated="6" total="83"/>
        <lexeme order="1" headword="false" breakBefore="false" POS="V" name="fluster"/>
    </lexUnit>
    <lexUnit status="Finished_Initial" POS="V" name="flummox.v" ID="7145" lemmaID="14825" cBy="ACW" cDate="08/08/2002 03:02:20 PDT Thu">
        <definition>COD: perplex; bewilder. </definition>
        <sentenceCount annotated="5" total="12"/>
        <lexeme order="1" headword="false" breakBefore="false" POS="V" name="flummox"/>
    </lexUnit>
    <lexUnit status="Needs_SCs" POS="V" name="outrage.v" ID="11972" lemmaID="27131" cBy="JKR" cDate="04/27/2005 10:28:39 PDT Wed">
        <definition>COD: arouse outrage in.</definition>
        <sentenceCount annotated="5" total="8"/>
        <lexeme order="1" headword="false" breakBefore="false" POS="V" name="outrage"/>
    </lexUnit>
    <lexUnit status="Created" POS="N" name="surprise.n" ID="12785" lemmaID="38995" cBy="MJE" cDate="10/11/2005 04:32:33 PDT Tue">
        <definition>COD: an unexpected or astonishing thing.</definition>
        <sentenceCount annotated="3" total="4"/>
        <lexeme order="1" headword="false" breakBefore="false" POS="N" name="surprise"/>
    </lexUnit>
    <lexUnit status="Created" POS="V" name="boggle.v" ID="13264" lemmaID="4055" cBy="MiL" cDate="06/19/2006 04:43:03 PDT Mon">
        <definition>FN: baffle</definition>
        <sentenceCount annotated="0" total="0"/>
        <lexeme order="1" headword="false" breakBefore="false" POS="V" name="boggle"/>
    </lexUnit>
    <lexUnit status="Created" POS="N" name="trouble.n" ID="14612" lemmaID="41335" cBy="KmG" cDate="10/30/2007 02:18:14 PDT Tue">
        <definition>FN: a feeling of being disturbed</definition>
        <sentenceCount annotated="1" total="1"/>
        <lexeme order="1" headword="false" breakBefore="false" POS="N" name="trouble"/>
    </lexUnit>
    <lexUnit status="Created" POS="V" name="fulfill.v" ID="14987" lemmaID="50881" cBy="JKs" cDate="04/30/2008 04:08:20 PDT Wed">
        <definition>FN: give satisfaction</definition>
        <sentenceCount annotated="0" total="0"/>
        <lexeme order="1" headword="true" breakBefore="false" POS="V" name="fulfill"/>
    </lexUnit>
    <lexUnit status="Finished_Initial" POS="V" name="crush.v" ID="15009" lemmaID="9137" cBy="KmG" cDate="05/28/2008 05:19:33 PDT Wed">
        <definition>FN: destroy emotionally</definition>
        <sentenceCount annotated="9" total="86"/>
        <lexeme order="1" headword="false" breakBefore="false" POS="V" name="crush"/>
    </lexUnit>
    <lexUnit status="Finished_Initial" POS="V" name="devastate.v" ID="15013" lemmaID="10474" cBy="KmG" cDate="05/30/2008 03:07:53 PDT Fri">
        <definition>FN: to cause someone to have overwhelming grief.</definition>
        <sentenceCount annotated="25" total="105"/>
        <lexeme order="1" headword="false" breakBefore="false" POS="V" name="devastate"/>
    </lexUnit>
    <lexUnit status="Created" POS="V" name="arouse.v" ID="15061" lemmaID="1964" cBy="JKs" cDate="06/06/2008 11:14:35 PDT Fri">
        <definition>FN: stimulate or exhilarate</definition>
        <sentenceCount annotated="0" total="0"/>
        <lexeme order="1" headword="false" breakBefore="false" POS="V" name="arouse"/>
    </lexUnit>
    <lexUnit status="Created" POS="V" name="grate.v" ID="15081" lemmaID="16719" cBy="JKs" cDate="06/09/2008 04:12:41 PDT Mon">
        <definition>FN: annoy or anger</definition>
        <sentenceCount annotated="0" total="0"/>
        <lexeme order="1" headword="false" breakBefore="false" POS="V" name="grate"/>
    </lexUnit>
    <lexUnit status="Created" POS="V" name="appeal.v" ID="15082" lemmaID="1706" cBy="JKs" cDate="06/09/2008 04:14:27 PDT Mon">
        <definition>FN: please or attract</definition>
        <sentenceCount annotated="0" total="0"/>
        <lexeme order="1" headword="false" breakBefore="false" POS="V" name="appeal"/>
    </lexUnit>
    <lexUnit status="Created" POS="V" name="worry.v" ID="15107" lemmaID="44514" cBy="JKs" cDate="06/12/2008 12:59:19 PDT Thu">
        <definition>FN: cause to feel nervous, scared, or doubtful about something in the future</definition>
        <sentenceCount annotated="0" total="0"/>
        <lexeme order="1" headword="false" breakBefore="false" POS="V" name="worry"/>
    </lexUnit>
    <lexUnit status="Created" POS="V" name="harass.v" ID="15108" lemmaID="17424" cBy="JKs" cDate="06/12/2008 01:18:27 PDT Thu">
        <definition>FN: annoy </definition>
        <sentenceCount annotated="0" total="0"/>
        <lexeme order="1" headword="false" breakBefore="false" POS="V" name="harass"/>
    </lexUnit>
    <lexUnit status="Created" POS="V" name="engage.v" ID="15110" lemmaID="12757" cBy="JKs" cDate="06/12/2008 01:27:29 PDT Thu">
        <definition>FN: captivate</definition>
        <sentenceCount annotated="0" total="0"/>
        <lexeme order="1" headword="false" breakBefore="false" POS="V" name="engage"/>
    </lexUnit>
    <lexUnit status="Created" POS="V" name="stagger.v" ID="15121" lemmaID="37709" cBy="JKs" cDate="06/16/2008 01:35:35 PDT Mon">
        <definition>FN: shock</definition>
        <sentenceCount annotated="0" total="0"/>
        <lexeme order="1" headword="false" breakBefore="false" POS="V" name="stagger"/>
    </lexUnit>
    <lexUnit status="Needs_SCs" POS="V" name="destroy.v" ID="15136" lemmaID="10396" cBy="KmG" cDate="06/23/2008 03:34:04 PDT Mon">
        <definition>FN: cause emotional damage to </definition>
        <sentenceCount annotated="1" total="173"/>
        <lexeme order="1" headword="false" breakBefore="false" POS="V" name="destroy"/>
    </lexUnit>
    <lexUnit status="Insufficient_Attestations" POS="V" name="demolish.v" ID="15176" lemmaID="10125" cBy="KmG" cDate="07/09/2008 03:40:20 PDT Wed">
        <definition>FN: to destory (a person) emotionally</definition>
        <sentenceCount annotated="0" total="0"/>
        <lexeme order="1" headword="false" breakBefore="false" POS="V" name="demolish"/>
    </lexUnit>
    <lexUnit status="Created" POS="V" name="agonize.v" ID="15582" lemmaID="825" cBy="RLG" cDate="01/25/2010 01:31:01 PST Mon">
        <definition>FN: cause pain and suffering.</definition>
        <sentenceCount annotated="0" total="0"/>
        <lexeme order="1" headword="false" breakBefore="false" POS="V" name="agonize"/>
    </lexUnit>
    <lexUnit status="Created" POS="V" name="encourage.v" ID="15584" lemmaID="12698" cBy="RLG" cDate="01/25/2010 01:45:24 PST Mon">
        <definition>FN: inspire, reassure.</definition>
        <sentenceCount annotated="0" total="0"/>
        <lexeme order="1" headword="false" breakBefore="false" POS="V" name="encourage"/>
    </lexUnit>
    <lexUnit status="Created" POS="V" name="wound.v" ID="15605" lemmaID="44544" cBy="RLG" cDate="02/08/2010 10:30:01 PST Mon">
        <definition>FN: cause emotional pain or damage.</definition>
        <sentenceCount annotated="0" total="0"/>
        <lexeme order="1" headword="false" breakBefore="false" POS="V" name="wound"/>
    </lexUnit>
    <lexUnit status="Finished_Initial" POS="V" name="kill.v" ID="16407" lemmaID="21304" cBy="CVa" cDate="07/20/2011 01:07:36 PDT Wed">
        <definition>COD: cause to feel unsatified or unhappy</definition>
        <sentenceCount annotated="8" total="253"/>
        <lexeme order="1" headword="false" breakBefore="false" POS="V" name="kill"/>
    </lexUnit>
    <lexUnit status="Created" POS="V" name="let down.v" ID="17610" lemmaID="51710" cBy="CVa" cDate="07/16/2014 10:20:39 PDT Wed">
        <definition>FN: to disappoint someone</definition>
        <sentenceCount annotated="0" total="0"/>
        <lexeme order="1" headword="true" breakBefore="false" POS="V" name="let"/>
        <lexeme order="2" headword="false" breakBefore="false" POS="PREP" name="down"/>
    </lexUnit>
</frame>