<?xml version="1.0" encoding="UTF-8" standalone="yes"?>
<?xml-stylesheet type="text/xsl" href="frame.xsl"?>
<frame cBy="MJE" cDate="07/29/2002 11:58:59 PDT Mon" name="Experience_bodily_harm" ID="384" xsi:schemaLocation="../schema/frame.xsd" xmlns="http://framenet.icsi.berkeley.edu" xmlns:xsi="http://www.w3.org/2001/XMLSchema-instance">
    <definition>&lt;def-root&gt;An &lt;fen&gt;Experiencer&lt;/fen&gt; is involved in a bodily injury to a &lt;fen&gt;Body_part&lt;/fen&gt;.  (In some cases, no &lt;fen&gt;Body_part&lt;/fen&gt; need be indicated.)  Often an &lt;fen&gt;Injuring_entity&lt;/fen&gt; on which the &lt;fen&gt;Experiencer&lt;/fen&gt; injures themselves is mentioned.
&lt;ex&gt;I think that &lt;fex name="Exp"&gt;I&lt;/fex&gt; &lt;t&gt;hurt&lt;/t&gt; &lt;fex name="Exp"&gt;myself&lt;/fex&gt; &lt;fex name="Sev"&gt;pretty bad&lt;/fex&gt; &lt;fex name="Place"&gt;back there&lt;/fex&gt;.&lt;/ex&gt;
&lt;ex&gt;&lt;fex name="Exp"&gt;He&lt;/fex&gt; &lt;t&gt;smacked&lt;/t&gt; &lt;fex name="Body_part"&gt;his head&lt;/fex&gt; &lt;fex name="Inj_ent"&gt;on the mantel&lt;/fex&gt; &lt;fex name="con"&gt;getting up from poking at the fire&lt;/fex&gt;.&lt;/ex&gt;&lt;/def-root&gt;</definition>
    <FE bgColor="9F79EE" fgColor="FFFFFF" coreType="Core" cBy="MJE" cDate="07/29/2002 12:01:13 PDT Mon" abbrev="BodP" name="Body_part" ID="3439">
        <definition>&lt;def-root&gt;The location on the body of the &lt;fen&gt;Experiencer&lt;/fen&gt; where the bodily injury takes place.
&lt;ex&gt;I &lt;t&gt;cut&lt;/t&gt; &lt;fex name="BodP"&gt;my finger&lt;/fex&gt; on the envelope.&lt;/ex&gt;&lt;/def-root&gt;</definition>
        <semType name="Body_part" ID="10"/>
    </FE>
    <FE bgColor="A52A2A" fgColor="FFFFFF" coreType="Extra-Thematic" cBy="MJE" cDate="07/29/2002 12:01:22 PDT Mon" abbrev="con" name="Containing_event" ID="3440">
        <definition>&lt;def-root&gt;The event in which the bodily injury takes place.
&lt;ex&gt;I &lt;t&gt;broke&lt;/t&gt; my arm &lt;fex name="con"&gt;in the accident&lt;/fex&gt;.&lt;/ex&gt;&lt;/def-root&gt;</definition>
    </FE>
    <FE bgColor="FF00FF" fgColor="FFFFFF" coreType="Peripheral" cBy="MJE" cDate="07/29/2002 12:01:34 PDT Mon" abbrev="Manr" name="Manner" ID="3441">
        <definition>&lt;def-root&gt;Manner in which the injury takes place.&lt;/def-root&gt;</definition>
        <semType name="Manner" ID="173"/>
    </FE>
    <FE bgColor="008000" fgColor="FFFFFF" coreType="Peripheral" cBy="MJE" cDate="07/29/2002 12:01:38 PDT Mon" abbrev="Place" name="Place" ID="3442">
        <definition>&lt;def-root&gt;The place where the harming event occurs.
&lt;ex&gt;She fell and &lt;t&gt;hit&lt;/t&gt; her head &lt;fex name="Place"&gt;out in the playground&lt;/fex&gt;.&lt;/ex&gt;&lt;/def-root&gt;</definition>
        <semType name="Locative_relation" ID="182"/>
    </FE>
    <FE bgColor="0000FF" fgColor="FFFFFF" coreType="Core" cBy="MJE" cDate="07/29/2002 12:01:57 PDT Mon" abbrev="Exp" name="Experiencer" ID="3443">
        <definition>&lt;def-root&gt;The being or entity that is injured.
&lt;ex&gt;&lt;fex name="Exp"&gt;The squirrel&lt;/fex&gt; &lt;t&gt;abraded&lt;/t&gt; &lt;fex name="Exp"&gt;its&lt;/fex&gt; tail as it twitched nervously in the confined space.&lt;/ex&gt;
&lt;ex&gt;Then &lt;fex name="Exp"&gt;I&lt;/fex&gt; &lt;t&gt;cut&lt;/t&gt; &lt;fex name="Exp"&gt;myself&lt;/fex&gt; on an envelope.&lt;/ex&gt;&lt;/def-root&gt;</definition>
        <semType name="Sentient" ID="5"/>
    </FE>
    <FE bgColor="FFA500" fgColor="FFFFFF" coreType="Peripheral" cBy="MJE" cDate="07/29/2002 12:07:45 PDT Mon" abbrev="Time" name="Time" ID="3445">
        <definition>&lt;def-root&gt;The time when the harming event occurs.
&lt;ex&gt;So you &lt;t&gt;cut&lt;/t&gt; your leg on the window frame &lt;fex name="Time"&gt;at six o'clock&lt;/fex&gt;, correct?&lt;/ex&gt;&lt;/def-root&gt;</definition>
        <semType name="Time" ID="141"/>
    </FE>
    <FE bgColor="808080" fgColor="FFFFFF" coreType="Peripheral" cBy="MJE" cDate="07/29/2002 03:16:50 PDT Mon" abbrev="Inj_ent" name="Injuring_entity" ID="3446">
        <definition>&lt;def-root&gt;The &lt;fen&gt;Experiencer&lt;/fen&gt; injures him/herself on an &lt;fen&gt;Injuring_entity&lt;/fen&gt;.

&lt;ex&gt;He punched me, but he &lt;t&gt;hurt&lt;/t&gt; his fist &lt;fex name="Inj_ent"&gt;on my nose&lt;/fex&gt;.&lt;/ex&gt;&lt;/def-root&gt;</definition>
    </FE>
    <FE bgColor="FF0000" fgColor="FFFFFF" coreType="Peripheral" cBy="MJE" cDate="07/31/2002 12:05:54 PDT Wed" abbrev="Sev" name="Severity" ID="3467">
        <definition>&lt;def-root&gt;The extent to which the &lt;fen&gt;Experiencer&lt;/fen&gt; is affected by the injury.
&lt;ex&gt;The suspect &lt;t&gt;injured&lt;/t&gt; his leg &lt;fex name="Sev"&gt;severely&lt;/fex&gt; climbing the fence.&lt;/ex&gt;
&lt;/def-root&gt;</definition>
    </FE>
    <FE bgColor="800080" fgColor="FFFFFF" coreType="Extra-Thematic" cBy="MJE" cDate="08/01/2002 04:13:31 PDT Thu" abbrev="Iter" name="Iterations" ID="3480">
        <definition>&lt;def-root&gt;The number of times that the injury happens to the &lt;fen&gt;Experiencer&lt;/fen&gt;.
&lt;ex&gt;I &lt;t&gt;jammed&lt;/t&gt; my pinky on these juggling clubs &lt;fex name="Iter"&gt;three times&lt;/fex&gt; in the last hour.&lt;/ex&gt;&lt;/def-root&gt;</definition>
    </FE>
    <FE bgColor="A52A2A" fgColor="FFFFFF" coreType="Peripheral" cBy="Hay" cDate="10/02/2003 11:37:02 PDT Thu" abbrev="Dur" name="Duration" ID="5431">
        <definition>&lt;def-root&gt;The period of time during which the Experiencer repeatedly receives bodily injuries.

&lt;ex&gt;Smithers &lt;t&gt;stubbed&lt;/t&gt; his toe on the couch &lt;fex name="Duration"&gt;for several months&lt;/fex&gt; before he got used to its new location.&lt;/ex&gt;&lt;/def-root&gt;</definition>
        <semType name="Duration" ID="142"/>
    </FE>
    <FE bgColor="0000FF" fgColor="FFFFFF" coreType="Extra-Thematic" cBy="Hay" cDate="10/02/2003 11:37:02 PDT Thu" abbrev="Freq" name="Frequency" ID="5432">
        <definition>&lt;def-root&gt;The number of times that the &lt;fen&gt;Experiencer&lt;/fen&gt; has an experience of bodily harm.

&lt;ex&gt;Sue &lt;t&gt;stubbed&lt;/t&gt; her toe &lt;fex name="Frequency"&gt;three times&lt;/fex&gt; today&lt;/ex&gt;&lt;/def-root&gt;</definition>
    </FE>
    <FEcoreSet>
        <memberFE name="Body_part" ID="3439"/>
        <memberFE name="Experiencer" ID="3443"/>
    </FEcoreSet>
    <frameRelation type="Inherits from">
        <relatedFrame ID="187">Event</relatedFrame>
    </frameRelation>
    <frameRelation type="Is Inherited by"/>
    <frameRelation type="Perspective on"/>
    <frameRelation type="Is Perspectivized in"/>
    <frameRelation type="Uses">
        <relatedFrame ID="198">Intentionally_act</relatedFrame>
    </frameRelation>
    <frameRelation type="Is Used by">
        <relatedFrame ID="112">Cause_harm</relatedFrame>
    </frameRelation>
    <frameRelation type="Subframe of"/>
    <frameRelation type="Has Subframe(s)"/>
    <frameRelation type="Precedes"/>
    <frameRelation type="Is Preceded by"/>
    <frameRelation type="Is Inchoative of"/>
    <frameRelation type="Is Causative of"/>
    <frameRelation type="See also"/>
    <lexUnit status="Finished_Initial" POS="V" name="stub.v" ID="6889" lemmaID="38413" cBy="MJE" cDate="07/29/2002 03:42:28 PDT Mon">
        <definition>COD: accidentally strike (one's toe) against something. </definition>
        <sentenceCount annotated="7" total="90"/>
        <lexeme order="1" headword="false" breakBefore="false" POS="V" name="stub"/>
    </lexUnit>
    <lexUnit status="Insufficient_Attestations" POS="V" name="jam.v" ID="6890" lemmaID="20817" cBy="MJE" cDate="07/29/2002 03:42:41 PDT Mon">
        <definition>FN: to strike one's finger or toe resulting in injury to the joints</definition>
        <sentenceCount annotated="0" total="94"/>
        <lexeme order="1" headword="false" breakBefore="false" POS="V" name="jam"/>
    </lexUnit>
    <lexUnit status="Finished_Initial" POS="V" name="hit.v" ID="6891" lemmaID="18154" cBy="MJE" cDate="07/29/2002 03:43:02 PDT Mon">
        <definition>COD: accidentally strike (part of one's body) against something. </definition>
        <sentenceCount annotated="12" total="341"/>
        <lexeme order="1" headword="false" breakBefore="false" POS="V" name="hit"/>
    </lexUnit>
    <lexUnit status="Finished_Initial" POS="V" name="hurt.v" ID="6892" lemmaID="18708" cBy="MJE" cDate="07/29/2002 03:43:18 PDT Mon">
        <definition>FN: to feel pain</definition>
        <sentenceCount annotated="34" total="356"/>
        <lexeme order="1" headword="false" breakBefore="false" POS="V" name="hurt"/>
    </lexUnit>
    <lexUnit status="Finished_Initial" POS="V" name="injure.v" ID="6893" lemmaID="19982" cBy="MJE" cDate="07/29/2002 03:43:30 PDT Mon">
        <definition>COD: do or undergo physical harm to; wound. </definition>
        <sentenceCount annotated="35" total="309"/>
        <lexeme order="1" headword="false" breakBefore="false" POS="V" name="injure"/>
    </lexUnit>
    <lexUnit status="Finished_Initial" POS="V" name="break.v" ID="6894" lemmaID="4496" cBy="MJE" cDate="07/29/2002 03:46:16 PDT Mon">
        <definition>FN: to fracture something (usually a bone), resulting in physical pain</definition>
        <sentenceCount annotated="41" total="555"/>
        <lexeme order="1" headword="false" breakBefore="false" POS="V" name="break"/>
    </lexUnit>
    <lexUnit status="Finished_Initial" POS="V" name="sprain.v" ID="6898" lemmaID="37512" cBy="MJE" cDate="07/29/2002 04:02:15 PDT Mon">
        <definition>COD: wrench the ligaments of (an ankle, wrist, or other joint) violently so as to cause pain and swelling but not dislocation. </definition>
        <sentenceCount annotated="11" total="28"/>
        <lexeme order="1" headword="false" breakBefore="false" POS="V" name="sprain"/>
    </lexUnit>
    <lexUnit status="Finished_Initial" POS="V" name="strain.v" ID="6899" lemmaID="38251" cBy="MJE" cDate="07/29/2002 04:02:33 PDT Mon">
        <definition>COD: injure (a limb, muscle, or organ) by overexertion. </definition>
        <sentenceCount annotated="12" total="247"/>
        <lexeme order="1" headword="false" breakBefore="false" POS="V" name="strain"/>
    </lexUnit>
    <lexUnit status="Finished_Initial" POS="V" name="twist.v" ID="6900" lemmaID="41638" cBy="MJE" cDate="07/29/2002 04:02:48 PDT Mon">
        <definition>COD: force or be forced out of the natural position by a twisting action</definition>
        <sentenceCount annotated="7" total="124"/>
        <lexeme order="1" headword="false" breakBefore="false" POS="V" name="twist"/>
    </lexUnit>
    <lexUnit status="Finished_Initial" POS="V" name="pull.v" ID="6901" lemmaID="31106" cBy="MJE" cDate="07/29/2002 04:03:04 PDT Mon">
        <definition>COD: damage (a muscle, ligament, etc.) by abnormal strain. </definition>
        <sentenceCount annotated="8" total="141"/>
        <lexeme order="1" headword="false" breakBefore="false" POS="V" name="pull"/>
    </lexUnit>
    <lexUnit status="Finished_Initial" POS="V" name="tear.v" ID="6902" lemmaID="39664" cBy="MJE" cDate="07/29/2002 04:03:28 PDT Mon">
        <definition>COD: damage (a muscle or ligament) by overstretching it. </definition>
        <sentenceCount annotated="6" total="113"/>
        <lexeme order="1" headword="false" breakBefore="false" POS="V" name="tear"/>
    </lexUnit>
    <lexUnit status="Finished_Initial" POS="V" name="cut.v" ID="6903" lemmaID="9360" cBy="MJE" cDate="07/29/2002 07:07:25 PDT Mon">
        <definition>FN: to injure oneself by making an incision with a sharp object</definition>
        <sentenceCount annotated="30" total="484"/>
        <lexeme order="1" headword="false" breakBefore="false" POS="V" name="cut"/>
    </lexUnit>
    <lexUnit status="Finished_Initial" POS="V" name="burn.v" ID="6904" lemmaID="4988" cBy="MJE" cDate="07/29/2002 07:07:42 PDT Mon">
        <definition>FN: to be injured due to the application of heat to one's body</definition>
        <sentenceCount annotated="18" total="319"/>
        <lexeme order="1" headword="false" breakBefore="false" POS="V" name="burn"/>
    </lexUnit>
    <lexUnit status="Created" POS="V" name="smack.v" ID="6925" lemmaID="36469" cBy="MJE" cDate="07/31/2002 12:50:44 PDT Wed">
        <definition>FN: to be struck with a sharp slap</definition>
        <sentenceCount annotated="0" total="0"/>
        <lexeme order="1" headword="false" breakBefore="false" POS="V" name="smack"/>
    </lexUnit>
    <lexUnit status="Created" POS="V" name="abrade.v" ID="11185" lemmaID="168" cBy="MiL" cDate="11/18/2004 03:26:28 PST Thu">
        <definition>COD: scrape or wear away by friction or erosion</definition>
        <sentenceCount annotated="0" total="0"/>
        <lexeme order="1" headword="false" breakBefore="false" POS="V" name="abrade"/>
    </lexUnit>
    <lexUnit status="Finished_Initial" POS="V" name="graze.v" ID="11263" lemmaID="16756" cBy="JKR" cDate="11/19/2004 07:04:54 PST Fri">
        <definition>COD: scrape and break the skin on (part of the body).</definition>
        <sentenceCount annotated="8" total="101"/>
        <lexeme order="1" headword="false" breakBefore="false" POS="V" name="graze"/>
    </lexUnit>
    <lexUnit status="Created" POS="V" name="bruise.v" ID="11264" lemmaID="4741" cBy="JKR" cDate="11/19/2004 07:09:55 PST Fri">
        <definition>FN: sustain a bruise on a specified body part</definition>
        <sentenceCount annotated="0" total="0"/>
        <lexeme order="1" headword="false" breakBefore="false" POS="V" name="bruise"/>
    </lexUnit>
    <lexUnit status="Created" POS="V" name="scrape.v" ID="15570" lemmaID="34535" cBy="RLG" cDate="01/19/2010 09:42:44 PST Tue">
        <definition>FN: injure by rubbing against a rough surface.</definition>
        <sentenceCount annotated="0" total="0"/>
        <lexeme order="1" headword="false" breakBefore="false" POS="V" name="scrape"/>
    </lexUnit>
    <lexUnit status="Created" POS="V" name="sunburn.v" ID="15777" lemmaID="51122" cBy="RLG" cDate="04/19/2010 10:38:05 PDT Mon">
        <definition>FN: become irritated due to exposure to the sun.</definition>
        <sentenceCount annotated="0" total="0"/>
        <lexeme order="1" headword="true" breakBefore="false" POS="V" name="sunburn"/>
    </lexUnit>
    <lexUnit status="Created" POS="N" name="injury.n" ID="17511" lemmaID="19986" cBy="MJE" cDate="06/30/2014 03:47:08 PDT Mon">
        <definition>FN: process or instance of being physically harmed.</definition>
        <sentenceCount annotated="6" total="6"/>
        <lexeme order="1" headword="false" breakBefore="false" POS="N" name="injury"/>
    </lexUnit>
</frame>