<?xml version="1.0" encoding="UTF-8" standalone="yes"?>
<?xml-stylesheet type="text/xsl" href="frame.xsl"?>
<frame cBy="ChW" cDate="02/07/2001 04:12:07 PST Wed" name="Experiencer_focus" ID="48" xsi:schemaLocation="../schema/frame.xsd" xmlns="http://framenet.icsi.berkeley.edu" xmlns:xsi="http://www.w3.org/2001/XMLSchema-instance">
    <definition>&lt;def-root&gt;The words in this frame describe an &lt;fen&gt;Experiencer&lt;/fen&gt;'s emotions with respect to some &lt;fen&gt;Content&lt;/fen&gt;. A &lt;fen&gt;Reason&lt;/fen&gt; for the emotion may also be expressed.  Although the &lt;fen&gt;Content&lt;/fen&gt; may refer to an actual, current state of affairs, quite often it refers to a general situation which causes the emotion. 
 
&lt;ex&gt; &lt;fex name="Experiencer"&gt;My&lt;/fex&gt; &lt;t&gt;enjoyment&lt;/t&gt; &lt;fex name="Content"&gt;of the movie&lt;/fex&gt; was considerably impaired by the seven-foot guy sitting in front of me. &lt;/ex&gt;
&lt;ex&gt; &lt;fex name="Experiencer"&gt;Smithers&lt;/fex&gt; &lt;m&gt;takes&lt;/m&gt; &lt;fex name="Degree"&gt;great&lt;/fex&gt; &lt;t&gt;pleasure&lt;/t&gt; &lt;fex name="Content"&gt;in collecting matchboxes&lt;/fex&gt;.&lt;/ex&gt;
&lt;ex&gt; &lt;fex name="Experiencer"&gt;Sergio&lt;/fex&gt; &lt;m&gt;derives&lt;/m&gt; &lt;fex name="Degree"&gt;great&lt;/fex&gt; &lt;t&gt;pleasure&lt;/t&gt; 
&lt;fex name="Content"&gt;from  smoking&lt;/fex&gt;.&lt;/ex&gt;
&lt;ex&gt; Smoking &lt;ment&gt;gives&lt;/ment&gt; &lt;fex name="Experiencer"&gt;me&lt;/fex&gt; &lt;fex name="Degree"&gt;extreme&lt;/fex&gt; &lt;t&gt;pleasure&lt;/t&gt;.&lt;/ex&gt;
With certain verbs, the &lt;fen&gt;Circumstances&lt;/fen&gt; can be expressed in a finite clausal or wh- complement which may optionally be preceded by a Null NP Object:
&lt;ex&gt;&lt;fex name="Experiencer"&gt;I&lt;/fex&gt; &lt;t&gt;hate&lt;/t&gt; it &lt;fex name="Circumstances"&gt;when you do that&lt;/fex&gt;.&lt;/ex&gt; Note: This is not how it is currently tagged.
&lt;/def-root&gt;</definition>
    <FE bgColor="800080" fgColor="FFFFFF" coreType="Core" cBy="ChW" cDate="02/07/2001 04:12:07 PST Wed" abbrev="Exp" name="Experiencer" ID="201">
        <definition>&lt;def-root&gt;The &lt;fen&gt;Experiencer&lt;/fen&gt; experiences the emotion or other internal state.&lt;/def-root&gt;</definition>
        <semType name="Sentient" ID="5"/>
    </FE>
    <FE bgColor="0000FF" fgColor="FFFFFF" coreType="Core" cBy="ChW" cDate="02/07/2001 04:12:07 PST Wed" abbrev="Cont" name="Content" ID="202">
        <definition>&lt;def-root&gt;&lt;fen&gt;Content&lt;/fen&gt; is what the &lt;fen&gt;Experiencer&lt;/fen&gt;'s feelings or experiences are directed towards or based upon.  The &lt;fen&gt;Content&lt;/fen&gt; differs from a stimulus because the &lt;fen&gt;Content&lt;/fen&gt; is not construed as being direcly responsible for causing the emotion. &lt;ex&gt; &lt;fex name="Experiencer"&gt;Everyone&lt;/fex&gt; &lt;t&gt;loves&lt;/t&gt; &lt;fex name="Content"&gt;compliments&lt;/fex&gt;.&lt;/ex&gt; &lt;ex&gt; &lt;fex name="Experiencer"&gt;Everyone&lt;/fex&gt; &lt;t&gt;loves&lt;/t&gt; &lt;fex name="Content"&gt;being complimented&lt;/fex&gt;.&lt;/ex&gt;  &lt;ex&gt; &lt;fex name="Experiencer"&gt;His parents&lt;/fex&gt; &lt;t&gt;despaired&lt;/t&gt; &lt;fex name="Content"&gt;of him&lt;/fex&gt;.&lt;/ex&gt; &lt;ex&gt; &lt;fex name="Experiencer"&gt;John&lt;/fex&gt; &lt;t&gt;likes&lt;/t&gt; &lt;fex name="Content"&gt;that I cook him lunch&lt;/fex&gt;.&lt;/ex&gt; &lt;ex&gt; &lt;fex name="Experiencer"&gt;I&lt;/fex&gt; am &lt;t&gt;afraid&lt;/t&gt; &lt;fex name="Content"&gt;of spiders&lt;/fex&gt;.&lt;/ex&gt;

 &lt;/def-root&gt;</definition>
        <semType name="Content" ID="55"/>
    </FE>
    <FE bgColor="00008B" fgColor="FFFFFF" coreType="Extra-Thematic" cBy="ChW" cDate="02/07/2001 04:12:07 PST Wed" abbrev="Exp" name="Explanation" ID="203">
        <definition>&lt;def-root&gt;The &lt;fen&gt;Explanation&lt;/fen&gt; is the explanation for why an &lt;fen&gt;Experiencer&lt;/fen&gt; experiences the particular emotion. &lt;ex&gt; &lt;fex name="Experiencer"&gt;People&lt;/fex&gt; &lt;t&gt;love&lt;/t&gt; &lt;fex name="Content"&gt;giant pandas&lt;/fex&gt; &lt;fex name="Explanation"&gt;because they look like teddy bears&lt;/fex&gt;.&lt;/ex&gt;&lt;/def-root&gt;</definition>
        <semType name="State_of_affairs" ID="177"/>
    </FE>
    <FE bgColor="FF69B4" fgColor="FFFFFF" coreType="Peripheral" cBy="MJE" cDate="11/28/2001 07:40:00 PST Wed" abbrev="Degr" name="Degree" ID="2137">
        <definition>&lt;def-root&gt;The &lt;fen&gt;Degree&lt;/fen&gt; to which the experience occurs.&lt;/def-root&gt;</definition>
        <semType name="Degree" ID="172"/>
    </FE>
    <FE bgColor="FF00FF" fgColor="FFFFFF" coreType="Peripheral" cBy="MJE" cDate="11/28/2001 07:40:15 PST Wed" abbrev="Manr" name="Manner" ID="2138">
        <definition>&lt;def-root&gt;Manner of performing an action&lt;/def-root&gt;</definition>
        <semType name="Manner" ID="173"/>
    </FE>
    <FE bgColor="006400" fgColor="FFFFFF" coreType="Core-Unexpressed" cBy="JKR" cDate="07/20/2002 04:03:10 PDT Sat" abbrev="Expr" name="Expressor" ID="3391">
        <definition>&lt;def-root&gt;The Frame Element &lt;fen&gt;Expressor&lt;/fen&gt; marks expressions that indicate a body part, gesture or other expression of the &lt;fen&gt;Experiencer&lt;/fen&gt; that reflect his or her emotional state.  They describe a presentation of the experience or emotion denoted by the adjective or noun.

&lt;ex&gt; The &lt;t&gt;delight&lt;/t&gt; &lt;fex name="Expressor"&gt;on her face&lt;/fex&gt; was mixed with asonishment. &lt;/ex&gt;
&lt;ex&gt; The worshipper's &lt;t&gt;apprehensive&lt;/t&gt; &lt;fex name="Expressor"&gt;praise&lt;/fex&gt; revealed his lacking devotion. &lt;/ex&gt;&lt;/def-root&gt;</definition>
    </FE>
    <FE bgColor="A52A2A" fgColor="FFFFFF" coreType="Extra-Thematic" cBy="JKR" cDate="07/22/2002 03:49:11 PDT Mon" abbrev="Par" name="Parameter" ID="3394">
        <definition>&lt;def-root&gt;The &lt;fen&gt;Parameter&lt;/fen&gt; is a domain in which the &lt;fen&gt;Experiencer&lt;/fen&gt; experiences the &lt;fen&gt;Content&lt;/fen&gt;.

&lt;ex&gt;Very few physical science students stressed the &lt;fex name="Parameter"&gt;intellectual&lt;/fex&gt;  &lt;t&gt;enjoyment&lt;/t&gt; of the degree course. &lt;/ex&gt;&lt;/def-root&gt;</definition>
    </FE>
    <FE bgColor="FF0000" fgColor="FFFFFF" coreType="Core" cBy="ACW" cDate="07/25/2002 03:59:47 PDT Thu" abbrev="Top" name="Topic" ID="3406">
        <definition>&lt;def-root&gt;The &lt;fen&gt;Topic&lt;/fen&gt; is the area about which the &lt;fen&gt;Experiencer&lt;/fen&gt; has the particular experience. &lt;ex&gt; &lt;fex name="Experiencer"&gt;Mr. Whiskers&lt;/fex&gt; was &lt;t&gt;upset&lt;/t&gt; &lt;fex name="Topic"&gt;about his cat treats&lt;/fex&gt;.&lt;/ex&gt; &lt;/def-root&gt;</definition>
    </FE>
    <FE bgColor="FFA500" fgColor="FFFFFF" coreType="Core-Unexpressed" cBy="ACW" cDate="07/29/2002 09:41:18 PDT Mon" abbrev="State" name="State" ID="3417">
        <definition>&lt;def-root&gt;The &lt;fen&gt;State&lt;/fen&gt; is the abstract noun that describes a more lasting experience by the &lt;fen&gt;Experiencer&lt;/fen&gt;. &lt;ex&gt;&lt;fex name="Experiencer"&gt;Tracy&lt;/fex&gt; was in an &lt;t&gt;irritated&lt;/t&gt; &lt;fex name="State"&gt;mood&lt;/fex&gt;. &lt;/ex&gt;&lt;/def-root&gt;</definition>
    </FE>
    <FE bgColor="00BFFF" fgColor="FFFFFF" coreType="Core" cBy="ACW" cDate="07/30/2002 09:25:23 PDT Tue" abbrev="Event" name="Event" ID="3449">
        <definition>&lt;def-root&gt;The &lt;fen&gt;Event&lt;/fen&gt; is the occasion or happening that &lt;fen&gt;Experiencer&lt;/fen&gt;s in a certain emotional state participate in. &lt;ex&gt; It felt pretty awkward to partake in such a &lt;t&gt;nervous&lt;/t&gt; &lt;fex name="Event"&gt;ceremony&lt;/fex&gt;.&lt;/ex&gt; Here we know that the ceremony was filled with nervous &lt;fen&gt;Experiencer&lt;/fen&gt;s.&lt;/def-root&gt;</definition>
        <semType name="State_of_affairs" ID="177"/>
    </FE>
    <FE bgColor="2E8B57" fgColor="FFFFFF" coreType="Extra-Thematic" cBy="ACW" cDate="08/05/2002 11:44:54 PDT Mon" abbrev="cir" name="Circumstances" ID="3493">
        <definition>&lt;def-root&gt;The &lt;fen&gt;Circumstances&lt;/fen&gt; FE encodes the circumstances or conditions under which the &lt;fen&gt;Experiencer&lt;/fen&gt; experiences the emotion. Unlike &lt;fen&gt;Content&lt;/fen&gt; it does not give the specific content of the emotion, but the &lt;fen&gt;Content&lt;/fen&gt; can often be inferred from the &lt;fen&gt;Circumstances&lt;/fen&gt;.&lt;/def-root&gt;</definition>
    </FE>
    <FE bgColor="9F79EE" fgColor="FFFFFF" coreType="Peripheral" cBy="JKR" cDate="06/10/2004 03:29:41 PDT Thu" abbrev="tim" name="Time" ID="6502">
        <definition>&lt;def-root&gt;The time at which the &lt;fen&gt;Experiencer&lt;/fen&gt; is in the specified emotional state.

&lt;ex&gt;&lt;fex name="tim"&gt;Last year&lt;/fex&gt;, Bob was still &lt;t&gt;interested&lt;/t&gt; in the young Republicans.&lt;/ex&gt;&lt;/def-root&gt;</definition>
        <semType name="Time" ID="141"/>
    </FE>
    <FEcoreSet>
        <memberFE name="Topic" ID="3406"/>
        <memberFE name="Content" ID="202"/>
    </FEcoreSet>
    <FEcoreSet>
        <memberFE name="Event" ID="3449"/>
        <memberFE name="Experiencer" ID="201"/>
        <memberFE name="Expressor" ID="3391"/>
        <memberFE name="State" ID="3417"/>
    </FEcoreSet>
    <frameRelation type="Inherits from"/>
    <frameRelation type="Is Inherited by">
        <relatedFrame ID="2044">Mental_stimulus_exp_focus</relatedFrame>
        <relatedFrame ID="366">Desiring</relatedFrame>
    </frameRelation>
    <frameRelation type="Perspective on">
        <relatedFrame ID="1712">Emotions</relatedFrame>
    </frameRelation>
    <frameRelation type="Is Perspectivized in"/>
    <frameRelation type="Uses"/>
    <frameRelation type="Is Used by">
        <relatedFrame ID="354">Desirability</relatedFrame>
        <relatedFrame ID="2131">Tolerating</relatedFrame>
    </frameRelation>
    <frameRelation type="Subframe of"/>
    <frameRelation type="Has Subframe(s)"/>
    <frameRelation type="Precedes"/>
    <frameRelation type="Is Preceded by"/>
    <frameRelation type="Is Inchoative of"/>
    <frameRelation type="Is Causative of"/>
    <frameRelation type="See also"/>
    <lexUnit status="FN1_Sent" POS="V" name="abhor.v" ID="855" lemmaID="104" cBy="ChW" cDate="02/08/2001 01:28:48 PST Thu">
        <definition>COD: detest; hate.</definition>
        <sentenceCount annotated="22" total="60"/>
        <lexeme order="1" headword="false" breakBefore="false" POS="V" name="abhor"/>
    </lexUnit>
    <lexUnit status="FN1_Sent" POS="V" name="abominate.v" ID="856" lemmaID="141" cBy="ChW" cDate="02/08/2001 01:28:48 PST Thu">
        <definition>COD: detest.</definition>
        <sentenceCount annotated="6" total="6"/>
        <lexeme order="1" headword="false" breakBefore="false" POS="V" name="abominate"/>
    </lexUnit>
    <lexUnit status="FN1_Sent" POS="V" name="adore.v" ID="857" lemmaID="556" cBy="ChW" cDate="02/08/2001 01:28:48 PST Thu">
        <definition>COD: love and respect deeply.</definition>
        <sentenceCount annotated="46" total="102"/>
        <lexeme order="1" headword="false" breakBefore="false" POS="V" name="adore"/>
    </lexUnit>
    <lexUnit status="Finished_Initial" POS="V" name="delight.v" ID="861" lemmaID="10040" cBy="ChW" cDate="02/08/2001 01:28:49 PST Thu">
        <definition>COD: take great pleasure in.</definition>
        <sentenceCount annotated="24" total="357"/>
        <lexeme order="1" headword="false" breakBefore="false" POS="V" name="delight"/>
    </lexUnit>
    <lexUnit status="FN1_Sent" POS="V" name="despair.v" ID="863" lemmaID="10367" cBy="ChW" cDate="02/08/2001 01:28:49 PST Thu">
        <definition>COD: lose or be without hope</definition>
        <sentenceCount annotated="25" total="162"/>
        <lexeme order="1" headword="false" breakBefore="false" POS="V" name="despair"/>
    </lexUnit>
    <lexUnit status="FN1_Sent" POS="V" name="despise.v" ID="864" lemmaID="10376" cBy="ChW" cDate="02/08/2001 01:28:49 PST Thu">
        <definition>COD: feel contempt or repugnance for.</definition>
        <sentenceCount annotated="34" total="157"/>
        <lexeme order="1" headword="false" breakBefore="false" POS="V" name="despise"/>
    </lexUnit>
    <lexUnit status="FN1_Sent" POS="V" name="detest.v" ID="865" lemmaID="10445" cBy="ChW" cDate="02/08/2001 01:28:49 PST Thu">
        <definition>COD: dislike intensely.</definition>
        <sentenceCount annotated="25" total="98"/>
        <lexeme order="1" headword="false" breakBefore="false" POS="V" name="detest"/>
    </lexUnit>
    <lexUnit status="FN1_Sent" POS="V" name="dislike.v" ID="866" lemmaID="11031" cBy="ChW" cDate="02/08/2001 01:28:49 PST Thu">
        <definition>COD: feel distaste for or hostility towards.</definition>
        <sentenceCount annotated="75" total="236"/>
        <lexeme order="1" headword="false" breakBefore="false" POS="V" name="dislike"/>
    </lexUnit>
    <lexUnit status="FN1_Sent" POS="V" name="dread.v" ID="867" lemmaID="11726" cBy="ChW" cDate="02/08/2001 01:28:49 PST Thu">
        <definition>COD: anticipate with great apprehension or fear.</definition>
        <sentenceCount annotated="44" total="177"/>
        <lexeme order="1" headword="false" breakBefore="false" POS="V" name="dread"/>
    </lexUnit>
    <lexUnit status="Problem" POS="V" name="empathize.v" ID="868" lemmaID="22" cBy="ChW" cDate="02/08/2001 01:28:49 PST Thu">
        <definition>COD: understand and share the feelings of another</definition>
        <sentenceCount annotated="17" total="34"/>
        <lexeme order="1" headword="false" breakBefore="false" POS="V" name="empathize"/>
    </lexUnit>
    <lexUnit status="Problem" POS="V" name="enjoy.v" ID="869" lemmaID="12787" cBy="ChW" cDate="02/08/2001 01:28:49 PST Thu">
        <definition>COD: take pleasure in</definition>
        <sentenceCount annotated="42" total="210"/>
        <lexeme order="1" headword="false" breakBefore="false" POS="V" name="enjoy"/>
    </lexUnit>
    <lexUnit status="FN1_Sent" POS="V" name="envy.v" ID="870" lemmaID="12933" cBy="ChW" cDate="02/08/2001 01:28:49 PST Thu">
        <definition>COD: feel envy of</definition>
        <sentenceCount annotated="96" total="129"/>
        <lexeme order="1" headword="false" breakBefore="false" POS="V" name="envy"/>
    </lexUnit>
    <lexUnit status="FN1_Sent" POS="V" name="fear.v" ID="872" lemmaID="14072" cBy="ChW" cDate="02/08/2001 01:28:49 PST Thu">
        <definition>COD: be afraid of; feel anxiety on behalf of</definition>
        <sentenceCount annotated="42" total="321"/>
        <lexeme order="1" headword="false" breakBefore="false" POS="V" name="fear"/>
    </lexUnit>
    <lexUnit status="FN1_Sent" POS="V" name="grieve.v" ID="873" lemmaID="16830" cBy="ChW" cDate="02/08/2001 01:28:50 PST Thu">
        <definition>COD: suffer grief</definition>
        <sentenceCount annotated="27" total="120"/>
        <lexeme order="1" headword="false" breakBefore="false" POS="V" name="grieve"/>
    </lexUnit>
    <lexUnit status="FN1_Sent" POS="V" name="hate.v" ID="875" lemmaID="17548" cBy="ChW" cDate="02/08/2001 01:28:50 PST Thu">
        <definition>COD:  feel intense dislike for or a strong aversion towards</definition>
        <sentenceCount annotated="72" total="373"/>
        <lexeme order="1" headword="false" breakBefore="false" POS="V" name="hate"/>
    </lexUnit>
    <lexUnit status="FN1_Sent" POS="V" name="like.v" ID="877" lemmaID="22340" cBy="ChW" cDate="02/08/2001 01:28:50 PST Thu">
        <definition>COD: find agreeable, enjoyable, or satisfactory</definition>
        <sentenceCount annotated="73" total="512"/>
        <lexeme order="1" headword="false" breakBefore="false" POS="V" name="like"/>
    </lexUnit>
    <lexUnit status="FN1_Sent" POS="V" name="loathe.v" ID="878" lemmaID="22593" cBy="ChW" cDate="02/08/2001 01:28:50 PST Thu">
        <definition>COD: feel hatred or disgust for.</definition>
        <sentenceCount annotated="31" total="145"/>
        <lexeme order="1" headword="false" breakBefore="false" POS="V" name="loathe"/>
    </lexUnit>
    <lexUnit status="FN1_Sent" POS="V" name="love.v" ID="880" lemmaID="22830" cBy="ChW" cDate="02/08/2001 01:28:50 PST Thu">
        <definition>COD: like very much.</definition>
        <sentenceCount annotated="49" total="394"/>
        <lexeme order="1" headword="false" breakBefore="false" POS="V" name="love"/>
    </lexUnit>
    <lexUnit status="FN1_Sent" POS="V" name="mourn.v" ID="881" lemmaID="25071" cBy="ChW" cDate="02/08/2001 01:28:50 PST Thu">
        <definition>COD: feel deep sorrow following the death or loss of.</definition>
        <sentenceCount annotated="31" total="133"/>
        <lexeme order="1" headword="false" breakBefore="false" POS="V" name="mourn"/>
    </lexUnit>
    <lexUnit status="FN1_Sent" POS="V" name="pity.v" ID="883" lemmaID="29180" cBy="ChW" cDate="02/08/2001 01:28:51 PST Thu">
        <definition>COD: feel pity for.</definition>
        <sentenceCount annotated="16" total="129"/>
        <lexeme order="1" headword="false" breakBefore="false" POS="V" name="pity"/>
    </lexUnit>
    <lexUnit status="FN1_Sent" POS="V" name="regret.v" ID="884" lemmaID="32416" cBy="ChW" cDate="02/08/2001 01:28:51 PST Thu">
        <definition>COD: feel or express sorrow, repentance, or disappointment over.</definition>
        <sentenceCount annotated="53" total="281"/>
        <lexeme order="1" headword="false" breakBefore="false" POS="V" name="regret"/>
    </lexUnit>
    <lexUnit status="Problem" POS="V" name="relish.v" ID="885" lemmaID="32537" cBy="ChW" cDate="02/08/2001 01:28:51 PST Thu">
        <definition>FN: take great pleasure in</definition>
        <sentenceCount annotated="43" total="115"/>
        <lexeme order="1" headword="false" breakBefore="false" POS="V" name="relish"/>
    </lexUnit>
    <lexUnit status="FN1_Sent" POS="V" name="resent.v" ID="886" lemmaID="32817" cBy="ChW" cDate="02/08/2001 01:28:51 PST Thu">
        <definition>COD: feel bitterness or indignation at.</definition>
        <sentenceCount annotated="160" total="212"/>
        <lexeme order="1" headword="false" breakBefore="false" POS="V" name="resent"/>
    </lexUnit>
    <lexUnit status="Finished_Initial" POS="V" name="rue.v" ID="887" lemmaID="33721" cBy="ChW" cDate="02/08/2001 01:28:51 PST Thu">
        <definition>FN: to feel compassion for; pity</definition>
        <sentenceCount annotated="6" total="34"/>
        <lexeme order="1" headword="false" breakBefore="false" POS="V" name="rue"/>
    </lexUnit>
    <lexUnit status="Add_Annotation" POS="A" name="rueful.a" ID="4198" lemmaID="33722" cBy="JKR" cDate="10/08/2001 01:46:13 PDT Mon">
        <definition>COD: expressing regret, especially in a wry or humorous way. </definition>
        <sentenceCount annotated="5" total="99"/>
        <lexeme order="1" headword="false" breakBefore="false" POS="A" name="rueful"/>
    </lexUnit>
    <lexUnit status="Finished_Initial" POS="N" name="hatred.n" ID="4202" lemmaID="17555" cBy="JKR" cDate="10/08/2001 03:12:28 PDT Mon">
        <definition>COD:  intense dislike.</definition>
        <sentenceCount annotated="36" total="270"/>
        <lexeme order="1" headword="false" breakBefore="false" POS="N" name="hatred"/>
    </lexUnit>
    <lexUnit status="Finished_Initial" POS="N" name="empathy.n" ID="4203" lemmaID="12615" cBy="JKR" cDate="10/08/2001 03:37:47 PDT Mon">
        <definition>COD: the ability to empathize. </definition>
        <sentenceCount annotated="25" total="141"/>
        <lexeme order="1" headword="false" breakBefore="false" POS="N" name="empathy"/>
    </lexUnit>
    <lexUnit status="Problem" POS="A" name="empathetic.a" ID="4204" lemmaID="45243" cBy="JKR" cDate="10/08/2001 03:43:40 PDT Mon">
        <definition>FN: showing empathy</definition>
        <sentenceCount annotated="3" total="15"/>
        <lexeme order="1" headword="false" breakBefore="false" POS="A" name="empathetic"/>
    </lexUnit>
    <lexUnit status="Finished_Initial" POS="N" name="compassion.n" ID="4313" lemmaID="7445" cBy="JKR" cDate="10/22/2001 01:38:05 PDT Mon">
        <definition>COD: sympathetic pity and concern for the sufferings or misfortunes of others. </definition>
        <sentenceCount annotated="26" total="209"/>
        <lexeme order="1" headword="false" breakBefore="false" POS="N" name="compassion"/>
    </lexUnit>
    <lexUnit status="Problem" POS="V" name="savour.v" ID="4810" lemmaID="48" cBy="ACW" cDate="02/05/2002 11:11:25 PST Tue">
        <definition>COD: with obj. appreciate and enjoy the taste of (good food or drink)or enjoy or appreciate to the full. </definition>
        <sentenceCount annotated="15" total="101"/>
        <lexeme order="1" headword="false" breakBefore="false" POS="V" name="savor"/>
    </lexUnit>
    <lexUnit status="Problem" POS="V" name="luxuriate.v" ID="4811" lemmaID="45436" cBy="ACW" cDate="02/05/2002 11:13:30 PST Tue">
        <definition>COD: no obj. luxuriate in/over enjoy as a luxury. </definition>
        <sentenceCount annotated="5" total="25"/>
        <lexeme order="1" headword="false" breakBefore="false" POS="V" name="luxuriate"/>
    </lexUnit>
    <lexUnit status="Problem" POS="A" name="afraid.a" ID="6300" lemmaID="731" cBy="ACW" cDate="06/28/2002 01:37:42 PDT Fri">
        <definition>COD: fearful or anxious.</definition>
        <sentenceCount annotated="34" total="415"/>
        <lexeme order="1" headword="false" breakBefore="false" POS="A" name="afraid"/>
    </lexUnit>
    <lexUnit status="Problem" POS="A" name="terrified.a" ID="6301" lemmaID="45777" cBy="ACW" cDate="06/28/2002 01:38:22 PDT Fri">
        <definition>FN: extremely fearful</definition>
        <sentenceCount annotated="30" total="143"/>
        <lexeme order="1" headword="false" breakBefore="false" POS="A" name="terrified"/>
    </lexUnit>
    <lexUnit status="Problem" POS="A" name="scared.a" ID="6302" lemmaID="34346" cBy="ACW" cDate="06/28/2002 01:41:22 PDT Fri">
        <definition>FN: afraid</definition>
        <sentenceCount annotated="47" total="333"/>
        <lexeme order="1" headword="false" breakBefore="false" POS="A" name="scared"/>
    </lexUnit>
    <lexUnit status="Problem" POS="N" name="dread.n" ID="6687" lemmaID="11725" cBy="JKR" cDate="07/19/2002 01:27:37 PDT Fri">
        <definition>COD: great fear or apprehension</definition>
        <sentenceCount annotated="30" total="196"/>
        <lexeme order="1" headword="false" breakBefore="false" POS="N" name="dread"/>
    </lexUnit>
    <lexUnit status="Finished_Initial" POS="N" name="dislike.n" ID="6689" lemmaID="11030" cBy="JKR" cDate="07/19/2002 02:50:37 PDT Fri">
        <definition>FN: a feeling of aversion or distaste.</definition>
        <sentenceCount annotated="17" total="151"/>
        <lexeme order="1" headword="false" breakBefore="false" POS="N" name="dislike"/>
    </lexUnit>
    <lexUnit status="Problem" POS="N" name="enjoyment.n" ID="6690" lemmaID="12790" cBy="JKR" cDate="07/19/2002 03:38:56 PDT Fri">
        <definition>FN: the state of enjoying something</definition>
        <sentenceCount annotated="40" total="274"/>
        <lexeme order="1" headword="false" breakBefore="false" POS="N" name="enjoyment"/>
    </lexUnit>
    <lexUnit status="Finished_Initial" POS="N" name="desperation.n" ID="6694" lemmaID="10373" cBy="JKR" cDate="07/19/2002 04:12:41 PDT Fri">
        <definition>COD: a state of despair, especially as resulting in rash or extreme behaviour</definition>
        <sentenceCount annotated="35" total="187"/>
        <lexeme order="1" headword="false" breakBefore="false" POS="N" name="desperation"/>
    </lexUnit>
    <lexUnit status="Finished_Initial" POS="N" name="envy.n" ID="6695" lemmaID="12932" cBy="JKR" cDate="07/19/2002 04:18:29 PDT Fri">
        <definition>COD: discontented or resentful longing aroused by another's possessions, qualities, or luck</definition>
        <sentenceCount annotated="29" total="203"/>
        <lexeme order="1" headword="false" breakBefore="false" POS="N" name="envy"/>
    </lexUnit>
    <lexUnit status="Finished_Initial" POS="N" name="loathing.n" ID="6697" lemmaID="22594" cBy="JKR" cDate="07/19/2002 04:34:46 PDT Fri">
        <definition>FN: a feeling of extreme disgust</definition>
        <sentenceCount annotated="18" total="110"/>
        <lexeme order="1" headword="false" breakBefore="false" POS="N" name="loathing"/>
    </lexUnit>
    <lexUnit status="Finished_Initial" POS="N" name="pity.n" ID="6700" lemmaID="29179" cBy="JKR" cDate="07/19/2002 04:43:22 PDT Fri">
        <definition>COD: the feeling of sorrow and compassion caused by the sufferings of others</definition>
        <sentenceCount annotated="31" total="263"/>
        <lexeme order="1" headword="false" breakBefore="false" POS="N" name="pity"/>
    </lexUnit>
    <lexUnit status="Finished_Initial" POS="N" name="regret.n" ID="6704" lemmaID="32415" cBy="JKR" cDate="07/23/2002 01:16:55 PDT Tue">
        <definition>COD: a feeling of sorrow, repentance, or disappointment</definition>
        <sentenceCount annotated="43" total="277"/>
        <lexeme order="1" headword="false" breakBefore="false" POS="N" name="regret"/>
    </lexUnit>
    <lexUnit status="Finished_Initial" POS="N" name="resentment.n" ID="6705" lemmaID="32821" cBy="JKR" cDate="07/23/2002 01:35:20 PDT Tue">
        <definition>COD: bitterness; indignation.</definition>
        <sentenceCount annotated="33" total="297"/>
        <lexeme order="1" headword="false" breakBefore="false" POS="N" name="resentment"/>
    </lexUnit>
    <lexUnit status="Finished_Initial" POS="N" name="adoration.n" ID="6706" lemmaID="555" cBy="JKR" cDate="07/23/2002 01:52:30 PDT Tue">
        <definition>FN: the state of adoring; profound love</definition>
        <sentenceCount annotated="25" total="110"/>
        <lexeme order="1" headword="false" breakBefore="false" POS="N" name="adoration"/>
    </lexUnit>
    <lexUnit status="Finished_Initial" POS="N" name="abhorrence.n" ID="6707" lemmaID="105" cBy="JKR" cDate="07/23/2002 02:00:00 PDT Tue">
        <definition>FN: the act or feeling of abhorring</definition>
        <sentenceCount annotated="17" total="30"/>
        <lexeme order="1" headword="false" breakBefore="false" POS="N" name="abhorrence"/>
    </lexUnit>
    <lexUnit status="Finished_Initial" POS="N" name="relish.n" ID="6709" lemmaID="32536" cBy="JKR" cDate="07/23/2002 06:08:59 PDT Tue">
        <definition>COD: great enjoyment</definition>
        <sentenceCount annotated="10" total="124"/>
        <lexeme order="1" headword="false" breakBefore="false" POS="N" name="relish"/>
    </lexUnit>
    <lexUnit status="Finished_Initial" POS="N" name="detestation.n" ID="6711" lemmaID="10448" cBy="JKR" cDate="07/23/2002 06:22:13 PDT Tue">
        <definition>COD: intense dislike</definition>
        <sentenceCount annotated="6" total="14"/>
        <lexeme order="1" headword="false" breakBefore="false" POS="N" name="detestation"/>
    </lexUnit>
    <lexUnit status="Insufficient_Attestations" POS="A" name="nettled.a" ID="6824" lemmaID="45938" cBy="ACW" cDate="07/25/2002 05:12:38 PDT Thu">
        <definition>FN: to be annoyed </definition>
        <sentenceCount annotated="0" total="0"/>
        <lexeme order="1" headword="false" breakBefore="false" POS="A" name="nettled"/>
    </lexUnit>
    <lexUnit status="Finished_Initial" POS="A" name="worried.a" ID="6851" lemmaID="44510" cBy="ACW" cDate="07/26/2002 12:27:47 PDT Fri">
        <definition>FN: feeling trouble over difficulties</definition>
        <sentenceCount annotated="54" total="539"/>
        <lexeme order="1" headword="false" breakBefore="false" POS="A" name="worried"/>
    </lexUnit>
    <lexUnit status="Finished_Initial" POS="A" name="nervous.a" ID="6852" lemmaID="25692" cBy="ACW" cDate="07/26/2002 12:45:20 PDT Fri">
        <definition>FN: easily agitated</definition>
        <sentenceCount annotated="46" total="491"/>
        <lexeme order="1" headword="false" breakBefore="false" POS="A" name="nervous"/>
    </lexUnit>
    <lexUnit status="Finished_Initial" POS="A" name="apprehensive.a" ID="7110" lemmaID="1761" cBy="ACW" cDate="08/07/2002 11:53:27 PDT Wed">
        <definition>COD: anticipating with anxiety or fear. </definition>
        <sentenceCount annotated="28" total="164"/>
        <lexeme order="1" headword="false" breakBefore="false" POS="A" name="apprehensive"/>
    </lexUnit>
    <lexUnit status="Created" POS="A" name="fond.a" ID="8354" lemmaID="14942" cBy="MJE" cDate="02/27/2003 11:47:32 PST Thu">
        <definition>COD:  having an affection or liking for.</definition>
        <sentenceCount annotated="0" total="0"/>
        <lexeme order="1" headword="false" breakBefore="false" POS="A" name="fond"/>
    </lexUnit>
    <lexUnit status="Finished_Initial" POS="A" name="interested.a" ID="8746" lemmaID="20317" cBy="GlY" cDate="06/05/2003 02:51:09 PDT Thu">
        <definition>FN: wanting to know </definition>
        <sentenceCount annotated="24" total="144"/>
        <lexeme order="1" headword="false" breakBefore="false" POS="A" name="interested"/>
    </lexUnit>
    <lexUnit status="Created" POS="A" name="agape.a" ID="10257" lemmaID="766" cBy="TRn" cDate="03/08/2004 03:37:58 PST Mon">
        <definition>FN: in a state of amazement , as with the mouth wide open.</definition>
        <sentenceCount annotated="0" total="0"/>
        <lexeme order="1" headword="false" breakBefore="false" POS="A" name="agape"/>
    </lexUnit>
    <lexUnit status="Created" POS="A" name="fulfilled.a" ID="10258" lemmaID="48868" cBy="TRn" cDate="03/08/2004 03:41:47 PST Mon">
        <definition>FN: satisfied.</definition>
        <sentenceCount annotated="0" total="0"/>
        <lexeme order="1" headword="true" breakBefore="false" POS="A" name="fulfilled"/>
    </lexUnit>
    <lexUnit status="Created" POS="N" name="fulfillment.n" ID="10259" lemmaID="15632" cBy="TRn" cDate="03/08/2004 03:43:47 PST Mon">
        <definition>FN: satisfaction.</definition>
        <sentenceCount annotated="2" total="2"/>
        <lexeme order="1" headword="false" breakBefore="false" POS="N" name="fulfillment"/>
    </lexUnit>
    <lexUnit status="Created" POS="N" name="satisfaction.n" ID="10260" lemmaID="34194" cBy="TRn" cDate="03/08/2004 03:44:44 PST Mon">
        <definition>FN: the state of having one's desires sated.</definition>
        <sentenceCount annotated="1" total="1"/>
        <lexeme order="1" headword="false" breakBefore="false" POS="N" name="satisfaction"/>
    </lexUnit>
    <lexUnit status="Created" POS="A" name="satisfied.a" ID="10261" lemmaID="48871" cBy="TRn" cDate="03/08/2004 03:54:07 PST Mon">
        <definition>FN: content.</definition>
        <sentenceCount annotated="2" total="2"/>
        <lexeme order="1" headword="true" breakBefore="false" POS="A" name="satisfied"/>
    </lexUnit>
    <lexUnit status="Created" POS="A" name="worked up.a" ID="10262" lemmaID="48872" cBy="TRn" cDate="03/08/2004 04:01:56 PST Mon">
        <definition>FN: in a state of intense excitement, anger, or anxiety.</definition>
        <sentenceCount annotated="0" total="0"/>
        <lexeme order="1" headword="true" breakBefore="false" POS="A" name="worked"/>
        <lexeme order="2" headword="false" breakBefore="false" POS="ADV" name="up"/>
    </lexUnit>
    <lexUnit status="Created" POS="A" name="dissatisfied.a" ID="10812" lemmaID="49401" cBy="CHg" cDate="07/15/2004 06:14:10 PDT Thu">
        <definition>FN: not content</definition>
        <sentenceCount annotated="6" total="6"/>
        <lexeme order="1" headword="true" breakBefore="false" POS="A" name="dissatisfied"/>
    </lexUnit>
    <lexUnit status="Created" POS="A" name="fazed.a" ID="10874" lemmaID="49464" cBy="KlB" cDate="08/18/2004 05:23:03 PDT Wed">
        <definition>FN: caused to show discomposure</definition>
        <sentenceCount annotated="0" total="0"/>
        <lexeme order="1" headword="true" breakBefore="false" POS="A" name="fazed"/>
    </lexUnit>
    <lexUnit status="Created" POS="A" name="unfazed.a" ID="10875" lemmaID="49465" cBy="KlB" cDate="08/18/2004 05:23:21 PDT Wed">
        <definition>FN: not disturbed</definition>
        <sentenceCount annotated="1" total="1"/>
        <lexeme order="1" headword="true" breakBefore="false" POS="A" name="unfazed"/>
    </lexUnit>
    <lexUnit status="Created" POS="A" name="calm.a" ID="10876" lemmaID="5254" cBy="KlB" cDate="08/18/2004 05:23:38 PDT Wed">
        <definition>COD: peaceful and undisturbed</definition>
        <sentenceCount annotated="1" total="1"/>
        <lexeme order="1" headword="false" breakBefore="false" POS="A" name="calm"/>
    </lexUnit>
    <lexUnit status="Created" POS="N" name="comfort.n" ID="10902" lemmaID="7296" cBy="JKR" cDate="08/19/2004 04:44:56 PDT Thu">
        <definition>COD: consolation for grief or anxiety</definition>
        <sentenceCount annotated="2" total="2"/>
        <lexeme order="1" headword="false" breakBefore="false" POS="N" name="comfort"/>
    </lexUnit>
    <lexUnit status="Created" POS="N" name="solace.n" ID="10903" lemmaID="36837" cBy="JKR" cDate="08/19/2004 04:46:13 PDT Thu">
        <definition>COD: comfort or consolation in time of distress.</definition>
        <sentenceCount annotated="1" total="1"/>
        <lexeme order="1" headword="false" breakBefore="false" POS="N" name="solace"/>
    </lexUnit>
    <lexUnit status="Created" POS="N" name="pleasure.n" ID="11178" lemmaID="29357" cBy="MiL" cDate="11/18/2004 03:13:25 PST Thu">
        <definition>COD: feeling of happy satisfaction and enjoyment.</definition>
        <sentenceCount annotated="2" total="2"/>
        <lexeme order="1" headword="false" breakBefore="false" POS="N" name="pleasure"/>
    </lexUnit>
    <lexUnit status="Created" POS="A" name="irritated.a" ID="11182" lemmaID="32" cBy="MiL" cDate="11/18/2004 03:18:02 PST Thu">
        <definition>FN: annoyed or angry</definition>
        <sentenceCount annotated="0" total="0"/>
        <lexeme order="1" headword="false" breakBefore="false" POS="A" name="irritated"/>
    </lexUnit>
    <lexUnit status="Created" POS="A" name="upset.a" ID="11184" lemmaID="42501" cBy="MiL" cDate="11/18/2004 03:20:24 PST Thu">
        <definition>FN: being unhappy about something</definition>
        <sentenceCount annotated="2" total="2"/>
        <lexeme order="1" headword="false" breakBefore="false" POS="A" name="upset"/>
    </lexUnit>
    <lexUnit status="Created" POS="N" name="antipathy.n" ID="11974" lemmaID="1584" cBy="JKR" cDate="04/27/2005 10:32:49 PDT Wed">
        <definition>COD: a deep-seated feeling of aversion</definition>
        <sentenceCount annotated="0" total="0"/>
        <lexeme order="1" headword="false" breakBefore="false" POS="N" name="antipathy"/>
    </lexUnit>
    <lexUnit status="Created" POS="A" name="taken.a" ID="12203" lemmaID="45220" cBy="MJE" cDate="06/10/2005 04:30:45 PDT Fri">
        <definition>COD: be attracted or charmed by.</definition>
        <sentenceCount annotated="0" total="0"/>
        <lexeme order="1" headword="false" breakBefore="false" POS="A" name="taken"/>
    </lexUnit>
    <lexUnit status="Created" POS="A" name="fed up.a" ID="13265" lemmaID="49505" cBy="MiL" cDate="06/19/2006 04:47:32 PDT Mon">
        <definition>FN: having lost patience</definition>
        <sentenceCount annotated="0" total="0"/>
        <lexeme order="1" headword="true" breakBefore="false" POS="A" name="fed"/>
        <lexeme order="2" headword="false" breakBefore="false" POS="ADV" name="up"/>
    </lexUnit>
    <lexUnit status="Created" POS="A" name="intimidated.a" ID="13542" lemmaID="50441" cBy="RLG" cDate="08/23/2006 11:26:24 PDT Wed">
        <definition>FN: frightened.</definition>
        <sentenceCount annotated="0" total="1"/>
        <lexeme order="1" headword="true" breakBefore="false" POS="A" name="intimidated"/>
    </lexUnit>
    <lexUnit status="Created" POS="ADV" name="happily.adv" ID="13832" lemmaID="17417" cBy="MJE" cDate="02/25/2007 02:40:54 PST Sun">
        <definition>FN: without negative emotion.</definition>
        <sentenceCount annotated="1" total="1"/>
        <lexeme order="1" headword="false" breakBefore="false" POS="ADV" name="happily"/>
    </lexUnit>
    <lexUnit status="Created" POS="A" name="feverish.a" ID="14144" lemmaID="14237" cBy="RLG" cDate="03/26/2007 09:45:43 PDT Mon">
        <definition>FN: nervous, excited.</definition>
        <sentenceCount annotated="0" total="0"/>
        <lexeme order="1" headword="false" breakBefore="false" POS="A" name="feverish"/>
    </lexUnit>
    <lexUnit status="Created" POS="ADV" name="feverishly.adv" ID="14145" lemmaID="14238" cBy="RLG" cDate="03/26/2007 09:46:14 PDT Mon">
        <definition>FN: in an nervously excided manner.</definition>
        <sentenceCount annotated="1" total="1"/>
        <lexeme order="1" headword="false" breakBefore="false" POS="ADV" name="feverishly"/>
    </lexUnit>
    <lexUnit status="Needs_SCs" POS="A" name="cool.a" ID="15321" lemmaID="8256" cBy="JKs" cDate="04/03/2009 12:26:55 PDT Fri">
        <definition>FN: calm and collected</definition>
        <sentenceCount annotated="17" total="143"/>
        <lexeme order="1" headword="false" breakBefore="false" POS="A" name="cool"/>
    </lexUnit>
    <lexUnit status="Created" POS="A" name="easy.a" ID="16220" lemmaID="51280" cBy="MLC" cDate="02/18/2011 03:13:07 PST Fri">
        <definition>FN: a state in which the experiencer is at ease; free from worry or anxiety.</definition>
        <sentenceCount annotated="0" total="0"/>
        <lexeme order="1" headword="true" breakBefore="false" POS="A" name="easy"/>
    </lexUnit>
    <lexUnit status="Created" POS="N" name="discomfort.n" ID="16898" lemmaID="10857" cBy="CVa" cDate="02/15/2012 10:11:52 PST Wed">
        <definition>FN: a state of mental distress</definition>
        <sentenceCount annotated="0" total="0"/>
        <lexeme order="1" headword="false" breakBefore="false" POS="N" name="discomfort"/>
    </lexUnit>
</frame>