<?xml version="1.0" encoding="UTF-8" standalone="yes"?>
<?xml-stylesheet type="text/xsl" href="frame.xsl"?>
<frame cBy="ChW" cDate="02/07/2001 04:11:56 PST Wed" name="Expectation" ID="26" xsi:schemaLocation="../schema/frame.xsd" xmlns="http://framenet.icsi.berkeley.edu" xmlns:xsi="http://www.w3.org/2001/XMLSchema-instance">
    <definition>&lt;def-root&gt;Words in this frame have to do with a &lt;fen&gt;Cognizer&lt;/fen&gt; believing that some &lt;fen&gt;Phenomenon&lt;/fen&gt; will take place in the future.  Some words in the frame (e.g. &lt;ment&gt;foresee.v&lt;/ment&gt;) indicate that the &lt;fen&gt;Phenomenon&lt;/fen&gt; is asserted also to be true, while others do not.

&lt;ex&gt;&lt;fex name="Cog"&gt;Michael&lt;/fex&gt; &lt;t&gt;expected&lt;/t&gt; &lt;fex name="Phen"&gt;Abby&lt;/fex&gt; &lt;fex name="Phen"&gt;to demand examples&lt;/fex&gt;.&lt;/ex&gt;
&lt;ex&gt;&lt;fex name="Evidence"&gt;From the look on her face&lt;/fex&gt; &lt;fex name="Cog"&gt;Michael&lt;/fex&gt; &lt;t&gt;expected&lt;/t&gt; &lt;fex name="Phen"&gt;that she would say she got the job&lt;/fex&gt;.&lt;/ex&gt;

&lt;/def-root&gt;</definition>
    <FE bgColor="FF0000" fgColor="FFFFFF" coreType="Core" cBy="ChW" cDate="02/07/2001 04:11:56 PST Wed" abbrev="Cog" name="Cognizer" ID="109">
        <definition>&lt;def-root&gt;This is the person who believes some Phenomenon will take place in the future. It is normally expressed as an External Argument: &lt;fex name="Cognizer"&gt;Pat&lt;/fex&gt; &lt;t&gt;expects&lt;/t&gt; that the Yankees will win the World Series. &lt;/def-root&gt;</definition>
        <semType name="Sentient" ID="5"/>
    </FE>
    <FE bgColor="0000FF" fgColor="FFFFFF" coreType="Core" cBy="ChW" cDate="02/07/2001 04:11:56 PST Wed" abbrev="Phen" name="Phenomenon" ID="110">
        <definition>&lt;def-root&gt;This is what the Cognizer believes will happen in the future. It can be expressed as a Finite Clause Complement, an NP Object, or a VP Complement with or without an NP Object (see General Grammatical Observations): 
&lt;ex&gt;Pat &lt;t&gt;expects&lt;/t&gt; &lt;fex name="Phenomenon"&gt;that the Yankees will win the World Series&lt;/fex&gt;.&lt;/ex&gt;
&lt;ex&gt;Pat &lt;t&gt;expects&lt;/t&gt; &lt;fex name="Phenomenon"&gt;a big win&lt;/fex&gt;.&lt;/ex&gt;
&lt;ex&gt;Pat &lt;t&gt;expects&lt;/t&gt; &lt;fex name="Phenomenon"&gt;the Yankees&lt;/fex&gt; &lt;fex name="Phenomenon"&gt;to win the World Series&lt;/fex&gt;.&lt;/ex&gt;
 General Grammatical Observations:  Many of the verbs in this frame allow Raising: Pat &lt;t&gt;expects&lt;/t&gt; it to rain. In the example above, the word &lt;ment&gt;it&lt;/ment&gt; is grammatically the Object of the target verb &lt;ment&gt;expect&lt;/ment&gt;, but it does not express an FE. Rather, it is merely construed as the External Argument of the verb &lt;ment&gt;rain&lt;/ment&gt;, which heads the VP Complement of the target. In this situation, both the raised consituent &lt;ment&gt;it&lt;/ment&gt; and the VP Complement are marked with the &lt;fex name="Phen"&gt;Phenomenon&lt;/fex&gt; FE, but are marked as separate constituents. That is because the Object can be passivized and therefore not appear adjacent to the VP Complement: It is &lt;t&gt;expected&lt;/t&gt; to rain. &lt;/def-root&gt;</definition>
    </FE>
    <FE bgColor="FF69B4" fgColor="FFFFFF" coreType="Peripheral" cBy="MJE" cDate="06/23/2001 07:56:04 PDT Sat" abbrev="Degr" name="Degree" ID="1029">
        <definition>&lt;def-root&gt;Degree to which event occurs&lt;/def-root&gt;</definition>
        <semType name="Degree" ID="172"/>
    </FE>
    <FE bgColor="9400D3" fgColor="FFFFFF" coreType="Extra-Thematic" cBy="MJE" cDate="06/23/2001 07:56:04 PDT Sat" abbrev="Depict" name="Depictive" ID="1030">
        <definition>&lt;def-root&gt;Depictive phrase describing the actor of an action
&lt;ex&gt;We &lt;t&gt;awaited&lt;/t&gt; the lunar eclipse &lt;fex name="Depictive"&gt;sitting atop a hill&lt;/fex&gt;.&lt;/ex&gt;&lt;/def-root&gt;</definition>
    </FE>
    <FE bgColor="FF00FF" fgColor="FFFFFF" coreType="Peripheral" cBy="MJE" cDate="06/23/2001 07:56:04 PDT Sat" abbrev="Manr" name="Manner" ID="1033">
        <definition>&lt;def-root&gt;Manner of performing an action&lt;/def-root&gt;</definition>
        <semType name="Manner" ID="173"/>
    </FE>
    <FE bgColor="006400" fgColor="FFFFFF" coreType="Peripheral" cBy="MJE" cDate="06/23/2001 07:59:53 PDT Sat" abbrev="Evid" name="Evidence" ID="1041">
        <definition>&lt;def-root&gt;Words in this frame may occur with a PP headed by &lt;ment&gt;from&lt;/ment&gt; which expresses the Evidence on which knowledge or belief is based: I have &lt;t&gt;learned&lt;/t&gt; &lt;fex name="Evidence"&gt;from experience&lt;/fex&gt; that poison oak can be painful. &lt;/def-root&gt;</definition>
    </FE>
    <FE bgColor="800080" fgColor="FFFFFF" coreType="Peripheral" cBy="MJE" cDate="01/11/2006 02:25:12 PST Wed" abbrev="pla" name="Place" ID="9835">
        <definition>&lt;def-root&gt;The location where the &lt;fen&gt;Cognizer&lt;/fen&gt; foresees the &lt;fen&gt;Phenomenon&lt;/fen&gt;.

&lt;ex&gt;&lt;fex name="pla"&gt;Even at the far side of the house&lt;/fex&gt; I could &lt;t&gt;predict&lt;/t&gt; what was going on the kitchen.&lt;/ex&gt;&lt;/def-root&gt;</definition>
        <semType name="Locative_relation" ID="182"/>
    </FE>
    <FE bgColor="FFA500" fgColor="FFFFFF" coreType="Peripheral" cBy="MJE" cDate="01/11/2006 02:29:40 PST Wed" abbrev="tim" name="Time" ID="9836">
        <definition>&lt;def-root&gt;The time when the &lt;fen&gt;Cognizer&lt;/fen&gt; makes the prediction.

&lt;ex&gt;She &lt;t&gt;predicted&lt;/t&gt; the outcry &lt;fex name="tim"&gt;several months ago&lt;/fex&gt;.&lt;/ex&gt;&lt;/def-root&gt;</definition>
        <semType name="Time" ID="141"/>
    </FE>
    <FE bgColor="00BFFF" fgColor="FFFFFF" coreType="Core" cBy="MJE" cDate="01/11/2006 03:53:09 PST Wed" abbrev="top" name="Topic" ID="9837">
        <definition>&lt;def-root&gt;An entity that serves as the focus of a predicted &lt;fen&gt;Phenomenon&lt;/fen&gt;.

&lt;ex&gt;&lt;t&gt;Predictions&lt;/t&gt; &lt;fex name="Topic"&gt;about stock prices&lt;/fex&gt; are notoriously undependable.&lt;/ex&gt;&lt;/def-root&gt;</definition>
    </FE>
    <FE bgColor="d0d0d0" fgColor="000000" coreType="Peripheral" cBy="MJE" cDate="06/30/2014 03:52:32 PDT Mon" abbrev="time2" name="Time_of_phenomenon" ID="16124">
        <definition>&lt;def-root&gt;The time that the &lt;fen&gt;Cognizer&lt;/fen&gt; expects the &lt;fen&gt;Phenomenon&lt;/fen&gt; to occur.  Note that it is distinct from simple &lt;fen&gt;Time&lt;/fen&gt;, which is when the &lt;fen&gt;Cognizer&lt;/fen&gt; is actually involved in thinking about the &lt;fen&gt;Phenomenon&lt;/fen&gt;.

&lt;ex&gt;Another arrival is &lt;t&gt;expected&lt;/t&gt; &lt;fex name="time2"&gt;this Tuesday&lt;/fex&gt; .&lt;/ex&gt;&lt;/def-root&gt;</definition>
    </FE>
    <FEcoreSet>
        <memberFE name="Topic" ID="9837"/>
        <memberFE name="Phenomenon" ID="110"/>
    </FEcoreSet>
    <frameRelation type="Inherits from">
        <relatedFrame ID="19">Awareness</relatedFrame>
    </frameRelation>
    <frameRelation type="Is Inherited by"/>
    <frameRelation type="Perspective on"/>
    <frameRelation type="Is Perspectivized in"/>
    <frameRelation type="Uses"/>
    <frameRelation type="Is Used by">
        <relatedFrame ID="425">Predicting</relatedFrame>
    </frameRelation>
    <frameRelation type="Subframe of"/>
    <frameRelation type="Has Subframe(s)"/>
    <frameRelation type="Precedes"/>
    <frameRelation type="Is Preceded by"/>
    <frameRelation type="Is Inchoative of"/>
    <frameRelation type="Is Causative of"/>
    <frameRelation type="See also">
        <relatedFrame ID="412">Omen</relatedFrame>
    </frameRelation>
    <lexUnit status="FN1_Sent" POS="V" name="anticipate.v" ID="253" lemmaID="1558" cBy="ChW" cDate="02/08/2001 01:27:50 PST Thu">
        <definition>COD: regard as probable</definition>
        <sentenceCount annotated="58" total="277"/>
        <lexeme order="1" headword="false" breakBefore="false" POS="V" name="anticipate"/>
    </lexUnit>
    <lexUnit status="FN1_Sent" POS="V" name="await.v" ID="254" lemmaID="2505" cBy="ChW" cDate="02/08/2001 01:27:50 PST Thu">
        <definition>COD: wait for</definition>
        <sentenceCount annotated="57" total="215"/>
        <lexeme order="1" headword="false" breakBefore="false" POS="V" name="await"/>
    </lexUnit>
    <lexUnit status="FN1_Sent" POS="V" name="expect.v" ID="255" lemmaID="13510" cBy="ChW" cDate="02/08/2001 01:27:50 PST Thu">
        <definition>COD: regard as likely to happen, do, or be the case.</definition>
        <sentenceCount annotated="70" total="416"/>
        <lexeme order="1" headword="false" breakBefore="false" POS="V" name="expect"/>
    </lexUnit>
    <lexUnit status="FN1_Sent" POS="V" name="foresee.v" ID="256" lemmaID="15082" cBy="ChW" cDate="02/08/2001 01:27:50 PST Thu">
        <definition>COD: be aware of beforehand; predict.</definition>
        <sentenceCount annotated="45" total="228"/>
        <lexeme order="1" headword="false" breakBefore="false" POS="V" name="foresee"/>
    </lexUnit>
    <lexUnit status="FN1_Sent" POS="V" name="predict.v" ID="257" lemmaID="30132" cBy="ChW" cDate="02/08/2001 01:27:50 PST Thu">
        <definition>COD: state that (a specified event) will happen in the future.</definition>
        <sentenceCount annotated="54" total="336"/>
        <lexeme order="1" headword="false" breakBefore="false" POS="V" name="predict"/>
    </lexUnit>
    <lexUnit status="Finished_Initial" POS="A" name="predictable.a" ID="3585" lemmaID="30134" cBy="JKR" cDate="08/03/2001 09:05:54 PDT Fri">
        <definition>COD: able to be predicted</definition>
        <sentenceCount annotated="24" total="182"/>
        <lexeme order="1" headword="false" breakBefore="false" POS="A" name="predictable"/>
    </lexUnit>
    <lexUnit status="Finished_Initial" POS="A" name="unpredictable.a" ID="3586" lemmaID="45060" cBy="JKR" cDate="08/03/2001 09:16:01 PDT Fri">
        <definition>COD: not able to be predicted; changeable</definition>
        <sentenceCount annotated="25" total="119"/>
        <lexeme order="1" headword="false" breakBefore="false" POS="A" name="unpredictable"/>
        <semType name="Negative" ID="99"/>
    </lexUnit>
    <lexUnit status="Finished_Initial" POS="A" name="unforeseeable.a" ID="3587" lemmaID="45061" cBy="JKR" cDate="08/03/2001 09:25:40 PDT Fri">
        <definition>FN: which cannot be foreseen</definition>
        <sentenceCount annotated="7" total="24"/>
        <lexeme order="1" headword="false" breakBefore="false" POS="A" name="unforeseeable"/>
        <semType name="Negative" ID="99"/>
    </lexUnit>
    <lexUnit status="Finished_Initial" POS="A" name="foreseeable.a" ID="3588" lemmaID="15083" cBy="JKR" cDate="08/03/2001 09:28:27 PDT Fri">
        <definition>FN: able to be anticipated</definition>
        <sentenceCount annotated="17" total="87"/>
        <lexeme order="1" headword="false" breakBefore="false" POS="A" name="foreseeable"/>
        <semType name="Tendency_grading_LU" ID="91"/>
    </lexUnit>
    <lexUnit status="Created" POS="N" name="expectation.n" ID="13081" lemmaID="13515" cBy="MJE" cDate="01/11/2006 03:09:47 PST Wed">
        <definition>COD: belief that something will happen or be the case.</definition>
        <sentenceCount annotated="2" total="3"/>
        <lexeme order="1" headword="false" breakBefore="false" POS="N" name="expectation"/>
    </lexUnit>
    <lexUnit status="Needs_SCs" POS="N" name="prediction.n" ID="13082" lemmaID="30136" cBy="MJE" cDate="01/11/2006 03:11:06 PST Wed">
        <definition>FN: a specific idea of what will happen.</definition>
        <sentenceCount annotated="2" total="111"/>
        <lexeme order="1" headword="false" breakBefore="false" POS="N" name="prediction"/>
    </lexUnit>
    <lexUnit status="Created" POS="N" name="premonition.n" ID="13083" lemmaID="30221" cBy="MJE" cDate="01/11/2006 03:13:21 PST Wed">
        <definition>COD: a strong feeling that something is about to happen.</definition>
        <sentenceCount annotated="1" total="1"/>
        <lexeme order="1" headword="false" breakBefore="false" POS="N" name="premonition"/>
    </lexUnit>
    <lexUnit status="Created" POS="A" name="unexpected.a" ID="13928" lemmaID="42102" cBy="RLG" cDate="03/05/2007 11:44:00 PST Mon">
        <definition>COD: not expected or regarded as likely to happen.</definition>
        <sentenceCount annotated="2" total="2"/>
        <lexeme order="1" headword="false" breakBefore="false" POS="A" name="unexpected"/>
        <semType name="Negative" ID="99"/>
    </lexUnit>
    <lexUnit status="Created" POS="V" name="wait.v" ID="16597" lemmaID="43348" cBy="CVa" cDate="09/07/2011 05:46:59 PDT Wed">
        <definition>FN: to expect an event or phenomenon to occur</definition>
        <sentenceCount annotated="14" total="15"/>
        <lexeme order="1" headword="false" breakBefore="false" POS="V" name="wait"/>
    </lexUnit>
</frame>