<?xml version="1.0" encoding="UTF-8" standalone="yes"?>
<?xml-stylesheet type="text/xsl" href="frame.xsl"?>
<frame cBy="RLG" cDate="04/08/2005 02:37:15 PDT Fri" name="Extradition" ID="1370" xsi:schemaLocation="../schema/frame.xsd" xmlns="http://framenet.icsi.berkeley.edu" xmlns:xsi="http://www.w3.org/2001/XMLSchema-instance">
    <definition>&lt;def-root&gt;A &lt;fen&gt;Suspect&lt;/fen&gt; in a &lt;fen&gt;Current_jurisdiction&lt;/fen&gt; is forced by &lt;fen&gt;Authorities&lt;/fen&gt; (of the &lt;fen&gt;Current_jurisdiction&lt;/fen&gt;) to go to the &lt;fen&gt;Crime_jurisdiction&lt;/fen&gt;, i.e. the jurisdiction which requested that the &lt;fen&gt;Suspect&lt;/fen&gt; be handed over for trial for a crime which he or she is suspected to have committed in the &lt;fen&gt;Crime_jurisdiction&lt;/fen&gt;.  The purpose or reason for the extradition may also be expressed.

&lt;ex&gt;&lt;fex name="Suspect"&gt;The fraud&lt;/fex&gt; was &lt;t&gt;extradited&lt;/t&gt; &lt;fex name="Current_jurisdiction"&gt;from Venezuela&lt;/fex&gt; &lt;fex name="Crime_jurisdiction"&gt;to the US&lt;/fex&gt;.&lt;/ex&gt;
&lt;/def-root&gt;</definition>
    <FE bgColor="FF0000" fgColor="FFFFFF" coreType="Core" cBy="RLG" cDate="04/08/2005 02:44:24 PDT Fri" abbrev="aut" name="Authorities" ID="7693">
        <definition>&lt;def-root&gt;The &lt;fen&gt;Authorities&lt;/fen&gt; act on behalf of the &lt;fen&gt;Current_jurisdiction&lt;/fen&gt;, giving up the &lt;fen&gt;Suspect&lt;/fen&gt; to the Crime_jurisdiction.

&lt;ex&gt;&lt;fex name="aut"&gt;French officials&lt;/fex&gt; &lt;t&gt;extradited&lt;/t&gt; him back to Canada.&lt;/ex&gt;&lt;/def-root&gt;</definition>
        <semType name="Human" ID="80"/>
    </FE>
    <FE bgColor="008000" fgColor="FFFFFF" coreType="Core" cBy="RLG" cDate="04/08/2005 02:46:02 PDT Fri" abbrev="cur" name="Current_jurisdiction" ID="7694">
        <definition>&lt;def-root&gt;The jurisdiction (generally a nation) the &lt;fen&gt;Suspect&lt;/fen&gt; starts off in.

&lt;ex&gt;Jones was &lt;t&gt;extradited&lt;/t&gt; &lt;fex name="cur"&gt;from Mexico&lt;/fex&gt; last Thursday to face criminal charges in the United States.&lt;/ex&gt;&lt;/def-root&gt;</definition>
        <semType name="Locative_relation" ID="182"/>
    </FE>
    <FE bgColor="00BFFF" fgColor="FFFFFF" coreType="Core" cBy="RLG" cDate="04/08/2005 02:48:55 PDT Fri" abbrev="cri" name="Crime_jurisdiction" ID="7695">
        <definition>&lt;def-root&gt;The jurisdiction (generally a nation) to which the &lt;fen&gt;Suspect&lt;/fen&gt; is sent.

&lt;ex&gt;It was the third time a neo-Nazi was &lt;t&gt;extradited&lt;/t&gt; from Denmark &lt;fex name="cri"&gt;to Germany&lt;/fex&gt;.&lt;/ex&gt;&lt;/def-root&gt;</definition>
    </FE>
    <FE bgColor="0000FF" fgColor="FFFFFF" coreType="Core" cBy="RLG" cDate="04/08/2005 02:51:20 PDT Fri" abbrev="sus" name="Suspect" ID="7696">
        <definition>&lt;def-root&gt;The Suspect is forced to go to the jurisdiction where a crime he or she is suspected of took place or is being tried.

&lt;ex&gt;A hearing on whether or not to &lt;t&gt;extradite&lt;/t&gt; &lt;fex name="sus"&gt;Johnson&lt;/fex&gt; to Isreal will be held tomorrow.&lt;/ex&gt;&lt;/def-root&gt;</definition>
        <semType name="Human" ID="80"/>
    </FE>
    <FE bgColor="800080" fgColor="FFFFFF" coreType="Peripheral" cBy="Pam" cDate="04/08/2005 04:51:56 PDT Fri" abbrev="Purp" name="Purpose" ID="7706">
        <definition>&lt;def-root&gt;The &lt;fen&gt;Purpose&lt;/fen&gt; for which the &lt;fen&gt;Authorities&lt;/fen&gt; extradite the &lt;fen&gt;Suspect&lt;/fen&gt;.

&lt;ex&gt;The authorities &lt;t&gt;extradited&lt;/t&gt; him &lt;fex name="Purp"&gt;for trial&lt;/fex&gt; in the US&lt;/ex&gt;.&lt;/def-root&gt;</definition>
        <semType name="State_of_affairs" ID="177"/>
    </FE>
    <FE bgColor="90876C" fgColor="FFFFFF" coreType="Extra-Thematic" cBy="Pam" cDate="04/08/2005 04:55:47 PDT Fri" abbrev="exp" name="Explanation" ID="7707">
        <definition>&lt;def-root&gt;The &lt;fen&gt;Explanation&lt;/fen&gt; for which the &lt;fen&gt;Authorities&lt;/fen&gt; extradite the &lt;fen&gt;Suspect&lt;/fen&gt;.

&lt;ex&gt;The authorities &lt;t&gt;extradited&lt;/t&gt; him to the US &lt;fex name="exp"&gt;for drug trafficking&lt;/fex&gt;&lt;/ex&gt;.&lt;/def-root&gt;</definition>
        <semType name="State_of_affairs" ID="177"/>
    </FE>
    <FE bgColor="FF69B4" fgColor="FFFFFF" coreType="Peripheral" cBy="Pam" cDate="04/08/2005 05:11:21 PDT Fri" abbrev="LBasis" name="Legal_basis" ID="7708">
        <definition>&lt;def-root&gt;This FE indicates the basis in law of an extradition.
&lt;ex&gt;He was &lt;t&gt;extradited&lt;/t&gt; &lt;fex name="LBasis"&gt;under the long-standing treaty between the two nations&lt;/fex&gt;.&lt;/ex&gt;&lt;/def-root&gt;</definition>
    </FE>
    <FE bgColor="FFA500" fgColor="FFFFFF" coreType="Peripheral" cBy="RLG" cDate="04/13/2005 09:17:59 PDT Wed" abbrev="tim" name="Time" ID="7765">
        <definition>&lt;def-root&gt;The time at which  the &lt;fen&gt;Suspect&lt;/fen&gt; is moved.&lt;/def-root&gt;</definition>
        <semType name="Time" ID="141"/>
    </FE>
    <FE bgColor="FF00FF" fgColor="FFFFFF" coreType="Peripheral" cBy="RLG" cDate="04/13/2005 01:53:08 PDT Wed" abbrev="man" name="Manner" ID="7766">
        <definition>&lt;def-root&gt;A description of the manner of the extradition.

&lt;ex&gt;They are seeking &lt;fex name="man"&gt;rapid&lt;/fex&gt; &lt;t&gt;extradition&lt;/t&gt;.&lt;/ex&gt;&lt;/def-root&gt;</definition>
        <semType name="Manner" ID="173"/>
    </FE>
    <FE bgColor="A52A2A" fgColor="FFFFFF" coreType="Extra-Thematic" cBy="RLG" cDate="04/13/2005 02:05:36 PDT Wed" abbrev="dep" name="Depictive" ID="7767">
        <definition>&lt;def-root&gt;A description of the &lt;fen&gt;Authorities&lt;/fen&gt; or &lt;fen&gt;Suspect&lt;/fen&gt; during the extradition.

&lt;ex&gt;It had been five years since his &lt;fex name="dep"&gt;handcuffed&lt;/fex&gt; &lt;t&gt;extradition&lt;/t&gt; from France.&lt;/ex&gt;&lt;/def-root&gt;</definition>
    </FE>
    <FE bgColor="1E90FF" fgColor="FFFFFF" coreType="Peripheral" cBy="MJE" cDate="12/07/2005 09:08:01 PST Wed" abbrev="mea" name="Means" ID="9627">
        <definition>&lt;def-root&gt;The act of the &lt;fen&gt;Authorities&lt;/fen&gt; which brings about the transfer from the &lt;fen&gt;Current_jurisdiction&lt;/fen&gt; to the &lt;fen&gt;Crime_jurisdiction&lt;/fen&gt;.

&lt;ex&gt;The &lt;t&gt;extradited&lt;/t&gt; him &lt;fex name="mea"&gt;by continually badgering the French&lt;/fex&gt;.&lt;/ex&gt;&lt;/def-root&gt;</definition>
        <semType name="State_of_affairs" ID="177"/>
    </FE>
    <FE bgColor="FFFF00" fgColor="000000" coreType="Peripheral" cBy="MiL" cDate="06/06/2006 06:13:49 PDT Tue" abbrev="" name="Place" ID="10250">
        <definition>&lt;def-root&gt;The location where the extradition occurs.

&lt;ex&gt;&lt;fex name="Place"&gt;In Europe&lt;/fex&gt; they &lt;t&gt;extradite&lt;/t&gt; more freely than in North America.&lt;/ex&gt;&lt;/def-root&gt;</definition>
    </FE>
    <FEcoreSet>
        <memberFE name="Authorities" ID="7693"/>
        <memberFE name="Current_jurisdiction" ID="7694"/>
    </FEcoreSet>
    <frameRelation type="Inherits from">
        <relatedFrame ID="230">Intentionally_affect</relatedFrame>
    </frameRelation>
    <frameRelation type="Is Inherited by"/>
    <frameRelation type="Perspective on"/>
    <frameRelation type="Is Perspectivized in"/>
    <frameRelation type="Uses"/>
    <frameRelation type="Is Used by"/>
    <frameRelation type="Subframe of"/>
    <frameRelation type="Has Subframe(s)"/>
    <frameRelation type="Precedes"/>
    <frameRelation type="Is Preceded by"/>
    <frameRelation type="Is Inchoative of"/>
    <frameRelation type="Is Causative of"/>
    <frameRelation type="See also"/>
    <lexUnit status="Finished_Initial" POS="V" name="extradite.v" ID="11784" lemmaID="13677" cBy="RLG" cDate="04/08/2005 02:54:34 PDT Fri">
        <definition>COD: hand over (a person accused or convicted of a crime) to the jurisdiction of the foreign state in which the crime was committed.</definition>
        <sentenceCount annotated="25" total="239"/>
        <lexeme order="1" headword="false" breakBefore="false" POS="V" name="extradite"/>
    </lexUnit>
    <lexUnit status="Finished_Initial" POS="N" name="extradition.n" ID="11785" lemmaID="13678" cBy="RLG" cDate="04/08/2005 02:55:14 PDT Fri">
        <definition>FN: the act of giving up a person suspected or convicted of a crime to the jurisdiction of the place where the crime was committed.</definition>
        <sentenceCount annotated="38" total="386"/>
        <lexeme order="1" headword="false" breakBefore="false" POS="N" name="extradition"/>
    </lexUnit>
</frame>