<?xml version="1.0" encoding="UTF-8" standalone="yes"?>
<?xml-stylesheet type="text/xsl" href="frame.xsl"?>
<frame cBy="Shw" cDate="07/04/2001 05:53:46 PDT Wed" name="Facial_expression" ID="161" xsi:schemaLocation="../schema/frame.xsd" xmlns="http://framenet.icsi.berkeley.edu" xmlns:xsi="http://www.w3.org/2001/XMLSchema-instance">
    <definition>&lt;def-root&gt;The words in this frame refer to facial &lt;fen&gt;Expression&lt;/fen&gt;s and the &lt;fen&gt;Possessor&lt;/fen&gt;s of those &lt;fen&gt;Expression&lt;/fen&gt;s.

&lt;ex&gt;&lt;fex name="Possessor"&gt;His&lt;/fex&gt; &lt;fex name="Manner"&gt;lackluster&lt;/fex&gt; &lt;fex name="Expression"&gt;&lt;t&gt;smile&lt;/t&gt;&lt;/fex&gt; &lt;fex name="Conveyed_emotion"&gt;revealed his disappointment&lt;/fex&gt;.&lt;/ex&gt;&lt;/def-root&gt;</definition>
    <FE bgColor="FF00FF" fgColor="FFFFFF" coreType="Peripheral" cBy="Shw" cDate="07/04/2001 06:31:57 PDT Wed" abbrev="Manr" name="Manner" ID="1298">
        <definition>&lt;def-root&gt;&lt;fen&gt;Manner&lt;/fen&gt; of &lt;fen&gt;Expression&lt;/fen&gt;.&lt;/def-root&gt;</definition>
        <semType name="Manner" ID="173"/>
    </FE>
    <FE bgColor="FF69B4" fgColor="FFFFFF" coreType="Peripheral" cBy="Shw" cDate="07/04/2001 06:33:38 PDT Wed" abbrev="Degr" name="Degree" ID="1299">
        <definition>&lt;def-root&gt;&lt;fen&gt;Degree&lt;/fen&gt; to which the &lt;fen&gt;Expression&lt;/fen&gt; occurs.&lt;/def-root&gt;</definition>
        <semType name="Degree" ID="172"/>
    </FE>
    <FE bgColor="2E8B57" fgColor="FFFFFF" coreType="Core" cBy="Shw" cDate="07/04/2001 06:58:39 PDT Wed" abbrev="Exp" name="Expression" ID="1300">
        <definition>&lt;def-root&gt;This is the &lt;fen&gt;Expression&lt;/fen&gt; made.&lt;ex&gt;He gave a wide &lt;fex name="Exp"&gt;grin&lt;/fex&gt;.&lt;/ex&gt;&lt;/def-root&gt;</definition>
    </FE>
    <FE bgColor="A52A2A" fgColor="FFFFFF" coreType="Core" cBy="Shw" cDate="07/04/2001 06:59:38 PDT Wed" abbrev="Poss" name="Possessor" ID="1301">
        <definition>&lt;def-root&gt;This is the person who exhibitis the &lt;fen&gt;Expression&lt;/fen&gt;.&lt;ex&gt;&lt;fex name="Poss"&gt;Ryan&lt;/fex&gt; grinned.&lt;/ex&gt;&lt;/def-root&gt;</definition>
    </FE>
    <FE bgColor="FFA500" fgColor="FFFFFF" coreType="Extra-Thematic" cBy="MJE" cDate="07/08/2001 05:56:03 PDT Sun" abbrev="ICause" name="Internal_cause" ID="1304">
        <definition>&lt;def-root&gt;The &lt;fen&gt;Expression&lt;/fen&gt; may be prompted by either some outside phenomenon or occurrence, or by an &lt;fen&gt;Internal_cause&lt;/fen&gt; - the &lt;fen&gt;Possessor&lt;/fen&gt;'s mental or emotional state.  &lt;fen&gt;Internal_cause&lt;/fen&gt; is expressed in a PP Complement as in: &lt;ex&gt;Kim made a &lt;t&gt;frown&lt;/t&gt; &lt;fex name="ICause"&gt;in concentration&lt;/fex&gt;&lt;/ex&gt;.&lt;/def-root&gt;</definition>
    </FE>
    <FE bgColor="9400D3" fgColor="FFFFFF" coreType="Extra-Thematic" cBy="MJE" cDate="07/08/2001 07:08:56 PDT Sun" abbrev="Loc" name="Subregion" ID="1305">
        <definition>&lt;def-root&gt;The part of the face saliently exhibiting the &lt;fen&gt;Expression&lt;/fen&gt;.

&lt;ex&gt;The &lt;t&gt;smile&lt;/t&gt; &lt;fex name="Loc"&gt;on her face&lt;/fex&gt; was repayment enough.&lt;/ex&gt;&lt;/def-root&gt;</definition>
        <semType name="Locative_relation" ID="182"/>
    </FE>
    <FE bgColor="00BFFF" fgColor="FFFFFF" coreType="Core" cBy="MJE" cDate="07/10/2001 03:36:26 PDT Tue" abbrev="CEmot" name="Conveyed_emotion" ID="1319">
        <definition>&lt;def-root&gt;The emotion that is conveyed by a particular &lt;fen&gt;Expression&lt;/fen&gt;.
&lt;ex&gt;He had an &lt;fex name="CEmot"&gt;angry&lt;/fex&gt; &lt;t&gt;expression&lt;/t&gt;.&lt;/ex&gt;&lt;/def-root&gt;</definition>
    </FE>
    <FE bgColor="A9A9A9" fgColor="000000" coreType="Peripheral" cBy="MJE" cDate="07/13/2001 12:32:34 PDT Fri" abbrev="Percvr" name="Intended_perceiver" ID="1364">
        <definition>&lt;def-root&gt;An entity toward which the &lt;fen&gt;Expression&lt;/fen&gt; is directed.&lt;/def-root&gt;</definition>
    </FE>
    <FE bgColor="00008B" fgColor="FFFFFF" coreType="Extra-Thematic" cBy="MJE" cDate="07/13/2001 12:42:53 PDT Fri" abbrev="Ext" name="External_cause" ID="1365">
        <definition>&lt;def-root&gt;The state of affairs perceived by the &lt;fen&gt;Possessor&lt;/fen&gt; which leads to an &lt;fen&gt;Internal_cause&lt;/fen&gt; (emotion, etc.) which then gives rise to the &lt;fen&gt;Expression&lt;/fen&gt;.&lt;ex&gt;I made a &lt;t&gt;grimace&lt;/t&gt; &lt;fex name="Ext"&gt;at her clumsiness&lt;/fex&gt;.&lt;/ex&gt;&lt;/def-root&gt;</definition>
    </FE>
    <FE bgColor="2E8B57" fgColor="FFFFFF" coreType="Peripheral" cBy="Hay" cDate="10/02/2003 11:36:51 PDT Thu" abbrev="Dur" name="Duration" ID="5347">
        <definition>&lt;def-root&gt;The period of time for which the facial &lt;fen&gt;Expression&lt;/fen&gt; is held.

&lt;ex&gt;A &lt;fex name="Duration"&gt;brief&lt;/fex&gt; &lt;t&gt;smile&lt;/t&gt; appeared on his face&lt;/ex&gt;&lt;/def-root&gt;</definition>
        <semType name="Duration" ID="142"/>
    </FE>
    <frameRelation type="Inherits from"/>
    <frameRelation type="Is Inherited by"/>
    <frameRelation type="Perspective on"/>
    <frameRelation type="Is Perspectivized in"/>
    <frameRelation type="Uses">
        <relatedFrame ID="16">Body_movement</relatedFrame>
    </frameRelation>
    <frameRelation type="Is Used by">
        <relatedFrame ID="794">Making_faces</relatedFrame>
    </frameRelation>
    <frameRelation type="Subframe of"/>
    <frameRelation type="Has Subframe(s)"/>
    <frameRelation type="Precedes"/>
    <frameRelation type="Is Preceded by"/>
    <frameRelation type="Is Inchoative of"/>
    <frameRelation type="Is Causative of"/>
    <frameRelation type="See also"/>
    <lexUnit status="Finished_Initial" POS="N" name="smile.n" ID="2916" lemmaID="36513" cBy="MJE" cDate="07/08/2001 05:10:02 PDT Sun">
        <definition>COD: an act of smiling; a smiling expression</definition>
        <sentenceCount annotated="85" total="605"/>
        <lexeme order="1" headword="false" breakBefore="false" POS="N" name="smile"/>
    </lexUnit>
    <lexUnit status="Finished_Initial" POS="N" name="grimace.n" ID="2917" lemmaID="16841" cBy="MJE" cDate="07/08/2001 06:29:58 PDT Sun">
        <definition>COD: an ugly, twisted expression on a person's face, typically expressing disgust, pain, or wry amusement. </definition>
        <sentenceCount annotated="23" total="114"/>
        <lexeme order="1" headword="false" breakBefore="false" POS="N" name="grimace"/>
    </lexUnit>
    <lexUnit status="Finished_Initial" POS="N" name="grin.n" ID="2918" lemmaID="16849" cBy="MJE" cDate="07/08/2001 06:42:56 PDT Sun">
        <definition>COD: a smile or grimace produced by grinning</definition>
        <sentenceCount annotated="55" total="293"/>
        <lexeme order="1" headword="false" breakBefore="false" POS="N" name="grin"/>
    </lexUnit>
    <lexUnit status="Finished_Initial" POS="N" name="frown.n" ID="2919" lemmaID="15567" cBy="MJE" cDate="07/08/2001 07:11:32 PDT Sun">
        <definition>COD:  [verb] furrow one's brows in an expression indicating disapproval, displeasure, or concentration. [noun] an expression of this type</definition>
        <sentenceCount annotated="46" total="259"/>
        <lexeme order="1" headword="false" breakBefore="false" POS="N" name="frown"/>
    </lexUnit>
    <lexUnit status="Finished_Initial" POS="N" name="expression.n" ID="2927" lemmaID="13601" cBy="MJE" cDate="07/09/2001 12:19:17 PDT Mon">
        <definition>COD:  the look on someone's face, seen as conveying a particular emotion.</definition>
        <sentenceCount annotated="52" total="410"/>
        <lexeme order="1" headword="false" breakBefore="false" POS="N" name="expression"/>
    </lexUnit>
    <lexUnit status="Finished_Initial" POS="N" name="smirk.n" ID="2959" lemmaID="36519" cBy="MJE" cDate="07/11/2001 05:46:48 PDT Wed">
        <definition>COD: a smug or silly smile. </definition>
        <sentenceCount annotated="24" total="72"/>
        <lexeme order="1" headword="false" breakBefore="false" POS="N" name="smirk"/>
    </lexUnit>
    <lexUnit status="Finished_Initial" POS="N" name="rictus.n" ID="2960" lemmaID="44974" cBy="MJE" cDate="07/11/2001 05:57:15 PDT Wed">
        <definition>COD: a fixed grimace or grin. </definition>
        <sentenceCount annotated="8" total="20"/>
        <lexeme order="1" headword="false" breakBefore="false" POS="N" name="rictus"/>
    </lexUnit>
    <lexUnit status="Finished_Initial" POS="N" name="look.n" ID="2961" lemmaID="22737" cBy="MJE" cDate="07/11/2001 06:05:01 PDT Wed">
        <definition>COD: an expression of a feeling or thought by such an act [of looking].</definition>
        <sentenceCount annotated="30" total="328"/>
        <lexeme order="1" headword="false" breakBefore="false" POS="N" name="look"/>
    </lexUnit>
    <lexUnit status="Finished_Initial" POS="N" name="scowl.n" ID="2962" lemmaID="34518" cBy="MJE" cDate="07/11/2001 08:04:46 PDT Wed">
        <definition>COD: an angry or bad-tempered expression. </definition>
        <sentenceCount annotated="18" total="98"/>
        <lexeme order="1" headword="false" breakBefore="false" POS="N" name="scowl"/>
    </lexUnit>
    <lexUnit status="Finished_Initial" POS="N" name="face.n" ID="2963" lemmaID="13761" cBy="MJE" cDate="07/11/2001 08:10:49 PDT Wed">
        <definition>COD: an expression on someone's face. </definition>
        <sentenceCount annotated="14" total="87"/>
        <lexeme order="1" headword="false" breakBefore="false" POS="N" name="face"/>
    </lexUnit>
    <lexUnit status="Finished_Initial" POS="N" name="snarl.n" ID="2964" lemmaID="36609" cBy="MJE" cDate="07/11/2001 08:42:18 PDT Wed">
        <definition>FN: an act or sound of snarling [growling with bared teeth], quite often used for the bared-teeth configuration of the lips alone.</definition>
        <sentenceCount annotated="13" total="73"/>
        <lexeme order="1" headword="false" breakBefore="false" POS="N" name="snarl"/>
    </lexUnit>
    <lexUnit status="Finished_Initial" POS="N" name="sneer.n" ID="2965" lemmaID="36623" cBy="MJE" cDate="07/11/2001 08:56:30 PDT Wed">
        <definition>FN: a contemptuous or mocking smile, remark, or tone (in this frame, only the facial expression.)</definition>
        <sentenceCount annotated="19" total="67"/>
        <lexeme order="1" headword="false" breakBefore="false" POS="N" name="sneer"/>
    </lexUnit>
    <lexUnit status="Finished_Initial" POS="N" name="pout.n" ID="3039" lemmaID="29978" cBy="MJE" cDate="07/12/2001 05:04:18 PDT Thu">
        <definition>COD: a pouting expression; (i.e. push[ing] one's lips or bottom lip forward as an expression of petulant annoyance or in order to make oneself look sexually attractive). </definition>
        <sentenceCount annotated="9" total="72"/>
        <lexeme order="1" headword="false" breakBefore="false" POS="N" name="pout"/>
    </lexUnit>
</frame>