<?xml version="1.0" encoding="UTF-8" standalone="yes"?>
<?xml-stylesheet type="text/xsl" href="frame.xsl"?>
<frame cBy="JKR" cDate="07/29/2005 11:26:24 PDT Fri" name="Fastener" ID="1598" xsi:schemaLocation="../schema/frame.xsd" xmlns="http://framenet.icsi.berkeley.edu" xmlns:xsi="http://www.w3.org/2001/XMLSchema-instance">
    <definition>&lt;def-root&gt;The &lt;fen&gt;Fastener&lt;/fen&gt; is an artifact created to close a &lt;fen&gt;Container&lt;/fen&gt; (e.g. coat, jar). Sometimes, the &lt;fen&gt;Container_portal&lt;/fen&gt; rather than the &lt;fen&gt;Container&lt;/fen&gt; is expressed.

&lt;ex&gt;The &lt;fex name="cop"&gt;door&lt;/fex&gt; &lt;fex name="Fastener"&gt;&lt;t&gt;seal&lt;/t&gt;&lt;/fex&gt; prevented air from getting in and the kids' screams from getting out.&lt;/ex&gt;

&lt;ex&gt;She has an &lt;fex name="Time_of_creation"&gt;antique&lt;/fex&gt; &lt;fex name="Material"&gt;ivory&lt;/fex&gt; &lt;fex name="Fastener"&gt;&lt;t&gt;button&lt;/t&gt;&lt;/fex&gt; at the front and another vintage button on her apron.&lt;/ex&gt;

&lt;ex&gt;NIST designed a &lt;fex name="Type"&gt;high pressure&lt;/fex&gt; &lt;fex name="Fastener"&gt;&lt;t&gt;seal&lt;/t&gt;&lt;/fex&gt; &lt;fex name="Use"&gt;for the extension sleeve&lt;/fex&gt; using a series of metal washers to load the window under pressure.&lt;/ex&gt;&lt;/def-root&gt;</definition>
    <FE bgColor="008000" fgColor="FFFFFF" coreType="Core" cBy="JKR" cDate="07/29/2005 11:26:24 PDT Fri" abbrev="con" name="Container" ID="8743">
        <definition>&lt;def-root&gt;This FE identifies the item that is closed with the &lt;fen&gt;Fastener&lt;/fen&gt;.

&lt;ex&gt;On Friday night, many men will simply elect to remove their tie and unbutton their top &lt;fex name="con"&gt;shirt&lt;/fex&gt; &lt;t&gt;button&lt;/t&gt;.&lt;/ex&gt;&lt;/def-root&gt;</definition>
    </FE>
    <FE bgColor="FF0000" fgColor="FFFFFF" coreType="Core" cBy="JKR" cDate="07/29/2005 11:26:25 PDT Fri" abbrev="Fastener" name="Fastener" ID="8745">
        <definition>&lt;def-root&gt;The artifact created to close a &lt;fen&gt;Container&lt;/fen&gt;.

&lt;ex&gt;Man, I have just bought the exact same belt &lt;fex name="Fastener"&gt;&lt;t&gt;buckle&lt;/t&gt;&lt;/fex&gt; and it won't open.&lt;/ex&gt;
&lt;/def-root&gt;</definition>
    </FE>
    <FE bgColor="00008B" fgColor="FFFFFF" coreType="Core" cBy="JKR" cDate="07/29/2005 11:26:25 PDT Fri" abbrev="cop" name="Container_portal" ID="8748">
        <definition>&lt;def-root&gt;This FE identifies the active zone of the container where the &lt;fen&gt;Fastener&lt;/fen&gt; is located.  


&lt;ex&gt;We couldn't close the &lt;fex name="Container_portal"&gt;tent flap&lt;/fex&gt; &lt;t&gt;zipper&lt;/t&gt; and a lot of flies came in .&lt;/ex&gt;&lt;/def-root&gt;</definition>
    </FE>
    <FE bgColor="FFA500" fgColor="FFFFFF" coreType="Peripheral" cBy="JKR" cDate="07/29/2005 11:30:32 PDT Fri" abbrev="mat" name="Material" ID="8755">
        <definition>&lt;def-root&gt;This FE identifes the material from which the &lt;fen&gt;Fastener&lt;/fen&gt; is made.

&lt;ex&gt;It has a matching fabric back strap with a &lt;fex name="mat"&gt;metal&lt;/fex&gt; &lt;t&gt;buckle&lt;/t&gt; and grommet.&lt;/ex&gt;&lt;/def-root&gt;</definition>
    </FE>
    <FE bgColor="FF00FF" fgColor="FFFFFF" coreType="Peripheral" cBy="JKR" cDate="07/29/2005 11:33:14 PDT Fri" abbrev="des" name="Descriptor" ID="8756">
        <definition>&lt;def-root&gt;This FE identifies a characteristic or description of the &lt;fen&gt;Fastener&lt;/fen&gt;.

&lt;ex&gt;So, he?s standing there in the dirt road in his slacks and black dress shoes, gut over a &lt;fex name="des"&gt;big&lt;/fex&gt; &lt;fex name="des"&gt;stupid&lt;/fex&gt; &lt;t&gt;buckle&lt;/t&gt; and his short sleeve shirt and his tie all messed  up.&lt;/ex&gt;&lt;/def-root&gt;</definition>
    </FE>
    <FE bgColor="00BFFF" fgColor="FFFFFF" coreType="Peripheral" cBy="JKR" cDate="07/29/2005 11:34:36 PDT Fri" abbrev="crea" name="Creator" ID="8757">
        <definition>&lt;def-root&gt;An individual or individuals that bring the &lt;fen&gt;Fastener&lt;/fen&gt; into existence.

&lt;ex&gt;We have 3 vintage &lt;fex name="crea"&gt;Levi Strauss&lt;/fex&gt; &lt;t&gt;buckles&lt;/t&gt; for sale.&lt;/ex&gt;&lt;/def-root&gt;</definition>
    </FE>
    <FE bgColor="A52A2A" fgColor="FFFFFF" coreType="Peripheral" cBy="JKR" cDate="07/29/2005 11:35:19 PDT Fri" abbrev="tim" name="Time_of_creation" ID="8758">
        <definition>&lt;def-root&gt;The time at which the &lt;fen&gt;Fastener&lt;/fen&gt; comes into existence.

&lt;ex&gt;This is a &lt;fex name="tim"&gt;1960s&lt;/fex&gt; &lt;t&gt;buckle&lt;/t&gt; made by Diablo Silversmiths.&lt;/ex&gt;&lt;/def-root&gt;</definition>
    </FE>
    <FE bgColor="2E8B57" fgColor="FFFFFF" coreType="Peripheral" cBy="JKR" cDate="07/29/2005 11:39:16 PDT Fri" abbrev="nam" name="Name" ID="8759">
        <definition>&lt;def-root&gt;The term used to refer to the &lt;fen&gt;Fastener&lt;/fen&gt;.

&lt;ex&gt;Our popular &lt;fex name="nam"&gt;Essex&lt;/fex&gt; &lt;t&gt;buckle&lt;/t&gt; is combined with this Laurel terminal to make an elegant set. &lt;/ex&gt;&lt;/def-root&gt;</definition>
    </FE>
    <FE bgColor="1E90FF" fgColor="FFFFFF" coreType="Peripheral" cBy="JKR" cDate="07/29/2005 11:40:05 PDT Fri" abbrev="typ" name="Type" ID="8760">
        <definition>&lt;def-root&gt;An indication of the subtype of the &lt;fen&gt;Fastener&lt;/fen&gt;.

&lt;ex&gt;A flap portion is foldable over the &lt;fex name="typ"&gt;Ziploc&lt;/fex&gt; &lt;t&gt;seal&lt;/t&gt;, secured in the closed position by a snap closure.&lt;/ex&gt;&lt;/def-root&gt;</definition>
    </FE>
    <FE bgColor="9400D3" fgColor="FFFFFF" coreType="Peripheral" cBy="JKR" cDate="07/29/2005 11:43:16 PDT Fri" abbrev="use" name="Use" ID="8761">
        <definition>&lt;def-root&gt;This FE identifies the purpose for which an &lt;fen&gt;Fastener&lt;/fen&gt; is made.

&lt;ex&gt;The unit has an adjustable diagonal &lt;t&gt;zipper&lt;/t&gt; &lt;fex name="use"&gt;for heat control&lt;/fex&gt;.&lt;/ex&gt;&lt;/def-root&gt;</definition>
    </FE>
    <frameRelation type="Inherits from">
        <relatedFrame ID="421">Artifact</relatedFrame>
    </frameRelation>
    <frameRelation type="Is Inherited by"/>
    <frameRelation type="Perspective on"/>
    <frameRelation type="Is Perspectivized in"/>
    <frameRelation type="Uses">
        <relatedFrame ID="254">Closure</relatedFrame>
    </frameRelation>
    <frameRelation type="Is Used by"/>
    <frameRelation type="Subframe of"/>
    <frameRelation type="Has Subframe(s)"/>
    <frameRelation type="Precedes"/>
    <frameRelation type="Is Preceded by"/>
    <frameRelation type="Is Inchoative of"/>
    <frameRelation type="Is Causative of"/>
    <frameRelation type="See also"/>
    <lexUnit status="Created" POS="N" name="zipper.n" ID="12569" lemmaID="44830" cBy="JKR" cDate="07/29/2005 11:39:45 PDT Fri">
        <definition>COD: a zip fastener.</definition>
        <sentenceCount annotated="1" total="1"/>
        <lexeme order="1" headword="false" breakBefore="false" POS="N" name="zipper"/>
    </lexUnit>
    <lexUnit status="Finished_Initial" POS="N" name="seal.n" ID="12570" lemmaID="34685" cBy="JKR" cDate="07/29/2005 11:41:24 PDT Fri">
        <definition>COD: a device or substance used to join two things together or render something impervious.</definition>
        <sentenceCount annotated="29" total="375"/>
        <lexeme order="1" headword="false" breakBefore="false" POS="N" name="seal"/>
    </lexUnit>
    <lexUnit status="Created" POS="N" name="button.n" ID="12571" lemmaID="5075" cBy="JKR" cDate="07/29/2005 11:41:53 PDT Fri">
        <definition>COD: a small disc or knob sewn on to a garment, either to fasten it by being pushed through a buttonhole or for decoration.</definition>
        <sentenceCount annotated="0" total="0"/>
        <lexeme order="1" headword="false" breakBefore="false" POS="N" name="button"/>
    </lexUnit>
    <lexUnit status="Created" POS="N" name="buckle.n" ID="12572" lemmaID="4784" cBy="JKR" cDate="07/29/2005 12:19:55 PDT Fri">
        <definition>COD: a flat rectangular or oval frame with a hinged pin, used for joining the ends of a belt or strap.</definition>
        <sentenceCount annotated="0" total="0"/>
        <lexeme order="1" headword="false" breakBefore="false" POS="N" name="buckle"/>
    </lexUnit>
</frame>