<?xml version="1.0" encoding="UTF-8" standalone="yes"?>
<?xml-stylesheet type="text/xsl" href="frame.xsl"?>
<frame cBy="KmG" cDate="04/14/2008 02:32:09 PDT Mon" name="Fear" ID="2052" xsi:schemaLocation="../schema/frame.xsd" xmlns="http://framenet.icsi.berkeley.edu" xmlns:xsi="http://www.w3.org/2001/XMLSchema-instance">
    <definition>&lt;def-root&gt;An &lt;fen&gt;Experiencer&lt;/fen&gt;, &lt;fen&gt;Expressor&lt;/fen&gt;, or &lt;fen&gt;State&lt;/fen&gt; can be described as characterized as having an emotion of fear concerning a particular &lt;fen&gt;Topic&lt;/fen&gt; or as evoked by a &lt;fen&gt;Stimulus&lt;/fen&gt;.

&lt;ex&gt;&lt;fex name="Experiencer"&gt;I&lt;/fex&gt; was &lt;t&gt;scared&lt;/t&gt; &lt;fex name="Stimulus"&gt;by a bump in the night&lt;/fex&gt;.&lt;/ex&gt;&lt;/def-root&gt;</definition>
    <FE bgColor="800080" fgColor="FFFFFF" coreType="Core" cBy="KmG" cDate="04/14/2008 02:32:09 PDT Mon" abbrev="Exp" name="Experiencer" ID="12524">
        <definition>&lt;def-root&gt;The &lt;fen&gt;Experiencer&lt;/fen&gt; is the person or sentient entity that experiences or feels the emotions.


&lt;/def-root&gt;</definition>
        <semType name="Sentient" ID="5"/>
    </FE>
    <FE bgColor="FFA500" fgColor="FFFFFF" coreType="Core" cBy="KmG" cDate="04/14/2008 02:32:09 PDT Mon" abbrev="Top" name="Topic" ID="12525">
        <definition>&lt;def-root&gt;The &lt;fen&gt;Topic&lt;/fen&gt; is the general area in which the emotion occurs.  It indicates a range of possible &lt;fen&gt;Stimulus&lt;/fen&gt;.


&lt;/def-root&gt;</definition>
    </FE>
    <FE bgColor="FF0000" fgColor="FFFFFF" coreType="Core" cBy="KmG" cDate="04/14/2008 02:32:09 PDT Mon" abbrev="Stim" name="Stimulus" ID="12526">
        <definition>&lt;def-root&gt;The &lt;fen&gt;Stimulus&lt;/fen&gt; is the person, event, or state of affairs that evokes the emotional response in the &lt;fen&gt;Experiencer&lt;/fen&gt;.


&lt;/def-root&gt;</definition>
    </FE>
    <FE bgColor="FF69B4" fgColor="FFFFFF" coreType="Peripheral" cBy="KmG" cDate="04/14/2008 02:32:09 PDT Mon" abbrev="Degr" name="Degree" ID="12527">
        <definition>&lt;def-root&gt;The extent to which the &lt;fen&gt;Experiencer&lt;/fen&gt;'s emotion deviates from the norm for the emotion.
&lt;/def-root&gt;</definition>
        <semType name="Degree" ID="172"/>
    </FE>
    <FE bgColor="0000FF" fgColor="FFFFFF" coreType="Extra-Thematic" cBy="KmG" cDate="04/14/2008 02:32:09 PDT Mon" abbrev="ET" name="Empathy_target" ID="12528">
        <definition>&lt;def-root&gt;The &lt;fen&gt;Empathy_target&lt;/fen&gt; is the individual or individuals with which the &lt;fen&gt;Experiencer&lt;/fen&gt; identifies emotionally and thus shares their emotional response.
&lt;/def-root&gt;</definition>
    </FE>
    <FE bgColor="008000" fgColor="FFFFFF" coreType="Core" cBy="KmG" cDate="04/14/2008 02:32:09 PDT Mon" abbrev="Exr" name="Expressor" ID="12529">
        <definition>&lt;def-root&gt;The body part, gesture, or other expression of the &lt;fen&gt;Experiencer&lt;/fen&gt; that reflects his or her emotional state.  They describe a presentation of the experience or emotion denoted by the adjective or noun.



&lt;/def-root&gt;</definition>
    </FE>
    <FE bgColor="00008B" fgColor="FFFFFF" coreType="Extra-Thematic" cBy="KmG" cDate="04/14/2008 02:32:09 PDT Mon" abbrev="Exp" name="Explanation" ID="12530">
        <definition>&lt;def-root&gt;The &lt;fen&gt;Explanation&lt;/fen&gt; is the explanation for why the &lt;fen&gt;Stimulus&lt;/fen&gt; evokes a certain emotional response.
&lt;/def-root&gt;</definition>
        <semType name="State_of_affairs" ID="177"/>
    </FE>
    <FE bgColor="00BFFF" fgColor="FFFFFF" coreType="Extra-Thematic" cBy="KmG" cDate="04/14/2008 02:32:09 PDT Mon" abbrev="cir" name="Circumstances" ID="12531">
        <definition>&lt;def-root&gt;The &lt;fen&gt;Circumstances&lt;/fen&gt; is the condition(s) under which the &lt;fen&gt;Stimulus&lt;/fen&gt; evokes its response.  In some cases it may appear without an explicit &lt;fen&gt;Stimulus&lt;/fen&gt;.  Quite often in such cases, the &lt;fen&gt;Stimulus&lt;/fen&gt; can be inferred from the &lt;fen&gt;Circumstances&lt;/fen&gt; 
&lt;/def-root&gt;</definition>
    </FE>
    <FE bgColor="9F79EE" fgColor="FFFFFF" coreType="Core" cBy="KmG" cDate="04/14/2008 02:32:09 PDT Mon" abbrev="State" name="State" ID="12532">
        <definition>&lt;def-root&gt;The &lt;fen&gt;State&lt;/fen&gt; is the abstract noun that describes a more lasting experience by the &lt;fen&gt;Experiencer&lt;/fen&gt;.


&lt;/def-root&gt;</definition>
    </FE>
    <FE bgColor="2E8B57" fgColor="FFFFFF" coreType="Peripheral" cBy="KmG" cDate="04/14/2008 02:32:09 PDT Mon" abbrev="Par" name="Parameter" ID="12534">
        <definition>&lt;def-root&gt;The &lt;fen&gt;Parameter&lt;/fen&gt; is a domain in which the &lt;fen&gt;Experiencer&lt;/fen&gt; experiences the &lt;fen&gt;Stimulus&lt;/fen&gt;.&lt;/def-root&gt;</definition>
    </FE>
    <FE bgColor="FF00FF" fgColor="FFFFFF" coreType="Peripheral" cBy="KmG" cDate="04/14/2008 02:32:09 PDT Mon" abbrev="Man" name="Manner" ID="12535">
        <definition>&lt;def-root&gt;Any description of the way in which the &lt;fen&gt;Experiencer&lt;/fen&gt; experiences the &lt;fen&gt;Stimulus&lt;/fen&gt; which is not covered by more specific FEs, including secondary effects (&lt;ment&gt;quietly, loudly&lt;/ment&gt;), and general descriptions comparing events (&lt;ment&gt;the same way&lt;/ment&gt;).  &lt;fen&gt;Manner&lt;/fen&gt; may also describe a state of the &lt;fen&gt;Experiencer&lt;/fen&gt; that affects the details of the emotional experience.

&lt;/def-root&gt;</definition>
        <semType name="Manner" ID="173"/>
    </FE>
    <FE bgColor="FFFF00" fgColor="00008B" coreType="Peripheral" cBy="KmG" cDate="04/14/2008 02:32:09 PDT Mon" abbrev="Tim" name="Time" ID="12536">
        <definition>&lt;def-root&gt;The &lt;fen&gt;Time&lt;/fen&gt; when the &lt;fen&gt;Experiencer&lt;/fen&gt;, &lt;fen&gt;Expressor&lt;/fen&gt;, or &lt;fen&gt;State&lt;/fen&gt; can be described as having said emotion.&lt;/def-root&gt;</definition>
    </FE>
    <FEcoreSet>
        <memberFE name="Experiencer" ID="12524"/>
        <memberFE name="State" ID="12532"/>
        <memberFE name="Expressor" ID="12529"/>
    </FEcoreSet>
    <FEcoreSet>
        <memberFE name="Topic" ID="12525"/>
        <memberFE name="Stimulus" ID="12526"/>
    </FEcoreSet>
    <frameRelation type="Inherits from">
        <relatedFrame ID="2051">Emotions_by_possibility</relatedFrame>
    </frameRelation>
    <frameRelation type="Is Inherited by"/>
    <frameRelation type="Perspective on"/>
    <frameRelation type="Is Perspectivized in"/>
    <frameRelation type="Uses"/>
    <frameRelation type="Is Used by"/>
    <frameRelation type="Subframe of"/>
    <frameRelation type="Has Subframe(s)"/>
    <frameRelation type="Precedes"/>
    <frameRelation type="Is Preceded by"/>
    <frameRelation type="Is Inchoative of"/>
    <frameRelation type="Is Causative of"/>
    <frameRelation type="See also"/>
    <lexUnit status="Created" POS="A" name="terrified.a" ID="14942" lemmaID="45777" cBy="KmG" cDate="04/14/2008 02:56:14 PDT Mon">
        <definition>FN: a state of intense fear</definition>
        <sentenceCount annotated="0" total="0"/>
        <lexeme order="1" headword="false" breakBefore="false" POS="A" name="terrified"/>
    </lexUnit>
    <lexUnit status="Created" POS="A" name="nervous.a" ID="14943" lemmaID="25692" cBy="KmG" cDate="04/14/2008 03:26:22 PDT Mon">
        <definition>FN: having anxiety, esp. in anticipiation</definition>
        <sentenceCount annotated="0" total="0"/>
        <lexeme order="1" headword="false" breakBefore="false" POS="A" name="nervous"/>
    </lexUnit>
    <lexUnit status="Created" POS="A" name="frightened.a" ID="14944" lemmaID="15487" cBy="KmG" cDate="04/14/2008 03:27:22 PDT Mon">
        <definition>FN: in a state of fear</definition>
        <sentenceCount annotated="1" total="1"/>
        <lexeme order="1" headword="false" breakBefore="false" POS="A" name="frightened"/>
    </lexUnit>
    <lexUnit status="Created" POS="A" name="afraid.a" ID="14945" lemmaID="731" cBy="KmG" cDate="04/14/2008 03:27:50 PDT Mon">
        <definition>FN: scared</definition>
        <sentenceCount annotated="2" total="2"/>
        <lexeme order="1" headword="false" breakBefore="false" POS="A" name="afraid"/>
    </lexUnit>
    <lexUnit status="Created" POS="N" name="apprehension.n" ID="14946" lemmaID="1760" cBy="KmG" cDate="04/14/2008 03:29:24 PDT Mon">
        <definition>FN: nervousness or trepidation</definition>
        <sentenceCount annotated="0" total="0"/>
        <lexeme order="1" headword="false" breakBefore="false" POS="N" name="apprehension"/>
    </lexUnit>
    <lexUnit status="Created" POS="N" name="fear.n" ID="14947" lemmaID="14071" cBy="KmG" cDate="04/14/2008 03:29:39 PDT Mon">
        <definition>COD: an unpleasant emotion caused by the threat of danger, pain, or harm. </definition>
        <sentenceCount annotated="2" total="2"/>
        <lexeme order="1" headword="false" breakBefore="false" POS="N" name="fear"/>
    </lexUnit>
    <lexUnit status="Created" POS="A" name="freaked.a" ID="14948" lemmaID="49472" cBy="KmG" cDate="04/14/2008 03:30:08 PDT Mon">
        <definition>FN: scared (casual)</definition>
        <sentenceCount annotated="1" total="1"/>
        <lexeme order="1" headword="true" breakBefore="false" POS="A" name="freaked"/>
    </lexUnit>
    <lexUnit status="Created" POS="A" name="scared.a" ID="14949" lemmaID="34346" cBy="KmG" cDate="04/14/2008 03:30:23 PDT Mon">
        <definition>FN: characterized by having fear</definition>
        <sentenceCount annotated="0" total="0"/>
        <lexeme order="1" headword="false" breakBefore="false" POS="A" name="scared"/>
    </lexUnit>
    <lexUnit status="Created" POS="N" name="dread.n" ID="14950" lemmaID="11725" cBy="KmG" cDate="04/14/2008 03:30:41 PDT Mon">
        <definition>FN: angst and fear toward something</definition>
        <sentenceCount annotated="0" total="0"/>
        <lexeme order="1" headword="false" breakBefore="false" POS="N" name="dread"/>
    </lexUnit>
    <lexUnit status="Created" POS="N" name="terror.n" ID="15005" lemmaID="39932" cBy="JKs" cDate="05/23/2008 01:05:46 PDT Fri">
        <definition>FN: a strong feeling of fear or worry</definition>
        <sentenceCount annotated="1" total="1"/>
        <lexeme order="1" headword="false" breakBefore="false" POS="N" name="terror"/>
    </lexUnit>
    <lexUnit status="Created" POS="V" name="live in fear.v" ID="16357" lemmaID="51320" cBy="AlK" cDate="06/07/2011 05:28:11 PDT Tue">
        <definition>FN: to be afraid (of some stimulus) constantly for a significant period of time </definition>
        <sentenceCount annotated="1" total="1"/>
        <lexeme order="1" headword="true" breakBefore="false" POS="V" name="live"/>
        <lexeme order="2" headword="false" breakBefore="false" POS="PREP" name="in"/>
        <lexeme order="3" headword="false" breakBefore="false" POS="N" name="fear"/>
    </lexUnit>
</frame>