<?xml version="1.0" encoding="UTF-8" standalone="yes"?>
<?xml-stylesheet type="text/xsl" href="frame.xsl"?>
<frame cBy="ChW" cDate="02/07/2001 04:11:43 PST Wed" name="Feigning" ID="12" xsi:schemaLocation="../schema/frame.xsd" xmlns="http://framenet.icsi.berkeley.edu" xmlns:xsi="http://www.w3.org/2001/XMLSchema-instance">
    <definition>&lt;def-root&gt;An &lt;fen&gt;Agent&lt;/fen&gt; acts in such a way as to give the incorrect impression to observers that a particular &lt;fen&gt;State_of_affairs&lt;/fen&gt; holds. 

&lt;ex&gt;&lt;fex name="Agent"&gt;Jordan&lt;/fex&gt; &lt;t&gt;feigned&lt;/t&gt; &lt;fex name="Original"&gt;a love of jazz music&lt;/fex&gt; &lt;fex name="Purpose"&gt;to get her phone number&lt;/fex&gt; .&lt;/ex&gt;&lt;/def-root&gt;</definition>
    <FE bgColor="FF0000" fgColor="FFFFFF" coreType="Core" cBy="ChW" cDate="02/07/2001 04:11:43 PST Wed" abbrev="agt" name="Agent" ID="43">
        <definition>&lt;def-root&gt;The &lt;fen&gt;Agent&lt;/fen&gt; is the person who acts in a misleading way to create the impression that a &lt;fen&gt;State_of_affairs&lt;/fen&gt; holds.

&lt;ex&gt;A year after &lt;fex name="agt"&gt;Audrey Seiler&lt;/fex&gt; &lt;t&gt;faked&lt;/t&gt; her own kidnapping while at college in Wisconsin, her lawyer says she's getting help and paying restitution.&lt;/ex&gt;&lt;/def-root&gt;</definition>
        <semType name="Sentient" ID="5"/>
    </FE>
    <FE bgColor="00008B" fgColor="FFFFFF" coreType="Core" cBy="ChW" cDate="02/07/2001 04:11:43 PST Wed" abbrev="Orig" name="Original" ID="44">
        <definition>&lt;def-root&gt;This is the entity which is copied. With verbs it is frequently expressed as an NP Object: Pat &lt;t&gt;falsified&lt;/t&gt; &lt;fex name="Original"&gt;the papers&lt;/fex&gt;. &lt;/def-root&gt;</definition>
        <excludesFE name="State_of_affairs" ID="9489"/>
    </FE>
    <FE bgColor="2E8B57" fgColor="FFFFFF" coreType="Core" cBy="ChW" cDate="02/07/2001 04:11:44 PST Wed" abbrev="Copy" name="Copy" ID="45">
        <definition>&lt;def-root&gt;The Copy produced by the Creator most commonly occurs as the External Argument of a predicative use of an adjective or noun target: &lt;fex name="Copy"&gt;The painting&lt;/fex&gt; is a &lt;t&gt;fake&lt;/t&gt;. &lt;/def-root&gt;</definition>
        <excludesFE name="State_of_affairs" ID="9489"/>
    </FE>
    <FE bgColor="FF00FF" fgColor="FFFFFF" coreType="Peripheral" cBy="ACW" cDate="07/17/2001 02:08:00 PDT Tue" abbrev="Manr" name="Manner" ID="1466">
        <definition>&lt;def-root&gt;Any description of the intentional act which is not covered by more specific FEs, including secondary effects (&lt;ment&gt;quietly, loudly&lt;/ment&gt;), and general descriptions comparing events (&lt;ment&gt;the same way&lt;/ment&gt;). In addition, it may indicate salient characteristics of an &lt;fen&gt;Agent&lt;/fen&gt; that also affect the action (&lt;ment&gt;presumptuously, coldly, deliberately, eagerly, carefully&lt;/ment&gt;). 

&lt;/def-root&gt;</definition>
        <semType name="Manner" ID="173"/>
    </FE>
    <FE bgColor="0000FF" fgColor="FFFFFF" coreType="Peripheral" cBy="ACW" cDate="07/17/2001 02:08:02 PDT Tue" abbrev="Mns" name="Means" ID="1467">
        <definition>&lt;def-root&gt;An act performed by the &lt;fen&gt;Agent&lt;/fen&gt; that accomplishes the imitation.
&lt;ex&gt;I &lt;t&gt;feigned&lt;/t&gt; death &lt;fex name="Mns"&gt;by breaking a bag of pig's blood and falling to the floor&lt;/fex&gt;.&lt;/ex&gt;&lt;/def-root&gt;</definition>
        <semType name="State_of_affairs" ID="177"/>
    </FE>
    <FE bgColor="FF69B4" fgColor="FFFFFF" coreType="Peripheral" cBy="ACW" cDate="07/17/2001 02:08:06 PDT Tue" abbrev="Degr" name="Degree" ID="1468">
        <definition>&lt;def-root&gt;Degree to which event occurs&lt;/def-root&gt;</definition>
        <semType name="Degree" ID="172"/>
    </FE>
    <FE bgColor="0000FF" fgColor="FFFFFF" coreType="Core" cBy="JKR" cDate="12/01/2005 02:04:51 PST Thu" abbrev="soa" name="State_of_affairs" ID="9489">
        <definition>&lt;def-root&gt;The &lt;fen&gt;State_of_affairs&lt;/fen&gt; is a an event, a state, or a property that the &lt;fen&gt;Agent&lt;/fen&gt; wants others to believe have occurred or hold.

&lt;ex&gt;A college student who &lt;t&gt;staged&lt;/t&gt; &lt;fex name="State_of_affairs"&gt;her own disappearance&lt;/fex&gt; last month will try to reach a plea agreement and avoid trial on charges she obstructed officers.&lt;/ex&gt;&lt;/def-root&gt;</definition>
    </FE>
    <FE bgColor="800080" fgColor="FFFFFF" coreType="Peripheral" cBy="JKR" cDate="12/01/2005 03:19:57 PST Thu" abbrev="pur" name="Purpose" ID="9500">
        <definition>&lt;def-root&gt;An action or state that the &lt;fen&gt;Agent&lt;/fen&gt; intends to accomplish by performing the feigning of some &lt;fen&gt;State_of_affairs&lt;/fen&gt;.&lt;/def-root&gt;</definition>
        <semType name="State_of_affairs" ID="177"/>
    </FE>
    <FE bgColor="2E8B57" fgColor="FFFFFF" coreType="Extra-Thematic" cBy="JKR" cDate="12/01/2005 03:27:42 PST Thu" abbrev="exp" name="Explanation" ID="9501">
        <definition>&lt;def-root&gt;The &lt;fen&gt;Explanation&lt;/fen&gt; denotes a proposition from which the feigning event logically follows. &lt;/def-root&gt;</definition>
        <semType name="State_of_affairs" ID="177"/>
    </FE>
    <FE bgColor="006400" fgColor="FFFFFF" coreType="Extra-Thematic" cBy="KmG" cDate="01/16/2007 02:19:09 PST Tue" abbrev="" name="Frequency" ID="10975">
        <definition>&lt;def-root&gt;How often the &lt;fen&gt;Agent&lt;/fen&gt; engages in the Feigning event. &lt;/def-root&gt;</definition>
    </FE>
    <FE bgColor="FFA500" fgColor="FFFFFF" coreType="Peripheral" cBy="KmG" cDate="01/16/2007 02:23:50 PST Tue" abbrev="" name="Time" ID="10976">
        <definition>&lt;def-root&gt;The &lt;fen&gt;Time&lt;/fen&gt; when the &lt;fen&gt;Agent&lt;/fen&gt; feigns something. &lt;/def-root&gt;</definition>
    </FE>
    <FE bgColor="FFFF00" fgColor="000000" coreType="Extra-Thematic" cBy="KmG" cDate="01/16/2007 03:23:07 PST Tue" abbrev="" name="Period_of_iterations" ID="10978">
        <definition>&lt;def-root&gt;The length of time from when the event denoted by the target began to be repeated to when it stopped.&lt;/def-root&gt;</definition>
    </FE>
    <FE bgColor="90876C" fgColor="FFFFFF" coreType="Extra-Thematic" cBy="KmG" cDate="01/16/2007 03:28:54 PST Tue" abbrev="" name="Duration" ID="10979">
        <definition>&lt;def-root&gt;The amount of time that the &lt;fen&gt;Agent&lt;/fen&gt; feigns something.&lt;/def-root&gt;</definition>
    </FE>
    <FE bgColor="EEE8AA" fgColor="000000" coreType="Extra-Thematic" cBy="KmG" cDate="01/16/2007 03:35:41 PST Tue" abbrev="" name="Depictive" ID="10980">
        <definition>&lt;def-root&gt;This FE describes a participant of the state of affairs as being in some state during the feigning action. &lt;/def-root&gt;</definition>
    </FE>
    <FE bgColor="d0d0d0" fgColor="000000" coreType="Extra-Thematic" cBy="KmG" cDate="01/16/2007 04:01:33 PST Tue" abbrev="" name="Circumstances" ID="10981">
        <definition>&lt;def-root&gt;Circumstances describe the state of the world (at a particular time and place) which is specifically independent of the event itself and any of its participants. &lt;/def-root&gt;</definition>
    </FE>
    <FE bgColor="7FFF00" fgColor="000000" coreType="Peripheral" cBy="JKs" cDate="05/07/2008 02:58:23 PDT Wed" abbrev="" name="Place" ID="12624">
        <definition>&lt;def-root&gt;The place in which the &lt;fen&gt;Agent&lt;/fen&gt; feigns something.&lt;/def-root&gt;</definition>
    </FE>
    <FEcoreSet>
        <memberFE name="Original" ID="44"/>
        <memberFE name="Copy" ID="45"/>
    </FEcoreSet>
    <frameRelation type="Inherits from"/>
    <frameRelation type="Is Inherited by"/>
    <frameRelation type="Perspective on"/>
    <frameRelation type="Is Perspectivized in"/>
    <frameRelation type="Uses">
        <relatedFrame ID="491">Conduct</relatedFrame>
    </frameRelation>
    <frameRelation type="Is Used by"/>
    <frameRelation type="Subframe of"/>
    <frameRelation type="Has Subframe(s)"/>
    <frameRelation type="Precedes"/>
    <frameRelation type="Is Preceded by"/>
    <frameRelation type="Is Inchoative of"/>
    <frameRelation type="Is Causative of"/>
    <frameRelation type="See also"/>
    <lexUnit status="FN1_Sent" POS="V" name="counterfeit.v" ID="21" lemmaID="8588" cBy="ChW" cDate="02/08/2001 01:27:27 PST Thu">
        <definition>FN: to imitate, usually an emotion or event</definition>
        <sentenceCount annotated="4" total="7"/>
        <lexeme order="1" headword="false" breakBefore="false" POS="V" name="counterfeit"/>
    </lexUnit>
    <lexUnit status="FN1_Sent" POS="V" name="fake.v" ID="25" lemmaID="13862" cBy="ChW" cDate="02/08/2001 01:27:27 PST Thu">
        <definition>FN: to imitate an action or emotion intending to be believed</definition>
        <sentenceCount annotated="25" total="77"/>
        <lexeme order="1" headword="false" breakBefore="false" POS="V" name="fake"/>
    </lexUnit>
    <lexUnit status="FN1_Sent" POS="V" name="feign.v" ID="28" lemmaID="14133" cBy="ChW" cDate="02/08/2001 01:27:27 PST Thu">
        <definition>COD: pretend to be affected by.</definition>
        <sentenceCount annotated="18" total="30"/>
        <lexeme order="1" headword="false" breakBefore="false" POS="V" name="feign"/>
    </lexUnit>
    <lexUnit status="Created" POS="V" name="stage.v" ID="4444" lemmaID="37701" cBy="MRLP" cDate="11/13/2001 04:50:58 PST Tue">
        <definition>FN: fake or imitate</definition>
        <sentenceCount annotated="0" total="0"/>
        <lexeme order="1" headword="false" breakBefore="false" POS="V" name="stage"/>
    </lexUnit>
    <lexUnit status="Finished_Initial" POS="V" name="affect.v" ID="13014" lemmaID="669" cBy="JKR" cDate="12/01/2005 05:01:01 PST Thu">
        <definition>FN: pretend to have a property or be in a particular state</definition>
        <sentenceCount annotated="10" total="233"/>
        <lexeme order="1" headword="false" breakBefore="false" POS="V" name="affect"/>
    </lexUnit>
    <lexUnit status="Finished_Initial" POS="V" name="pretend.v" ID="13020" lemmaID="30353" cBy="JKR" cDate="12/01/2005 05:34:44 PST Thu">
        <definition>COD: act so as to make it appear that something is the case when in fact it is not.</definition>
        <sentenceCount annotated="35" total="225"/>
        <lexeme order="1" headword="false" breakBefore="false" POS="V" name="pretend"/>
    </lexUnit>
    <lexUnit status="Finished_Initial" POS="V" name="simulate.v" ID="13021" lemmaID="35958" cBy="JKR" cDate="12/01/2005 05:37:05 PST Thu">
        <definition>FN: feign</definition>
        <sentenceCount annotated="12" total="155"/>
        <lexeme order="1" headword="false" breakBefore="false" POS="V" name="simulate"/>
    </lexUnit>
</frame>