<?xml version="1.0" encoding="UTF-8" standalone="yes"?>
<?xml-stylesheet type="text/xsl" href="frame.xsl"?>
<frame cBy="JKR" cDate="03/02/2005 06:28:36 PST Wed" name="Fields" ID="1345" xsi:schemaLocation="../schema/frame.xsd" xmlns="http://framenet.icsi.berkeley.edu" xmlns:xsi="http://www.w3.org/2001/XMLSchema-instance">
    <definition>&lt;def-root&gt;An individual or group (&lt;fen&gt;Practitioner&lt;/fen&gt;) or a part of their work life (&lt;fen&gt;Work&lt;/fen&gt;) is defined professionally by the &lt;fen&gt;Activity&lt;/fen&gt; that they typically engage in. Alternatively, the &lt;fen&gt;Activity&lt;/fen&gt; may be indicated by a &lt;fen&gt;Salient_entity&lt;/fen&gt; conventionally associated with it.

&lt;ex&gt; &lt;fex name="pra"&gt;Chris&lt;/fex&gt; was &lt;m&gt;in&lt;/m&gt; the &lt;fex name="act"&gt;construction&lt;/fex&gt;  &lt;t&gt;industry&lt;/t&gt; for 20 years before coming to GSCM.&lt;/ex&gt;

&lt;ex&gt;&lt;fex name="wor"&gt;My career&lt;/fex&gt; &lt;m&gt;was&lt;/m&gt; &lt;t&gt;in&lt;/t&gt; &lt;fex name="sal"&gt;oil and gas&lt;/fex&gt;.&lt;/ex&gt;&lt;/def-root&gt;</definition>
    <FE bgColor="FF0000" fgColor="FFFFFF" coreType="Core" cBy="JKR" cDate="03/02/2005 06:28:56 PST Wed" abbrev="act" name="Activity" ID="7604">
        <definition>&lt;def-root&gt;An activity that defines a group of people in their professional capacity.

&lt;ex&gt;One of the companies we are presently invested in is Boral, which is in the &lt;fex name="act"&gt;building&lt;/fex&gt; &lt;t&gt;sector&lt;/t&gt;.&lt;/ex&gt;&lt;/def-root&gt;</definition>
    </FE>
    <FE bgColor="800080" fgColor="FFFFFF" coreType="Core" cBy="JKR" cDate="03/02/2005 06:36:10 PST Wed" abbrev="pra" name="Practitioner" ID="7605">
        <definition>&lt;def-root&gt;The individual, group, or organization  that engages in the &lt;fen&gt;Activity&lt;/fen&gt; as part of their profession.

&lt;ex&gt;&lt;fex name="pra"&gt;I&lt;/fex&gt; &lt;m&gt;am&lt;/m&gt; &lt;t&gt;in&lt;/t&gt; biology (molecular immunology).&lt;/ex&gt;

&lt;ex&gt;The manufacturing &lt;fex name="pra"&gt;&lt;t&gt;sector&lt;/t&gt;&lt;/fex&gt; has complained to the State Bank of Pakistan (SBP) about the country's private commercial banks.&lt;/ex&gt;&lt;/def-root&gt;</definition>
        <semType name="Human" ID="80"/>
    </FE>
    <FE bgColor="008000" fgColor="FFFFFF" coreType="Core" cBy="JKR" cDate="03/02/2005 06:48:58 PST Wed" abbrev="sal" name="Salient_entity" ID="7607">
        <definition>&lt;def-root&gt;A physical or abstract entity that is characteristically associated with the &lt;fen&gt;Activity&lt;/fen&gt;.

&lt;ex&gt;These companies who have their roots in either the 19th or early 20th century have been &lt;t&gt;in&lt;/t&gt; &lt;fex name="sal"&gt;oil&lt;/fex&gt; all their existence.&lt;/ex&gt;&lt;/def-root&gt;</definition>
    </FE>
    <FE bgColor="FFA500" fgColor="FFFFFF" coreType="Core" cBy="JKR" cDate="03/02/2005 06:55:09 PST Wed" abbrev="wor" name="Work" ID="7608">
        <definition>&lt;def-root&gt;A phase of a &lt;fen&gt;Practitioner&lt;/fen&gt;'s career that is spent engaged in an &lt;fen&gt;Activity&lt;/fen&gt;.

 
&lt;ex&gt;&lt;fex name="wor"&gt;My most recent job&lt;/fex&gt; was in the construction &lt;t&gt;industry&lt;/t&gt;.&lt;/ex&gt;&lt;/def-root&gt;</definition>
    </FE>
    <FE bgColor="00008B" fgColor="FFFFFF" coreType="Peripheral" cBy="KmG" cDate="05/29/2008 04:17:38 PDT Thu" abbrev="Typ" name="Type" ID="12681">
        <definition>&lt;def-root&gt;The subfield of the &lt;fen&gt;Activity&lt;/fen&gt; that the &lt;fen&gt;Practitioner&lt;/fen&gt; is engaged in. &lt;/def-root&gt;</definition>
    </FE>
    <FE bgColor="7CCD73" fgColor="00008B" coreType="Peripheral" cBy="KmG" cDate="05/29/2008 04:23:33 PDT Thu" abbrev="Pla" name="Place" ID="12682">
        <definition>&lt;def-root&gt;The location where the &lt;fen&gt;Practitioner&lt;/fen&gt; engages in the &lt;fen&gt;Activity&lt;/fen&gt;.&lt;/def-root&gt;</definition>
    </FE>
    <FE bgColor="FFFF00" fgColor="00008B" coreType="Peripheral" cBy="KmG" cDate="05/29/2008 04:26:54 PDT Thu" abbrev="Tim" name="Time" ID="12683">
        <definition>&lt;def-root&gt;The &lt;fen&gt;Time&lt;/fen&gt; when the &lt;fen&gt;Practitioner&lt;/fen&gt; engages in the &lt;fen&gt;Activity&lt;/fen&gt;.&lt;/def-root&gt;</definition>
    </FE>
    <FEcoreSet>
        <memberFE name="Activity" ID="7604"/>
        <memberFE name="Salient_entity" ID="7607"/>
        <memberFE name="Work" ID="7608"/>
    </FEcoreSet>
    <frameRelation type="Inherits from"/>
    <frameRelation type="Is Inherited by"/>
    <frameRelation type="Perspective on"/>
    <frameRelation type="Is Perspectivized in"/>
    <frameRelation type="Uses">
        <relatedFrame ID="304">People</relatedFrame>
        <relatedFrame ID="321">Employment_scenario</relatedFrame>
    </frameRelation>
    <frameRelation type="Is Used by">
        <relatedFrame ID="981">Craft</relatedFrame>
    </frameRelation>
    <frameRelation type="Subframe of"/>
    <frameRelation type="Has Subframe(s)"/>
    <frameRelation type="Precedes"/>
    <frameRelation type="Is Preceded by"/>
    <frameRelation type="Is Inchoative of"/>
    <frameRelation type="Is Causative of"/>
    <frameRelation type="See also"/>
    <lexUnit status="Created" POS="N" name="industry.n" ID="11668" lemmaID="19725" cBy="JKR" cDate="03/02/2005 06:45:10 PST Wed">
        <definition>COD: a particular branch of economic or commercial activity</definition>
        <sentenceCount annotated="18" total="18"/>
        <lexeme order="1" headword="false" breakBefore="false" POS="N" name="industry"/>
    </lexUnit>
    <lexUnit status="Created" POS="N" name="sector.n" ID="11669" lemmaID="34799" cBy="JKR" cDate="03/02/2005 06:45:44 PST Wed">
        <definition>COD: a distinct part of an economy, society, or sphere of activity</definition>
        <sentenceCount annotated="2" total="2"/>
        <lexeme order="1" headword="false" breakBefore="false" POS="N" name="sector"/>
    </lexUnit>
    <lexUnit status="Created" POS="PREP" name="in.prep" ID="11670" lemmaID="19298" cBy="JKR" cDate="03/02/2005 06:46:28 PST Wed">
        <definition>COD: indicating someone's occupation or profession.</definition>
        <sentenceCount annotated="1" total="1"/>
        <lexeme order="1" headword="false" breakBefore="false" POS="PREP" name="in"/>
    </lexUnit>
    <lexUnit status="Created" POS="N" name="field.n" ID="11671" lemmaID="14285" cBy="JKR" cDate="03/02/2005 06:47:12 PST Wed">
        <definition>COD: a particular branch of study or sphere of activity.</definition>
        <sentenceCount annotated="3" total="3"/>
        <lexeme order="1" headword="false" breakBefore="false" POS="N" name="field"/>
    </lexUnit>
    <lexUnit status="Created" POS="N" name="area.n" ID="12204" lemmaID="1889" cBy="JKR" cDate="06/13/2005 03:23:39 PDT Mon">
        <definition>COD: a subject or range of activity.</definition>
        <sentenceCount annotated="2" total="3"/>
        <lexeme order="1" headword="false" breakBefore="false" POS="N" name="area"/>
    </lexUnit>
    <lexUnit status="Created" POS="A" name="artistic.a" ID="14358" lemmaID="2031" cBy="KmG" cDate="04/06/2007 04:00:16 PDT Fri">
        <definition>COD: having a talent for creating art. </definition>
        <sentenceCount annotated="3" total="3"/>
        <lexeme order="1" headword="false" breakBefore="false" POS="A" name="artistic"/>
    </lexUnit>
    <lexUnit status="Created" POS="N" name="art.n" ID="14359" lemmaID="1999" cBy="KmG" cDate="04/06/2007 04:03:05 PDT Fri">
        <definition>COD: the expression or application of creative skill and imagination, especially through a visual medium such as painting or sculpture.</definition>
        <sentenceCount annotated="7" total="7"/>
        <lexeme order="1" headword="false" breakBefore="false" POS="N" name="art"/>
    </lexUnit>
    <lexUnit status="Created" POS="A" name="literary.a" ID="14366" lemmaID="22509" cBy="KmG" cDate="04/06/2007 04:53:39 PDT Fri">
        <definition>COD: concerning the writing, study, or content of literature, especially of the kind valued for quality of form.</definition>
        <sentenceCount annotated="1" total="1"/>
        <lexeme order="1" headword="false" breakBefore="false" POS="A" name="literary"/>
    </lexUnit>
    <lexUnit status="Created" POS="N" name="literature.n" ID="14416" lemmaID="22515" cBy="KmG" cDate="04/11/2007 06:12:22 PDT Wed">
        <definition>FN: the study of written works, especially those regarded as having artistic merit.</definition>
        <sentenceCount annotated="3" total="3"/>
        <lexeme order="1" headword="false" breakBefore="false" POS="N" name="literature"/>
    </lexUnit>
    <lexUnit status="Created" POS="N" name="theater.n" ID="14417" lemmaID="50518" cBy="KmG" cDate="04/11/2007 06:13:03 PDT Wed">
        <definition>COD: a play or other activity considered in terms of its dramatic quality.</definition>
        <sentenceCount annotated="2" total="2"/>
        <lexeme order="1" headword="true" breakBefore="false" POS="N" name="theater"/>
    </lexUnit>
    <lexUnit status="Created" POS="A" name="industrial.a" ID="14705" lemmaID="19716" cBy="JKs" cDate="01/25/2008 01:10:24 PST Fri">
        <definition>FN: of or from a particular branch of economic sector</definition>
        <sentenceCount annotated="0" total="1"/>
        <lexeme order="1" headword="false" breakBefore="false" POS="A" name="industrial"/>
    </lexUnit>
    <lexUnit status="Finished_Initial" POS="N" name="history.n" ID="15012" lemmaID="50900" cBy="KmG" cDate="05/29/2008 03:39:06 PDT Thu">
        <definition>FN: the academic study concerned with understanding the events of the past</definition>
        <sentenceCount annotated="35" total="185"/>
        <lexeme order="1" headword="true" breakBefore="false" POS="N" name="history"/>
    </lexUnit>
    <lexUnit status="Created" POS="N" name="mathematics.n" ID="15851" lemmaID="51146" cBy="MLC" cDate="07/12/2010 03:43:19 PDT Mon">
        <definition>COD: the branch of science concerned with number, quantity, and space, either as abstract concepts (pure mathematics) or as applied to physics, engineering, and other subjects (applied mathematics) </definition>
        <sentenceCount annotated="0" total="0"/>
        <lexeme order="1" headword="true" breakBefore="false" POS="N" name="mathematics"/>
    </lexUnit>
    <lexUnit status="Created" POS="N" name="finance.n" ID="18220" lemmaID="14383" cBy="HPh" cDate="08/18/2015 03:32:38 PDT Tue">
        <definition>FN: the management of money, especially with respect to governments and large companies.</definition>
        <sentenceCount annotated="0" total="0"/>
        <lexeme order="1" headword="false" breakBefore="false" POS="N" name="finance"/>
    </lexUnit>
    <lexUnit status="Created" POS="N" name="math.n" ID="18611" lemmaID="23691" cBy="HPh" cDate="02/08/2016 08:10:48 PST Mon">
        <definition>FN: mathematics (US &amp; Candadian, informal)</definition>
        <sentenceCount annotated="0" total="0"/>
        <lexeme order="1" headword="false" breakBefore="false" POS="N" name="math"/>
    </lexUnit>
    <lexUnit status="Created" POS="A" name="technical.a" ID="18678" lemmaID="39691" cBy="CFB" cDate="03/21/2016 11:31:04 PDT Mon">
        <definition>FN: connected with machinery, engineering or applied sciences</definition>
        <sentenceCount annotated="0" total="0"/>
        <lexeme order="1" headword="false" breakBefore="false" POS="A" name="technical"/>
    </lexUnit>
</frame>