<?xml version="1.0" encoding="UTF-8" standalone="yes"?>
<?xml-stylesheet type="text/xsl" href="frame.xsl"?>
<frame cBy="ChW" cDate="02/07/2001 04:12:13 PST Wed" name="Filling" ID="59" xsi:schemaLocation="../schema/frame.xsd" xmlns="http://framenet.icsi.berkeley.edu" xmlns:xsi="http://www.w3.org/2001/XMLSchema-instance">
    <definition>&lt;def-root&gt;These are words relating to filling containers and covering areas with some thing, things or substance, the &lt;fen&gt;Theme&lt;/fen&gt;. The area or container can appear as the direct object with all these verbs, and is designated &lt;fen&gt;Goal&lt;/fen&gt; because it is the goal of motion of the &lt;fen&gt;Theme&lt;/fen&gt;. Corresponding to its nuclear argument status, it is also affected in some crucial way, unlike goals in other frames.
 &lt;ex&gt;&lt;fex name="Agent"&gt;Lionel Hutz&lt;/fex&gt; &lt;t&gt;coated&lt;/t&gt; &lt;fex name="Goal"&gt;the wall&lt;/fex&gt; &lt;fex name="Theme"&gt;with paint&lt;/fex&gt;. &lt;/ex&gt;&lt;/def-root&gt;</definition>
    <FE bgColor="FF0000" fgColor="FFFFFF" coreType="Core" cBy="ChW" cDate="02/07/2001 04:12:13 PST Wed" abbrev="Agt" name="Agent" ID="253">
        <definition>&lt;def-root&gt;The &lt;fen&gt;Agent&lt;/fen&gt; is the actor who instigates the filling.&lt;/def-root&gt;</definition>
        <semType name="Sentient" ID="5"/>
        <excludesFE name="Cause" ID="9897"/>
    </FE>
    <FE bgColor="00008B" fgColor="FFFFFF" coreType="Core" cBy="ChW" cDate="02/07/2001 04:12:14 PST Wed" abbrev="Thm" name="Theme" ID="254">
        <definition>&lt;def-root&gt;The &lt;fen&gt;Theme&lt;/fen&gt; is the physical object or substance which changes location. &lt;ex&gt;&lt;fex name="Agent"&gt;Rev. Lovejoy&lt;/fex&gt; &lt;fex name="Manner"&gt;carefully&lt;/fex&gt; &lt;t&gt;brushed&lt;/t&gt; &lt;fex name="Goal"&gt;the rolls&lt;/fex&gt; &lt;fex name="Theme"&gt;with butter&lt;/fex&gt;. &lt;/ex&gt;&lt;/def-root&gt;</definition>
        <semType name="Physical_object" ID="68"/>
    </FE>
    <FE bgColor="006400" fgColor="FFFFFF" coreType="Peripheral" cBy="ChW" cDate="02/07/2001 04:12:14 PST Wed" abbrev="Src" name="Source" ID="255">
        <definition>&lt;def-root&gt;The &lt;fen&gt;Source&lt;/fen&gt; is the location where the &lt;fen&gt;Theme&lt;/fen&gt; begins its motion. &lt;ex&gt;&lt;fex name="Agent"&gt;Josef&lt;/fex&gt; &lt;t&gt;filled&lt;/t&gt; &lt;fex name="Goal"&gt;his flask&lt;/fex&gt; &lt;fex name="Source"&gt;from the whiskey bottle&lt;/fex&gt;.&lt;/ex&gt;&lt;/def-root&gt;</definition>
        <semType name="Source" ID="151"/>
    </FE>
    <FE bgColor="A52A2A" fgColor="FFFFFF" coreType="Peripheral" cBy="ChW" cDate="02/07/2001 04:12:14 PST Wed" abbrev="Path" name="Path" ID="256">
        <definition>&lt;def-root&gt;The &lt;fen&gt;Path&lt;/fen&gt; is the trajectory of the motion.  &lt;ex&gt;&lt;fex name="Agent"&gt;Jess&lt;/fex&gt; &lt;t&gt;filled&lt;/t&gt; &lt;fex name="Goal"&gt;the container&lt;/fex&gt; &lt;fex name="Path"&gt;through a small hole in the lid&lt;/fex&gt;.&lt;/ex&gt;&lt;/def-root&gt;</definition>
    </FE>
    <FE bgColor="00BFFF" fgColor="FFFFFF" coreType="Core" cBy="ChW" cDate="02/07/2001 04:12:14 PST Wed" abbrev="Goal" name="Goal" ID="257">
        <definition>&lt;def-root&gt;The &lt;fen&gt;Goal&lt;/fen&gt; is the area or container being filled. Goal is generally the NP Object in this frame.&lt;/def-root&gt;</definition>
        <semType name="Goal" ID="153"/>
    </FE>
    <FE bgColor="FF69B4" fgColor="FFFFFF" coreType="Peripheral" cBy="ACW" cDate="06/12/2001 09:05:13 PDT Tue" abbrev="Degr" name="Degree" ID="840">
        <definition>&lt;def-root&gt;&lt;fen&gt;Degree&lt;/fen&gt; to which the filling occurs.&lt;/def-root&gt;</definition>
        <semType name="Degree" ID="172"/>
    </FE>
    <FE bgColor="9400D3" fgColor="FFFFFF" coreType="Extra-Thematic" cBy="ACW" cDate="06/12/2001 09:05:13 PDT Tue" abbrev="Dep" name="Depictive" ID="841">
        <definition>&lt;def-root&gt;Depictive phrase describing the &lt;fen&gt;Agent&lt;/fen&gt; of the filling action.
&lt;ex&gt;&lt;fex name="Dep"&gt;Naked&lt;/fex&gt;, &lt;fex name="Agent"&gt;Margeret&lt;/fex&gt; &lt;t&gt;filled&lt;/t&gt; &lt;fex name="Goal"&gt;the tub&lt;/fex&gt;.&lt;/ex&gt;&lt;/def-root&gt;</definition>
    </FE>
    <FE bgColor="FF00FF" fgColor="FFFFFF" coreType="Peripheral" cBy="ACW" cDate="06/12/2001 09:05:13 PDT Tue" abbrev="Manr" name="Manner" ID="844">
        <definition>&lt;def-root&gt;The &lt;fen&gt;Manner&lt;/fen&gt; in which the filling occurs.&lt;/def-root&gt;</definition>
        <semType name="Manner" ID="173"/>
    </FE>
    <FE bgColor="0000FF" fgColor="FFFFFF" coreType="Peripheral" cBy="ACW" cDate="06/12/2001 09:05:13 PDT Tue" abbrev="Mns" name="Means" ID="845">
        <definition>&lt;def-root&gt;The &lt;fen&gt;Means&lt;/fen&gt; by which the filling occurs.&lt;/def-root&gt;</definition>
        <semType name="State_of_affairs" ID="177"/>
    </FE>
    <FE bgColor="9F79EE" fgColor="FFFFFF" coreType="Extra-Thematic" cBy="ACW" cDate="06/12/2001 09:05:13 PDT Tue" abbrev="Result" name="Result" ID="846">
        <definition>&lt;def-root&gt;The &lt;fen&gt;Result&lt;/fen&gt; is the resultant state after the filling has occurred.&lt;/def-root&gt;</definition>
    </FE>
    <FE bgColor="1E90FF" fgColor="FFFFFF" coreType="Extra-Thematic" cBy="MJE" cDate="09/18/2001 03:27:52 PDT Tue" abbrev="Exp" name="Explanation" ID="1948">
        <definition>&lt;def-root&gt;The &lt;fex name="Explanation"&gt;Explanation&lt;/fex&gt; for which the &lt;fen&gt;Agent&lt;/fen&gt; fills or covers the &lt;fen&gt;Goal&lt;/fen&gt;. &lt;ex&gt;&lt;fex name="Agent"&gt;Samantha&lt;/fex&gt; &lt;t&gt;covered&lt;/t&gt; &lt;fex name="Goal"&gt;the table&lt;/fex&gt; &lt;fex name="Theme"&gt;with flowers&lt;/fex&gt; &lt;fex name="Explanation"&gt;because she was bored&lt;/fex&gt;.&lt;/ex&gt;&lt;/def-root&gt;</definition>
        <semType name="State_of_affairs" ID="177"/>
    </FE>
    <FE bgColor="FFA500" fgColor="FFFFFF" coreType="Peripheral" cBy="MJE" cDate="09/18/2001 03:29:48 PDT Tue" abbrev="Time" name="Time" ID="1949">
        <definition>&lt;def-root&gt;When the filling occurs.&lt;/def-root&gt;</definition>
        <semType name="Time" ID="141"/>
    </FE>
    <FE bgColor="008000" fgColor="FFFFFF" coreType="Peripheral" cBy="MJE" cDate="09/18/2001 03:29:56 PDT Tue" abbrev="Place" name="Place" ID="1950">
        <definition>&lt;def-root&gt;Where the filling takes place.&lt;/def-root&gt;</definition>
        <semType name="Locative_relation" ID="182"/>
    </FE>
    <FE bgColor="800080" fgColor="FFFFFF" coreType="Extra-Thematic" cBy="MJE" cDate="09/18/2001 03:30:03 PDT Tue" abbrev="Purp" name="Purpose" ID="1951">
        <definition>&lt;def-root&gt;The purpose for which the &lt;fen&gt;Agent&lt;/fen&gt; fills the &lt;fen&gt;Goal&lt;/fen&gt;. &lt;ex&gt;&lt;fex name="Agent"&gt;Samantha&lt;/fex&gt; &lt;t&gt;covered&lt;/t&gt; &lt;fex name="Goal"&gt;the table&lt;/fex&gt; &lt;fex name="Theme"&gt;with flowers&lt;/fex&gt; &lt;fex name="Purpose"&gt;to please her mother&lt;/fex&gt;.&lt;/ex&gt;
&lt;/def-root&gt;</definition>
        <semType name="State_of_affairs" ID="177"/>
    </FE>
    <FE bgColor="808080" fgColor="FFFFFF" coreType="Peripheral" cBy="MJE" cDate="09/18/2001 03:30:33 PDT Tue" abbrev="Ins" name="Instrument" ID="1952">
        <definition>&lt;def-root&gt;The &lt;fen&gt;Instrument&lt;/fen&gt; with which the filling occurs.&lt;/def-root&gt;</definition>
        <semType name="Physical_entity" ID="70"/>
    </FE>
    <FE bgColor="90876C" fgColor="FFFFFF" coreType="Extra-Thematic" cBy="ACW" cDate="08/19/2002 03:06:32 PDT Mon" abbrev="Sub" name="Subregion" ID="3579">
        <definition>&lt;def-root&gt;The &lt;fen&gt;Subregion&lt;/fen&gt; is the smaller area of the &lt;fen&gt;Goal&lt;/fen&gt; where the filling or covering occurs. &lt;ex&gt;&lt;fex name="Agent"&gt;Mrs. Bouvier&lt;/fex&gt; &lt;t&gt;anointed&lt;/t&gt; &lt;fex name="Goal"&gt;the children&lt;/fex&gt; &lt;fex name="Theme"&gt;with oil&lt;/fex&gt; &lt;fex name="Subregion"&gt;on the forehead&lt;/fex&gt;.&lt;/ex&gt;&lt;/def-root&gt;</definition>
        <semType name="Locative_relation" ID="182"/>
    </FE>
    <FE bgColor="7CCD7C" fgColor="FFFFFF" coreType="Core" cBy="MJE" cDate="02/02/2006 11:29:57 PST Thu" abbrev="cau" name="Cause" ID="9897">
        <definition>&lt;def-root&gt;An event which brings about the filling of the &lt;fen&gt;Goal&lt;/fen&gt;.&lt;/def-root&gt;</definition>
    </FE>
    <frameRelation type="Inherits from">
        <relatedFrame ID="2303">Container_focused_placing</relatedFrame>
    </frameRelation>
    <frameRelation type="Is Inherited by"/>
    <frameRelation type="Perspective on"/>
    <frameRelation type="Is Perspectivized in"/>
    <frameRelation type="Uses"/>
    <frameRelation type="Is Used by"/>
    <frameRelation type="Subframe of"/>
    <frameRelation type="Has Subframe(s)"/>
    <frameRelation type="Precedes"/>
    <frameRelation type="Is Preceded by"/>
    <frameRelation type="Is Inchoative of"/>
    <frameRelation type="Is Causative of">
        <relatedFrame ID="244">Fullness</relatedFrame>
    </frameRelation>
    <frameRelation type="See also">
        <relatedFrame ID="62">Placing</relatedFrame>
        <relatedFrame ID="55">Cause_motion</relatedFrame>
        <relatedFrame ID="76">Distributed_position</relatedFrame>
    </frameRelation>
    <lexUnit status="FN1_Sent" POS="V" name="adorn.v" ID="1007" lemmaID="560" cBy="ChW" cDate="02/08/2001 01:29:02 PST Thu">
        <definition>FN: cover with decoration</definition>
        <sentenceCount annotated="9" total="135"/>
        <lexeme order="1" headword="false" breakBefore="false" POS="V" name="adorn"/>
    </lexUnit>
    <lexUnit status="FN1_Sent" POS="V" name="anoint.v" ID="1008" lemmaID="1481" cBy="ChW" cDate="02/08/2001 01:29:02 PST Thu">
        <definition>FN: to smear or rub with an oily substance</definition>
        <sentenceCount annotated="14" total="77"/>
        <lexeme order="1" headword="false" breakBefore="false" POS="V" name="anoint"/>
    </lexUnit>
    <lexUnit status="FN1_Sent" POS="V" name="cover.v" ID="1009" lemmaID="8679" cBy="ChW" cDate="02/08/2001 01:29:02 PST Thu">
        <definition>COD: put something on top of or in front of (something) in order to protect or conceal it</definition>
        <sentenceCount annotated="19" total="381"/>
        <lexeme order="1" headword="false" breakBefore="false" POS="V" name="cover"/>
    </lexUnit>
    <lexUnit status="FN1_Sent" POS="V" name="dust.v" ID="1010" lemmaID="11997" cBy="ChW" cDate="02/08/2001 01:29:02 PST Thu">
        <definition>COD: cover lightly with a powdered substance.</definition>
        <sentenceCount annotated="11" total="171"/>
        <lexeme order="1" headword="false" breakBefore="false" POS="V" name="dust"/>
    </lexUnit>
    <lexUnit status="FN1_Sent" POS="V" name="load.v" ID="1011" lemmaID="22578" cBy="ChW" cDate="02/08/2001 01:29:02 PST Thu">
        <definition>FN: fill a container-like entity with something, often in abundance</definition>
        <sentenceCount annotated="16" total="272"/>
        <lexeme order="1" headword="false" breakBefore="false" POS="V" name="load"/>
    </lexUnit>
    <lexUnit status="FN1_Sent" POS="V" name="pack.v" ID="1012" lemmaID="27482" cBy="ChW" cDate="02/08/2001 01:29:02 PST Thu">
        <definition>COD: fill; cram a large number of things into</definition>
        <sentenceCount annotated="22" total="302"/>
        <lexeme order="1" headword="false" breakBefore="false" POS="V" name="pack"/>
    </lexUnit>
    <lexUnit status="FN1_Sent" POS="V" name="smear.v" ID="1013" lemmaID="36503" cBy="ChW" cDate="02/08/2001 01:29:02 PST Thu">
        <definition>COD: coat or mark with a greasy or sticky substance.</definition>
        <sentenceCount annotated="18" total="164"/>
        <lexeme order="1" headword="false" breakBefore="false" POS="V" name="smear"/>
    </lexUnit>
    <lexUnit status="FN1_Sent" POS="V" name="spread.v" ID="1014" lemmaID="37520" cBy="ChW" cDate="02/08/2001 01:29:02 PST Thu">
        <definition>FN: cover (a surface) with a substance by applying in an even layer</definition>
        <sentenceCount annotated="18" total="235"/>
        <lexeme order="1" headword="false" breakBefore="false" POS="V" name="spread"/>
    </lexUnit>
    <lexUnit status="FN1_Sent" POS="V" name="stuff.v" ID="1015" lemmaID="38436" cBy="ChW" cDate="02/08/2001 01:29:03 PST Thu">
        <definition>COD: fill tightly with something</definition>
        <sentenceCount annotated="23" total="224"/>
        <lexeme order="1" headword="false" breakBefore="false" POS="V" name="stuff"/>
    </lexUnit>
    <lexUnit status="FN1_Sent" POS="V" name="wrap.v" ID="1016" lemmaID="44555" cBy="ChW" cDate="02/08/2001 01:29:03 PST Thu">
        <definition>COD: place around so as to encircle.</definition>
        <sentenceCount annotated="21" total="312"/>
        <lexeme order="1" headword="false" breakBefore="false" POS="V" name="wrap"/>
    </lexUnit>
    <lexUnit status="Finished_Initial" POS="V" name="plaster.v" ID="2575" lemmaID="29273" cBy="Tess" cDate="06/09/2001 07:04:57 PDT Sat">
        <definition>COD: coat or cover all over with something, especially to an extent considered excessive</definition>
        <sentenceCount annotated="13" total="135"/>
        <lexeme order="1" headword="false" breakBefore="false" POS="V" name="plaster"/>
    </lexUnit>
    <lexUnit status="Finished_Initial" POS="V" name="drape.v" ID="2576" lemmaID="11701" cBy="Tess" cDate="06/09/2001 07:11:22 PDT Sat">
        <definition>FN: to (partially or completely) cover something by placing an object or objects over the surface</definition>
        <sentenceCount annotated="8" total="171"/>
        <lexeme order="1" headword="false" breakBefore="false" POS="V" name="drape"/>
    </lexUnit>
    <lexUnit status="Finished_Initial" POS="V" name="dab.v" ID="2577" lemmaID="9448" cBy="Tess" cDate="06/09/2001 07:18:33 PDT Sat">
        <definition>FN: apply a substance to, in small or light strokes </definition>
        <sentenceCount annotated="5" total="122"/>
        <lexeme order="1" headword="false" breakBefore="false" POS="V" name="dab"/>
    </lexUnit>
    <lexUnit status="Finished_Initial" POS="V" name="daub.v" ID="2578" lemmaID="9614" cBy="Tess" cDate="06/09/2001 07:22:45 PDT Sat">
        <definition>COD: coat or smear with a thick substance carelessly or liberally</definition>
        <sentenceCount annotated="10" total="76"/>
        <lexeme order="1" headword="false" breakBefore="false" POS="V" name="daub"/>
    </lexUnit>
    <lexUnit status="Finished_Initial" POS="V" name="inject.v" ID="2579" lemmaID="19976" cBy="Tess" cDate="06/09/2001 07:27:52 PDT Sat">
        <definition>COD: introduce (a new or different element) into something</definition>
        <sentenceCount annotated="22" total="174"/>
        <lexeme order="1" headword="false" breakBefore="false" POS="V" name="inject"/>
    </lexUnit>
    <lexUnit status="Finished_Initial" POS="V" name="cram.v" ID="2580" lemmaID="8774" cBy="Tess" cDate="06/09/2001 07:34:00 PDT Sat">
        <definition>COD: fill to the point of overflowing</definition>
        <sentenceCount annotated="14" total="168"/>
        <lexeme order="1" headword="false" breakBefore="false" POS="V" name="cram"/>
    </lexUnit>
    <lexUnit status="Finished_Initial" POS="V" name="sow.v" ID="2581" lemmaID="37111" cBy="Tess" cDate="06/09/2001 07:39:12 PDT Sat">
        <definition>COD: plant (an area) with seed</definition>
        <sentenceCount annotated="7" total="257"/>
        <lexeme order="1" headword="false" breakBefore="false" POS="V" name="sow"/>
    </lexUnit>
    <lexUnit status="Finished_Initial" incorporatedFE="Theme" POS="V" name="seed.v" ID="2582" lemmaID="34840" cBy="Tess" cDate="06/09/2001 07:47:05 PDT Sat">
        <definition>COD: sow (land) with seeds</definition>
        <sentenceCount annotated="6" total="152"/>
        <lexeme order="1" headword="false" breakBefore="false" POS="V" name="seed"/>
    </lexUnit>
    <lexUnit status="Finished_Initial" POS="V" name="brush.v" ID="2584" lemmaID="4751" cBy="Tess" cDate="06/09/2001 07:59:52 PDT Sat">
        <definition>FN: apply a substance to (a surface) lightly or with a brush</definition>
        <sentenceCount annotated="13" total="218"/>
        <lexeme order="1" headword="false" breakBefore="false" POS="V" name="brush"/>
    </lexUnit>
    <lexUnit status="Finished_Initial" POS="V" name="hang.v" ID="2585" lemmaID="17383" cBy="Tess" cDate="06/09/2001 08:09:40 PDT Sat">
        <definition>FN: cover or adorn (a place or surface) with hanging objects</definition>
        <sentenceCount annotated="6" total="248"/>
        <lexeme order="1" headword="false" breakBefore="false" POS="V" name="hang"/>
    </lexUnit>
    <lexUnit status="Finished_Initial" POS="V" name="spatter.v" ID="2586" lemmaID="37195" cBy="Tess" cDate="06/10/2001 08:35:30 PDT Sun">
        <definition>COD: cover with drops or spots</definition>
        <sentenceCount annotated="11" total="82"/>
        <lexeme order="1" headword="false" breakBefore="false" POS="V" name="spatter"/>
    </lexUnit>
    <lexUnit status="Finished_Initial" POS="V" name="splash.v" ID="2587" lemmaID="37389" cBy="Tess" cDate="06/10/2001 08:51:06 PDT Sun">
        <definition>FN: cover or scatter with drops (of liquid)</definition>
        <sentenceCount annotated="11" total="187"/>
        <lexeme order="1" headword="false" breakBefore="false" POS="V" name="splash"/>
    </lexUnit>
    <lexUnit status="Finished_Initial" POS="V" name="splatter.v" ID="2588" lemmaID="37395" cBy="Tess" cDate="06/10/2001 09:02:44 PDT Sun">
        <definition>COD: splash with a sticky or viscous liquid</definition>
        <sentenceCount annotated="8" total="71"/>
        <lexeme order="1" headword="false" breakBefore="false" POS="V" name="splatter"/>
    </lexUnit>
    <lexUnit status="Finished_Initial" POS="V" name="spray.v" ID="2589" lemmaID="37517" cBy="Tess" cDate="06/10/2001 09:16:55 PDT Sun">
        <definition>COD: cover or treat with a spray</definition>
        <sentenceCount annotated="17" total="182"/>
        <lexeme order="1" headword="false" breakBefore="false" POS="V" name="spray"/>
    </lexUnit>
    <lexUnit status="Finished_Initial" POS="V" name="sprinkle.v" ID="2590" lemmaID="37545" cBy="Tess" cDate="06/10/2001 09:26:46 PDT Sun">
        <definition>COD: scatter or pour small drops or particles over</definition>
        <sentenceCount annotated="8" total="165"/>
        <lexeme order="1" headword="false" breakBefore="false" POS="V" name="sprinkle"/>
    </lexUnit>
    <lexUnit status="Finished_Initial" POS="V" name="squirt.v" ID="2591" lemmaID="37667" cBy="Tess" cDate="06/10/2001 09:33:46 PDT Sun">
        <definition>COD: wet with a jet of liquid</definition>
        <sentenceCount annotated="4" total="88"/>
        <lexeme order="1" headword="false" breakBefore="false" POS="V" name="squirt"/>
    </lexUnit>
    <lexUnit status="Finished_Initial" POS="V" name="shower.v" ID="2592" lemmaID="35691" cBy="Tess" cDate="06/10/2001 09:37:57 PDT Sun">
        <definition>FN: spray with drops of liquid or particles</definition>
        <sentenceCount annotated="10" total="155"/>
        <lexeme order="1" headword="false" breakBefore="false" POS="V" name="shower"/>
    </lexUnit>
    <lexUnit status="Needs_SCs" POS="V" name="drizzle.v" ID="2598" lemmaID="11806" cBy="Tess" cDate="06/10/2001 06:08:24 PDT Sun">
        <definition>FN: to apply a substance to (a surface) in a thin stream</definition>
        <sentenceCount annotated="3" total="52"/>
        <lexeme order="1" headword="false" breakBefore="false" POS="V" name="drizzle"/>
    </lexUnit>
    <lexUnit status="Finished_Initial" POS="V" name="heap.v" ID="2599" lemmaID="17675" cBy="Tess" cDate="06/10/2001 06:11:08 PDT Sun">
        <definition>COD: load copiously with</definition>
        <sentenceCount annotated="9" total="120"/>
        <lexeme order="1" headword="false" breakBefore="false" POS="V" name="heap"/>
    </lexUnit>
    <lexUnit status="Finished_Initial" POS="V" name="pile.v" ID="2612" lemmaID="28997" cBy="Tess" cDate="06/12/2001 12:34:54 PDT Tue">
        <definition>FN: stack or load with</definition>
        <sentenceCount annotated="15" total="252"/>
        <lexeme order="1" headword="false" breakBefore="false" POS="V" name="pile"/>
    </lexUnit>
    <lexUnit status="Finished_Initial" POS="V" name="pump.v" ID="2614" lemmaID="31137" cBy="Tess" cDate="06/12/2001 12:41:21 PDT Tue">
        <definition>COD: fill (something) with (liquid, gas, etc.)</definition>
        <sentenceCount annotated="7" total="256"/>
        <lexeme order="1" headword="false" breakBefore="false" POS="V" name="pump"/>
    </lexUnit>
    <lexUnit status="Insufficient_Attestations" POS="V" name="jam.v" ID="2625" lemmaID="20817" cBy="Tess" cDate="06/12/2001 06:07:07 PDT Tue">
        <definition>FN: fill or crowd tightly (with something)</definition>
        <sentenceCount annotated="0" total="398"/>
        <lexeme order="1" headword="false" breakBefore="false" POS="V" name="jam"/>
    </lexUnit>
    <lexUnit status="Finished_Initial" POS="V" name="plant.v" ID="2626" lemmaID="29262" cBy="Tess" cDate="06/12/2001 06:33:28 PDT Tue">
        <definition>FN: fill an area with (seeds or plants)</definition>
        <sentenceCount annotated="10" total="222"/>
        <lexeme order="1" headword="false" breakBefore="false" POS="V" name="plant"/>
    </lexUnit>
    <lexUnit status="Finished_Initial" POS="V" name="scatter.v" ID="2627" lemmaID="34364" cBy="Tess" cDate="06/12/2001 06:40:54 PDT Tue">
        <definition>FN: cover with (objects, substance) in a distributed or random way</definition>
        <sentenceCount annotated="4" total="213"/>
        <lexeme order="1" headword="false" breakBefore="false" POS="V" name="scatter"/>
    </lexUnit>
    <lexUnit status="Finished_Initial" incorporatedFE="Theme" POS="V" name="butter.v" ID="3894" lemmaID="5065" cBy="JKR" cDate="09/06/2001 04:12:50 PDT Thu">
        <definition>COD: spread with butter</definition>
        <sentenceCount annotated="14" total="148"/>
        <lexeme order="1" headword="false" breakBefore="false" POS="V" name="butter"/>
    </lexUnit>
    <lexUnit status="Insufficient_Attestations" incorporatedFE="Theme" POS="V" name="asphalt.v" ID="3900" lemmaID="2110" cBy="JKR" cDate="09/06/2001 07:53:13 PDT Thu">
        <definition>COD: surface with asphalt</definition>
        <sentenceCount annotated="1" total="3"/>
        <lexeme order="1" headword="false" breakBefore="false" POS="V" name="asphalt"/>
    </lexUnit>
    <lexUnit status="Finished_Initial" POS="V" name="surface.v" ID="3901" lemmaID="38964" cBy="JKR" cDate="09/06/2001 08:10:57 PDT Thu">
        <definition>COD: provide (something, especially a road) with a particular surface</definition>
        <sentenceCount annotated="5" total="132"/>
        <lexeme order="1" headword="false" breakBefore="false" POS="V" name="surface"/>
    </lexUnit>
    <lexUnit status="Finished_Initial" POS="V" name="tile.v" ID="3902" lemmaID="40422" cBy="JKR" cDate="09/06/2001 08:13:25 PDT Thu">
        <definition>COD: cover with tiles</definition>
        <sentenceCount annotated="8" total="54"/>
        <lexeme order="1" headword="false" breakBefore="false" POS="V" name="tile"/>
    </lexUnit>
    <lexUnit status="Finished_Initial" incorporatedFE="Theme" POS="V" name="wallpaper.v" ID="3903" lemmaID="43388" cBy="JKR" cDate="09/06/2001 08:18:00 PDT Thu">
        <definition>COD: apply wallpaper to (a wall or room)</definition>
        <sentenceCount annotated="4" total="19"/>
        <lexeme order="1" headword="false" breakBefore="false" POS="V" name="wallpaper"/>
    </lexUnit>
    <lexUnit status="Finished_Initial" POS="V" name="coat.v" ID="3904" lemmaID="6977" cBy="JKR" cDate="09/06/2001 08:34:24 PDT Thu">
        <definition>COD: provide with or form a layer or covering</definition>
        <sentenceCount annotated="17" total="147"/>
        <lexeme order="1" headword="false" breakBefore="false" POS="V" name="coat"/>
    </lexUnit>
    <lexUnit status="Finished_Initial" POS="V" name="suffuse.v" ID="3907" lemmaID="38699" cBy="JKR" cDate="09/07/2001 12:27:16 PDT Fri">
        <definition>COD: gradually spread through or over</definition>
        <sentenceCount annotated="11" total="73"/>
        <lexeme order="1" headword="false" breakBefore="false" POS="V" name="suffuse"/>
    </lexUnit>
    <lexUnit status="Finished_Initial" POS="V" name="fill.v" ID="3908" lemmaID="14351" cBy="JKR" cDate="09/07/2001 12:33:03 PDT Fri">
        <definition>FN: make full</definition>
        <sentenceCount annotated="21" total="248"/>
        <lexeme order="1" headword="false" breakBefore="false" POS="V" name="fill"/>
    </lexUnit>
    <lexUnit status="Finished_Initial" POS="V" name="strew.v" ID="3925" lemmaID="38330" cBy="JKR" cDate="09/12/2001 12:49:53 PDT Wed">
        <definition>COD: cover (a surface or area) with untidily scattered things</definition>
        <sentenceCount annotated="4" total="90"/>
        <lexeme order="1" headword="false" breakBefore="false" POS="V" name="strew"/>
    </lexUnit>
    <lexUnit status="Finished_Initial" POS="V" name="douse.v" ID="3928" lemmaID="11593" cBy="JKR" cDate="09/12/2001 02:33:04 PDT Wed">
        <definition>COD: drench with liquid</definition>
        <sentenceCount annotated="13" total="104"/>
        <lexeme order="1" headword="false" breakBefore="false" POS="V" name="douse"/>
    </lexUnit>
    <lexUnit status="Finished_Initial" POS="V" name="flood.v" ID="5205" lemmaID="14753" cBy="MJE" cDate="03/12/2002 12:55:12 PST Tue">
        <definition>COD: fill or suffuse completely</definition>
        <sentenceCount annotated="13" total="257"/>
        <lexeme order="1" headword="false" breakBefore="false" POS="V" name="flood"/>
    </lexUnit>
    <lexUnit status="Needs_SCs" POS="V" name="crowd.v" ID="6919" lemmaID="9092" cBy="ACW" cDate="07/31/2002 11:16:11 PDT Wed">
        <definition>FN: fill (a space) almost completely </definition>
        <sentenceCount annotated="3" total="152"/>
        <lexeme order="1" headword="false" breakBefore="false" POS="V" name="crowd"/>
    </lexUnit>
    <lexUnit status="Finished_Initial" POS="V" name="pave.v" ID="7017" lemmaID="28108" cBy="ACW" cDate="08/05/2002 10:54:31 PDT Mon">
        <definition>COD: cover (a piece of ground) with flat stones or bricks</definition>
        <sentenceCount annotated="8" total="58"/>
        <lexeme order="1" headword="false" breakBefore="false" POS="V" name="pave"/>
    </lexUnit>
    <lexUnit status="Finished_Initial" incorporatedFE="Theme" POS="V" name="varnish.v" ID="7107" lemmaID="42739" cBy="ACW" cDate="08/07/2002 09:51:41 PDT Wed">
        <definition>FN: cover with a substance consisting of resin dissolved in a liquid, applied to wood to give a hard, clear, shiny surface when dry. </definition>
        <sentenceCount annotated="11" total="48"/>
        <lexeme order="1" headword="false" breakBefore="false" POS="V" name="varnish"/>
    </lexUnit>
    <lexUnit status="Finished_Initial" incorporatedFE="Theme" POS="V" name="paint.v" ID="7108" lemmaID="27541" cBy="ACW" cDate="08/07/2002 10:27:27 PDT Wed">
        <definition>FN: apply a substance which is spread over a surface and dries to leave a thin decorative or protective coating. </definition>
        <sentenceCount annotated="31" total="477"/>
        <lexeme order="1" headword="false" breakBefore="false" POS="V" name="paint"/>
    </lexUnit>
    <lexUnit status="Finished_Initial" POS="V" name="gild.v" ID="7127" lemmaID="16227" cBy="ACW" cDate="08/07/2002 01:30:40 PDT Wed">
        <definition>COD: cover thinly with gold.</definition>
        <sentenceCount annotated="9" total="77"/>
        <lexeme order="1" headword="false" breakBefore="false" POS="V" name="gild"/>
    </lexUnit>
    <lexUnit status="Finished_Initial" POS="V" name="glaze.v" ID="7128" lemmaID="16316" cBy="ACW" cDate="08/07/2002 01:31:52 PDT Wed">
        <definition>COD: cover with a glaze. </definition>
        <sentenceCount annotated="4" total="37"/>
        <lexeme order="1" headword="false" breakBefore="false" POS="V" name="glaze"/>
    </lexUnit>
    <lexUnit status="Finished_Initial" POS="V" name="embellish.v" ID="7131" lemmaID="12542" cBy="ACW" cDate="08/07/2002 01:58:13 PDT Wed">
        <definition>COD: adorn; decorate. </definition>
        <sentenceCount annotated="11" total="106"/>
        <lexeme order="1" headword="false" breakBefore="false" POS="V" name="embellish"/>
    </lexUnit>
    <lexUnit status="Needs_SCs" POS="V" name="panel.v" ID="7138" lemmaID="27661" cBy="ACW" cDate="08/08/2002 12:48:13 PDT Thu">
        <definition>COD: cover (a wall or other surface) with panels. </definition>
        <sentenceCount annotated="3" total="37"/>
        <lexeme order="1" headword="false" breakBefore="false" POS="V" name="panel"/>
    </lexUnit>
    <lexUnit status="Created" incorporatedFE="Theme" POS="V" name="wax.v" ID="15613" lemmaID="43596" cBy="RLG" cDate="02/08/2010 01:15:04 PST Mon">
        <definition>FN: cover with wax.</definition>
        <sentenceCount annotated="0" total="0"/>
        <lexeme order="1" headword="false" breakBefore="false" POS="V" name="wax"/>
    </lexUnit>
    <lexUnit status="Created" POS="V" name="wash.v" ID="15630" lemmaID="43485" cBy="RLG" cDate="02/17/2010 10:35:34 PST Wed">
        <definition>FN: cover with a thin layer (esp color or metal).</definition>
        <sentenceCount annotated="0" total="0"/>
        <lexeme order="1" headword="false" breakBefore="false" POS="V" name="wash"/>
    </lexUnit>
    <lexUnit status="Created" POS="V" name="plank.v" ID="15775" lemmaID="29255" cBy="RLG" cDate="04/19/2010 10:21:54 PDT Mon">
        <definition>FN: cover with planks.</definition>
        <sentenceCount annotated="0" total="0"/>
        <lexeme order="1" headword="false" breakBefore="false" POS="V" name="plank"/>
    </lexUnit>
    <lexUnit status="Created" incorporatedFE="Theme" POS="V" name="yoke.v" ID="15779" lemmaID="44739" cBy="RLG" cDate="04/19/2010 11:12:06 PDT Mon">
        <definition>FN: fit with a yoke.</definition>
        <sentenceCount annotated="0" total="0"/>
        <lexeme order="1" headword="false" breakBefore="false" POS="V" name="yoke"/>
    </lexUnit>
    <lexUnit status="Created" POS="V" name="dress.v" ID="15822" lemmaID="11757" cBy="AnW" cDate="06/09/2010 02:27:50 PDT Wed">
        <definition>COD: decorate in an artistic or attractive way</definition>
        <sentenceCount annotated="0" total="0"/>
        <lexeme order="1" headword="false" breakBefore="false" POS="V" name="dress"/>
    </lexUnit>
    <lexUnit status="Created" POS="V" name="accessorize.v" ID="17364" lemmaID="51642" cBy="CVa" cDate="04/16/2013 05:20:42 PDT Tue">
        <definition>FN: to furnish an entity with non-essential trappings </definition>
        <sentenceCount annotated="0" total="0"/>
        <lexeme order="1" headword="true" breakBefore="false" POS="V" name="accessorize"/>
    </lexUnit>
</frame>