<?xml version="1.0" encoding="UTF-8" standalone="yes"?>
<?xml-stylesheet type="text/xsl" href="frame.xsl"?>
<frame cBy="MJE" cDate="03/04/2014 03:24:52 PST Tue" name="Fire_burning" ID="2824" xsi:schemaLocation="../schema/frame.xsd" xmlns="http://framenet.icsi.berkeley.edu" xmlns:xsi="http://www.w3.org/2001/XMLSchema-instance">
    <definition>&lt;def-root&gt;A &lt;fen&gt;Fire&lt;/fen&gt; burns &lt;fen&gt;Fuel&lt;/fen&gt;, resulting in damage and possibly complete destruction of the &lt;fen&gt;Fuel&lt;/fen&gt;.

&lt;ex&gt;&lt;fex name="Fire"&gt;A fire that started on Saturday afternoon, the High Glade Fire - located on the Mendocino National Forest's Upper Lake Ranger District&lt;/fex&gt; - continued to &lt;t&gt;burn&lt;/t&gt; &lt;fex name="Manner"&gt;actively&lt;/fex&gt; &lt;fex name="Time"&gt;on Sunday&lt;/fex&gt;.&lt;/ex&gt;

&lt;ex&gt;Since the &lt;t&gt;fire&lt;/t&gt; is &lt;fex name="Place"&gt;near a road&lt;/fex&gt; and also &lt;fex name="Place"&gt;on part of the Appalachian Trail&lt;/fex&gt;, the Forest Service said a main concern is the safety of the public.&lt;/ex&gt;&lt;/def-root&gt;</definition>
    <FE bgColor="008000" fgColor="FFFFFF" coreType="Peripheral" cBy="MJE" cDate="03/04/2014 03:24:52 PST Tue" abbrev="Place" name="Place" ID="16016">
        <definition>&lt;def-root&gt;This FE identifies the &lt;fen&gt;Place&lt;/fen&gt; where the &lt;fen&gt;Fire&lt;/fen&gt; is burning.&lt;/def-root&gt;</definition>
        <semType name="Locative_relation" ID="182"/>
    </FE>
    <FE bgColor="FFA500" fgColor="FFFFFF" coreType="Peripheral" cBy="MJE" cDate="03/04/2014 03:24:52 PST Tue" abbrev="Time" name="Time" ID="16017">
        <definition>&lt;def-root&gt;This FE identifies the &lt;fen&gt;Time&lt;/fen&gt; when the &lt;fen&gt;Fire&lt;/fen&gt; is burning.&lt;/def-root&gt;</definition>
        <semType name="Time" ID="141"/>
    </FE>
    <FE bgColor="0000FF" fgColor="FFFFFF" coreType="Core" cBy="MJE" cDate="03/04/2014 03:24:53 PST Tue" abbrev="Act" name="Fire" ID="16018">
        <definition>&lt;def-root&gt;The total material currently involved in combustion, including both the parts of the &lt;fen&gt;Fuel&lt;/fen&gt; currently undergoing chemical alteration and the partially ionized gas that results from this process.&lt;/def-root&gt;</definition>
    </FE>
    <FE bgColor="800080" fgColor="FFFFFF" coreType="Core" cBy="MJE" cDate="03/04/2014 04:02:55 PST Tue" abbrev="" name="Fuel" ID="16020">
        <definition>&lt;def-root&gt;The entity that is undergoing rapid chemical alteration leading to damage or destruction.&lt;/def-root&gt;</definition>
    </FE>
    <FE bgColor="FF00FF" fgColor="FFFFFF" coreType="Peripheral" cBy="WMcQ" cDate="03/06/2014 11:25:06 PST Thu" abbrev="MANR" name="Manner" ID="16021">
        <definition>&lt;def-root&gt;Any description of the Fire event which is not covered by more specific FEs, including secondary effects (&lt;ment&gt;quietly, loudly&lt;/ment&gt;), and general descriptions comparing events (&lt;ment&gt;the same way&lt;/ment&gt;).&lt;/def-root&gt;</definition>
    </FE>
    <FE bgColor="FFFF00" fgColor="000000" coreType="Extra-Thematic" cBy="WMcQ" cDate="03/10/2014 04:33:15 PDT Mon" abbrev="" name="Name" ID="16044">
        <definition>&lt;def-root&gt;Name given to the burning fire.&lt;/def-root&gt;</definition>
    </FE>
    <FE bgColor="9400D3" fgColor="FFFFFF" coreType="Peripheral" cBy="MJE" cDate="06/30/2014 04:16:23 PDT Mon" abbrev="dur" name="Duration" ID="16125">
        <definition>&lt;def-root&gt;The amount of time that the &lt;fen&gt;Fire&lt;/fen&gt; burns.

&lt;/def-root&gt;</definition>
    </FE>
    <FE bgColor="9400D3" fgColor="FFFFFF" coreType="Extra-Thematic" cBy="WMcQ" cDate="07/07/2014 10:51:51 PDT Mon" abbrev="" name="Depictive" ID="16126">
        <definition>&lt;def-root&gt;Descriptive phrase describing the fire.&lt;/def-root&gt;</definition>
    </FE>
    <FE bgColor="d0d0d0" fgColor="000000" coreType="Extra-Thematic" cBy="MJE" cDate="07/21/2014 02:58:49 PDT Mon" abbrev="" name="Result" ID="16169">
        <definition>&lt;def-root&gt;The state or category of the affected entity after the event.

&lt;ex&gt;The house &lt;t&gt;burned&lt;/t&gt; &lt;fex name="Result"&gt;to ash&lt;/fex&gt;.&lt;/ex&gt;&lt;/def-root&gt;</definition>
    </FE>
    <FE bgColor="EEE8AA" fgColor="000000" coreType="Extra-Thematic" cBy="MJE" cDate="07/21/2014 03:00:32 PDT Mon" abbrev="" name="Subregion" ID="16170">
        <definition>&lt;def-root&gt;The part of the affected entity that undergoes the process evoked by the target.

&lt;ex&gt;The walls &lt;t&gt;burned&lt;/t&gt; &lt;fex name="Subregion"&gt;to the ground&lt;/fex&gt; .&lt;/ex&gt;
&lt;ex&gt;The house was already &lt;t&gt;on fire&lt;/t&gt;, &lt;fex name="Subregion"&gt;in the kitchen and one bedroom&lt;/fex&gt; .&lt;/ex&gt;&lt;/def-root&gt;</definition>
    </FE>
    <frameRelation type="Inherits from"/>
    <frameRelation type="Is Inherited by">
        <relatedFrame ID="2835">Emergency_fire</relatedFrame>
    </frameRelation>
    <frameRelation type="Perspective on"/>
    <frameRelation type="Is Perspectivized in"/>
    <frameRelation type="Uses"/>
    <frameRelation type="Is Used by"/>
    <frameRelation type="Subframe of"/>
    <frameRelation type="Has Subframe(s)"/>
    <frameRelation type="Precedes">
        <relatedFrame ID="2823">Fire_going_out</relatedFrame>
        <relatedFrame ID="2820">Putting_out_fire</relatedFrame>
    </frameRelation>
    <frameRelation type="Is Preceded by">
        <relatedFrame ID="283">Setting_fire</relatedFrame>
        <relatedFrame ID="2827">Catching_fire</relatedFrame>
    </frameRelation>
    <frameRelation type="Is Inchoative of"/>
    <frameRelation type="Is Causative of"/>
    <frameRelation type="See also"/>
    <lexUnit status="Created" POS="V" name="burn.v" ID="17450" lemmaID="4988" cBy="WMcQ" cDate="03/05/2014 01:12:52 PST Wed">
        <definition>FN: Generate heat and light through combustion of fuel</definition>
        <sentenceCount annotated="20" total="20"/>
        <lexeme order="1" headword="false" breakBefore="false" POS="V" name="burn"/>
    </lexUnit>
    <lexUnit status="Created" POS="N" name="conflagration.n" ID="17451" lemmaID="7739" cBy="MJE" cDate="03/09/2014 04:33:19 PDT Sun">
        <definition>FN: a very large and intense fire likely resulting in complete destruction.</definition>
        <sentenceCount annotated="0" total="0"/>
        <lexeme order="1" headword="false" breakBefore="false" POS="N" name="conflagration"/>
    </lexUnit>
    <lexUnit status="New" POS="N" name="inferno.n" ID="17452" lemmaID="19840" cBy="MJE" cDate="03/09/2014 04:34:29 PDT Sun">
        <definition>FN: a very large fire.</definition>
        <sentenceCount annotated="4" total="63"/>
        <lexeme order="1" headword="false" breakBefore="false" POS="N" name="inferno"/>
    </lexUnit>
    <lexUnit status="Created" POS="N" name="fire.n" ID="17455" lemmaID="14431" cBy="WMcQ" cDate="03/10/2014 04:28:19 PDT Mon">
        <definition>FN: A combustion of flammable materials.</definition>
        <sentenceCount annotated="82" total="82"/>
        <lexeme order="1" headword="false" breakBefore="false" POS="N" name="fire"/>
    </lexUnit>
    <lexUnit status="Created" POS="N" name="hot spot.n" ID="17460" lemmaID="51680" cBy="WMcQ" cDate="03/11/2014 03:12:39 PDT Tue">
        <definition>FN: Within a burning fire, a point of intense heat.</definition>
        <sentenceCount annotated="2" total="2"/>
        <lexeme order="1" headword="false" breakBefore="false" POS="A" name="hot"/>
        <lexeme order="2" headword="true" breakBefore="false" POS="N" name="spot"/>
    </lexUnit>
    <lexUnit status="Created" POS="N" name="backfire.n" ID="17466" lemmaID="2611" cBy="WMcQ" cDate="03/19/2014 12:14:13 PDT Wed">
        <definition>FN: A fire that is burning fuel in order to prevent that fuel from being consumed by any other fire(s).</definition>
        <sentenceCount annotated="0" total="0"/>
        <lexeme order="1" headword="false" breakBefore="false" POS="N" name="backfire"/>
    </lexUnit>
    <lexUnit status="Created" POS="N" name="campfire.n" ID="17481" lemmaID="51688" cBy="WMcQ" cDate="05/23/2014 10:15:34 PDT Fri">
        <definition>FN: a fire lit in a setting of impermanent residence, usually in wilderness locations. Campfires are used for warmth and cooking while camping.</definition>
        <sentenceCount annotated="1" total="1"/>
        <lexeme order="1" headword="true" breakBefore="false" POS="N" name="campfire"/>
    </lexUnit>
    <lexUnit status="Created" POS="N" name="flames.n" ID="17483" lemmaID="51689" cBy="WMcQ" cDate="05/23/2014 11:11:47 PDT Fri">
        <definition>FN: Metonymic description of the fire.</definition>
        <sentenceCount annotated="7" total="7"/>
        <lexeme order="1" headword="true" breakBefore="false" POS="N" name="flames"/>
    </lexUnit>
    <lexUnit status="Created" POS="N" name="spot fire.n" ID="17484" lemmaID="51690" cBy="WMcQ" cDate="05/23/2014 11:16:52 PDT Fri">
        <definition>FN: A fire that arises when an ember or hot object falls on a flammable spot. A spot fire does not spread.</definition>
        <sentenceCount annotated="1" total="1"/>
        <lexeme order="1" headword="true" breakBefore="false" POS="N" name="spot"/>
        <lexeme order="2" headword="false" breakBefore="false" POS="N" name="fire"/>
    </lexUnit>
    <lexUnit status="Created" POS="N" name="blaze.n" ID="17489" lemmaID="3788" cBy="WMcQ" cDate="06/06/2014 02:59:20 PDT Fri">
        <definition>FN: An uncontrolled fire.</definition>
        <sentenceCount annotated="23" total="23"/>
        <lexeme order="1" headword="false" breakBefore="false" POS="N" name="blaze"/>
    </lexUnit>
    <lexUnit status="New" POS="V" name="blaze.v" ID="17490" lemmaID="3787" cBy="WMcQ" cDate="06/06/2014 03:14:24 PDT Fri">
        <definition>FN: Burn strongly</definition>
        <sentenceCount annotated="8" total="82"/>
        <lexeme order="1" headword="false" breakBefore="false" POS="V" name="blaze"/>
    </lexUnit>
    <lexUnit status="Created" POS="A" name="on fire.a" ID="17503" lemmaID="51697" cBy="MJE" cDate="06/27/2014 12:57:58 PDT Fri">
        <definition>FN: burning.</definition>
        <sentenceCount annotated="0" total="0"/>
        <lexeme order="1" headword="true" breakBefore="false" POS="PREP" name="on"/>
        <lexeme order="2" headword="false" breakBefore="false" POS="N" name="fire"/>
    </lexUnit>
    <lexUnit status="Created" POS="N" name="brush fire.n" ID="17534" lemmaID="51702" cBy="WMcQ" cDate="07/07/2014 12:16:29 PDT Mon">
        <definition>FN: a fire fueled by brush debris</definition>
        <sentenceCount annotated="0" total="0"/>
        <lexeme order="1" headword="false" breakBefore="false" POS="N" name="brush"/>
        <lexeme order="2" headword="true" breakBefore="false" POS="N" name="fire"/>
    </lexUnit>
    <lexUnit status="New" POS="V" name="rage.v" ID="17589" lemmaID="31698" cBy="WMcQ" cDate="07/08/2014 12:56:37 PDT Tue">
        <definition>FN: Burn uncontrollably, without containment</definition>
        <sentenceCount annotated="2" total="73"/>
        <lexeme order="1" headword="false" breakBefore="false" POS="V" name="rage"/>
    </lexUnit>
    <lexUnit status="New" POS="N" name="bonfire.n" ID="17625" lemmaID="4130" cBy="WMcQ" cDate="07/18/2014 02:20:38 PDT Fri">
        <definition>FN: A fire, usually lit by one person, that is attended by a group of people.</definition>
        <sentenceCount annotated="19" total="82"/>
        <lexeme order="1" headword="false" breakBefore="false" POS="N" name="bonfire"/>
    </lexUnit>
    <lexUnit status="Created" POS="A" name="ablaze.a" ID="18462" lemmaID="119" cBy="HPh" cDate="11/12/2015 06:44:36 PST Thu">
        <definition>FN: burning; on fire</definition>
        <sentenceCount annotated="0" total="0"/>
        <lexeme order="1" headword="false" breakBefore="false" POS="A" name="ablaze"/>
    </lexUnit>
    <lexUnit status="Created" POS="A" name="alight.a" ID="18463" lemmaID="1007" cBy="HPh" cDate="11/12/2015 06:45:13 PST Thu">
        <definition>FN: burning, on fire</definition>
        <sentenceCount annotated="0" total="0"/>
        <lexeme order="1" headword="false" breakBefore="false" POS="A" name="alight"/>
    </lexUnit>
</frame>