<?xml version="1.0" encoding="UTF-8" standalone="yes"?>
<?xml-stylesheet type="text/xsl" href="frame.xsl"?>
<frame cBy="MJE" cDate="03/03/2014 03:02:34 PST Mon" name="Fire_stopping_scenario" ID="2821" xsi:schemaLocation="../schema/frame.xsd" xmlns="http://framenet.icsi.berkeley.edu" xmlns:xsi="http://www.w3.org/2001/XMLSchema-instance">
    <definition>&lt;def-root&gt;The Fire_stopping_scenario begins with a &lt;fen&gt;Fire&lt;/fen&gt; in process, transitions with the action of an &lt;fen&gt;Agent&lt;/fen&gt; to end the &lt;fen&gt;Fire&lt;/fen&gt;, and ends with the &lt;fen&gt;Fire&lt;/fen&gt; having stopped burning.&lt;/def-root&gt;</definition>
    <FE bgColor="008000" fgColor="FFFFFF" coreType="Peripheral" cBy="MJE" cDate="03/03/2014 03:02:34 PST Mon" abbrev="Place" name="Place" ID="15988">
        <definition>&lt;def-root&gt;This FE identifies the &lt;fen&gt;Place&lt;/fen&gt; where the &lt;fen&gt;Agent&lt;/fen&gt; puts out the &lt;fen&gt;Fire&lt;/fen&gt;.
&lt;/def-root&gt;</definition>
        <semType name="Locative_relation" ID="182"/>
    </FE>
    <FE bgColor="FFA500" fgColor="FFFFFF" coreType="Peripheral" cBy="MJE" cDate="03/03/2014 03:02:34 PST Mon" abbrev="Time" name="Time" ID="15989">
        <definition>&lt;def-root&gt;This FE identifies the &lt;fen&gt;Time&lt;/fen&gt; when the &lt;fen&gt;Fire&lt;/fen&gt; goes out.

&lt;ex&gt;The fire &lt;t&gt;went out&lt;/t&gt; &lt;fex name="Time"&gt;last night&lt;/fex&gt;.&lt;/ex&gt;&lt;/def-root&gt;</definition>
        <semType name="Time" ID="141"/>
    </FE>
    <FE bgColor="FF0000" fgColor="FFFFFF" coreType="Core" cBy="MJE" cDate="03/03/2014 03:02:34 PST Mon" abbrev="Agent" name="Agent" ID="15990">
        <definition>&lt;def-root&gt;The individual or group that causes the &lt;fen&gt;Fire&lt;/fen&gt; to no longer burn.

&lt;/def-root&gt;</definition>
        <semType name="Sentient" ID="5"/>
    </FE>
    <FE bgColor="0000FF" fgColor="FFFFFF" coreType="Core" cBy="MJE" cDate="03/03/2014 03:02:34 PST Mon" abbrev="Act" name="Fire" ID="15991">
        <definition>&lt;def-root&gt;The combustion process that the &lt;fen&gt;Agent&lt;/fen&gt; causes to end.&lt;/def-root&gt;</definition>
    </FE>
    <FE bgColor="FFFF00" fgColor="000000" coreType="Peripheral" cBy="MJE" cDate="03/03/2014 03:02:34 PST Mon" abbrev="" name="Degree" ID="15994">
        <definition>&lt;def-root&gt;This FE describes the how near the &lt;fen&gt;Agent&lt;/fen&gt; is to putting out the &lt;fen&gt;Fire&lt;/fen&gt;.  
&lt;/def-root&gt;</definition>
        <semType name="Degree" ID="172"/>
    </FE>
    <frameRelation type="Inherits from"/>
    <frameRelation type="Is Inherited by"/>
    <frameRelation type="Perspective on"/>
    <frameRelation type="Is Perspectivized in"/>
    <frameRelation type="Uses"/>
    <frameRelation type="Is Used by"/>
    <frameRelation type="Subframe of"/>
    <frameRelation type="Has Subframe(s)">
        <relatedFrame ID="2820">Putting_out_fire</relatedFrame>
    </frameRelation>
    <frameRelation type="Precedes"/>
    <frameRelation type="Is Preceded by"/>
    <frameRelation type="Is Inchoative of"/>
    <frameRelation type="Is Causative of"/>
    <frameRelation type="See also"/>
</frame>